timestamp_utc,instrument,direction,spot_price,perp_price,basis_bps,funding_rate_last,funding_rate_next,next_funding_time,minutes_to_next_funding,expected_edge_bps,confidence_score,state,signal_flag,entry_flag,exit_flag,note
2024-07-03T00:00:00+00:00,ETHUSDT,LONG_SPOT_SHORT_PERP,3422.7,3421.85,-2.4834195225988522,0.0001,0.0001,2024-07-03T08:00:00.001000+00:00,480.0000166666667,-17.48341952259885,0.23116869357530356,FLAT,False,False,False,
2024-07-03T00:01:00+00:00,ETHUSDT,LONG_SPOT_SHORT_PERP,3421.37,3420.44,-2.7182093722685248,0.0001,0.0001,2024-07-03T08:00:00.001000+00:00,479.0000166666667,-17.718209372268525,0.22946121591681945,FLAT,False,False,False,
2024-07-03T00:02:00+00:00,ETHUSDT,LONG_SPOT_SHORT_PERP,3421.7,3420.54,-3.3901277142936395,0.0001,0.0001,2024-07-03T08:00:00.001000+00:00,478.0000166666667,-18.39012771429364,0.22475160722511328,FLAT,False,False,False,
2024-07-03T00:03:00+00:00,ETHUSDT,LONG_SPOT_SHORT_PERP,3421.01,3419.88,-3.3031180850103015,0.0001,0.0001,2024-07-03T08:00:00.001000+00:00,477.0000166666667,-18.3031180850103,0.2253469497742649,FLAT,False,False,False,
2024-07-03T00:04:00+00:00,ETHUSDT,LONG_SPOT_SHORT_PERP,3423.11,3421.83,-3.739289710234845,0.0001,0.0001,2024-07-03T08:00:00.001000+00:00,476.0000166666667,-18.739289710234846,0.22240509897726463,FLAT,False,False,False,
2024-07-03T00:05:00+00:00,ETHUSDT,LONG_SPOT_SHORT_PERP,3422.12,3420.8,-3.857258073941618,0.0001,0.0001,2024-07-03T08:00:00.001000+00:00,475.0000166666667,-18.85725807394162,0.22162752069639297,FLAT,False,False,False,
2024-07-03T00:06:00+00:00,ETHUSDT,LONG_SPOT_SHORT_PERP,3421.5,3420.33,-3.4195528277073586,0.0001,0.0001,2024-07-03T08:00:00.001000+00:00,474.0000166666667,-18.41955282770736,0.224551236596475,FLAT,False,False,False,
2024-07-03T00:07:00+00:00,ETHUSDT,LONG_SPOT_SHORT_PERP,3422.31,3421.16,-3.360303420789148,0.0001,0.0001,2024-07-03T08:00:00.001000+00:00,473.0000166666667,-18.360303420789148,0.22495519250434715,FLAT,False,False,False,
2024-07-03T00:08:00+00:00,ETHUSDT,LONG_SPOT_SHORT_PERP,3423.73,3422.64,-3.1836622630877596,0.0001,0.0001,2024-07-03T08:00:00.001000+00:00,472.0000166666667,-18.18366226308776,0.22617126904641366,FLAT,False,False,False,
2024-07-03T00:09:00+00:00,ETHUSDT,LONG_SPOT_SHORT_PERP,3424.55,3423.52,-3.0076944416060503,0.0001,0.0001,2024-07-03T08:00:00.001000+00:00,471.0000166666667,-18.00769444160605,0.2274003676237116,FLAT,False,False,False,
2024-07-03T00:10:00+00:00,ETHUSDT,LONG_SPOT_SHORT_PERP,3425.62,3424.42,-3.5030155125198306,0.0001,0.0001,2024-07-03T08:00:00.001000+00:00,470.0000166666667,-18.50301551251983,0.22398553554695513,FLAT,False,False,False,
2024-07-03T00:11:00+00:00,ETHUSDT,LONG_SPOT_SHORT_PERP,3424.21,3422.85,-3.97171902424246,0.0001,0.0001,2024-07-03T08:00:00.001000+00:00,469.0000166666667,-18.97171902424246,0.22088031633242794,FLAT,False,False,False,
2024-07-03T00:12:00+00:00,ETHUSDT,LONG_SPOT_SHORT_PERP,3424.0,3422.47,-4.468457943925818,0.0001,0.0001,2024-07-03T08:00:00.001000+00:00,468.0000166666667,-19.46845794392582,0.2177190888848673,FLAT,False,False,False,
2024-07-03T00:13:00+00:00,ETHUSDT,LONG_SPOT_SHORT_PERP,3424.0,3422.34,-4.848130841121071,0.0001,0.0001,2024-07-03T08:00:00.001000+00:00,467.0000166666667,-19.84813084112107,0.21539026276730236,FLAT,False,False,False,
2024-07-03T00:14:00+00:00,ETHUSDT,LONG_SPOT_SHORT_PERP,3424.57,3423.21,-3.9713015064668773,0.0001,0.0001,2024-07-03T08:00:00.001000+00:00,466.0000166666667,-18.971301506466876,0.22088302898030238,FLAT,False,False,False,
2024-07-03T00:15:00+00:00,ETHUSDT,LONG_SPOT_SHORT_PERP,3424.07,3423.04,-3.008116072393964,0.0001,0.0001,2024-07-03T08:00:00.001000+00:00,465.0000166666667,-18.008116072393964,0.22739740140327563,FLAT,False,False,False,
2024-07-03T00:16:00+00:00,ETHUSDT,LONG_SPOT_SHORT_PERP,3426.31,3425.27,-3.0353353899675266,0.0001,0.0001,2024-07-03T08:00:00.001000+00:00,464.0000166666667,-18.03533538996753,0.2272061267466754,FLAT,False,False,False,
2024-07-03T00:17:00+00:00,ETHUSDT,LONG_SPOT_SHORT_PERP,3426.99,3426.19,-2.334410079981929,0.0001,0.0001,2024-07-03T08:00:00.001000+00:00,463.0000166666667,-17.33441007998193,0.23226930000297707,FLAT,False,False,False,
2024-07-03T00:18:00+00:00,ETHUSDT,LONG_SPOT_SHORT_PERP,3427.41,3426.15,-3.6762453281042053,0.0001,0.0001,2024-07-03T08:00:00.001000+00:00,462.0000166666667,-18.676245328104205,0.22282378246319812,FLAT,False,False,False,
2024-07-03T00:19:00+00:00,ETHUSDT,LONG_SPOT_SHORT_PERP,3426.56,3425.13,-4.173281658572552,0.0001,0.0001,2024-07-03T08:00:00.001000+00:00,461.0000166666667,-19.173281658572552,0.21958171855217312,FLAT,False,False,False,
2024-07-03T00:20:00+00:00,ETHUSDT,LONG_SPOT_SHORT_PERP,3426.45,3425.12,-3.8815683871059763,0.0001,0.0001,2024-07-03T08:00:00.001000+00:00,460.0000166666667,-18.881568387105975,0.22146822644491646,FLAT,False,False,False,
2024-07-03T00:21:00+00:00,ETHUSDT,LONG_SPOT_SHORT_PERP,3428.14,3426.92,-3.558781146627034,0.0001,0.0001,2024-07-03T08:00:00.001000+00:00,459.0000166666667,-18.558781146627034,0.2236097290768434,FLAT,False,False,False,
2024-07-03T00:22:00+00:00,ETHUSDT,LONG_SPOT_SHORT_PERP,3428.14,3426.86,-3.7338031702315115,0.0001,0.0001,2024-07-03T08:00:00.001000+00:00,458.0000166666667,-18.73380317023151,0.22244144869325871,FLAT,False,False,False,
2024-07-03T00:23:00+00:00,ETHUSDT,LONG_SPOT_SHORT_PERP,3428.14,3426.87,-3.7046328329647618,0.0001,0.0001,2024-07-03T08:00:00.001000+00:00,457.0000166666667,-18.704632832964762,0.22263498757232966,FLAT,False,False,False,
2024-07-03T00:24:00+00:00,ETHUSDT,LONG_SPOT_SHORT_PERP,3428.72,3427.34,-4.024825590890053,0.0001,0.0001,2024-07-03T08:00:00.001000+00:00,456.0000166666667,-19.024825590890053,0.22053604703121854,FLAT,False,False,False,
2024-07-03T00:25:00+00:00,ETHUSDT,LONG_SPOT_SHORT_PERP,3429.57,3428.1,-4.2862516292137345,0.0001,0.0001,2024-07-03T08:00:00.001000+00:00,455.0000166666667,-19.286251629213734,0.21886340274386124,FLAT,False,False,False,
2024-07-03T00:26:00+00:00,ETHUSDT,LONG_SPOT_SHORT_PERP,3428.24,3426.66,-4.608778848621822,0.0001,0.0001,2024-07-03T08:00:00.001000+00:00,454.0000166666667,-19.60877884862182,0.21684969574101393,FLAT,False,False,False,
2024-07-03T00:27:00+00:00,ETHUSDT,LONG_SPOT_SHORT_PERP,3427.47,3426.19,-3.7345330520755704,0.0001,0.0001,2024-07-03T08:00:00.001000+00:00,453.0000166666667,-18.73453305207557,0.22243661208719523,FLAT,False,False,False,
2024-07-03T00:28:00+00:00,ETHUSDT,LONG_SPOT_SHORT_PERP,3427.48,3425.92,-4.5514488778926365,0.0001,0.0001,2024-07-03T08:00:00.001000+00:00,452.0000166666667,-19.551448877892636,0.2172036576398912,FLAT,False,False,False,
2024-07-03T00:29:00+00:00,ETHUSDT,LONG_SPOT_SHORT_PERP,3427.47,3425.79,-4.901574630849684,0.0001,0.0001,2024-07-03T08:00:00.001000+00:00,451.0000166666667,-19.901574630849684,0.21506840557867685,FLAT,False,False,False,
2024-07-03T00:30:00+00:00,ETHUSDT,LONG_SPOT_SHORT_PERP,3428.28,3427.15,-3.296113502981405,0.0001,0.0001,2024-07-03T08:00:00.001000+00:00,450.0000166666667,-18.296113502981406,0.2253950626535629,FLAT,False,False,False,
2024-07-03T00:31:00+00:00,ETHUSDT,LONG_SPOT_SHORT_PERP,3426.74,3425.06,-4.902618815550162,0.0001,0.0001,2024-07-03T08:00:00.001000+00:00,449.0000166666667,-19.902618815550163,0.21506213162695467,FLAT,False,False,False,
2024-07-03T00:32:00+00:00,ETHUSDT,LONG_SPOT_SHORT_PERP,3426.73,3425.46,-3.7061571819197363,0.0001,0.0001,2024-07-03T08:00:00.001000+00:00,448.0000166666667,-18.706157181919735,0.22262486224936706,FLAT,False,False,False,
2024-07-03T00:33:00+00:00,ETHUSDT,LONG_SPOT_SHORT_PERP,3428.71,3427.52,-3.4706930594890046,0.0001,0.0001,2024-07-03T08:00:00.001000+00:00,447.0000166666667,-18.470693059489005,0.2242041514356175,FLAT,False,False,False,
2024-07-03T00:34:00+00:00,ETHUSDT,LONG_SPOT_SHORT_PERP,3429.31,3428.16,-3.353444278878524,0.0001,0.0001,2024-07-03T08:00:00.001000+00:00,446.0000166666667,-18.353444278878523,0.2250020848625068,FLAT,False,False,False,
2024-07-03T00:35:00+00:00,ETHUSDT,LONG_SPOT_SHORT_PERP,3430.0,3428.91,-3.177842565598092,0.0001,0.0001,2024-07-03T08:00:00.001000+00:00,445.0000166666667,-18.17784256559809,0.226211635560797,FLAT,False,False,False,
2024-07-03T00:36:00+00:00,ETHUSDT,LONG_SPOT_SHORT_PERP,3430.0,3428.56,-4.198250728863132,0.0001,0.0001,2024-07-03T08:00:00.001000+00:00,444.0000166666667,-19.198250728863133,0.2194223683512611,FLAT,False,False,False,
2024-07-03T00:37:00+00:00,ETHUSDT,LONG_SPOT_SHORT_PERP,3430.79,3429.56,-3.5851800897169985,0.0001,0.0001,2024-07-03T08:00:00.001000+00:00,443.0000166666667,-18.585180089717,0.22343242898342902,FLAT,False,False,False,
2024-07-03T00:38:00+00:00,ETHUSDT,LONG_SPOT_SHORT_PERP,3430.69,3429.29,-4.08081173175102,0.0001,0.0001,2024-07-03T08:00:00.001000+00:00,442.0000166666667,-19.08081173175102,0.22017475793352487,FLAT,False,False,False,
2024-07-03T00:39:00+00:00,ETHUSDT,LONG_SPOT_SHORT_PERP,3430.06,3428.58,-4.314793327230481,0.0001,0.0001,2024-07-03T08:00:00.001000+00:00,441.0000166666667,-19.314793327230483,0.21868299423824084,FLAT,False,False,False,
2024-07-03T00:40:00+00:00,ETHUSDT,LONG_SPOT_SHORT_PERP,3430.28,3429.12,-3.3816481453418064,0.0001,0.0001,2024-07-03T08:00:00.001000+00:00,440.0000166666667,-18.381648145341806,0.2248094391976434,FLAT,False,False,False,
2024-07-03T00:41:00+00:00,ETHUSDT,LONG_SPOT_SHORT_PERP,3431.47,3430.29,-3.438759482087375,0.0001,0.0001,2024-07-03T08:00:00.001000+00:00,439.0000166666667,-18.438759482087374,0.22442071065025548,FLAT,False,False,False,
2024-07-03T00:42:00+00:00,ETHUSDT,LONG_SPOT_SHORT_PERP,3431.09,3429.75,-3.90546444424409,0.0001,0.0001,2024-07-03T08:00:00.001000+00:00,438.0000166666667,-18.90546444424409,0.2213119602495835,FLAT,False,False,False,
2024-07-03T00:43:00+00:00,ETHUSDT,LONG_SPOT_SHORT_PERP,3431.22,3429.62,-4.663064449379256,0.0001,0.0001,2024-07-03T08:00:00.001000+00:00,437.0000166666667,-19.663064449379256,0.2165161027102746,FLAT,False,False,False,
2024-07-03T00:44:00+00:00,ETHUSDT,LONG_SPOT_SHORT_PERP,3431.22,3429.9,-3.8470281707372567,0.0001,0.0001,2024-07-03T08:00:00.001000+00:00,436.0000166666667,-18.847028170737257,0.22169464884853607,FLAT,False,False,False,
2024-07-03T00:45:00+00:00,ETHUSDT,LONG_SPOT_SHORT_PERP,3432.0,3431.0,-2.913752913752914,0.0001,0.0001,2024-07-03T08:00:00.001000+00:00,435.0000166666667,-17.913752913752916,0.22806381217098587,FLAT,False,False,False,
2024-07-03T00:46:00+00:00,ETHUSDT,LONG_SPOT_SHORT_PERP,3431.61,3430.01,-4.6625344954697905,0.0001,0.0001,2024-07-03T08:00:00.001000+00:00,434.0000166666667,-19.662534495469792,0.21651935197990602,FLAT,False,False,False,
2024-07-03T00:47:00+00:00,ETHUSDT,LONG_SPOT_SHORT_PERP,3431.61,3430.17,-4.196281045923209,0.0001,0.0001,2024-07-03T08:00:00.001000+00:00,433.0000166666667,-19.196281045923207,0.21943492658927255,FLAT,False,False,False,
2024-07-03T00:48:00+00:00,ETHUSDT,LONG_SPOT_SHORT_PERP,3431.27,3429.83,-4.196696849854586,0.0001,0.0001,2024-07-03T08:00:00.001000+00:00,432.0000166666667,-19.196696849854586,0.21943227534827403,FLAT,False,False,False,
2024-07-03T00:49:00+00:00,ETHUSDT,LONG_SPOT_SHORT_PERP,3430.0,3428.37,-4.752186588921601,0.0001,0.0001,2024-07-03T08:00:00.001000+00:00,431.0000166666667,-19.752186588921603,0.21597173624027938,FLAT,False,False,False,
2024-07-03T00:50:00+00:00,ETHUSDT,LONG_SPOT_SHORT_PERP,3428.41,3427.14,-3.704341079392435,0.0001,0.0001,2024-07-03T08:00:00.001000+00:00,430.0000166666667,-18.704341079392435,0.2226369256597644,FLAT,False,False,False,
2024-07-03T00:51:00+00:00,ETHUSDT,LONG_SPOT_SHORT_PERP,3426.85,3425.5,-3.9394779462185654,0.0001,0.0001,2024-07-03T08:00:00.001000+00:00,429.0000166666667,-18.939477946218567,0.22109006722242325,FLAT,False,False,False,
2024-07-03T00:52:00+00:00,ETHUSDT,LONG_SPOT_SHORT_PERP,3427.73,3426.25,-4.317726308664971,0.0001,0.0001,2024-07-03T08:00:00.001000+00:00,428.0000166666667,-19.317726308664973,0.21866447967424776,FLAT,False,False,False,
2024-07-03T00:53:00+00:00,ETHUSDT,LONG_SPOT_SHORT_PERP,3427.57,3426.1,-4.288752673177366,0.0001,0.0001,2024-07-03T08:00:00.001000+00:00,427.0000166666667,-19.288752673177367,0.2188475767003704,FLAT,False,False,False,
2024-07-03T00:54:00+00:00,ETHUSDT,LONG_SPOT_SHORT_PERP,3425.8,3424.37,-4.174207484384059,0.0001,0.0001,2024-07-03T08:00:00.001000+00:00,426.0000166666667,-19.17420748438406,0.21957580407811306,FLAT,False,False,False,
2024-07-03T00:55:00+00:00,ETHUSDT,LONG_SPOT_SHORT_PERP,3425.0,3423.58,-4.1459854014600666,0.0001,0.0001,2024-07-03T08:00:00.001000+00:00,425.0000166666667,-19.145985401460067,0.2197563017566353,FLAT,False,False,False,
2024-07-03T00:56:00+00:00,ETHUSDT,LONG_SPOT_SHORT_PERP,3425.24,3424.28,-2.8027233128177347,0.0001,0.0001,2024-07-03T08:00:00.001000+00:00,424.0000166666667,-17.802723312817733,0.22885452562982944,FLAT,False,False,False,
2024-07-03T00:57:00+00:00,ETHUSDT,LONG_SPOT_SHORT_PERP,3425.9,3424.43,-4.290843282058013,0.0001,0.0001,2024-07-03T08:00:00.001000+00:00,423.0000166666667,-19.290843282058013,0.21883435034262622,FLAT,False,False,False,
2024-07-03T00:58:00+00:00,ETHUSDT,LONG_SPOT_SHORT_PERP,3424.54,3423.31,-3.591723267942609,0.0001,0.0001,2024-07-03T08:00:00.001000+00:00,422.0000166666667,-18.59172326794261,0.22338854364665478,FLAT,False,False,False,
2024-07-03T00:59:00+00:00,ETHUSDT,LONG_SPOT_SHORT_PERP,3424.43,3423.19,-3.6210405819356266,0.0001,0.0001,2024-07-03T08:00:00.001000+00:00,421.0000166666667,-18.621040581935628,0.22319220281038607,FLAT,False,False,False,
2024-07-03T01:00:00+00:00,ETHUSDT,LONG_SPOT_SHORT_PERP,3423.61,3422.0,-4.702638443047331,0.0001,0.0001,2024-07-03T08:00:00.001000+00:00,420.0000166666667,-19.70263844304733,0.21627387544937576,FLAT,False,False,False,
2024-07-03T01:01:00+00:00,ETHUSDT,LONG_SPOT_SHORT_PERP,3425.51,3424.11,-4.086982668274478,0.0001,0.0001,2024-07-03T08:00:00.001000+00:00,419.0000166666667,-19.08698266827448,0.22013503891654063,FLAT,False,False,False,
2024-07-03T01:02:00+00:00,ETHUSDT,LONG_SPOT_SHORT_PERP,3422.86,3421.23,-4.762099530802046,0.0001,0.0001,2024-07-03T08:00:00.001000+00:00,418.0000166666667,-19.762099530802047,0.21591143983425742,FLAT,False,False,False,
2024-07-03T01:03:00+00:00,ETHUSDT,LONG_SPOT_SHORT_PERP,3422.12,3420.41,-4.996902504880123,0.0001,0.0001,2024-07-03T08:00:00.001000+00:00,417.0000166666667,-19.996902504880122,0.2144979128463097,FLAT,False,False,False,
2024-07-03T01:04:00+00:00,ETHUSDT,LONG_SPOT_SHORT_PERP,3420.69,3419.0,-4.940523695511884,0.0001,0.0001,2024-07-03T08:00:00.001000+00:00,416.0000166666667,-19.940523695511885,0.21483475662256607,FLAT,False,False,False,
2024-07-03T01:05:00+00:00,ETHUSDT,LONG_SPOT_SHORT_PERP,3416.47,3414.87,-4.683196398621703,0.0001,0.0001,2024-07-03T08:00:00.001000+00:00,415.0000166666667,-19.683196398621703,0.21639277659811135,FLAT,False,False,False,
2024-07-03T01:06:00+00:00,ETHUSDT,LONG_SPOT_SHORT_PERP,3410.21,3408.83,-4.046671612598958,0.0001,0.0001,2024-07-03T08:00:00.001000+00:00,414.0000166666667,-19.046671612598956,0.22039486970679323,FLAT,False,False,False,
2024-07-03T01:07:00+00:00,ETHUSDT,LONG_SPOT_SHORT_PERP,3413.71,3412.67,-3.046538809682028,0.0001,0.0001,2024-07-03T08:00:00.001000+00:00,413.0000166666667,-18.046538809682026,0.22712752213404114,FLAT,False,False,False,
2024-07-03T01:08:00+00:00,ETHUSDT,LONG_SPOT_SHORT_PERP,3411.38,3410.23,-3.371069772350459,0.0001,0.0001,2024-07-03T08:00:00.001000+00:00,412.0000166666667,-18.37106977235046,0.2248816420075163,FLAT,False,False,False,
2024-07-03T01:09:00+00:00,ETHUSDT,LONG_SPOT_SHORT_PERP,3415.47,3414.06,-4.1282751714986645,0.0001,0.0001,2024-07-03T08:00:00.001000+00:00,411.0000166666667,-19.128275171498665,0.2198697872759644,FLAT,False,False,False,
2024-07-03T01:10:00+00:00,ETHUSDT,LONG_SPOT_SHORT_PERP,3412.92,3411.64,-3.750454156558607,0.0001,0.0001,2024-07-03T08:00:00.001000+00:00,410.0000166666667,-18.750454156558607,0.2223311827672636,FLAT,False,False,False,
2024-07-03T01:11:00+00:00,ETHUSDT,LONG_SPOT_SHORT_PERP,3413.18,3412.01,-3.4278883621714002,0.0001,0.0001,2024-07-03T08:00:00.001000+00:00,409.0000166666667,-18.4278883621714,0.22449456398407458,FLAT,False,False,False,
2024-07-03T01:12:00+00:00,ETHUSDT,LONG_SPOT_SHORT_PERP,3413.16,3412.2,-2.812642829518793,0.0001,0.0001,2024-07-03T08:00:00.001000+00:00,408.0000166666667,-17.812642829518794,0.22878359087199823,FLAT,False,False,False,
2024-07-03T01:13:00+00:00,ETHUSDT,LONG_SPOT_SHORT_PERP,3414.72,3413.33,-4.070611938899449,0.0001,0.0001,2024-07-03T08:00:00.001000+00:00,407.0000166666667,-19.07061193889945,0.22024045342322668,FLAT,False,False,False,
2024-07-03T01:14:00+00:00,ETHUSDT,LONG_SPOT_SHORT_PERP,3418.94,3417.88,-3.1003761399730485,0.0001,0.0001,2024-07-03T08:00:00.001000+00:00,406.0000166666667,-18.100376139973047,0.2267507967259274,FLAT,False,False,False,
2024-07-03T01:15:00+00:00,ETHUSDT,LONG_SPOT_SHORT_PERP,3415.45,3414.4,-3.074265470142228,0.0001,0.0001,2024-07-03T08:00:00.001000+00:00,405.0000166666667,-18.07426547014223,0.22693329806555465,FLAT,False,False,False,
2024-07-03T01:16:00+00:00,ETHUSDT,LONG_SPOT_SHORT_PERP,3416.67,3415.32,-3.951215657350312,0.0001,0.0001,2024-07-03T08:00:00.001000+00:00,404.0000166666667,-18.95121565735031,0.22101363994068535,FLAT,False,False,False,
2024-07-03T01:17:00+00:00,ETHUSDT,LONG_SPOT_SHORT_PERP,3415.18,3413.6,-4.626403293530435,0.0001,0.0001,2024-07-03T08:00:00.001000+00:00,403.0000166666667,-19.626403293530437,0.21674122350992953,FLAT,False,False,False,
2024-07-03T01:18:00+00:00,ETHUSDT,LONG_SPOT_SHORT_PERP,3414.47,3413.05,-4.158771346650045,0.0001,0.0001,2024-07-03T08:00:00.001000+00:00,402.0000166666667,-19.158771346650045,0.21967447495806847,FLAT,False,False,False,
2024-07-03T01:19:00+00:00,ETHUSDT,LONG_SPOT_SHORT_PERP,3414.02,3412.42,-4.6865571965012185,0.0001,0.0001,2024-07-03T08:00:00.001000+00:00,401.0000166666667,-19.68655719650122,0.21637220911481864,FLAT,False,False,False,
2024-07-03T01:20:00+00:00,ETHUSDT,LONG_SPOT_SHORT_PERP,3417.51,3416.4,-3.2479787915766956,0.0001,0.0001,2024-07-03T08:00:00.001000+00:00,400.0000166666667,-18.247978791576696,0.22572643970828898,FLAT,False,False,False,
2024-07-03T01:21:00+00:00,ETHUSDT,LONG_SPOT_SHORT_PERP,3419.06,3417.88,-3.4512409843636447,0.0001,0.0001,2024-07-03T08:00:00.001000+00:00,399.0000166666667,-18.451240984363643,0.2243359987586892,FLAT,False,False,False,
2024-07-03T01:22:00+00:00,ETHUSDT,LONG_SPOT_SHORT_PERP,3422.75,3421.9,-2.483383244466902,0.0001,0.0001,2024-07-03T08:00:00.001000+00:00,398.0000166666667,-17.483383244466904,0.2311689599213428,FLAT,False,False,False,
2024-07-03T01:23:00+00:00,ETHUSDT,LONG_SPOT_SHORT_PERP,3422.4,3421.4,-2.9219261337073394,0.0001,0.0001,2024-07-03T08:00:00.001000+00:00,397.0000166666667,-17.921926133707338,0.22800588790519846,FLAT,False,False,False,
2024-07-03T01:24:00+00:00,ETHUSDT,LONG_SPOT_SHORT_PERP,3418.15,3417.04,-3.247370653716564,0.0001,0.0001,2024-07-03T08:00:00.001000+00:00,396.0000166666667,-18.247370653716565,0.2257306347466516,FLAT,False,False,False,
2024-07-03T01:25:00+00:00,ETHUSDT,LONG_SPOT_SHORT_PERP,3419.11,3418.22,-2.6030165744896405,0.0001,0.0001,2024-07-03T08:00:00.001000+00:00,395.0000166666667,-17.60301657448964,0.23029487745429938,FLAT,False,False,False,
2024-07-03T01:26:00+00:00,ETHUSDT,LONG_SPOT_SHORT_PERP,3417.59,3416.49,-3.2186423766465952,0.0001,0.0001,2024-07-03T08:00:00.001000+00:00,394.0000166666667,-18.218642376646596,0.22592904631916244,FLAT,False,False,False,
2024-07-03T01:27:00+00:00,ETHUSDT,LONG_SPOT_SHORT_PERP,3418.49,3417.37,-3.2763003548347105,0.0001,0.0001,2024-07-03T08:00:00.001000+00:00,393.0000166666667,-18.27630035483471,0.22553130485218087,FLAT,False,False,False,
2024-07-03T01:28:00+00:00,ETHUSDT,LONG_SPOT_SHORT_PERP,3416.82,3415.23,-4.653449698843209,0.0001,0.0001,2024-07-03T08:00:00.001000+00:00,392.0000166666667,-19.65344969884321,0.2165750755543363,FLAT,False,False,False,
2024-07-03T01:29:00+00:00,ETHUSDT,LONG_SPOT_SHORT_PERP,3416.82,3415.35,-4.30224594798747,0.0001,0.0001,2024-07-03T08:00:00.001000+00:00,391.0000166666667,-19.30224594798747,0.21876225149382156,FLAT,False,False,False,
2024-07-03T01:30:00+00:00,ETHUSDT,LONG_SPOT_SHORT_PERP,3418.79,3417.93,-2.5155098733766255,0.0001,0.0001,2024-07-03T08:00:00.001000+00:00,390.0000166666667,-17.515509873376626,0.2309333992794123,FLAT,False,False,False,
2024-07-03T01:31:00+00:00,ETHUSDT,LONG_SPOT_SHORT_PERP,3419.76,3418.86,-2.631763632535882,0.0001,0.0001,2024-07-03T08:00:00.001000+00:00,389.0000166666667,-17.631763632535883,0.23008610153989958,FLAT,False,False,False,
2024-07-03T01:32:00+00:00,ETHUSDT,LONG_SPOT_SHORT_PERP,3418.32,3417.01,-3.832291886072531,0.0001,0.0001,2024-07-03T08:00:00.001000+00:00,388.0000166666667,-18.832291886072532,0.22179144806708156,FLAT,False,False,False,
2024-07-03T01:33:00+00:00,ETHUSDT,LONG_SPOT_SHORT_PERP,3415.95,3414.41,-4.508262708763195,0.0001,0.0001,2024-07-03T08:00:00.001000+00:00,387.0000166666667,-19.508262708763194,0.21747142459803864,FLAT,False,False,False,
2024-07-03T01:34:00+00:00,ETHUSDT,LONG_SPOT_SHORT_PERP,3414.73,3413.6,-3.309192820516144,0.0001,0.0001,2024-07-03T08:00:00.001000+00:00,386.0000166666667,-18.309192820516145,0.22530524624268417,FLAT,False,False,False,
2024-07-03T01:35:00+00:00,ETHUSDT,LONG_SPOT_SHORT_PERP,3412.6,3411.01,-4.659204125885514,0.0001,0.0001,2024-07-03T08:00:00.001000+00:00,385.0000166666667,-19.659204125885516,0.21653977456850515,FLAT,False,False,False,
2024-07-03T01:36:00+00:00,ETHUSDT,LONG_SPOT_SHORT_PERP,3414.76,3413.37,-4.070564256346938,0.0001,0.0001,2024-07-03T08:00:00.001000+00:00,384.0000166666667,-19.070564256346938,0.22024076067149317,FLAT,False,False,False,
2024-07-03T01:37:00+00:00,ETHUSDT,LONG_SPOT_SHORT_PERP,3414.51,3413.25,-3.6901341627355557,0.0001,0.0001,2024-07-03T08:00:00.001000+00:00,383.0000166666667,-18.690134162735557,0.22273135741118424,FLAT,False,False,False,
2024-07-03T01:38:00+00:00,ETHUSDT,LONG_SPOT_SHORT_PERP,3416.94,3415.97,-2.838797286461731,0.0001,0.0001,2024-07-03T08:00:00.001000+00:00,382.0000166666667,-17.83879728646173,0.22859683418687754,FLAT,False,False,False,
2024-07-03T01:39:00+00:00,ETHUSDT,LONG_SPOT_SHORT_PERP,3415.08,3413.93,-3.3674174543497983,0.0001,0.0001,2024-07-03T08:00:00.001000+00:00,381.0000166666667,-18.3674174543498,0.2249065855639824,FLAT,False,False,False,
2024-07-03T01:40:00+00:00,ETHUSDT,LONG_SPOT_SHORT_PERP,3415.51,3414.5,-2.957098647054812,0.0001,0.0001,2024-07-03T08:00:00.001000+00:00,380.0000166666667,-17.957098647054814,0.22775705817306224,FLAT,False,False,False,
2024-07-03T01:41:00+00:00,ETHUSDT,LONG_SPOT_SHORT_PERP,3414.8,3413.64,-3.3969778610762242,0.0001,0.0001,2024-07-03T08:00:00.001000+00:00,379.0000166666667,-18.396977861076223,0.22470491766574463,FLAT,False,False,False,
2024-07-03T01:42:00+00:00,ETHUSDT,LONG_SPOT_SHORT_PERP,3414.06,3413.01,-3.075517126235998,0.0001,0.0001,2024-07-03T08:00:00.001000+00:00,378.0000166666667,-18.075517126235997,0.22692454066627488,FLAT,False,False,False,
2024-07-03T01:43:00+00:00,ETHUSDT,LONG_SPOT_SHORT_PERP,3414.8,3413.75,-3.074850650111813,0.0001,0.0001,2024-07-03T08:00:00.001000+00:00,377.0000166666667,-18.074850650111813,0.2269292036545329,FLAT,False,False,False,
2024-07-03T01:44:00+00:00,ETHUSDT,LONG_SPOT_SHORT_PERP,3413.63,3412.07,-4.5699153100949585,0.0001,0.0001,2024-07-03T08:00:00.001000+00:00,376.0000166666667,-19.56991531009496,0.2170894570911961,FLAT,False,False,False,
2024-07-03T01:45:00+00:00,ETHUSDT,LONG_SPOT_SHORT_PERP,3414.24,3413.27,-2.8410422231588877,0.0001,0.0001,2024-07-03T08:00:00.001000+00:00,375.0000166666667,-17.841042223158887,0.2285808226908928,FLAT,False,False,False,
2024-07-03T01:46:00+00:00,ETHUSDT,LONG_SPOT_SHORT_PERP,3411.12,3409.86,-3.6938014493766373,0.0001,0.0001,2024-07-03T08:00:00.001000+00:00,374.0000166666667,-18.693801449376636,0.22270697072638057,FLAT,False,False,False,
2024-07-03T01:47:00+00:00,ETHUSDT,LONG_SPOT_SHORT_PERP,3408.06,3406.76,-3.8144868341511806,0.0001,0.0001,2024-07-03T08:00:00.001000+00:00,373.0000166666667,-18.814486834151182,0.2219085635616696,FLAT,False,False,False,
2024-07-03T01:48:00+00:00,ETHUSDT,LONG_SPOT_SHORT_PERP,3406.3,3405.0,-3.8164577400704043,0.0001,0.0001,2024-07-03T08:00:00.001000+00:00,372.0000166666667,-18.816457740070405,0.2218955910920982,FLAT,False,False,False,
2024-07-03T01:49:00+00:00,ETHUSDT,LONG_SPOT_SHORT_PERP,3406.57,3405.37,-3.5226048488663753,0.0001,0.0001,2024-07-03T08:00:00.001000+00:00,371.0000166666667,-18.522604848866376,0.22385332499665345,FLAT,False,False,False,
2024-07-03T01:50:00+00:00,ETHUSDT,LONG_SPOT_SHORT_PERP,3407.36,3406.21,-3.375046957175323,0.0001,0.0001,2024-07-03T08:00:00.001000+00:00,370.0000166666667,-18.37504695717532,0.22485448830329016,FLAT,False,False,False,
2024-07-03T01:51:00+00:00,ETHUSDT,LONG_SPOT_SHORT_PERP,3407.53,3406.15,-4.049854293286073,0.0001,0.0001,2024-07-03T08:00:00.001000+00:00,369.0000166666667,-19.049854293286074,0.22037432347528796,FLAT,False,False,False,
2024-07-03T01:52:00+00:00,ETHUSDT,LONG_SPOT_SHORT_PERP,3405.21,3403.74,-4.316914375325617,0.0001,0.0001,2024-07-03T08:00:00.001000+00:00,368.0000166666667,-19.316914375325617,0.21866960458058904,FLAT,False,False,False,
2024-07-03T01:53:00+00:00,ETHUSDT,LONG_SPOT_SHORT_PERP,3404.58,3403.5,-3.1721974516678335,0.0001,0.0001,2024-07-03T08:00:00.001000+00:00,367.0000166666667,-18.172197451667834,0.22625080955575827,FLAT,False,False,False,
2024-07-03T01:54:00+00:00,ETHUSDT,LONG_SPOT_SHORT_PERP,3403.65,3402.15,-4.407033625666563,0.0001,0.0001,2024-07-03T08:00:00.001000+00:00,366.0000166666667,-19.407033625666564,0.21810289918304804,FLAT,False,False,False,
2024-07-03T01:55:00+00:00,ETHUSDT,LONG_SPOT_SHORT_PERP,3387.15,3385.54,-4.753258639269378,0.0001,0.0001,2024-07-03T08:00:00.001000+00:00,365.0000166666667,-19.753258639269376,0.2159652129572237,FLAT,False,False,False,
2024-07-03T01:56:00+00:00,ETHUSDT,LONG_SPOT_SHORT_PERP,3388.08,3387.07,-2.981039408749981,0.0001,0.0001,2024-07-03T08:00:00.001000+00:00,364.0000166666667,-17.981039408749982,0.22758809655730394,FLAT,False,False,False,
2024-07-03T01:57:00+00:00,ETHUSDT,LONG_SPOT_SHORT_PERP,3395.0,3394.13,-2.562592047127808,0.0001,0.0001,2024-07-03T08:00:00.001000+00:00,363.0000166666667,-17.562592047127808,0.2305892858546693,FLAT,False,False,False,
2024-07-03T01:58:00+00:00,ETHUSDT,LONG_SPOT_SHORT_PERP,3392.01,3390.21,-5.306588129162892,0.0001,0.0001,2024-07-03T08:00:00.001000+00:00,362.0000166666667,-20.30658812916289,0.21267614174017885,FLAT,False,False,False,
2024-07-03T01:59:00+00:00,ETHUSDT,LONG_SPOT_SHORT_PERP,3393.99,3392.89,-3.2410231026016847,0.0001,0.0001,2024-07-03T08:00:00.001000+00:00,361.0000166666667,-18.241023102601684,0.22577443375008144,FLAT,False,False,False,
2024-07-03T02:00:00+00:00,ETHUSDT,LONG_SPOT_SHORT_PERP,3393.2,3391.61,-4.6858422727799445,0.0001,0.0001,2024-07-03T08:00:00.001000+00:00,360.0000166666667,-19.685842272779944,0.21637658383202107,FLAT,False,False,False,
2024-07-03T02:01:00+00:00,ETHUSDT,LONG_SPOT_SHORT_PERP,3390.61,3388.76,-5.4562453363846295,0.0001,0.0001,2024-07-03T08:00:00.001000+00:00,359.0000166666667,-20.45624533638463,0.21181283603560272,FLAT,False,False,False,
2024-07-03T02:02:00+00:00,ETHUSDT,LONG_SPOT_SHORT_PERP,3392.0,3390.48,-4.481132075471645,0.0001,0.0001,2024-07-03T08:00:00.001000+00:00,358.0000166666667,-19.481132075471645,0.21764014076993624,FLAT,False,False,False,
2024-07-03T02:03:00+00:00,ETHUSDT,LONG_SPOT_SHORT_PERP,3388.01,3386.24,-5.224305713384661,0.0001,0.0001,2024-07-03T08:00:00.001000+00:00,357.0000166666667,-20.22430571338466,0.21315550775005723,FLAT,False,False,False,
2024-07-03T02:04:00+00:00,ETHUSDT,LONG_SPOT_SHORT_PERP,3386.65,3385.0,-4.872071220823206,0.0001,0.0001,2024-07-03T08:00:00.001000+00:00,356.0000166666667,-19.872071220823205,0.21524590537562882,FLAT,False,False,False,
2024-07-03T02:05:00+00:00,ETHUSDT,LONG_SPOT_SHORT_PERP,3384.41,3382.76,-4.875295841814781,0.0001,0.0001,2024-07-03T08:00:00.001000+00:00,355.0000166666667,-19.875295841814783,0.21522648367159308,FLAT,False,False,False,
2024-07-03T02:06:00+00:00,ETHUSDT,LONG_SPOT_SHORT_PERP,3389.75,3388.28,-4.336602994320525,0.0001,0.0001,2024-07-03T08:00:00.001000+00:00,354.0000166666667,-19.336602994320526,0.21854542872846439,FLAT,False,False,False,
2024-07-03T02:07:00+00:00,ETHUSDT,LONG_SPOT_SHORT_PERP,3389.18,3387.32,-5.488053157399939,0.0001,0.0001,2024-07-03T08:00:00.001000+00:00,353.0000166666667,-20.48805315739994,0.21163076837394146,FLAT,False,False,False,
2024-07-03T02:08:00+00:00,ETHUSDT,LONG_SPOT_SHORT_PERP,3387.68,3386.21,-4.33925282198968,0.0001,0.0001,2024-07-03T08:00:00.001000+00:00,352.0000166666667,-19.33925282198968,0.2185287319502576,FLAT,False,False,False,
2024-07-03T02:09:00+00:00,ETHUSDT,LONG_SPOT_SHORT_PERP,3387.79,3386.22,-4.634289610631603,0.0001,0.0001,2024-07-03T08:00:00.001000+00:00,351.0000166666667,-19.634289610631605,0.21669273817625967,FLAT,False,False,False,
2024-07-03T02:10:00+00:00,ETHUSDT,LONG_SPOT_SHORT_PERP,3386.89,3385.06,-5.403186994558215,0.0001,0.0001,2024-07-03T08:00:00.001000+00:00,350.0000166666667,-20.403186994558215,0.2121176447987655,FLAT,False,False,False,
2024-07-03T02:11:00+00:00,ETHUSDT,LONG_SPOT_SHORT_PERP,3388.8,3387.48,-3.89518413597782,0.0001,0.0001,2024-07-03T08:00:00.001000+00:00,349.0000166666667,-18.89518413597782,0.22137914935662578,FLAT,False,False,False,
2024-07-03T02:12:00+00:00,ETHUSDT,LONG_SPOT_SHORT_PERP,3385.91,3384.45,-4.311987028598033,0.0001,0.0001,2024-07-03T08:00:00.001000+00:00,348.0000166666667,-19.311987028598033,0.21870071337442837,FLAT,False,False,False,
2024-07-03T02:13:00+00:00,ETHUSDT,LONG_SPOT_SHORT_PERP,3386.99,3385.33,-4.901106882511772,0.0001,0.0001,2024-07-03T08:00:00.001000+00:00,347.0000166666667,-19.901106882511773,0.21507121621014608,FLAT,False,False,False,
2024-07-03T02:14:00+00:00,ETHUSDT,LONG_SPOT_SHORT_PERP,3388.96,3387.91,-3.0982956423214847,0.0001,0.0001,2024-07-03T08:00:00.001000+00:00,346.0000166666667,-18.098295642321485,0.2267653241193056,FLAT,False,False,False,
2024-07-03T02:15:00+00:00,ETHUSDT,LONG_SPOT_SHORT_PERP,3391.59,3390.37,-3.597132908164768,0.0001,0.0001,2024-07-03T08:00:00.001000+00:00,345.0000166666667,-18.597132908164767,0.22335227892612564,FLAT,False,False,False,
2024-07-03T02:16:00+00:00,ETHUSDT,LONG_SPOT_SHORT_PERP,3387.65,3386.0,-4.870633034699839,0.0001,0.0001,2024-07-03T08:00:00.001000+00:00,344.0000166666667,-19.87063303469984,0.21525456919633446,FLAT,False,False,False,
2024-07-03T02:17:00+00:00,ETHUSDT,LONG_SPOT_SHORT_PERP,3387.8,3386.41,-4.102957671646282,0.0001,0.0001,2024-07-03T08:00:00.001000+00:00,343.0000166666667,-19.10295767164628,0.22003231138790597,FLAT,False,False,False,
2024-07-03T02:18:00+00:00,ETHUSDT,LONG_SPOT_SHORT_PERP,3384.47,3383.09,-4.077447872191671,0.0001,0.0001,2024-07-03T08:00:00.001000+00:00,342.0000166666667,-19.07744787219167,0.22019641791727274,FLAT,False,False,False,
2024-07-03T02:19:00+00:00,ETHUSDT,LONG_SPOT_SHORT_PERP,3386.8,3385.39,-4.163221920397747,0.0001,0.0001,2024-07-03T08:00:00.001000+00:00,341.0000166666667,-19.163221920397746,0.21964601293311237,FLAT,False,False,False,
2024-07-03T02:20:00+00:00,ETHUSDT,LONG_SPOT_SHORT_PERP,3387.42,3385.77,-4.87096374231743,0.0001,0.0001,2024-07-03T08:00:00.001000+00:00,340.0000166666667,-19.87096374231743,0.2152525768771501,FLAT,False,False,False,
2024-07-03T02:21:00+00:00,ETHUSDT,LONG_SPOT_SHORT_PERP,3388.06,3387.07,-2.9220261742701776,0.0001,0.0001,2024-07-03T08:00:00.001000+00:00,339.0000166666667,-17.92202617427018,0.22800517914911475,FLAT,False,False,False,
2024-07-03T02:22:00+00:00,ETHUSDT,LONG_SPOT_SHORT_PERP,3388.33,3386.82,-4.456472657621198,0.0001,0.0001,2024-07-03T08:00:00.001000+00:00,338.0000166666667,-19.456472657621198,0.2177938235542549,FLAT,False,False,False,
2024-07-03T02:23:00+00:00,ETHUSDT,LONG_SPOT_SHORT_PERP,3389.04,3387.64,-4.130963340651308,0.0001,0.0001,2024-07-03T08:00:00.001000+00:00,337.0000166666667,-19.13096334065131,0.21985255092177985,FLAT,False,False,False,
2024-07-03T02:24:00+00:00,ETHUSDT,LONG_SPOT_SHORT_PERP,3387.32,3385.86,-4.310192128290319,0.0001,0.0001,2024-07-03T08:00:00.001000+00:00,336.0000166666667,-19.310192128290318,0.21871204866757907,FLAT,False,False,False,
2024-07-03T02:25:00+00:00,ETHUSDT,LONG_SPOT_SHORT_PERP,3388.63,3387.59,-3.0690869171315946,0.0001,0.0001,2024-07-03T08:00:00.001000+00:00,335.0000166666667,-18.069086917131596,0.22696954012879095,FLAT,False,False,False,
2024-07-03T02:26:00+00:00,ETHUSDT,LONG_SPOT_SHORT_PERP,3388.95,3387.59,-4.0130423877592545,0.0001,0.0001,2024-07-03T08:00:00.001000+00:00,334.0000166666667,-19.013042387759256,0.22061230144683458,FLAT,False,False,False,
2024-07-03T02:27:00+00:00,ETHUSDT,LONG_SPOT_SHORT_PERP,3390.67,3389.47,-3.5391235360571005,0.0001,0.0001,2024-07-03T08:00:00.001000+00:00,333.0000166666667,-18.5391235360571,0.22374200476712397,FLAT,False,False,False,
2024-07-03T02:28:00+00:00,ETHUSDT,LONG_SPOT_SHORT_PERP,3391.6,3390.6,-2.948460903408421,0.0001,0.0001,2024-07-03T08:00:00.001000+00:00,332.0000166666667,-17.94846090340842,0.2278181001237279,FLAT,False,False,False,
2024-07-03T02:29:00+00:00,ETHUSDT,LONG_SPOT_SHORT_PERP,3391.74,3390.55,-3.508523648627548,0.0001,0.0001,2024-07-03T08:00:00.001000+00:00,331.0000166666667,-18.50852364862755,0.2239483389173606,FLAT,False,False,False,
2024-07-03T02:30:00+00:00,ETHUSDT,LONG_SPOT_SHORT_PERP,3393.95,3393.23,-2.1214219419844134,0.0001,0.0001,2024-07-03T08:00:00.001000+00:00,330.0000166666667,-17.121421941984412,0.2338655924102217,FLAT,False,False,False,
2024-07-03T02:31:00+00:00,ETHUSDT,LONG_SPOT_SHORT_PERP,3394.21,3393.29,-2.710498171887045,0.0001,0.0001,2024-07-03T08:00:00.001000+00:00,329.0000166666667,-17.710498171887046,0.22951677932948808,FLAT,False,False,False,
2024-07-03T02:32:00+00:00,ETHUSDT,LONG_SPOT_SHORT_PERP,3394.51,3392.94,-4.625115259640312,0.0001,0.0001,2024-07-03T08:00:00.001000+00:00,328.0000166666667,-19.62511525964031,0.21674914544676577,FLAT,False,False,False,
2024-07-03T02:33:00+00:00,ETHUSDT,LONG_SPOT_SHORT_PERP,3394.51,3393.07,-4.242143932408667,0.0001,0.0001,2024-07-03T08:00:00.001000+00:00,327.0000166666667,-19.242143932408666,0.21914305192441344,FLAT,False,False,False,
2024-07-03T02:34:00+00:00,ETHUSDT,LONG_SPOT_SHORT_PERP,3391.21,3389.85,-4.010367980750609,0.0001,0.0001,2024-07-03T08:00:00.001000+00:00,326.0000166666667,-19.01036798075061,0.22062961917485785,FLAT,False,False,False,
2024-07-03T02:35:00+00:00,ETHUSDT,LONG_SPOT_SHORT_PERP,3390.15,3388.64,-4.454080202941516,0.0001,0.0001,2024-07-03T08:00:00.001000+00:00,325.0000166666667,-19.454080202941515,0.21780875080500228,FLAT,False,False,False,
2024-07-03T02:36:00+00:00,ETHUSDT,LONG_SPOT_SHORT_PERP,3390.0,3388.28,-5.073746312683776,0.0001,0.0001,2024-07-03T08:00:00.001000+00:00,324.0000166666667,-20.073746312683774,0.21404138453220073,FLAT,False,False,False,
2024-07-03T02:37:00+00:00,ETHUSDT,LONG_SPOT_SHORT_PERP,3389.06,3387.87,-3.511298118062397,0.0001,0.0001,2024-07-03T08:00:00.001000+00:00,323.0000166666667,-18.511298118062395,0.22392960923937247,FLAT,False,False,False,
2024-07-03T02:38:00+00:00,ETHUSDT,LONG_SPOT_SHORT_PERP,3384.0,3383.6,-1.1820330969269828,0.0001,0.0001,2024-07-03T08:00:00.001000+00:00,322.0000166666667,-16.182033096926983,0.24123908900796293,FLAT,False,False,False,
2024-07-03T02:39:00+00:00,ETHUSDT,LONG_SPOT_SHORT_PERP,3383.43,3381.97,-4.315147646027955,0.0001,0.0001,2024-07-03T08:00:00.001000+00:00,321.0000166666667,-19.315147646027956,0.218680757344707,FLAT,False,False,False,
2024-07-03T02:40:00+00:00,ETHUSDT,LONG_SPOT_SHORT_PERP,3381.01,3379.76,-3.697120091333655,0.0001,0.0001,2024-07-03T08:00:00.001000+00:00,320.0000166666667,-18.697120091333655,0.22268490884412745,FLAT,False,False,False,
2024-07-03T02:41:00+00:00,ETHUSDT,LONG_SPOT_SHORT_PERP,3377.8,3376.21,-4.707205873645999,0.0001,0.0001,2024-07-03T08:00:00.001000+00:00,319.0000166666667,-19.707205873646,0.21624597083608343,FLAT,False,False,False,
2024-07-03T02:42:00+00:00,ETHUSDT,LONG_SPOT_SHORT_PERP,3379.01,3377.92,-3.2257969050110695,0.0001,0.0001,2024-07-03T08:00:00.001000+00:00,318.0000166666667,-18.22579690501107,0.22587958983971973,FLAT,False,False,False,
2024-07-03T02:43:00+00:00,ETHUSDT,LONG_SPOT_SHORT_PERP,3376.98,3375.92,-3.138899253178714,0.0001,0.0001,2024-07-03T08:00:00.001000+00:00,317.0000166666667,-18.138899253178714,0.2264822502997052,FLAT,False,False,False,
2024-07-03T02:44:00+00:00,ETHUSDT,LONG_SPOT_SHORT_PERP,3372.84,3371.56,-3.7950214062932126,0.0001,0.0001,2024-07-03T08:00:00.001000+00:00,316.0000166666667,-18.795021406293213,0.22203679882013655,FLAT,False,False,False,
2024-07-03T02:45:00+00:00,ETHUSDT,LONG_SPOT_SHORT_PERP,3379.01,3377.53,-4.379981118730096,0.0001,0.0001,2024-07-03T08:00:00.001000+00:00,315.0000166666667,-19.379981118730097,0.21827256607932333,FLAT,False,False,False,
2024-07-03T02:46:00+00:00,ETHUSDT,LONG_SPOT_SHORT_PERP,3375.79,3374.16,-4.828499403103005,0.0001,0.0001,2024-07-03T08:00:00.001000+00:00,314.0000166666667,-19.828499403103006,0.2155088562098925,FLAT,False,False,False,
2024-07-03T02:47:00+00:00,ETHUSDT,LONG_SPOT_SHORT_PERP,3376.75,3375.38,-4.057155548974283,0.0001,0.0001,2024-07-03T08:00:00.001000+00:00,313.0000166666667,-19.057155548974283,0.22032720983001808,FLAT,False,False,False,
2024-07-03T02:48:00+00:00,ETHUSDT,LONG_SPOT_SHORT_PERP,3377.67,3376.51,-3.4343201082398647,0.0001,0.0001,2024-07-03T08:00:00.001000+00:00,312.0000166666667,-18.434320108239866,0.22445086169251285,FLAT,False,False,False,
2024-07-03T02:49:00+00:00,ETHUSDT,LONG_SPOT_SHORT_PERP,3377.7,3376.3,-4.144832282321214,0.0001,0.0001,2024-07-03T08:00:00.001000+00:00,311.0000166666667,-19.144832282321214,0.21976368572626814,FLAT,False,False,False,
2024-07-03T02:50:00+00:00,ETHUSDT,LONG_SPOT_SHORT_PERP,3378.85,3377.67,-3.4923124731782598,0.0001,0.0001,2024-07-03T08:00:00.001000+00:00,310.0000166666667,-18.49231247317826,0.22405786193703137,FLAT,False,False,False,
2024-07-03T02:51:00+00:00,ETHUSDT,LONG_SPOT_SHORT_PERP,3379.85,3378.29,-4.615589449235752,0.0001,0.0001,2024-07-03T08:00:00.001000+00:00,309.0000166666667,-19.615589449235753,0.21680775979771505,FLAT,False,False,False,
2024-07-03T02:52:00+00:00,ETHUSDT,LONG_SPOT_SHORT_PERP,3380.0,3378.78,-3.6094674556207096,0.0001,0.0001,2024-07-03T08:00:00.001000+00:00,308.0000166666667,-18.60946745562071,0.22326965223415104,FLAT,False,False,False,
2024-07-03T02:53:00+00:00,ETHUSDT,LONG_SPOT_SHORT_PERP,3381.14,3379.99,-3.4012197069630092,0.0001,0.0001,2024-07-03T08:00:00.001000+00:00,307.0000166666667,-18.40121970696301,0.224676019101842,FLAT,False,False,False,
2024-07-03T02:54:00+00:00,ETHUSDT,LONG_SPOT_SHORT_PERP,3380.54,3379.69,-2.51439119193948,0.0001,0.0001,2024-07-03T08:00:00.001000+00:00,306.0000166666667,-17.51439119193948,0.230941591448441,FLAT,False,False,False,
2024-07-03T02:55:00+00:00,ETHUSDT,LONG_SPOT_SHORT_PERP,3382.69,3381.62,-3.163163044796194,0.0001,0.0001,2024-07-03T08:00:00.001000+00:00,305.0000166666667,-18.163163044796192,0.22631354115639368,FLAT,False,False,False,
2024-07-03T02:56:00+00:00,ETHUSDT,LONG_SPOT_SHORT_PERP,3382.0,3380.99,-2.986398580722112,0.0001,0.0001,2024-07-03T08:00:00.001000+00:00,304.0000166666667,-17.986398580722113,0.22755031953735638,FLAT,False,False,False,
2024-07-03T02:57:00+00:00,ETHUSDT,LONG_SPOT_SHORT_PERP,3382.23,3380.69,-4.553208977508814,0.0001,0.0001,2024-07-03T08:00:00.001000+00:00,303.0000166666667,-19.553208977508813,0.2171927651329706,FLAT,False,False,False,
2024-07-03T02:58:00+00:00,ETHUSDT,LONG_SPOT_SHORT_PERP,3383.37,3381.92,-4.285667840052428,0.0001,0.0001,2024-07-03T08:00:00.001000+00:00,302.0000166666667,-19.285667840052426,0.21886709730781626,FLAT,False,False,False,
2024-07-03T02:59:00+00:00,ETHUSDT,LONG_SPOT_SHORT_PERP,3382.28,3380.76,-4.494009957779905,0.0001,0.0001,2024-07-03T08:00:00.001000+00:00,301.0000166666667,-19.494009957779905,0.2175600096046862,FLAT,False,False,False,
2024-07-03T03:00:00+00:00,ETHUSDT,LONG_SPOT_SHORT_PERP,3381.24,3380.08,-3.4306940648988373,0.0001,0.0001,2024-07-03T08:00:00.001000+00:00,300.0000166666667,-18.430694064898837,0.22447549700404795,FLAT,False,False,False,
2024-07-03T03:01:00+00:00,ETHUSDT,LONG_SPOT_SHORT_PERP,3382.66,3381.2,-4.31612990959788,0.0001,0.0001,2024-07-03T08:00:00.001000+00:00,299.0000166666667,-19.31612990959788,0.21867455644331985,FLAT,False,False,False,
2024-07-03T03:02:00+00:00,ETHUSDT,LONG_SPOT_SHORT_PERP,3380.59,3379.43,-3.431353698615654,0.0001,0.0001,2024-07-03T08:00:00.001000+00:00,298.0000166666667,-18.431353698615652,0.22447101490921664,FLAT,False,False,False,
2024-07-03T03:03:00+00:00,ETHUSDT,LONG_SPOT_SHORT_PERP,3380.0,3378.95,-3.1065088757401833,0.0001,0.0001,2024-07-03T08:00:00.001000+00:00,297.0000166666667,-18.106508875740182,0.2267079883669439,FLAT,False,False,False,
2024-07-03T03:04:00+00:00,ETHUSDT,LONG_SPOT_SHORT_PERP,3382.26,3380.9,-4.020980054756664,0.0001,0.0001,2024-07-03T08:00:00.001000+00:00,296.0000166666667,-19.020980054756663,0.22056092499147306,FLAT,False,False,False,
2024-07-03T03:05:00+00:00,ETHUSDT,LONG_SPOT_SHORT_PERP,3379.43,3378.08,-3.9947565121926156,0.0001,0.0001,2024-07-03T08:00:00.001000+00:00,295.0000166666667,-18.994756512192616,0.22073078603229604,FLAT,False,False,False,
2024-07-03T03:06:00+00:00,ETHUSDT,LONG_SPOT_SHORT_PERP,3379.8,3378.26,-4.556482632108301,0.0001,0.0001,2024-07-03T08:00:00.001000+00:00,294.0000166666667,-19.5564826321083,0.2171725101712484,FLAT,False,False,False,
2024-07-03T03:07:00+00:00,ETHUSDT,LONG_SPOT_SHORT_PERP,3374.72,3373.2,-4.50407737530812,0.0001,0.0001,2024-07-03T08:00:00.001000+00:00,293.0000166666667,-19.50407737530812,0.2174974266534942,FLAT,False,False,False,
2024-07-03T03:08:00+00:00,ETHUSDT,LONG_SPOT_SHORT_PERP,3375.41,3373.79,-4.799416959717163,0.0001,0.0001,2024-07-03T08:00:00.001000+00:00,292.0000166666667,-19.799416959717163,0.2156849054787991,FLAT,False,False,False,
2024-07-03T03:09:00+00:00,ETHUSDT,LONG_SPOT_SHORT_PERP,3374.07,3372.33,-5.156976589105254,0.0001,0.0001,2024-07-03T08:00:00.001000+00:00,291.0000166666667,-20.156976589105255,0.21355026407375002,FLAT,False,False,False,
2024-07-03T03:10:00+00:00,ETHUSDT,LONG_SPOT_SHORT_PERP,3373.11,3371.57,-4.565519653969078,0.0001,0.0001,2024-07-03T08:00:00.001000+00:00,290.0000166666667,-19.565519653969076,0.2171166247107275,FLAT,False,False,False,
2024-07-03T03:11:00+00:00,ETHUSDT,LONG_SPOT_SHORT_PERP,3365.03,3363.16,-5.557156994143724,0.0001,0.0001,2024-07-03T08:00:00.001000+00:00,289.0000166666667,-20.557156994143725,0.21123692124479335,FLAT,False,False,False,
2024-07-03T03:12:00+00:00,ETHUSDT,LONG_SPOT_SHORT_PERP,3361.65,3360.03,-4.8190620677342695,0.0001,0.0001,2024-07-03T08:00:00.001000+00:00,288.0000166666667,-19.81906206773427,0.21556593724877304,FLAT,False,False,False,
2024-07-03T03:13:00+00:00,ETHUSDT,LONG_SPOT_SHORT_PERP,3358.07,3356.77,-3.871271295715044,0.0001,0.0001,2024-07-03T08:00:00.001000+00:00,287.0000166666667,-18.871271295715044,0.2215356592130014,FLAT,False,False,False,
2024-07-03T03:14:00+00:00,ETHUSDT,LONG_SPOT_SHORT_PERP,3349.43,3347.64,-5.344192892521903,0.0001,0.0001,2024-07-03T08:00:00.001000+00:00,286.0000166666667,-20.344192892521903,0.21245817838070744,FLAT,False,False,False,
2024-07-03T03:15:00+00:00,ETHUSDT,LONG_SPOT_SHORT_PERP,3352.64,3351.25,-4.145986446501482,0.0001,0.0001,2024-07-03T08:00:00.001000+00:00,285.0000166666667,-19.14598644650148,0.21975629506506147,FLAT,False,False,False,
2024-07-03T03:16:00+00:00,ETHUSDT,LONG_SPOT_SHORT_PERP,3343.8,3342.29,-4.51582032418272,0.0001,0.0001,2024-07-03T08:00:00.001000+00:00,284.0000166666667,-19.51582032418272,0.2174244948857489,FLAT,False,False,False,
2024-07-03T03:17:00+00:00,ETHUSDT,LONG_SPOT_SHORT_PERP,3352.22,3351.34,-2.625126035879669,0.0001,0.0001,2024-07-03T08:00:00.001000+00:00,283.0000166666667,-17.625126035879667,0.23013426395081826,FLAT,False,False,False,
2024-07-03T03:18:00+00:00,ETHUSDT,LONG_SPOT_SHORT_PERP,3353.82,3352.67,-3.4289258218988823,0.0001,0.0001,2024-07-03T08:00:00.001000+00:00,282.0000166666667,-18.428925821898883,0.2244875131065493,FLAT,False,False,False,
2024-07-03T03:19:00+00:00,ETHUSDT,LONG_SPOT_SHORT_PERP,3356.55,3355.47,-3.217589489208806,0.0001,0.0001,2024-07-03T08:00:00.001000+00:00,281.0000166666667,-18.217589489208805,0.22593632697518654,FLAT,False,False,False,
2024-07-03T03:20:00+00:00,ETHUSDT,LONG_SPOT_SHORT_PERP,3353.19,3351.97,-3.6383264891051645,0.0001,0.0001,2024-07-03T08:00:00.001000+00:00,280.0000166666667,-18.638326489105165,0.22307666053064765,FLAT,False,False,False,
2024-07-03T03:21:00+00:00,ETHUSDT,LONG_SPOT_SHORT_PERP,3353.99,3353.34,-1.937990274269262,0.0001,0.0001,2024-07-03T08:00:00.001000+00:00,279.0000166666667,-16.93799027426926,0.2352624138761873,FLAT,False,False,False,
2024-07-03T03:22:00+00:00,ETHUSDT,LONG_SPOT_SHORT_PERP,3357.98,3356.8,-3.514017355671672,0.0001,0.0001,2024-07-03T08:00:00.001000+00:00,278.0000166666667,-18.514017355671673,0.22391125658095745,FLAT,False,False,False,
2024-07-03T03:23:00+00:00,ETHUSDT,LONG_SPOT_SHORT_PERP,3357.83,3356.29,-4.586295315724631,0.0001,0.0001,2024-07-03T08:00:00.001000+00:00,277.0000166666667,-19.58629531572463,0.21698830799496427,FLAT,False,False,False,
2024-07-03T03:24:00+00:00,ETHUSDT,LONG_SPOT_SHORT_PERP,3358.74,3357.08,-4.942329564062281,0.0001,0.0001,2024-07-03T08:00:00.001000+00:00,276.0000166666667,-19.94232956406228,0.21482394221012124,FLAT,False,False,False,
2024-07-03T03:25:00+00:00,ETHUSDT,LONG_SPOT_SHORT_PERP,3359.6,3358.58,-3.036075723300339,0.0001,0.0001,2024-07-03T08:00:00.001000+00:00,275.0000166666667,-18.03607572330034,0.22720093024995114,FLAT,False,False,False,
2024-07-03T03:26:00+00:00,ETHUSDT,LONG_SPOT_SHORT_PERP,3360.0,3358.81,-3.541666666666829,0.0001,0.0001,2024-07-03T08:00:00.001000+00:00,274.0000166666667,-18.541666666666828,0.22372487998224666,FLAT,False,False,False,
2024-07-03T03:27:00+00:00,ETHUSDT,LONG_SPOT_SHORT_PERP,3359.38,3358.01,-4.078133465103355,0.0001,0.0001,2024-07-03T08:00:00.001000+00:00,273.0000166666667,-19.078133465103356,0.2201920028722034,FLAT,False,False,False,
2024-07-03T03:28:00+00:00,ETHUSDT,LONG_SPOT_SHORT_PERP,3358.49,3357.36,-3.3646073086406525,0.0001,0.0001,2024-07-03T08:00:00.001000+00:00,272.0000166666667,-18.364607308640654,0.2249257826021389,FLAT,False,False,False,
2024-07-03T03:29:00+00:00,ETHUSDT,LONG_SPOT_SHORT_PERP,3356.6,3355.13,-4.379431567657153,0.0001,0.0001,2024-07-03T08:00:00.001000+00:00,271.0000166666667,-19.379431567657154,0.2182760167278901,FLAT,False,False,False,
2024-07-03T03:30:00+00:00,ETHUSDT,LONG_SPOT_SHORT_PERP,3353.8,3351.93,-5.57576480410384,0.0001,0.0001,2024-07-03T08:00:00.001000+00:00,270.0000166666667,-20.57576480410384,0.21113126615415803,FLAT,False,False,False,
2024-07-03T03:31:00+00:00,ETHUSDT,LONG_SPOT_SHORT_PERP,3353.94,3352.0,-5.784241817086932,0.0001,0.0001,2024-07-03T08:00:00.001000+00:00,269.0000166666667,-20.784241817086933,0.20995898137686309,FLAT,False,False,False,
2024-07-03T03:32:00+00:00,ETHUSDT,LONG_SPOT_SHORT_PERP,3361.73,3360.28,-4.313255377439051,0.0001,0.0001,2024-07-03T08:00:00.001000+00:00,268.0000166666667,-19.313255377439052,0.2186927044282441,FLAT,False,False,False,
2024-07-03T03:33:00+00:00,ETHUSDT,LONG_SPOT_SHORT_PERP,3358.63,3356.93,-5.061587611616263,0.0001,0.0001,2024-07-03T08:00:00.001000+00:00,267.0000166666667,-20.06158761161626,0.21411342107959916,FLAT,False,False,False,
2024-07-03T03:34:00+00:00,ETHUSDT,LONG_SPOT_SHORT_PERP,3361.16,3359.65,-4.492496638064726,0.0001,0.0001,2024-07-03T08:00:00.001000+00:00,266.0000166666667,-19.492496638064726,0.21756942156622028,FLAT,False,False,False,
2024-07-03T03:35:00+00:00,ETHUSDT,LONG_SPOT_SHORT_PERP,3357.66,3355.85,-5.390658970830714,0.0001,0.0001,2024-07-03T08:00:00.001000+00:00,265.0000166666667,-20.390658970830714,0.21218981738754128,FLAT,False,False,False,
2024-07-03T03:36:00+00:00,ETHUSDT,LONG_SPOT_SHORT_PERP,3359.32,3358.0,-3.929366657538322,0.0001,0.0001,2024-07-03T08:00:00.001000+00:00,264.0000166666667,-18.92936665753832,0.22115596436599838,FLAT,False,False,False,
2024-07-03T03:37:00+00:00,ETHUSDT,LONG_SPOT_SHORT_PERP,3358.54,3356.67,-5.567895573671568,0.0001,0.0001,2024-07-03T08:00:00.001000+00:00,263.0000166666667,-20.567895573671567,0.21117592708526817,FLAT,False,False,False,
2024-07-03T03:38:00+00:00,ETHUSDT,LONG_SPOT_SHORT_PERP,3361.51,3360.0,-4.492028879879037,0.0001,0.0001,2024-07-03T08:00:00.001000+00:00,262.0000166666667,-19.492028879879037,0.2175723309903006,FLAT,False,False,False,
2024-07-03T03:39:00+00:00,ETHUSDT,LONG_SPOT_SHORT_PERP,3363.45,3362.33,-3.3299142249770055,0.0001,0.0001,2024-07-03T08:00:00.001000+00:00,261.0000166666667,-18.329914224977006,0.22516314892478168,FLAT,False,False,False,
2024-07-03T03:40:00+00:00,ETHUSDT,LONG_SPOT_SHORT_PERP,3362.99,3361.52,-4.371110232262956,0.0001,0.0001,2024-07-03T08:00:00.001000+00:00,260.0000166666667,-19.371110232262957,0.2183282861118698,FLAT,False,False,False,
2024-07-03T03:41:00+00:00,ETHUSDT,LONG_SPOT_SHORT_PERP,3364.47,3363.18,-3.8341848790447344,0.0001,0.0001,2024-07-03T08:00:00.001000+00:00,259.0000166666667,-18.834184879044734,0.22177900679963208,FLAT,False,False,False,
2024-07-03T03:42:00+00:00,ETHUSDT,LONG_SPOT_SHORT_PERP,3363.33,3362.0,-3.9544142263766187,0.0001,0.0001,2024-07-03T08:00:00.001000+00:00,258.0000166666667,-18.95441422637662,0.22099282617896465,FLAT,False,False,False,
2024-07-03T03:43:00+00:00,ETHUSDT,LONG_SPOT_SHORT_PERP,3364.06,3362.69,-4.07246006313767,0.0001,0.0001,2024-07-03T08:00:00.001000+00:00,257.0000166666667,-19.07246006313767,0.22022854575446654,FLAT,False,False,False,
2024-07-03T03:44:00+00:00,ETHUSDT,LONG_SPOT_SHORT_PERP,3362.08,3360.6,-4.4020368343407,0.0001,0.0001,2024-07-03T08:00:00.001000+00:00,256.0000166666667,-19.4020368343407,0.21813420886154858,FLAT,False,False,False,
2024-07-03T03:45:00+00:00,ETHUSDT,LONG_SPOT_SHORT_PERP,3360.84,3359.35,-4.433415455660598,0.0001,0.0001,2024-07-03T08:00:00.001000+00:00,255.00001666666668,-19.433415455660597,0.21793780942385862,FLAT,False,False,False,
2024-07-03T03:46:00+00:00,ETHUSDT,LONG_SPOT_SHORT_PERP,3358.92,3357.91,-3.006918890596437,0.0001,0.0001,2024-07-03T08:00:00.001000+00:00,254.00001666666668,-18.006918890596438,0.2274058239801908,FLAT,False,False,False,
2024-07-03T03:47:00+00:00,ETHUSDT,LONG_SPOT_SHORT_PERP,3358.19,3357.17,-3.0373504774893076,0.0001,0.0001,2024-07-03T08:00:00.001000+00:00,253.00001666666668,-18.03735047748931,0.22719198332089877,FLAT,False,False,False,
2024-07-03T03:48:00+00:00,ETHUSDT,LONG_SPOT_SHORT_PERP,3357.32,3356.08,-3.693422134322127,0.0001,0.0001,2024-07-03T08:00:00.001000+00:00,252.00001666666668,-18.693422134322127,0.22270949274799934,FLAT,False,False,False,
2024-07-03T03:49:00+00:00,ETHUSDT,LONG_SPOT_SHORT_PERP,3355.77,3354.88,-2.652148389191967,0.0001,0.0001,2024-07-03T08:00:00.001000+00:00,251.00001666666668,-17.652148389191968,0.229938351815494,FLAT,False,False,False,
2024-07-03T03:50:00+00:00,ETHUSDT,LONG_SPOT_SHORT_PERP,3359.5,3358.4,-3.27429677035246,0.0001,0.0001,2024-07-03T08:00:00.001000+00:00,250.00001666666668,-18.27429677035246,0.22554509456952088,FLAT,False,False,False,
2024-07-03T03:51:00+00:00,ETHUSDT,LONG_SPOT_SHORT_PERP,3362.03,3360.64,-4.134406891075711,0.0001,0.0001,2024-07-03T08:00:00.001000+00:00,249.00001666666668,-19.134406891075713,0.21983047677129164,FLAT,False,False,False,
2024-07-03T03:52:00+00:00,ETHUSDT,LONG_SPOT_SHORT_PERP,3361.86,3360.74,-3.3314891161450673,0.0001,0.0001,2024-07-03T08:00:00.001000+00:00,248.00001666666668,-18.331489116145068,0.22515235899283717,FLAT,False,False,False,
2024-07-03T03:53:00+00:00,ETHUSDT,LONG_SPOT_SHORT_PERP,3362.26,3361.13,-3.3608346766761317,0.0001,0.0001,2024-07-03T08:00:00.001000+00:00,247.00001666666668,-18.36083467667613,0.2249515616915016,FLAT,False,False,False,
2024-07-03T03:54:00+00:00,ETHUSDT,LONG_SPOT_SHORT_PERP,3363.34,3361.63,-5.0842317458242,0.0001,0.0001,2024-07-03T08:00:00.001000+00:00,246.00001666666668,-20.084231745824198,0.21397932128915748,FLAT,False,False,False,
2024-07-03T03:55:00+00:00,ETHUSDT,LONG_SPOT_SHORT_PERP,3362.97,3361.02,-5.798446016467046,0.0001,0.0001,2024-07-03T08:00:00.001000+00:00,245.00001666666668,-20.798446016467047,0.20987987038989026,FLAT,False,False,False,
2024-07-03T03:56:00+00:00,ETHUSDT,LONG_SPOT_SHORT_PERP,3363.22,3361.72,-4.460011536563175,0.0001,0.0001,2024-07-03T08:00:00.001000+00:00,244.00001666666668,-19.460011536563176,0.21777174891764725,FLAT,False,False,False,
2024-07-03T03:57:00+00:00,ETHUSDT,LONG_SPOT_SHORT_PERP,3363.03,3362.0,-3.0627142784935013,0.0001,0.0001,2024-07-03T08:00:00.001000+00:00,243.00001666666668,-18.0627142784935,0.22701416008956982,FLAT,False,False,False,
2024-07-03T03:58:00+00:00,ETHUSDT,LONG_SPOT_SHORT_PERP,3360.82,3359.67,-3.421783969388694,0.0001,0.0001,2024-07-03T08:00:00.001000+00:00,242.00001666666668,-18.421783969388695,0.22453606342963503,FLAT,False,False,False,
2024-07-03T03:59:00+00:00,ETHUSDT,LONG_SPOT_SHORT_PERP,3360.33,3359.36,-2.886621254459532,0.0001,0.0001,2024-07-03T08:00:00.001000+00:00,241.00001666666668,-17.88662125445953,0.2282563737000974,FLAT,False,False,False,
2024-07-03T04:00:00+00:00,ETHUSDT,LONG_SPOT_SHORT_PERP,3355.95,3354.5,-4.320684157987509,0.0001,0.0001,2024-07-03T08:00:00.001000+00:00,240.00001666666668,-19.320684157987507,0.21864581274115513,FLAT,False,False,False,
2024-07-03T04:01:00+00:00,ETHUSDT,LONG_SPOT_SHORT_PERP,3353.74,3352.31,-4.263896426079053,0.0001,0.0001,2024-07-03T08:00:00.001000+00:00,239.00001666666668,-19.263896426079054,0.21900500883981505,FLAT,False,False,False,
2024-07-03T04:02:00+00:00,ETHUSDT,LONG_SPOT_SHORT_PERP,3353.59,3352.35,-3.697530109525125,0.0001,0.0001,2024-07-03T08:00:00.001000+00:00,238.00001666666668,-18.697530109525125,0.22268218351995184,FLAT,False,False,False,
2024-07-03T04:03:00+00:00,ETHUSDT,LONG_SPOT_SHORT_PERP,3353.01,3351.82,-3.549049958097514,0.0001,0.0001,2024-07-03T08:00:00.001000+00:00,237.00001666666668,-18.549049958097513,0.2236751831951079,FLAT,False,False,False,
2024-07-03T04:04:00+00:00,ETHUSDT,LONG_SPOT_SHORT_PERP,3353.4,3351.39,-5.993916621936596,0.0001,0.0001,2024-07-03T08:00:00.001000+00:00,236.00001666666668,-20.993916621936595,0.2088009448643628,FLAT,False,False,False,
2024-07-03T04:05:00+00:00,ETHUSDT,LONG_SPOT_SHORT_PERP,3353.01,3351.72,-3.8472894503756874,0.0001,0.0001,2024-07-03T08:00:00.001000+00:00,235.00001666666668,-18.847289450375687,0.22169293363307602,FLAT,False,False,False,
2024-07-03T04:06:00+00:00,ETHUSDT,LONG_SPOT_SHORT_PERP,3357.37,3356.25,-3.3359445041800306,0.0001,0.0001,2024-07-03T08:00:00.001000+00:00,234.00001666666668,-18.33594450418003,0.22512184170728256,FLAT,False,False,False,
2024-07-03T04:07:00+00:00,ETHUSDT,LONG_SPOT_SHORT_PERP,3358.32,3356.58,-5.181162009576921,0.0001,0.0001,2024-07-03T08:00:00.001000+00:00,233.00001666666668,-20.181162009576923,0.21340820256741205,FLAT,False,False,False,
2024-07-03T04:08:00+00:00,ETHUSDT,LONG_SPOT_SHORT_PERP,3358.32,3357.01,-3.9007599037612417,0.0001,0.0001,2024-07-03T08:00:00.001000+00:00,232.00001666666668,-18.90075990376124,0.2213427006259141,FLAT,False,False,False,
2024-07-03T04:09:00+00:00,ETHUSDT,LONG_SPOT_SHORT_PERP,3358.94,3357.64,-3.8702685966411488,0.0001,0.0001,2024-07-03T08:00:00.001000+00:00,231.00001666666668,-18.87026859664115,0.22154222869464946,FLAT,False,False,False,
2024-07-03T04:10:00+00:00,ETHUSDT,LONG_SPOT_SHORT_PERP,3357.02,3355.78,-3.6937521968882576,0.0001,0.0001,2024-07-03T08:00:00.001000+00:00,230.00001666666668,-18.69375219688826,0.22270729819595958,FLAT,False,False,False,
2024-07-03T04:11:00+00:00,ETHUSDT,LONG_SPOT_SHORT_PERP,3358.67,3357.24,-4.25763769587453,0.0001,0.0001,2024-07-03T08:00:00.001000+00:00,229.00001666666668,-19.25763769587453,0.21904470148211397,FLAT,False,False,False,
2024-07-03T04:12:00+00:00,ETHUSDT,LONG_SPOT_SHORT_PERP,3360.81,3359.86,-2.826699515889973,0.0001,0.0001,2024-07-03T08:00:00.001000+00:00,228.00001666666668,-17.826699515889974,0.22868316920929527,FLAT,False,False,False,
2024-07-03T04:13:00+00:00,ETHUSDT,LONG_SPOT_SHORT_PERP,3360.3,3359.05,-3.7199059607773113,0.0001,0.0001,2024-07-03T08:00:00.001000+00:00,227.00001666666668,-18.71990596077731,0.22253359527831135,FLAT,False,False,False,
2024-07-03T04:14:00+00:00,ETHUSDT,LONG_SPOT_SHORT_PERP,3359.32,3357.88,-4.2865818082232545,0.0001,0.0001,2024-07-03T08:00:00.001000+00:00,226.00001666666668,-19.286581808223254,0.21886131325533417,FLAT,False,False,False,
2024-07-03T04:15:00+00:00,ETHUSDT,LONG_SPOT_SHORT_PERP,3356.65,3355.05,-4.766657232657289,0.0001,0.0001,2024-07-03T08:00:00.001000+00:00,225.00001666666668,-19.766657232657288,0.21588373412433295,FLAT,False,False,False,
2024-07-03T04:16:00+00:00,ETHUSDT,LONG_SPOT_SHORT_PERP,3359.0,3357.7,-3.8701994641267694,0.0001,0.0001,2024-07-03T08:00:00.001000+00:00,224.00001666666668,-18.87019946412677,0.2215426816570975,FLAT,False,False,False,
2024-07-03T04:17:00+00:00,ETHUSDT,LONG_SPOT_SHORT_PERP,3357.96,3356.15,-5.390177369593281,0.0001,0.0001,2024-07-03T08:00:00.001000+00:00,223.00001666666668,-20.39017736959328,0.21219259338118523,FLAT,False,False,False,
2024-07-03T04:18:00+00:00,ETHUSDT,LONG_SPOT_SHORT_PERP,3356.02,3354.77,-3.7246500318830043,0.0001,0.0001,2024-07-03T08:00:00.001000+00:00,222.00001666666668,-18.724650031883005,0.2225021273852219,FLAT,False,False,False,
2024-07-03T04:19:00+00:00,ETHUSDT,LONG_SPOT_SHORT_PERP,3356.25,3355.01,-3.6945996275598714,0.0001,0.0001,2024-07-03T08:00:00.001000+00:00,221.00001666666668,-18.69459962755987,0.22270166399159272,FLAT,False,False,False,
2024-07-03T04:20:00+00:00,ETHUSDT,LONG_SPOT_SHORT_PERP,3360.34,3359.11,-3.6603438937727075,0.0001,0.0001,2024-07-03T08:00:00.001000+00:00,220.00001666666668,-18.66034389377271,0.22292973131161026,FLAT,False,False,False,
2024-07-03T04:21:00+00:00,ETHUSDT,LONG_SPOT_SHORT_PERP,3361.29,3359.48,-5.384837368986149,0.0001,0.0001,2024-07-03T08:00:00.001000+00:00,219.00001666666668,-20.384837368986148,0.21222338128323323,FLAT,False,False,False,
2024-07-03T04:22:00+00:00,ETHUSDT,LONG_SPOT_SHORT_PERP,3360.01,3358.62,-4.136892449725826,0.0001,0.0001,2024-07-03T08:00:00.001000+00:00,218.00001666666668,-19.136892449725828,0.2198145475710085,FLAT,False,False,False,
2024-07-03T04:23:00+00:00,ETHUSDT,LONG_SPOT_SHORT_PERP,3360.4,3358.96,-4.285204142364167,0.0001,0.0001,2024-07-03T08:00:00.001000+00:00,217.00001666666668,-19.285204142364165,0.2188700319905181,FLAT,False,False,False,
2024-07-03T04:24:00+00:00,ETHUSDT,LONG_SPOT_SHORT_PERP,3360.28,3358.58,-5.059102217673148,0.0001,0.0001,2024-07-03T08:00:00.001000+00:00,216.00001666666668,-20.05910221767315,0.2141281554289122,FLAT,False,False,False,
2024-07-03T04:25:00+00:00,ETHUSDT,LONG_SPOT_SHORT_PERP,3361.17,3359.87,-3.8677008303661577,0.0001,0.0001,2024-07-03T08:00:00.001000+00:00,215.00001666666668,-18.867700830366157,0.22155905467823722,FLAT,False,False,False,
2024-07-03T04:26:00+00:00,ETHUSDT,LONG_SPOT_SHORT_PERP,3362.56,3361.33,-3.657927293490728,0.0001,0.0001,2024-07-03T08:00:00.001000+00:00,214.00001666666668,-18.65792729349073,0.22294584497449646,FLAT,False,False,False,
2024-07-03T04:27:00+00:00,ETHUSDT,LONG_SPOT_SHORT_PERP,3362.58,3361.45,-3.360514842769865,0.0001,0.0001,2024-07-03T08:00:00.001000+00:00,213.00001666666668,-18.360514842769867,0.2249537475438807,FLAT,False,False,False,
2024-07-03T04:28:00+00:00,ETHUSDT,LONG_SPOT_SHORT_PERP,3362.8,3361.48,-3.9253003449511232,0.0001,0.0001,2024-07-03T08:00:00.001000+00:00,212.00001666666668,-18.925300344951122,0.22118248092452408,FLAT,False,False,False,
2024-07-03T04:29:00+00:00,ETHUSDT,LONG_SPOT_SHORT_PERP,3362.91,3361.7,-3.598074286852864,0.0001,0.0001,2024-07-03T08:00:00.001000+00:00,211.00001666666668,-18.598074286852864,0.22334596984363075,FLAT,False,False,False,
2024-07-03T04:30:00+00:00,ETHUSDT,LONG_SPOT_SHORT_PERP,3360.4,3359.17,-3.6602785382693077,0.0001,0.0001,2024-07-03T08:00:00.001000+00:00,210.00001666666668,-18.660278538269306,0.22293016705350793,FLAT,False,False,False,
2024-07-03T04:31:00+00:00,ETHUSDT,LONG_SPOT_SHORT_PERP,3359.56,3358.21,-4.018383359725408,0.0001,0.0001,2024-07-03T08:00:00.001000+00:00,209.00001666666668,-19.01838335972541,0.22057772832647124,FLAT,False,False,False,
2024-07-03T04:32:00+00:00,ETHUSDT,LONG_SPOT_SHORT_PERP,3360.19,3358.69,-4.464033283832164,0.0001,0.0001,2024-07-03T08:00:00.001000+00:00,208.00001666666668,-19.464033283832165,0.21774667023987954,FLAT,False,False,False,
2024-07-03T04:33:00+00:00,ETHUSDT,LONG_SPOT_SHORT_PERP,3361.6,3360.45,-3.4209900047599087,0.0001,0.0001,2024-07-03T08:00:00.001000+00:00,207.00001666666668,-18.420990004759908,0.2245414625685782,FLAT,False,False,False,
2024-07-03T04:34:00+00:00,ETHUSDT,LONG_SPOT_SHORT_PERP,3361.15,3359.94,-3.599958347589475,0.0001,0.0001,2024-07-03T08:00:00.001000+00:00,206.00001666666668,-18.599958347589475,0.22333334441946073,FLAT,False,False,False,
2024-07-03T04:35:00+00:00,ETHUSDT,LONG_SPOT_SHORT_PERP,3358.18,3356.93,-3.7222543163261053,0.0001,0.0001,2024-07-03T08:00:00.001000+00:00,205.00001666666668,-18.722254316326104,0.22251801685606487,FLAT,False,False,False,
2024-07-03T04:36:00+00:00,ETHUSDT,LONG_SPOT_SHORT_PERP,3360.92,3359.4,-4.5225712007425996,0.0001,0.0001,2024-07-03T08:00:00.001000+00:00,204.00001666666668,-19.5225712007426,0.21738259991832187,FLAT,False,False,False,
2024-07-03T04:37:00+00:00,ETHUSDT,LONG_SPOT_SHORT_PERP,3359.27,3357.93,-3.988961887553384,0.0001,0.0001,2024-07-03T08:00:00.001000+00:00,203.00001666666668,-18.988961887553383,0.22076837040228747,FLAT,False,False,False,
2024-07-03T04:38:00+00:00,ETHUSDT,LONG_SPOT_SHORT_PERP,3359.61,3358.38,-3.661139239376053,0.0001,0.0001,2024-07-03T08:00:00.001000+00:00,202.00001666666668,-18.661139239376052,0.2229244287275957,FLAT,False,False,False,
2024-07-03T04:39:00+00:00,ETHUSDT,LONG_SPOT_SHORT_PERP,3358.87,3357.94,-2.768788312735641,0.0001,0.0001,2024-07-03T08:00:00.001000+00:00,201.00001666666668,-17.76878831273564,0.2290976295885318,FLAT,False,False,False,
2024-07-03T04:40:00+00:00,ETHUSDT,LONG_SPOT_SHORT_PERP,3359.0,3358.08,-2.73891038999724,0.0001,0.0001,2024-07-03T08:00:00.001000+00:00,200.00001666666668,-17.73891038999724,0.22931222595525474,FLAT,False,False,False,
2024-07-03T04:41:00+00:00,ETHUSDT,LONG_SPOT_SHORT_PERP,3358.0,3356.53,-4.377605717688504,0.0001,0.0001,2024-07-03T08:00:00.001000+00:00,199.00001666666668,-19.377605717688503,0.21828748244054472,FLAT,False,False,False,
2024-07-03T04:42:00+00:00,ETHUSDT,LONG_SPOT_SHORT_PERP,3357.73,3356.31,-4.229047600611344,0.0001,0.0001,2024-07-03T08:00:00.001000+00:00,198.00001666666668,-19.229047600611345,0.21922628364797148,FLAT,False,False,False,
2024-07-03T04:43:00+00:00,ETHUSDT,LONG_SPOT_SHORT_PERP,3356.37,3354.7,-4.975613534860796,0.0001,0.0001,2024-07-03T08:00:00.001000+00:00,197.00001666666668,-19.975613534860795,0.2146249178612758,FLAT,False,False,False,
2024-07-03T04:44:00+00:00,ETHUSDT,LONG_SPOT_SHORT_PERP,3357.09,3355.83,-3.753250583094937,0.0001,0.0001,2024-07-03T08:00:00.001000+00:00,196.00001666666668,-18.75325058309494,0.22231267924734835,FLAT,False,False,False,
2024-07-03T04:45:00+00:00,ETHUSDT,LONG_SPOT_SHORT_PERP,3358.91,3357.44,-4.3764197314003646,0.0001,0.0001,2024-07-03T08:00:00.001000+00:00,195.00001666666668,-19.376419731400365,0.21829493096976577,FLAT,False,False,False,
2024-07-03T04:46:00+00:00,ETHUSDT,LONG_SPOT_SHORT_PERP,3358.3,3356.74,-4.645207396600661,0.0001,0.0001,2024-07-03T08:00:00.001000+00:00,194.00001666666668,-19.64520739660066,0.21662566845817008,FLAT,False,False,False,
2024-07-03T04:47:00+00:00,ETHUSDT,LONG_SPOT_SHORT_PERP,3358.26,3356.61,-4.913258651802097,0.0001,0.0001,2024-07-03T08:00:00.001000+00:00,193.00001666666668,-19.913258651802096,0.21499823411918056,FLAT,False,False,False,
2024-07-03T04:48:00+00:00,ETHUSDT,LONG_SPOT_SHORT_PERP,3357.38,3355.8,-4.706050551322541,0.0001,0.0001,2024-07-03T08:00:00.001000+00:00,192.00001666666668,-19.70605055132254,0.21625302823508874,FLAT,False,False,False,
2024-07-03T04:49:00+00:00,ETHUSDT,LONG_SPOT_SHORT_PERP,3354.84,3353.5,-3.99422923298919,0.0001,0.0001,2024-07-03T08:00:00.001000+00:00,191.00001666666668,-18.99422923298919,0.22073420525402437,FLAT,False,False,False,
2024-07-03T04:50:00+00:00,ETHUSDT,LONG_SPOT_SHORT_PERP,3358.2,3356.89,-3.9008992912868363,0.0001,0.0001,2024-07-03T08:00:00.001000+00:00,190.00001666666668,-18.900899291286837,0.22134178966788387,FLAT,False,False,False,
2024-07-03T04:51:00+00:00,ETHUSDT,LONG_SPOT_SHORT_PERP,3359.49,3358.02,-4.375664163309907,0.0001,0.0001,2024-07-03T08:00:00.001000+00:00,189.00001666666668,-19.375664163309906,0.21829967666507627,FLAT,False,False,False,
2024-07-03T04:52:00+00:00,ETHUSDT,LONG_SPOT_SHORT_PERP,3358.33,3356.82,-4.496282378443344,0.0001,0.0001,2024-07-03T08:00:00.001000+00:00,188.00001666666668,-19.496282378443343,0.2175458787300028,FLAT,False,False,False,
2024-07-03T04:53:00+00:00,ETHUSDT,LONG_SPOT_SHORT_PERP,3359.8,3358.23,-4.672897196262169,0.0001,0.0001,2024-07-03T08:00:00.001000+00:00,187.00001666666668,-19.67289719626217,0.21645584221343722,FLAT,False,False,False,
2024-07-03T04:54:00+00:00,ETHUSDT,LONG_SPOT_SHORT_PERP,3359.39,3358.3,-3.2446366751097395,0.0001,0.0001,2024-07-03T08:00:00.001000+00:00,186.00001666666668,-18.24463667510974,0.22574949678608153,FLAT,False,False,False,
2024-07-03T04:55:00+00:00,ETHUSDT,LONG_SPOT_SHORT_PERP,3359.99,3358.56,-4.255965047514535,0.0001,0.0001,2024-07-03T08:00:00.001000+00:00,185.00001666666668,-19.255965047514536,0.21905531288187402,FLAT,False,False,False,
2024-07-03T04:56:00+00:00,ETHUSDT,LONG_SPOT_SHORT_PERP,3361.14,3360.13,-3.0049328501632293,0.0001,0.0001,2024-07-03T08:00:00.001000+00:00,184.00001666666668,-18.00493285016323,0.22741979826209086,FLAT,False,False,False,
2024-07-03T04:57:00+00:00,ETHUSDT,LONG_SPOT_SHORT_PERP,3362.33,3361.29,-3.09309318240614,0.0001,0.0001,2024-07-03T08:00:00.001000+00:00,183.00001666666668,-18.09309318240614,0.22680166193280954,FLAT,False,False,False,
2024-07-03T04:58:00+00:00,ETHUSDT,LONG_SPOT_SHORT_PERP,3361.61,3360.25,-4.045680492383492,0.0001,0.0001,2024-07-03T08:00:00.001000+00:00,182.00001666666668,-19.045680492383493,0.2204012691334143,FLAT,False,False,False,
2024-07-03T04:59:00+00:00,ETHUSDT,LONG_SPOT_SHORT_PERP,3361.24,3360.01,-3.6593638062130744,0.0001,0.0001,2024-07-03T08:00:00.001000+00:00,181.00001666666668,-18.659363806213076,0.22293626605424055,FLAT,False,False,False,
2024-07-03T05:00:00+00:00,ETHUSDT,LONG_SPOT_SHORT_PERP,3361.71,3360.41,-3.8670795517762744,0.0001,0.0001,2024-07-03T08:00:00.001000+00:00,180.00001666666668,-18.867079551776275,0.22156312631425296,FLAT,False,False,False,
2024-07-03T05:01:00+00:00,ETHUSDT,LONG_SPOT_SHORT_PERP,3360.15,3359.01,-3.3927056827816395,0.0001,0.0001,2024-07-03T08:00:00.001000+00:00,179.00001666666668,-18.39270568278164,0.22473403309027146,FLAT,False,False,False,
2024-07-03T05:02:00+00:00,ETHUSDT,LONG_SPOT_SHORT_PERP,3361.15,3360.04,-3.302441128780707,0.0001,0.0001,2024-07-03T08:00:00.001000+00:00,178.00001666666668,-18.302441128780707,0.22535159842232888,FLAT,False,False,False,
2024-07-03T05:03:00+00:00,ETHUSDT,LONG_SPOT_SHORT_PERP,3360.91,3359.55,-4.046523114274624,0.0001,0.0001,2024-07-03T08:00:00.001000+00:00,177.00001666666668,-19.046523114274624,0.22039582849131795,FLAT,False,False,False,
2024-07-03T05:04:00+00:00,ETHUSDT,LONG_SPOT_SHORT_PERP,3360.78,3359.74,-3.0945197245889893,0.0001,0.0001,2024-07-03T08:00:00.001000+00:00,176.00001666666668,-18.094519724588988,0.22679169636971186,FLAT,False,False,False,
2024-07-03T05:05:00+00:00,ETHUSDT,LONG_SPOT_SHORT_PERP,3359.61,3358.09,-4.524334669797928,0.0001,0.0001,2024-07-03T08:00:00.001000+00:00,175.00001666666668,-19.524334669797927,0.2173716600030356,FLAT,False,False,False,
2024-07-03T05:06:00+00:00,ETHUSDT,LONG_SPOT_SHORT_PERP,3362.59,3361.23,-4.044501411115025,0.0001,0.0001,2024-07-03T08:00:00.001000+00:00,174.00001666666668,-19.044501411115025,0.22040888286896393,FLAT,False,False,False,
2024-07-03T05:07:00+00:00,ETHUSDT,LONG_SPOT_SHORT_PERP,3362.92,3361.8,-3.330439023229488,0.0001,0.0001,2024-07-03T08:00:00.001000+00:00,173.00001666666668,-18.330439023229488,0.2251595532590761,FLAT,False,False,False,
2024-07-03T05:08:00+00:00,ETHUSDT,LONG_SPOT_SHORT_PERP,3364.23,3363.16,-3.1805197623235144,0.0001,0.0001,2024-07-03T08:00:00.001000+00:00,172.00001666666668,-18.180519762323513,0.22619306362701402,FLAT,False,False,False,
2024-07-03T05:09:00+00:00,ETHUSDT,LONG_SPOT_SHORT_PERP,3364.98,3363.81,-3.476989462047539,0.0001,0.0001,2024-07-03T08:00:00.001000+00:00,171.00001666666668,-18.476989462047538,0.2241615193712585,FLAT,False,False,False,
2024-07-03T05:10:00+00:00,ETHUSDT,LONG_SPOT_SHORT_PERP,3365.01,3364.0,-3.0014769644078862,0.0001,0.0001,2024-07-03T08:00:00.001000+00:00,170.00001666666668,-18.001476964407885,0.22744412015851895,FLAT,False,False,False,
2024-07-03T05:11:00+00:00,ETHUSDT,LONG_SPOT_SHORT_PERP,3365.42,3364.04,-4.100528314445476,0.0001,0.0001,2024-07-03T08:00:00.001000+00:00,169.00001666666668,-19.100528314445476,0.22004792457566996,FLAT,False,False,False,
2024-07-03T05:12:00+00:00,ETHUSDT,LONG_SPOT_SHORT_PERP,3364.45,3363.08,-4.07198799209348,0.0001,0.0001,2024-07-03T08:00:00.001000+00:00,168.00001666666668,-19.07198799209348,0.22023158718570213,FLAT,False,False,False,
2024-07-03T05:13:00+00:00,ETHUSDT,LONG_SPOT_SHORT_PERP,3366.2,3364.91,-3.832214366347703,0.0001,0.0001,2024-07-03T08:00:00.001000+00:00,167.00001666666668,-18.832214366347703,0.22179195758963005,FLAT,False,False,False,
2024-07-03T05:14:00+00:00,ETHUSDT,LONG_SPOT_SHORT_PERP,3365.4,3364.09,-3.8925536340403677,0.0001,0.0001,2024-07-03T08:00:00.001000+00:00,166.00001666666668,-18.892553634040368,0.22139635078950287,FLAT,False,False,False,
2024-07-03T05:15:00+00:00,ETHUSDT,LONG_SPOT_SHORT_PERP,3365.58,3364.06,-4.516309224561537,0.0001,0.0001,2024-07-03T08:00:00.001000+00:00,165.00001666666668,-19.51630922456154,0.21742146004107932,FLAT,False,False,False,
2024-07-03T05:16:00+00:00,ETHUSDT,LONG_SPOT_SHORT_PERP,3361.82,3360.47,-4.015681981784758,0.0001,0.0001,2024-07-03T08:00:00.001000+00:00,164.00001666666668,-19.01568198178476,0.2205952129316114,FLAT,False,False,False,
2024-07-03T05:17:00+00:00,ETHUSDT,LONG_SPOT_SHORT_PERP,3363.08,3361.67,-4.192585368173979,0.0001,0.0001,2024-07-03T08:00:00.001000+00:00,163.00001666666668,-19.19258536817398,0.21945849495152125,FLAT,False,False,False,
2024-07-03T05:18:00+00:00,ETHUSDT,LONG_SPOT_SHORT_PERP,3363.67,3362.34,-3.9540145139086986,0.0001,0.0001,2024-07-03T08:00:00.001000+00:00,162.00001666666668,-18.9540145139087,0.22099542688892965,FLAT,False,False,False,
2024-07-03T05:19:00+00:00,ETHUSDT,LONG_SPOT_SHORT_PERP,3362.63,3361.11,-4.520271335234568,0.0001,0.0001,2024-07-03T08:00:00.001000+00:00,161.00001666666668,-19.52027133523457,0.21739686987980034,FLAT,False,False,False,
2024-07-03T05:20:00+00:00,ETHUSDT,LONG_SPOT_SHORT_PERP,3363.72,3362.48,-3.686394824776681,0.0001,0.0001,2024-07-03T08:00:00.001000+00:00,160.00001666666668,-18.68639482477668,0.22275623085596524,FLAT,False,False,False,
2024-07-03T05:21:00+00:00,ETHUSDT,LONG_SPOT_SHORT_PERP,3361.91,3360.96,-2.825774634061644,0.0001,0.0001,2024-07-03T08:00:00.001000+00:00,159.00001666666668,-17.825774634061645,0.22868977307660737,FLAT,False,False,False,
2024-07-03T05:22:00+00:00,ETHUSDT,LONG_SPOT_SHORT_PERP,3363.05,3361.74,-3.895273635540358,0.0001,0.0001,2024-07-03T08:00:00.001000+00:00,158.00001666666668,-18.89527363554036,0.22137856416545185,FLAT,False,False,False,
2024-07-03T05:23:00+00:00,ETHUSDT,LONG_SPOT_SHORT_PERP,3362.41,3361.0,-4.193420790444516,0.0001,0.0001,2024-07-03T08:00:00.001000+00:00,157.00001666666668,-19.193420790444517,0.21945316659449876,FLAT,False,False,False,
2024-07-03T05:24:00+00:00,ETHUSDT,LONG_SPOT_SHORT_PERP,3362.16,3360.7,-4.342446522473756,0.0001,0.0001,2024-07-03T08:00:00.001000+00:00,156.00001666666668,-19.342446522473757,0.2185086131165248,FLAT,False,False,False,
2024-07-03T05:25:00+00:00,ETHUSDT,LONG_SPOT_SHORT_PERP,3360.8,3359.77,-3.064746488931802,0.0001,0.0001,2024-07-03T08:00:00.001000+00:00,155.00001666666668,-18.064746488931803,0.22699992842361566,FLAT,False,False,False,
2024-07-03T05:26:00+00:00,ETHUSDT,LONG_SPOT_SHORT_PERP,3359.99,3358.7,-3.839297140765192,0.0001,0.0001,2024-07-03T08:00:00.001000+00:00,154.00001666666668,-18.839297140765193,0.2217454173971498,FLAT,False,False,False,
2024-07-03T05:27:00+00:00,ETHUSDT,LONG_SPOT_SHORT_PERP,3359.32,3358.2,-3.3340080730634343,0.0001,0.0001,2024-07-03T08:00:00.001000+00:00,153.00001666666668,-18.334008073063433,0.22513510396276262,FLAT,False,False,False,
2024-07-03T05:28:00+00:00,ETHUSDT,LONG_SPOT_SHORT_PERP,3360.99,3359.72,-3.778648552956069,0.0001,0.0001,2024-07-03T08:00:00.001000+00:00,152.00001666666668,-18.77864855295607,0.2221448213089588,FLAT,False,False,False,
2024-07-03T05:29:00+00:00,ETHUSDT,LONG_SPOT_SHORT_PERP,3361.0,3359.87,-3.3620946146983313,0.0001,0.0001,2024-07-03T08:00:00.001000+00:00,151.00001666666668,-18.362094614698332,0.22494295141190998,FLAT,False,False,False,
2024-07-03T05:30:00+00:00,ETHUSDT,LONG_SPOT_SHORT_PERP,3360.52,3359.61,-2.7079142513654273,0.0001,0.0001,2024-07-03T08:00:00.001000+00:00,150.00001666666668,-17.707914251365427,0.22953540568137504,FLAT,False,False,False,
2024-07-03T05:31:00+00:00,ETHUSDT,LONG_SPOT_SHORT_PERP,3359.43,3358.31,-3.333898905468758,0.0001,0.0001,2024-07-03T08:00:00.001000+00:00,149.00001666666668,-18.333898905468757,0.22513585169420836,FLAT,False,False,False,
2024-07-03T05:32:00+00:00,ETHUSDT,LONG_SPOT_SHORT_PERP,3360.76,3359.29,-4.374010640451132,0.0001,0.0001,2024-07-03T08:00:00.001000+00:00,148.00001666666668,-19.374010640451132,0.21831006343118725,FLAT,False,False,False,
2024-07-03T05:33:00+00:00,ETHUSDT,LONG_SPOT_SHORT_PERP,3360.21,3358.95,-3.7497656396481718,0.0001,0.0001,2024-07-03T08:00:00.001000+00:00,147.00001666666668,-18.74976563964817,0.22233573923546607,FLAT,False,False,False,
2024-07-03T05:34:00+00:00,ETHUSDT,LONG_SPOT_SHORT_PERP,3362.3,3361.11,-3.539243969901718,0.0001,0.0001,2024-07-03T08:00:00.001000+00:00,146.00001666666668,-18.53924396990172,0.2237411937155153,FLAT,False,False,False,
2024-07-03T05:35:00+00:00,ETHUSDT,LONG_SPOT_SHORT_PERP,3362.14,3360.73,-4.193757547276005,0.0001,0.0001,2024-07-03T08:00:00.001000+00:00,145.00001666666668,-19.193757547276004,0.21945101885111945,FLAT,False,False,False,
2024-07-03T05:36:00+00:00,ETHUSDT,LONG_SPOT_SHORT_PERP,3361.02,3359.91,-3.3025688630241037,0.0001,0.0001,2024-07-03T08:00:00.001000+00:00,144.00001666666668,-18.302568863024103,0.22535072125341812,FLAT,False,False,False,
2024-07-03T05:37:00+00:00,ETHUSDT,LONG_SPOT_SHORT_PERP,3361.85,3360.49,-4.045391674227367,0.0001,0.0001,2024-07-03T08:00:00.001000+00:00,143.00001666666668,-19.045391674227368,0.22040313406287554,FLAT,False,False,False,
2024-07-03T05:38:00+00:00,ETHUSDT,LONG_SPOT_SHORT_PERP,3360.64,3359.44,-3.5707484288701505,0.0001,0.0001,2024-07-03T08:00:00.001000+00:00,142.00001666666668,-18.57074842887015,0.22352930667197174,FLAT,False,False,False,
2024-07-03T05:39:00+00:00,ETHUSDT,LONG_SPOT_SHORT_PERP,3360.0,3358.65,-4.017857142856872,0.0001,0.0001,2024-07-03T08:00:00.001000+00:00,141.00001666666668,-19.017857142856872,0.22058113394387302,FLAT,False,False,False,
2024-07-03T05:40:00+00:00,ETHUSDT,LONG_SPOT_SHORT_PERP,3360.37,3359.1,-3.7793457268097916,0.0001,0.0001,2024-07-03T08:00:00.001000+00:00,140.00001666666668,-18.77934572680979,0.22214021860008654,FLAT,False,False,False,
2024-07-03T05:41:00+00:00,ETHUSDT,LONG_SPOT_SHORT_PERP,3360.01,3358.61,-4.166654265910193,0.0001,0.0001,2024-07-03T08:00:00.001000+00:00,139.00001666666668,-19.166654265910193,0.21962406984900412,FLAT,False,False,False,
2024-07-03T05:42:00+00:00,ETHUSDT,LONG_SPOT_SHORT_PERP,3359.83,3358.31,-4.524038418610411,0.0001,0.0001,2024-07-03T08:00:00.001000+00:00,138.00001666666668,-19.52403841861041,0.21737349772330689,FLAT,False,False,False,
2024-07-03T05:43:00+00:00,ETHUSDT,LONG_SPOT_SHORT_PERP,3359.82,3358.43,-4.137126393676826,0.0001,0.0001,2024-07-03T08:00:00.001000+00:00,137.00001666666668,-19.137126393676827,0.2198130484647231,FLAT,False,False,False,
2024-07-03T05:44:00+00:00,ETHUSDT,LONG_SPOT_SHORT_PERP,3360.09,3358.99,-3.273721834832888,0.0001,0.0001,2024-07-03T08:00:00.001000+00:00,136.00001666666668,-18.273721834832887,0.22554905199626202,FLAT,False,False,False,
2024-07-03T05:45:00+00:00,ETHUSDT,LONG_SPOT_SHORT_PERP,3360.5,3359.1,-4.166046719238479,0.0001,0.0001,2024-07-03T08:00:00.001000+00:00,135.00001666666668,-19.16604671923848,0.21962795345375408,FLAT,False,False,False,
2024-07-03T05:46:00+00:00,ETHUSDT,LONG_SPOT_SHORT_PERP,3363.43,3362.47,-2.8542291648704934,0.0001,0.0001,2024-07-03T08:00:00.001000+00:00,134.00001666666668,-17.854229164870492,0.22848682898835726,FLAT,False,False,False,
2024-07-03T05:47:00+00:00,ETHUSDT,LONG_SPOT_SHORT_PERP,3363.44,3362.61,-2.4677116285705325,0.0001,0.0001,2024-07-03T08:00:00.001000+00:00,133.00001666666668,-17.467711628570534,0.23128409059682958,FLAT,False,False,False,
2024-07-03T05:48:00+00:00,ETHUSDT,LONG_SPOT_SHORT_PERP,3363.69,3362.27,-4.221554304945084,0.0001,0.0001,2024-07-03T08:00:00.001000+00:00,132.00001666666668,-19.221554304945084,0.2192739471949271,FLAT,False,False,False,
2024-07-03T05:49:00+00:00,ETHUSDT,LONG_SPOT_SHORT_PERP,3363.88,3362.37,-4.488864049847849,0.0001,0.0001,2024-07-03T08:00:00.001000+00:00,131.00001666666668,-19.488864049847848,0.21759201902485942,FLAT,False,False,False,
2024-07-03T05:50:00+00:00,ETHUSDT,LONG_SPOT_SHORT_PERP,3363.91,3362.74,-3.4780954306151854,0.0001,0.0001,2024-07-03T08:00:00.001000+00:00,130.00001666666668,-18.478095430615184,0.22415403329979894,FLAT,False,False,False,
2024-07-03T05:51:00+00:00,ETHUSDT,LONG_SPOT_SHORT_PERP,3364.4,3362.99,-4.1909404351453725,0.0001,0.0001,2024-07-03T08:00:00.001000+00:00,129.00001666666668,-19.19094043514537,0.21946898748943,FLAT,False,False,False,
2024-07-03T05:52:00+00:00,ETHUSDT,LONG_SPOT_SHORT_PERP,3365.0,3364.19,-2.4071322436848304,0.0001,0.0001,2024-07-03T08:00:00.001000+00:00,128.00001666666668,-17.40713224368483,0.23173050808664059,FLAT,False,False,False,
2024-07-03T05:53:00+00:00,ETHUSDT,LONG_SPOT_SHORT_PERP,3364.78,3362.81,-5.854766136271182,0.0001,0.0001,2024-07-03T08:00:00.001000+00:00,127.00001666666667,-20.85476613627118,0.20956714144489896,FLAT,False,False,False,
2024-07-03T05:54:00+00:00,ETHUSDT,LONG_SPOT_SHORT_PERP,3364.79,3363.8,-2.9422341364536324,0.0001,0.0001,2024-07-03T08:00:00.001000+00:00,126.00001666666667,-17.94223413645363,0.2278621307012853,FLAT,False,False,False,
2024-07-03T05:55:00+00:00,ETHUSDT,LONG_SPOT_SHORT_PERP,3365.02,3363.97,-3.1203380663419,0.0001,0.0001,2024-07-03T08:00:00.001000+00:00,125.00001666666667,-18.1203380663419,0.22661153534075987,FLAT,False,False,False,
2024-07-03T05:56:00+00:00,ETHUSDT,LONG_SPOT_SHORT_PERP,3365.93,3364.9,-3.060075521474735,0.0001,0.0001,2024-07-03T08:00:00.001000+00:00,124.00001666666667,-18.060075521474737,0.227032642964045,FLAT,False,False,False,
2024-07-03T05:57:00+00:00,ETHUSDT,LONG_SPOT_SHORT_PERP,3366.25,3365.2,-3.11919792053526,0.0001,0.0001,2024-07-03T08:00:00.001000+00:00,123.00001666666667,-18.11919792053526,0.2266194832631872,FLAT,False,False,False,
2024-07-03T05:58:00+00:00,ETHUSDT,LONG_SPOT_SHORT_PERP,3367.97,3366.81,-3.444211201405756,0.0001,0.0001,2024-07-03T08:00:00.001000+00:00,122.00001666666667,-18.444211201405757,0.22438369912985187,FLAT,False,False,False,
2024-07-03T05:59:00+00:00,ETHUSDT,LONG_SPOT_SHORT_PERP,3368.65,3367.55,-3.2654030546358603,0.0001,0.0001,2024-07-03T08:00:00.001000+00:00,121.00001666666667,-18.26540305463586,0.22560633320684123,FLAT,False,False,False,
2024-07-03T06:00:00+00:00,ETHUSDT,LONG_SPOT_SHORT_PERP,3369.39,3368.17,-3.6208334446288495,0.0001,0.0001,2024-07-03T08:00:00.001000+00:00,120.00001666666667,-18.62083344462885,0.2231935883581983,FLAT,False,False,False,
2024-07-03T06:01:00+00:00,ETHUSDT,LONG_SPOT_SHORT_PERP,3367.41,3366.02,-4.127801485414229,0.0001,0.0001,2024-07-03T08:00:00.001000+00:00,119.00001666666667,-19.127801485414228,0.2198728249195407,FLAT,False,False,False,
2024-07-03T06:02:00+00:00,ETHUSDT,LONG_SPOT_SHORT_PERP,3367.83,3366.3,-4.542984651837371,0.0001,0.0001,2024-07-03T08:00:00.001000+00:00,118.00001666666667,-19.542984651837372,0.21725606167910536,FLAT,False,False,False,
2024-07-03T06:03:00+00:00,ETHUSDT,LONG_SPOT_SHORT_PERP,3366.32,3365.1,-3.6241355545529084,0.0001,0.0001,2024-07-03T08:00:00.001000+00:00,117.00001666666667,-18.624135554552907,0.22317150327263915,FLAT,False,False,False,
2024-07-03T06:04:00+00:00,ETHUSDT,LONG_SPOT_SHORT_PERP,3371.33,3369.76,-4.656915816605639,0.0001,0.0001,2024-07-03T08:00:00.001000+00:00,116.00001666666667,-19.65691581660564,0.21655381033016588,FLAT,False,False,False,
2024-07-03T06:05:00+00:00,ETHUSDT,LONG_SPOT_SHORT_PERP,3370.85,3369.32,-4.5389145171091725,0.0001,0.0001,2024-07-03T08:00:00.001000+00:00,115.00001666666667,-19.538914517109173,0.21728127414949733,FLAT,False,False,False,
2024-07-03T06:06:00+00:00,ETHUSDT,LONG_SPOT_SHORT_PERP,3370.94,3369.46,-4.390466754080518,0.0001,0.0001,2024-07-03T08:00:00.001000+00:00,114.00001666666667,-19.390466754080517,0.21820675692785718,FLAT,False,False,False,
2024-07-03T06:07:00+00:00,ETHUSDT,LONG_SPOT_SHORT_PERP,3369.63,3368.15,-4.3921736214362355,0.0001,0.0001,2024-07-03T08:00:00.001000+00:00,113.00001666666667,-19.392173621436235,0.218196049897257,FLAT,False,False,False,
2024-07-03T06:08:00+00:00,ETHUSDT,LONG_SPOT_SHORT_PERP,3369.92,3368.2,-5.103978729466143,0.0001,0.0001,2024-07-03T08:00:00.001000+00:00,112.00001666666667,-20.103978729466142,0.2138625889458363,FLAT,False,False,False,
2024-07-03T06:09:00+00:00,ETHUSDT,LONG_SPOT_SHORT_PERP,3369.83,3368.72,-3.293934708872932,0.0001,0.0001,2024-07-03T08:00:00.001000+00:00,111.00001666666667,-18.293934708872932,0.2254100339480355,FLAT,False,False,False,
2024-07-03T06:10:00+00:00,ETHUSDT,LONG_SPOT_SHORT_PERP,3371.01,3369.4,-4.776016683427599,0.0001,0.0001,2024-07-03T08:00:00.001000+00:00,110.00001666666667,-19.7760166834276,0.2158268726157171,FLAT,False,False,False,
2024-07-03T06:11:00+00:00,ETHUSDT,LONG_SPOT_SHORT_PERP,3369.4,3368.09,-3.887932569596799,0.0001,0.0001,2024-07-03T08:00:00.001000+00:00,109.00001666666667,-18.8879325695968,0.22142657806729227,FLAT,False,False,False,
2024-07-03T06:12:00+00:00,ETHUSDT,LONG_SPOT_SHORT_PERP,3370.81,3369.5,-3.8863062587329025,0.0001,0.0001,2024-07-03T08:00:00.001000+00:00,108.00001666666667,-18.8863062587329,0.2214372188465944,FLAT,False,False,False,
2024-07-03T06:13:00+00:00,ETHUSDT,LONG_SPOT_SHORT_PERP,3369.86,3368.62,-3.6796780875176904,0.0001,0.0001,2024-07-03T08:00:00.001000+00:00,107.00001666666667,-18.67967808751769,0.22280092882187363,FLAT,False,False,False,
2024-07-03T06:14:00+00:00,ETHUSDT,LONG_SPOT_SHORT_PERP,3369.78,3368.68,-3.2643080557198503,0.0001,0.0001,2024-07-03T08:00:00.001000+00:00,106.00001666666667,-18.26430805571985,0.22561387603614536,FLAT,False,False,False,
2024-07-03T06:15:00+00:00,ETHUSDT,LONG_SPOT_SHORT_PERP,3368.89,3367.35,-4.571238597876344,0.0001,0.0001,2024-07-03T08:00:00.001000+00:00,105.00001666666667,-19.571238597876345,0.21708128039999047,FLAT,False,False,False,
2024-07-03T06:16:00+00:00,ETHUSDT,LONG_SPOT_SHORT_PERP,3368.75,3367.51,-3.680890538032747,0.0001,0.0001,2024-07-03T08:00:00.001000+00:00,104.00001666666667,-18.68089053803275,0.2227928584699823,FLAT,False,False,False,
2024-07-03T06:17:00+00:00,ETHUSDT,LONG_SPOT_SHORT_PERP,3369.08,3367.84,-3.680529996318822,0.0001,0.0001,2024-07-03T08:00:00.001000+00:00,103.00001666666667,-18.68052999631882,0.22279525823455554,FLAT,False,False,False,
2024-07-03T06:18:00+00:00,ETHUSDT,LONG_SPOT_SHORT_PERP,3369.99,3368.64,-4.005946605182535,0.0001,0.0001,2024-07-03T08:00:00.001000+00:00,102.00001666666667,-19.005946605182537,0.22065825761085478,FLAT,False,False,False,
2024-07-03T06:19:00+00:00,ETHUSDT,LONG_SPOT_SHORT_PERP,3370.6,3369.3,-3.856880080696989,0.0001,0.0001,2024-07-03T08:00:00.001000+00:00,101.00001666666667,-18.85688008069699,0.2216300000548976,FLAT,False,False,False,
2024-07-03T06:20:00+00:00,ETHUSDT,LONG_SPOT_SHORT_PERP,3369.69,3368.79,-2.6708688336318507,0.0001,0.0001,2024-07-03T08:00:00.001000+00:00,100.00001666666667,-17.67086883363185,0.22980288033928425,FLAT,False,False,False,
2024-07-03T06:21:00+00:00,ETHUSDT,LONG_SPOT_SHORT_PERP,3369.5,3368.55,-2.819409407923484,0.0001,0.0001,2024-07-03T08:00:00.001000+00:00,99.00001666666667,-17.819409407923484,0.22873523574492144,FLAT,False,False,False,
2024-07-03T06:22:00+00:00,ETHUSDT,LONG_SPOT_SHORT_PERP,3370.98,3369.87,-3.2928109926494,0.0001,0.0001,2024-07-03T08:00:00.001000+00:00,98.00001666666667,-18.2928109926494,0.2254177564637376,FLAT,False,False,False,
2024-07-03T06:23:00+00:00,ETHUSDT,LONG_SPOT_SHORT_PERP,3369.62,3368.54,-3.2051091814505117,0.0001,0.0001,2024-07-03T08:00:00.001000+00:00,97.00001666666667,-18.20510918145051,0.22602267556067449,FLAT,False,False,False,
2024-07-03T06:24:00+00:00,ETHUSDT,LONG_SPOT_SHORT_PERP,3369.62,3368.29,-3.9470326030826244,0.0001,0.0001,2024-07-03T08:00:00.001000+00:00,96.00001666666667,-18.947032603082626,0.22104086832406053,FLAT,False,False,False,
2024-07-03T06:25:00+00:00,ETHUSDT,LONG_SPOT_SHORT_PERP,3368.77,3367.18,-4.719823555778951,0.0001,0.0001,2024-07-03T08:00:00.001000+00:00,95.00001666666667,-19.71982355577895,0.21616893928651262,FLAT,False,False,False,
2024-07-03T06:26:00+00:00,ETHUSDT,LONG_SPOT_SHORT_PERP,3368.77,3367.16,-4.779192405537117,0.0001,0.0001,2024-07-03T08:00:00.001000+00:00,94.00001666666667,-19.779192405537117,0.21580758935530248,FLAT,False,False,False,
2024-07-03T06:27:00+00:00,ETHUSDT,LONG_SPOT_SHORT_PERP,3368.23,3367.07,-3.4439453362741097,0.0001,0.0001,2024-07-03T08:00:00.001000+00:00,93.00001666666667,-18.44394533627411,0.22438550369231897,FLAT,False,False,False,
2024-07-03T06:28:00+00:00,ETHUSDT,LONG_SPOT_SHORT_PERP,3368.01,3366.51,-4.453668486732521,0.0001,0.0001,2024-07-03T08:00:00.001000+00:00,92.00001666666667,-19.45366848673252,0.21781131993009,FLAT,False,False,False,
2024-07-03T06:29:00+00:00,ETHUSDT,LONG_SPOT_SHORT_PERP,3367.4,3366.37,-3.058739680466235,0.0001,0.0001,2024-07-03T08:00:00.001000+00:00,91.00001666666667,-18.058739680466235,0.22704200123354673,FLAT,False,False,False,
2024-07-03T06:30:00+00:00,ETHUSDT,LONG_SPOT_SHORT_PERP,3368.76,3367.7,-3.1465583775644452,0.0001,0.0001,2024-07-03T08:00:00.001000+00:00,90.00001666666667,-18.146558377564446,0.2264289591913949,FLAT,False,False,False,
2024-07-03T06:31:00+00:00,ETHUSDT,LONG_SPOT_SHORT_PERP,3368.49,3367.25,-3.6811746509557155,0.0001,0.0001,2024-07-03T08:00:00.001000+00:00,89.00001666666667,-18.681174650955715,0.2227909674657271,FLAT,False,False,False,
2024-07-03T06:32:00+00:00,ETHUSDT,LONG_SPOT_SHORT_PERP,3368.49,3367.48,-2.9983761269879485,0.0001,0.0001,2024-07-03T08:00:00.001000+00:00,88.00001666666667,-17.99837612698795,0.22746594914074014,FLAT,False,False,False,
2024-07-03T06:33:00+00:00,ETHUSDT,LONG_SPOT_SHORT_PERP,3369.33,3368.02,-3.88801334389907,0.0001,0.0001,2024-07-03T08:00:00.001000+00:00,87.00001666666667,-18.88801334389907,0.22142604960713608,FLAT,False,False,False,
2024-07-03T06:34:00+00:00,ETHUSDT,LONG_SPOT_SHORT_PERP,3368.85,3367.79,-3.1464743161611395,0.0001,0.0001,2024-07-03T08:00:00.001000+00:00,86.00001666666667,-18.14647431616114,0.22642954389713296,FLAT,False,False,False,
2024-07-03T06:35:00+00:00,ETHUSDT,LONG_SPOT_SHORT_PERP,3371.04,3369.64,-4.1530210261524365,0.0001,0.0001,2024-07-03T08:00:00.001000+00:00,85.00001666666667,-19.153021026152437,0.21971126472528224,FLAT,False,False,False,
2024-07-03T06:36:00+00:00,ETHUSDT,LONG_SPOT_SHORT_PERP,3369.16,3367.74,-4.214700400099944,0.0001,0.0001,2024-07-03T08:00:00.001000+00:00,84.00001666666667,-19.214700400099943,0.21931756987295264,FLAT,False,False,False,
2024-07-03T06:37:00+00:00,ETHUSDT,LONG_SPOT_SHORT_PERP,3370.48,3369.16,-3.916356127317663,0.0001,0.0001,2024-07-03T08:00:00.001000+00:00,83.00001666666667,-18.916356127317663,0.22124083805887185,FLAT,False,False,False,
2024-07-03T06:38:00+00:00,ETHUSDT,LONG_SPOT_SHORT_PERP,3370.48,3369.14,-3.9756948565193846,0.0001,0.0001,2024-07-03T08:00:00.001000+00:00,82.00001666666667,-18.975694856519386,0.22085448974542654,FLAT,False,False,False,
2024-07-03T06:39:00+00:00,ETHUSDT,LONG_SPOT_SHORT_PERP,3369.59,3368.48,-3.2941693203034412,0.0001,0.0001,2024-07-03T08:00:00.001000+00:00,81.00001666666667,-18.294169320303443,0.22540842171782643,FLAT,False,False,False,
2024-07-03T06:40:00+00:00,ETHUSDT,LONG_SPOT_SHORT_PERP,3369.2,3368.08,-3.3242312715181375,0.0001,0.0001,2024-07-03T08:00:00.001000+00:00,80.00001666666667,-18.324231271518137,0.2252020957433073,FLAT,False,False,False,
2024-07-03T06:41:00+00:00,ETHUSDT,LONG_SPOT_SHORT_PERP,3370.86,3369.66,-3.5599223936926268,0.0001,0.0001,2024-07-03T08:00:00.001000+00:00,79.00001666666667,-18.559922393692627,0.22360205624708535,FLAT,False,False,False,
2024-07-03T06:42:00+00:00,ETHUSDT,LONG_SPOT_SHORT_PERP,3369.75,3368.04,-5.074560427331512,0.0001,0.0001,2024-07-03T08:00:00.001000+00:00,78.00001666666667,-20.074560427331512,0.2140365638109485,FLAT,False,False,False,
2024-07-03T06:43:00+00:00,ETHUSDT,LONG_SPOT_SHORT_PERP,3369.89,3368.13,-5.22272240340119,0.0001,0.0001,2024-07-03T08:00:00.001000+00:00,77.00001666666667,-20.22272240340119,0.21316476488163932,FLAT,False,False,False,
2024-07-03T06:44:00+00:00,ETHUSDT,LONG_SPOT_SHORT_PERP,3370.71,3369.31,-4.1534276161404895,0.0001,0.0001,2024-07-03T08:00:00.001000+00:00,76.00001666666667,-19.15342761614049,0.21970866283683416,FLAT,False,False,False,
2024-07-03T06:45:00+00:00,ETHUSDT,LONG_SPOT_SHORT_PERP,3370.99,3369.57,-4.212412377371686,0.0001,0.0001,2024-07-03T08:00:00.001000+00:00,75.00001666666667,-19.212412377371685,0.21933213789946543,FLAT,False,False,False,
2024-07-03T06:46:00+00:00,ETHUSDT,LONG_SPOT_SHORT_PERP,3370.5,3369.49,-2.996588043317663,0.0001,0.0001,2024-07-03T08:00:00.001000+00:00,74.00001666666667,-17.99658804331766,0.22747853923956313,FLAT,False,False,False,
2024-07-03T06:47:00+00:00,ETHUSDT,LONG_SPOT_SHORT_PERP,3370.76,3369.6,-3.4413604053694398,0.0001,0.0001,2024-07-03T08:00:00.001000+00:00,73.00001666666667,-18.44136040536944,0.2244030510021952,FLAT,False,False,False,
2024-07-03T06:48:00+00:00,ETHUSDT,LONG_SPOT_SHORT_PERP,3371.81,3370.61,-3.5589193934409655,0.0001,0.0001,2024-07-03T08:00:00.001000+00:00,72.00001666666667,-18.558919393440966,0.22360879957762847,FLAT,False,False,False,
2024-07-03T06:49:00+00:00,ETHUSDT,LONG_SPOT_SHORT_PERP,3371.2,3370.0,-3.5595633602272727,0.0001,0.0001,2024-07-03T08:00:00.001000+00:00,71.00001666666667,-18.559563360227273,0.22360447002203226,FLAT,False,False,False,
2024-07-03T06:50:00+00:00,ETHUSDT,LONG_SPOT_SHORT_PERP,3370.12,3368.89,-3.649721671631925,0.0001,0.0001,2024-07-03T08:00:00.001000+00:00,70.00001666666667,-18.649721671631927,0.22300058336465545,FLAT,False,False,False,
2024-07-03T06:51:00+00:00,ETHUSDT,LONG_SPOT_SHORT_PERP,3368.9,3367.79,-3.294844014367085,0.0001,0.0001,2024-07-03T08:00:00.001000+00:00,69.00001666666667,-18.294844014367087,0.22540378544980977,FLAT,False,False,False,
2024-07-03T06:52:00+00:00,ETHUSDT,LONG_SPOT_SHORT_PERP,3368.93,3367.89,-3.087033568521649,0.0001,0.0001,2024-07-03T08:00:00.001000+00:00,68.00001666666667,-18.087033568521647,0.22684400627209178,FLAT,False,False,False,
2024-07-03T06:53:00+00:00,ETHUSDT,LONG_SPOT_SHORT_PERP,3368.99,3367.6,-4.125865615510502,0.0001,0.0001,2024-07-03T08:00:00.001000+00:00,67.00001666666667,-19.125865615510502,0.21988524047277802,FLAT,False,False,False,
2024-07-03T06:54:00+00:00,ETHUSDT,LONG_SPOT_SHORT_PERP,3368.93,3368.15,-2.3152751763905615,0.0001,0.0001,2024-07-03T08:00:00.001000+00:00,66.00001666666667,-17.31527517639056,0.23241159483786672,FLAT,False,False,False,
2024-07-03T06:55:00+00:00,ETHUSDT,LONG_SPOT_SHORT_PERP,3369.99,3369.36,-1.8694417490842834,0.0001,0.0001,2024-07-03T08:00:00.001000+00:00,65.00001666666667,-16.869441749084285,0.23578969116795223,FLAT,False,False,False,
2024-07-03T06:56:00+00:00,ETHUSDT,LONG_SPOT_SHORT_PERP,3369.8,3368.73,-3.1752626268626143,0.0001,0.0001,2024-07-03T08:00:00.001000+00:00,64.00001666666667,-18.175262626862615,0.2262295366691346,FLAT,False,False,False,
2024-07-03T06:57:00+00:00,ETHUSDT,LONG_SPOT_SHORT_PERP,3370.87,3369.83,-3.0852569218034622,0.0001,0.0001,2024-07-03T08:00:00.001000+00:00,63.00001666666667,-18.085256921803463,0.22685642539376405,FLAT,False,False,False,
2024-07-03T06:58:00+00:00,ETHUSDT,LONG_SPOT_SHORT_PERP,3371.01,3369.95,-3.144458189089917,0.0001,0.0001,2024-07-03T08:00:00.001000+00:00,62.00001666666667,-18.144458189089917,0.22644356867608048,FLAT,False,False,False,
2024-07-03T06:59:00+00:00,ETHUSDT,LONG_SPOT_SHORT_PERP,3371.4,3370.0,-4.152577564216916,0.0001,0.0001,2024-07-03T08:00:00.001000+00:00,61.00001666666667,-19.152577564216916,0.21971410266895744,FLAT,False,False,False,
2024-07-03T07:00:00+00:00,ETHUSDT,LONG_SPOT_SHORT_PERP,3370.21,3368.78,-4.243059037863624,0.0001,0.0001,2024-07-03T08:00:00.001000+00:00,60.00001666666667,-19.243059037863624,0.2191372395229404,FLAT,False,False,False,
2024-07-03T07:01:00+00:00,ETHUSDT,LONG_SPOT_SHORT_PERP,3369.66,3368.14,-4.510840856347471,0.0001,0.0001,2024-07-03T08:00:00.001000+00:00,59.00001666666667,-19.51084085634747,0.21745541199864277,FLAT,False,False,False,
2024-07-03T07:02:00+00:00,ETHUSDT,LONG_SPOT_SHORT_PERP,3370.15,3369.01,-3.382638754951182,0.0001,0.0001,2024-07-03T08:00:00.001000+00:00,58.00001666666667,-18.38263875495118,0.22480268100197992,FLAT,False,False,False,
2024-07-03T07:03:00+00:00,ETHUSDT,LONG_SPOT_SHORT_PERP,3369.85,3368.43,-4.2138374111609505,0.0001,0.0001,2024-07-03T08:00:00.001000+00:00,57.00001666666667,-19.213837411160952,0.21932306426596299,FLAT,False,False,False,
2024-07-03T07:04:00+00:00,ETHUSDT,LONG_SPOT_SHORT_PERP,3368.64,3367.31,-3.9481808682433486,0.0001,0.0001,2024-07-03T08:00:00.001000+00:00,56.00001666666667,-18.948180868243348,0.22103339307907838,FLAT,False,False,False,
2024-07-03T07:05:00+00:00,ETHUSDT,LONG_SPOT_SHORT_PERP,3368.63,3367.33,-3.8591356129945464,0.0001,0.0001,2024-07-03T08:00:00.001000+00:00,55.00001666666667,-18.859135612994546,0.22161520657173936,FLAT,False,False,False,
2024-07-03T07:06:00+00:00,ETHUSDT,LONG_SPOT_SHORT_PERP,3368.19,3366.99,-3.5627443819982627,0.0001,0.0001,2024-07-03T08:00:00.001000+00:00,54.00001666666667,-18.562744381998264,0.2235830865698406,FLAT,False,False,False,
2024-07-03T07:07:00+00:00,ETHUSDT,LONG_SPOT_SHORT_PERP,3368.38,3367.26,-3.3250405239310616,0.0001,0.0001,2024-07-03T08:00:00.001000+00:00,53.00001666666667,-18.32504052393106,0.22519654860499017,FLAT,False,False,False,
2024-07-03T07:08:00+00:00,ETHUSDT,LONG_SPOT_SHORT_PERP,3369.18,3367.99,-3.532016692489136,0.0001,0.0001,2024-07-03T08:00:00.001000+00:00,52.00001666666667,-18.532016692489137,0.2237898795044172,FLAT,False,False,False,
2024-07-03T07:09:00+00:00,ETHUSDT,LONG_SPOT_SHORT_PERP,3368.68,3367.31,-4.066874858994891,0.0001,0.0001,2024-07-03T08:00:00.001000+00:00,51.00001666666667,-19.06687485899489,0.2202645374556495,FLAT,False,False,False,
2024-07-03T07:10:00+00:00,ETHUSDT,LONG_SPOT_SHORT_PERP,3366.78,3365.51,-3.7721502444471624,0.0001,0.0001,2024-07-03T08:00:00.001000+00:00,50.00001666666667,-18.77215024444716,0.2221877356516999,FLAT,False,False,False,
2024-07-03T07:11:00+00:00,ETHUSDT,LONG_SPOT_SHORT_PERP,3367.28,3365.99,-3.83098524625341,0.0001,0.0001,2024-07-03T08:00:00.001000+00:00,49.00001666666667,-18.83098524625341,0.22180003680313098,FLAT,False,False,False,
2024-07-03T07:12:00+00:00,ETHUSDT,LONG_SPOT_SHORT_PERP,3367.37,3365.71,-4.929663208972743,0.0001,0.0001,2024-07-03T08:00:00.001000+00:00,48.00001666666667,-19.92966320897274,0.21489982937344207,FLAT,False,False,False,
2024-07-03T07:13:00+00:00,ETHUSDT,LONG_SPOT_SHORT_PERP,3366.98,3365.51,-4.365930299555685,0.0001,0.0001,2024-07-03T08:00:00.001000+00:00,47.00001666666667,-19.365930299555686,0.21836084162265126,FLAT,False,False,False,
2024-07-03T07:14:00+00:00,ETHUSDT,LONG_SPOT_SHORT_PERP,3365.61,3364.47,-3.387201725691115,0.0001,0.0001,2024-07-03T08:00:00.001000+00:00,46.00001666666667,-18.387201725691114,0.22477155835406082,FLAT,False,False,False,
2024-07-03T07:15:00+00:00,ETHUSDT,LONG_SPOT_SHORT_PERP,3363.76,3362.28,-4.399838276214766,0.0001,0.0001,2024-07-03T08:00:00.001000+00:00,45.00001666666667,-19.399838276214766,0.2181479890939932,FLAT,False,False,False,
2024-07-03T07:16:00+00:00,ETHUSDT,LONG_SPOT_SHORT_PERP,3364.4,3363.29,-3.299250980858778,0.0001,0.0001,2024-07-03T08:00:00.001000+00:00,44.00001666666667,-18.29925098085878,0.22537350860432562,FLAT,False,False,False,
2024-07-03T07:17:00+00:00,ETHUSDT,LONG_SPOT_SHORT_PERP,3364.26,3362.91,-4.012769524354134,0.0001,0.0001,2024-07-03T08:00:00.001000+00:00,43.00001666666667,-19.012769524354134,0.22061406815665408,FLAT,False,False,False,
2024-07-03T07:18:00+00:00,ETHUSDT,LONG_SPOT_SHORT_PERP,3362.43,3360.94,-4.43131901630601,0.0001,0.0001,2024-07-03T08:00:00.001000+00:00,42.00001666666667,-19.43131901630601,0.21795091494979071,FLAT,False,False,False,
2024-07-03T07:19:00+00:00,ETHUSDT,LONG_SPOT_SHORT_PERP,3362.22,3361.27,-2.8255140948534545,0.0001,0.0001,2024-07-03T08:00:00.001000+00:00,41.00001666666667,-17.825514094853453,0.22869163347585814,FLAT,False,False,False,
2024-07-03T07:20:00+00:00,ETHUSDT,LONG_SPOT_SHORT_PERP,3361.95,3360.29,-4.937610612887921,0.0001,0.0001,2024-07-03T08:00:00.001000+00:00,40.00001666666667,-19.937610612887923,0.2148522050557845,FLAT,False,False,False,
2024-07-03T07:21:00+00:00,ETHUSDT,LONG_SPOT_SHORT_PERP,3361.79,3360.81,-2.915113674560333,0.0001,0.0001,2024-07-03T08:00:00.001000+00:00,39.00001666666667,-17.915113674560335,0.22805416566802145,FLAT,False,False,False,
2024-07-03T07:22:00+00:00,ETHUSDT,LONG_SPOT_SHORT_PERP,3359.57,3358.38,-3.542119973687271,0.0001,0.0001,2024-07-03T08:00:00.001000+00:00,38.00001666666667,-18.54211997368727,0.2237218279077861,FLAT,False,False,False,
2024-07-03T07:23:00+00:00,ETHUSDT,LONG_SPOT_SHORT_PERP,3359.16,3358.01,-3.4234749163470517,0.0001,0.0001,2024-07-03T08:00:00.001000+00:00,37.00001666666667,-18.42347491634705,0.22452456578615412,FLAT,False,False,False,
2024-07-03T07:24:00+00:00,ETHUSDT,LONG_SPOT_SHORT_PERP,3359.94,3358.94,-2.976243623398037,0.0001,0.0001,2024-07-03T08:00:00.001000+00:00,36.00001666666667,-17.976243623398037,0.22762191627625622,FLAT,False,False,False,
2024-07-03T07:25:00+00:00,ETHUSDT,LONG_SPOT_SHORT_PERP,3357.84,3356.93,-2.710075524743017,0.0001,0.0001,2024-07-03T08:00:00.001000+00:00,35.00001666666667,-17.71007552474302,0.22951982574010474,FLAT,False,False,False,
2024-07-03T07:26:00+00:00,ETHUSDT,LONG_SPOT_SHORT_PERP,3356.92,3355.46,-4.349224884715859,0.0001,0.0001,2024-07-03T08:00:00.001000+00:00,34.00001666666667,-19.34922488471586,0.21846593042896667,FLAT,False,False,False,
2024-07-03T07:27:00+00:00,ETHUSDT,LONG_SPOT_SHORT_PERP,3356.97,3355.51,-4.349160105689302,0.0001,0.0001,2024-07-03T08:00:00.001000+00:00,33.00001666666667,-19.3491601056893,0.21846633822134204,FLAT,False,False,False,
2024-07-03T07:28:00+00:00,ETHUSDT,LONG_SPOT_SHORT_PERP,3356.83,3355.3,-4.557871563349188,0.0001,0.0001,2024-07-03T08:00:00.001000+00:00,32.00001666666667,-19.557871563349188,0.21716391817510883,FLAT,False,False,False,
2024-07-03T07:29:00+00:00,ETHUSDT,LONG_SPOT_SHORT_PERP,3355.41,3353.89,-4.529997824408886,0.0001,0.0001,2024-07-03T08:00:00.001000+00:00,31.000016666666667,-19.529997824408888,0.2173365388446007,FLAT,False,False,False,
2024-07-03T07:30:00+00:00,ETHUSDT,LONG_SPOT_SHORT_PERP,3357.85,3356.45,-4.16933454442602,0.0001,0.0001,2024-07-03T08:00:00.001000+00:00,30.000016666666667,-19.16933454442602,0.21960693912948,FLAT,False,False,False,
2024-07-03T07:31:00+00:00,ETHUSDT,LONG_SPOT_SHORT_PERP,3356.45,3355.16,-3.8433463927660583,0.0001,0.0001,2024-07-03T08:00:00.001000+00:00,29.000016666666667,-18.84334639276606,0.22171882247960417,FLAT,False,False,False,
2024-07-03T07:32:00+00:00,ETHUSDT,LONG_SPOT_SHORT_PERP,3355.13,3354.0,-3.3679767997070433,0.0001,0.0001,2024-07-03T08:00:00.001000+00:00,28.000016666666667,-18.367976799707044,0.22490276502042975,FLAT,False,False,False,
2024-07-03T07:33:00+00:00,ETHUSDT,LONG_SPOT_SHORT_PERP,3357.99,3357.12,-2.5908355891467543,0.0001,0.0001,2024-07-03T08:00:00.001000+00:00,27.000016666666667,-17.590835589146753,0.2303834889861539,FLAT,False,False,False,
2024-07-03T07:34:00+00:00,ETHUSDT,LONG_SPOT_SHORT_PERP,3358.25,3357.14,-3.3052929353089477,0.0001,0.0001,2024-07-03T08:00:00.001000+00:00,26.000016666666667,-18.305292935308948,0.22533201686245805,FLAT,False,False,False,
2024-07-03T07:35:00+00:00,ETHUSDT,LONG_SPOT_SHORT_PERP,3358.0,3357.02,-2.918403811792788,0.0001,0.0001,2024-07-03T08:00:00.001000+00:00,25.000016666666667,-17.91840381179279,0.2280308461442111,FLAT,False,False,False,
2024-07-03T07:36:00+00:00,ETHUSDT,LONG_SPOT_SHORT_PERP,3358.42,3357.61,-2.41184842872525,0.0001,0.0001,2024-07-03T08:00:00.001000+00:00,24.000016666666667,-17.41184842872525,0.23169567539938152,FLAT,False,False,False,
2024-07-03T07:37:00+00:00,ETHUSDT,LONG_SPOT_SHORT_PERP,3359.51,3358.58,-2.7682608475649455,0.0001,0.0001,2024-07-03T08:00:00.001000+00:00,23.000016666666667,-17.768260847564946,0.22910141355286268,FLAT,False,False,False,
2024-07-03T07:38:00+00:00,ETHUSDT,LONG_SPOT_SHORT_PERP,3359.71,3358.6,-3.303856582860209,0.0001,0.0001,2024-07-03T08:00:00.001000+00:00,22.000016666666667,-18.30385658286021,0.22534187881610476,FLAT,False,False,False,
2024-07-03T07:39:00+00:00,ETHUSDT,LONG_SPOT_SHORT_PERP,3358.39,3357.57,-2.4416461459202448,0.0001,0.0001,2024-07-03T08:00:00.001000+00:00,21.000016666666667,-17.441646145920245,0.231475902702874,FLAT,False,False,False,
2024-07-03T07:40:00+00:00,ETHUSDT,LONG_SPOT_SHORT_PERP,3358.0,3356.89,-3.3055390113166387,0.0001,0.0001,2024-07-03T08:00:00.001000+00:00,20.000016666666667,-18.30553901131664,0.22533032742876136,FLAT,False,False,False,
2024-07-03T07:41:00+00:00,ETHUSDT,LONG_SPOT_SHORT_PERP,3356.19,3355.0,-3.5456872227140135,0.0001,0.0001,2024-07-03T08:00:00.001000+00:00,19.000016666666667,-18.545687222714015,0.22369781393871754,FLAT,False,False,False,
2024-07-03T07:42:00+00:00,ETHUSDT,LONG_SPOT_SHORT_PERP,3357.76,3357.09,-1.99537787096181,0.0001,0.0001,2024-07-03T08:00:00.001000+00:00,18.000016666666667,-16.99537787096181,0.2348232031195065,FLAT,False,False,False,
2024-07-03T07:43:00+00:00,ETHUSDT,LONG_SPOT_SHORT_PERP,3357.42,3356.23,-3.544388250502036,0.0001,0.0001,2024-07-03T08:00:00.001000+00:00,17.000016666666667,-18.544388250502035,0.22370655752631582,FLAT,False,False,False,
2024-07-03T07:44:00+00:00,ETHUSDT,LONG_SPOT_SHORT_PERP,3355.2,3353.63,-4.679303767285733,0.0001,0.0001,2024-07-03T08:00:00.001000+00:00,16.000016666666667,-19.67930376728573,0.21641660609833957,FLAT,False,False,False,
2024-07-03T07:45:00+00:00,ETHUSDT,LONG_SPOT_SHORT_PERP,3356.31,3355.15,-3.4561765748689917,0.0001,0.0001,2024-07-03T08:00:00.001000+00:00,15.000016666666665,-18.45617657486899,0.22430252499218112,FLAT,False,False,False,
2024-07-03T07:46:00+00:00,ETHUSDT,LONG_SPOT_SHORT_PERP,3356.31,3355.0,-3.903095959550654,0.0001,0.0001,2024-07-03T08:00:00.001000+00:00,14.000016666666665,-18.903095959550654,0.22132743488183115,FLAT,False,False,False,
2024-07-03T07:47:00+00:00,ETHUSDT,LONG_SPOT_SHORT_PERP,3354.68,3353.83,-2.5337737131407736,0.0001,0.0001,2024-07-03T08:00:00.001000+00:00,13.000016666666665,-17.533773713140775,0.23079975701581923,FLAT,False,False,False,
2024-07-03T07:48:00+00:00,ETHUSDT,LONG_SPOT_SHORT_PERP,3354.68,3353.83,-2.5337737131407736,0.0001,0.0001,2024-07-03T08:00:00.001000+00:00,12.000016666666665,-17.533773713140775,0.23079975701581923,FLAT,False,False,False,
2024-07-03T07:49:00+00:00,ETHUSDT,LONG_SPOT_SHORT_PERP,3354.73,3353.66,-3.189526429847301,0.0001,0.0001,2024-07-03T08:00:00.001000+00:00,11.000016666666665,-18.1895264298473,0.22613061358339986,FLAT,False,False,False,
2024-07-03T07:50:00+00:00,ETHUSDT,LONG_SPOT_SHORT_PERP,3353.32,3352.6,-2.1471258335030794,0.0001,0.0001,2024-07-03T08:00:00.001000+00:00,10.000016666666665,-17.14712583350308,0.23367149456229078,FLAT,False,False,False,
2024-07-03T07:51:00+00:00,ETHUSDT,LONG_SPOT_SHORT_PERP,3354.6,3353.93,-1.9972574971682846,0.0001,0.0001,2024-07-03T08:00:00.001000+00:00,9.000016666666665,-16.997257497168285,0.21980910165052214,FLAT,False,False,False,
2024-07-03T07:52:00+00:00,ETHUSDT,LONG_SPOT_SHORT_PERP,3354.56,3353.76,-2.3848135075828933,0.0001,0.0001,2024-07-03T08:00:00.001000+00:00,8.000016666666665,-17.384813507582894,0.201895779346475,FLAT,False,False,False,
2024-07-03T07:53:00+00:00,ETHUSDT,LONG_SPOT_SHORT_PERP,3354.99,3354.13,-2.5633459414176274,0.0001,0.0001,2024-07-03T08:00:00.001000+00:00,7.000016666666666,-17.563345941417627,0.18558403647379862,FLAT,False,False,False,
2024-07-03T07:54:00+00:00,ETHUSDT,LONG_SPOT_SHORT_PERP,3354.19,3353.09,-3.2794802918138477,0.0001,0.0001,2024-07-03T08:00:00.001000+00:00,6.000016666666666,-18.279480291813847,0.16550967352484042,FLAT,False,False,False,
2024-07-03T07:55:00+00:00,ETHUSDT,LONG_SPOT_SHORT_PERP,3354.83,3354.42,-1.2221185574227442,0.0001,0.0001,2024-07-03T08:00:00.001000+00:00,5.000016666666666,-16.222118557422743,0.1659133745712919,FLAT,False,False,False,
2024-07-03T07:56:00+00:00,ETHUSDT,LONG_SPOT_SHORT_PERP,3354.57,3353.47,-3.279108797849989,0.0001,0.0001,2024-07-03T08:00:00.001000+00:00,4.000016666666666,-18.27910879784999,0.13551222950078468,FLAT,False,False,False,
2024-07-03T07:57:00+00:00,ETHUSDT,LONG_SPOT_SHORT_PERP,3353.9,3352.47,-4.263693014103852,0.0001,0.0001,2024-07-03T08:00:00.001000+00:00,3.0000166666666668,-19.26369301410385,0.11400654854413805,FLAT,False,False,False,
2024-07-03T07:58:00+00:00,ETHUSDT,LONG_SPOT_SHORT_PERP,3354.44,3353.79,-1.9377302917926418,0.0001,0.0001,2024-07-03T08:00:00.001000+00:00,2.0000166666666668,-16.93773029179264,0.11526465821859164,FLAT,False,False,False,
2024-07-03T07:59:00+00:00,ETHUSDT,LONG_SPOT_SHORT_PERP,3352.2,3351.11,-3.2515959668268324,0.0001,0.0001,2024-07-03T08:00:00.001000+00:00,1.0000166666666666,-18.251595966826834,0.09070174215020174,FLAT,False,False,False,
2024-07-03T08:00:00+00:00,ETHUSDT,LONG_SPOT_SHORT_PERP,3353.12,3352.17,-2.833182230280509,0.0001,0.0001,2024-07-03T08:00:00.001000+00:00,1.6666666666666667e-05,-17.83318223028051,0.07863714511723732,FLAT,False,False,False,
2024-07-03T08:01:00+00:00,ETHUSDT,LONG_SPOT_SHORT_PERP,3353.68,3353.19,-1.461081558168286,0.0001,0.0001,2024-07-03T16:00:00+00:00,479.0,-16.461081558168285,0.23899114241713793,FLAT,False,False,False,
2024-07-03T08:02:00+00:00,ETHUSDT,LONG_SPOT_SHORT_PERP,3354.99,3354.11,-2.6229586377296337,0.0001,0.0001,2024-07-03T16:00:00+00:00,478.0,-17.622958637729635,0.2301499962141217,FLAT,False,False,False,
2024-07-03T08:03:00+00:00,ETHUSDT,LONG_SPOT_SHORT_PERP,3354.56,3353.77,-2.3550033387388023,0.0001,0.0001,2024-07-03T16:00:00+00:00,477.0,-17.355003338738804,0.23211640536958775,FLAT,False,False,False,
2024-07-03T08:04:00+00:00,ETHUSDT,LONG_SPOT_SHORT_PERP,3351.65,3350.61,-3.102949293631386,0.0001,0.0001,2024-07-03T16:00:00+00:00,476.0,-18.102949293631386,0.226732832711944,FLAT,False,False,False,
2024-07-03T08:05:00+00:00,ETHUSDT,LONG_SPOT_SHORT_PERP,3351.22,3350.27,-2.834788524775509,0.0001,0.0001,2024-07-03T16:00:00+00:00,475.0,-17.834788524775508,0.22862543304770566,FLAT,False,False,False,
2024-07-03T08:06:00+00:00,ETHUSDT,LONG_SPOT_SHORT_PERP,3347.99,3346.68,-3.9127954384569414,0.0001,0.0001,2024-07-03T16:00:00+00:00,474.0,-18.912795438456943,0.2212640821006785,FLAT,False,False,False,
2024-07-03T08:07:00+00:00,ETHUSDT,LONG_SPOT_SHORT_PERP,3345.2,3344.05,-3.4377615688139316,0.0001,0.0001,2024-07-03T16:00:00+00:00,473.0,-18.437761568813933,0.22442748724890266,FLAT,False,False,False,
2024-07-03T08:08:00+00:00,ETHUSDT,LONG_SPOT_SHORT_PERP,3346.87,3346.0,-2.5994436592992587,0.0001,0.0001,2024-07-03T16:00:00+00:00,472.0,-17.599443659299258,0.23032085983399728,FLAT,False,False,False,
2024-07-03T08:09:00+00:00,ETHUSDT,LONG_SPOT_SHORT_PERP,3343.81,3342.61,-3.588720650993382,0.0001,0.0001,2024-07-03T16:00:00+00:00,471.0,-18.58872065099338,0.2234086793595696,FLAT,False,False,False,
2024-07-03T08:10:00+00:00,ETHUSDT,LONG_SPOT_SHORT_PERP,3345.61,3344.77,-2.510752897080489,0.0001,0.0001,2024-07-03T16:00:00+00:00,470.0,-17.51075289708049,0.23096824002334568,FLAT,False,False,False,
2024-07-03T08:11:00+00:00,ETHUSDT,LONG_SPOT_SHORT_PERP,3346.38,3345.59,-2.3607599854169687,0.0001,0.0001,2024-07-03T16:00:00+00:00,469.0,-17.36075998541697,0.23207371055648754,FLAT,False,False,False,
2024-07-03T08:12:00+00:00,ETHUSDT,LONG_SPOT_SHORT_PERP,3349.2,3348.29,-2.717066762211437,0.0001,0.0001,2024-07-03T16:00:00+00:00,468.0,-17.717066762211438,0.22946944684853485,FLAT,False,False,False,
2024-07-03T08:13:00+00:00,ETHUSDT,LONG_SPOT_SHORT_PERP,3347.68,3346.56,-3.34560053529576,0.0001,0.0001,2024-07-03T16:00:00+00:00,467.0,-18.34560053529576,0.2250557409002848,FLAT,False,False,False,
2024-07-03T08:14:00+00:00,ETHUSDT,LONG_SPOT_SHORT_PERP,3347.73,3346.87,-2.568904899738412,0.0001,0.0001,2024-07-03T16:00:00+00:00,466.0,-17.568904899738413,0.23054324629380543,FLAT,False,False,False,
2024-07-03T08:15:00+00:00,ETHUSDT,LONG_SPOT_SHORT_PERP,3349.0,3348.16,-2.5082114063904015,0.0001,0.0001,2024-07-03T16:00:00+00:00,465.0,-17.5082114063904,0.2309868597476555,FLAT,False,False,False,
2024-07-03T08:16:00+00:00,ETHUSDT,LONG_SPOT_SHORT_PERP,3350.23,3349.01,-3.6415410285258023,0.0001,0.0001,2024-07-03T16:00:00+00:00,464.0,-18.6415410285258,0.22305519216958966,FLAT,False,False,False,
2024-07-03T08:17:00+00:00,ETHUSDT,LONG_SPOT_SHORT_PERP,3351.48,3350.61,-2.595868094095417,0.0001,0.0001,2024-07-03T16:00:00+00:00,463.0,-17.595868094095415,0.2303468690230016,FLAT,False,False,False,
2024-07-03T08:18:00+00:00,ETHUSDT,LONG_SPOT_SHORT_PERP,3353.61,3352.29,-3.9360569654794797,0.0001,0.0001,2024-07-03T16:00:00+00:00,462.0,-18.93605696547948,0.22111235617859645,FLAT,False,False,False,
2024-07-03T08:19:00+00:00,ETHUSDT,LONG_SPOT_SHORT_PERP,3354.61,3353.57,-3.1002113509467977,0.0001,0.0001,2024-07-03T16:00:00+00:00,461.0,-18.100211350946797,0.22675194730022324,FLAT,False,False,False,
2024-07-03T08:20:00+00:00,ETHUSDT,LONG_SPOT_SHORT_PERP,3353.24,3352.18,-3.161121780725345,0.0001,0.0001,2024-07-03T16:00:00+00:00,460.0,-18.161121780725345,0.2263277213850661,FLAT,False,False,False,
2024-07-03T08:21:00+00:00,ETHUSDT,LONG_SPOT_SHORT_PERP,3352.06,3350.9,-3.4605585818865254,0.0001,0.0001,2024-07-03T16:00:00+00:00,459.0,-18.460558581886524,0.2242728171180599,FLAT,False,False,False,
2024-07-03T08:22:00+00:00,ETHUSDT,LONG_SPOT_SHORT_PERP,3351.8,3350.74,-3.162479861568113,0.0001,0.0001,2024-07-03T16:00:00+00:00,458.0,-18.162479861568112,0.2263182868210239,FLAT,False,False,False,
2024-07-03T08:23:00+00:00,ETHUSDT,LONG_SPOT_SHORT_PERP,3354.45,3353.6,-2.533947442948648,0.0001,0.0001,2024-07-03T16:00:00+00:00,457.0,-17.533947442948648,0.23079848672890024,FLAT,False,False,False,
2024-07-03T08:24:00+00:00,ETHUSDT,LONG_SPOT_SHORT_PERP,3352.39,3350.83,-4.6533965320262425,0.0001,0.0001,2024-07-03T16:00:00+00:00,456.0,-19.653396532026242,0.2165754017902441,FLAT,False,False,False,
2024-07-03T08:25:00+00:00,ETHUSDT,LONG_SPOT_SHORT_PERP,3352.76,3351.64,-3.3405313831003283,0.0001,0.0001,2024-07-03T16:00:00+00:00,455.0,-18.340531383100327,0.22509043546335225,FLAT,False,False,False,
2024-07-03T08:26:00+00:00,ETHUSDT,LONG_SPOT_SHORT_PERP,3354.99,3354.33,-1.9672189782975644,0.0001,0.0001,2024-07-03T16:00:00+00:00,454.0,-16.967218978297563,0.23503846271520196,FLAT,False,False,False,
2024-07-03T08:27:00+00:00,ETHUSDT,LONG_SPOT_SHORT_PERP,3356.93,3355.88,-3.1278578939677835,0.0001,0.0001,2024-07-03T16:00:00+00:00,453.0,-18.127857893967782,0.22655913344965128,FLAT,False,False,False,
2024-07-03T08:28:00+00:00,ETHUSDT,LONG_SPOT_SHORT_PERP,3356.17,3354.83,-3.9926463796534306,0.0001,0.0001,2024-07-03T16:00:00+00:00,452.0,-18.99264637965343,0.22074447040858347,FLAT,False,False,False,
2024-07-03T08:29:00+00:00,ETHUSDT,LONG_SPOT_SHORT_PERP,3356.24,3354.89,-4.022358353395196,0.0001,0.0001,2024-07-03T16:00:00+00:00,451.0,-19.022358353395198,0.22055200743474623,FLAT,False,False,False,
2024-07-03T08:30:00+00:00,ETHUSDT,LONG_SPOT_SHORT_PERP,3355.65,3354.45,-3.576058289750936,0.0001,0.0001,2024-07-03T16:00:00+00:00,450.0,-18.576058289750936,0.22349364888361065,FLAT,False,False,False,
2024-07-03T08:31:00+00:00,ETHUSDT,LONG_SPOT_SHORT_PERP,3353.24,3352.05,-3.548806527417065,0.0001,0.0001,2024-07-03T16:00:00+00:00,449.0,-18.548806527417064,0.22367682123868404,FLAT,False,False,False,
2024-07-03T08:32:00+00:00,ETHUSDT,LONG_SPOT_SHORT_PERP,3353.22,3352.07,-3.429539368128653,0.0001,0.0001,2024-07-03T16:00:00+00:00,448.0,-18.42953936812865,0.2244833435521159,FLAT,False,False,False,
2024-07-03T08:33:00+00:00,ETHUSDT,LONG_SPOT_SHORT_PERP,3351.59,3350.51,-3.2223511825728304,0.0001,0.0001,2024-07-03T16:00:00+00:00,447.0,-18.22235118257283,0.22590340515427382,FLAT,False,False,False,
2024-07-03T08:34:00+00:00,ETHUSDT,LONG_SPOT_SHORT_PERP,3349.19,3348.15,-3.105228428366153,0.0001,0.0001,2024-07-03T16:00:00+00:00,446.0,-18.105228428366154,0.22671692450175066,FLAT,False,False,False,
2024-07-03T08:35:00+00:00,ETHUSDT,LONG_SPOT_SHORT_PERP,3346.78,3346.0,-2.330598366191384,0.0001,0.0001,2024-07-03T16:00:00+00:00,445.0,-17.330598366191385,0.23229762793132228,FLAT,False,False,False,
2024-07-03T08:36:00+00:00,ETHUSDT,LONG_SPOT_SHORT_PERP,3347.2,3346.32,-2.629063097513308,0.0001,0.0001,2024-07-03T16:00:00+00:00,444.0,-17.62906309751331,0.23010569349569726,FLAT,False,False,False,
2024-07-03T08:37:00+00:00,ETHUSDT,LONG_SPOT_SHORT_PERP,3347.71,3346.69,-3.0468588975747055,0.0001,0.0001,2024-07-03T16:00:00+00:00,443.0,-18.046858897574705,0.2271252774157076,FLAT,False,False,False,
2024-07-03T08:38:00+00:00,ETHUSDT,LONG_SPOT_SHORT_PERP,3348.56,3347.43,-3.374584896194511,0.0001,0.0001,2024-07-03T16:00:00+00:00,442.0,-18.374584896194513,0.2248576425068597,FLAT,False,False,False,
2024-07-03T08:39:00+00:00,ETHUSDT,LONG_SPOT_SHORT_PERP,3349.77,3348.69,-3.2241019532682165,0.0001,0.0001,2024-07-03T16:00:00+00:00,441.0,-18.224101953268217,0.22589130375662791,FLAT,False,False,False,
2024-07-03T08:40:00+00:00,ETHUSDT,LONG_SPOT_SHORT_PERP,3346.01,3345.17,-2.510452748199035,0.0001,0.0001,2024-07-03T16:00:00+00:00,440.0,-17.510452748199036,0.2309704388047466,FLAT,False,False,False,
2024-07-03T08:41:00+00:00,ETHUSDT,LONG_SPOT_SHORT_PERP,3347.25,3346.05,-3.585032489356391,0.0001,0.0001,2024-07-03T16:00:00+00:00,439.0,-18.58503248935639,0.22343341921846627,FLAT,False,False,False,
2024-07-03T08:42:00+00:00,ETHUSDT,LONG_SPOT_SHORT_PERP,3347.32,3346.06,-3.764205394166731,0.0001,0.0001,2024-07-03T16:00:00+00:00,438.0,-18.76420539416673,0.2222402343113516,FLAT,False,False,False,
2024-07-03T08:43:00+00:00,ETHUSDT,LONG_SPOT_SHORT_PERP,3347.87,3347.09,-2.329839569636053,0.0001,0.0001,2024-07-03T16:00:00+00:00,437.0,-17.329839569636054,0.23230326820154826,FLAT,False,False,False,
2024-07-03T08:44:00+00:00,ETHUSDT,LONG_SPOT_SHORT_PERP,3346.85,3345.87,-2.92812644725643,0.0001,0.0001,2024-07-03T16:00:00+00:00,436.0,-17.92812644725643,0.22796197156173237,FLAT,False,False,False,
2024-07-03T08:45:00+00:00,ETHUSDT,LONG_SPOT_SHORT_PERP,3346.8,3345.76,-3.1074459184891943,0.0001,0.0001,2024-07-03T16:00:00+00:00,435.0,-18.107445918489194,0.22670144941838138,FLAT,False,False,False,
2024-07-03T08:46:00+00:00,ETHUSDT,LONG_SPOT_SHORT_PERP,3348.68,3347.77,-2.7174886821071427,0.0001,0.0001,2024-07-03T16:00:00+00:00,434.0,-17.717488682107142,0.22946640740776353,FLAT,False,False,False,
2024-07-03T08:47:00+00:00,ETHUSDT,LONG_SPOT_SHORT_PERP,3348.32,3347.34,-2.9268409232093053,0.0001,0.0001,2024-07-03T16:00:00+00:00,433.0,-17.926840923209305,0.22797107500268815,FLAT,False,False,False,
2024-07-03T08:48:00+00:00,ETHUSDT,LONG_SPOT_SHORT_PERP,3347.09,3346.0,-3.2565601761534513,0.0001,0.0001,2024-07-03T16:00:00+00:00,432.0,-18.25656017615345,0.2256672662068454,FLAT,False,False,False,
2024-07-03T08:49:00+00:00,ETHUSDT,LONG_SPOT_SHORT_PERP,3347.4,3346.65,-2.240544900519806,0.0001,0.0001,2024-07-03T16:00:00+00:00,431.0,-17.240544900519808,0.23296942553811978,FLAT,False,False,False,
2024-07-03T08:50:00+00:00,ETHUSDT,LONG_SPOT_SHORT_PERP,3348.21,3347.49,-2.1504027525162837,0.0001,0.0001,2024-07-03T16:00:00+00:00,430.0,-17.150402752516285,0.23364677833723502,FLAT,False,False,False,
2024-07-03T08:51:00+00:00,ETHUSDT,LONG_SPOT_SHORT_PERP,3347.78,3347.12,-1.9714557109496715,0.0001,0.0001,2024-07-03T16:00:00+00:00,429.0,-16.971455710949673,0.23500604416846343,FLAT,False,False,False,
2024-07-03T08:52:00+00:00,ETHUSDT,LONG_SPOT_SHORT_PERP,3348.59,3347.85,-2.2098853547321005,0.0001,0.0001,2024-07-03T16:00:00+00:00,428.0,-17.2098853547321,0.2331992590385777,FLAT,False,False,False,
2024-07-03T08:53:00+00:00,ETHUSDT,LONG_SPOT_SHORT_PERP,3339.89,3339.54,-1.047938704567842,0.0001,0.0001,2024-07-03T16:00:00+00:00,427.0,-16.04793870456784,0.24233699155328442,FLAT,False,False,False,
2024-07-03T08:54:00+00:00,ETHUSDT,LONG_SPOT_SHORT_PERP,3339.0,3338.14,-2.575621443546353,0.0001,0.0001,2024-07-03T16:00:00+00:00,426.0,-17.575621443546353,0.23049428847464531,FLAT,False,False,False,
2024-07-03T08:55:00+00:00,ETHUSDT,LONG_SPOT_SHORT_PERP,3342.68,3342.03,-1.9445474888402008,0.0001,0.0001,2024-07-03T16:00:00+00:00,425.0,-16.9445474888402,0.23521212676287176,FLAT,False,False,False,
2024-07-03T08:56:00+00:00,ETHUSDT,LONG_SPOT_SHORT_PERP,3341.12,3340.25,-2.6039172493052956,0.0001,0.0001,2024-07-03T16:00:00+00:00,424.0,-17.603917249305297,0.2302883288997841,FLAT,False,False,False,
2024-07-03T08:57:00+00:00,ETHUSDT,LONG_SPOT_SHORT_PERP,3341.59,3341.0,-1.7656265430532936,0.0001,0.0001,2024-07-03T16:00:00+00:00,423.0,-16.765626543053294,0.2365937524083607,FLAT,False,False,False,
2024-07-03T08:58:00+00:00,ETHUSDT,LONG_SPOT_SHORT_PERP,3339.77,3339.21,-1.6767621722452308,0.0001,0.0001,2024-07-03T16:00:00+00:00,422.0,-16.67676217224523,0.23728731772359107,FLAT,False,False,False,
2024-07-03T08:59:00+00:00,ETHUSDT,LONG_SPOT_SHORT_PERP,3338.8,3338.31,-1.467593147239237,0.0001,0.0001,2024-07-03T16:00:00+00:00,421.0,-16.46759314723924,0.238939275222046,FLAT,False,False,False,
2024-07-03T09:00:00+00:00,ETHUSDT,LONG_SPOT_SHORT_PERP,3342.19,3341.71,-1.43618405895541,0.0001,0.0001,2024-07-03T16:00:00+00:00,420.0,-16.43618405895541,0.2391897065108638,FLAT,False,False,False,
2024-07-03T09:01:00+00:00,ETHUSDT,LONG_SPOT_SHORT_PERP,3346.17,3345.46,-2.121828837148251,0.0001,0.0001,2024-07-03T16:00:00+00:00,419.0,-17.12182883714825,0.2338625167008454,FLAT,False,False,False,
2024-07-03T09:02:00+00:00,ETHUSDT,LONG_SPOT_SHORT_PERP,3340.98,3339.69,-3.8611425390153897,0.0001,0.0001,2024-07-03T16:00:00+00:00,418.0,-18.86114253901539,0.22160204596858019,FLAT,False,False,False,
2024-07-03T09:03:00+00:00,ETHUSDT,LONG_SPOT_SHORT_PERP,3344.67,3343.61,-3.169221477753995,0.0001,0.0001,2024-07-03T16:00:00+00:00,417.0,-18.169221477753993,0.22627146848885757,FLAT,False,False,False,
2024-07-03T09:04:00+00:00,ETHUSDT,LONG_SPOT_SHORT_PERP,3344.2,3343.49,-2.123078763231973,0.0001,0.0001,2024-07-03T16:00:00+00:00,416.0,-17.123078763231973,0.23385306917211315,FLAT,False,False,False,
2024-07-03T09:05:00+00:00,ETHUSDT,LONG_SPOT_SHORT_PERP,3346.21,3345.67,-1.6137660218574554,0.0001,0.0001,2024-07-03T16:00:00+00:00,415.0,-16.613766021857455,0.2377819632858608,FLAT,False,False,False,
2024-07-03T09:06:00+00:00,ETHUSDT,LONG_SPOT_SHORT_PERP,3349.15,3348.84,-0.925607990086874,0.0001,0.0001,2024-07-03T16:00:00+00:00,414.0,-15.925607990086874,0.2433486809222906,FLAT,False,False,False,
2024-07-03T09:07:00+00:00,ETHUSDT,LONG_SPOT_SHORT_PERP,3345.76,3345.42,-1.016211563292482,0.0001,0.0001,2024-07-03T16:00:00+00:00,413.0,-16.016211563292483,0.24259845022772994,FLAT,False,False,False,
2024-07-03T09:08:00+00:00,ETHUSDT,LONG_SPOT_SHORT_PERP,3345.57,3344.8,-2.3015510062559796,0.0001,0.0001,2024-07-03T16:00:00+00:00,412.0,-17.30155100625598,0.23251378853675353,FLAT,False,False,False,
2024-07-03T09:09:00+00:00,ETHUSDT,LONG_SPOT_SHORT_PERP,3347.76,3347.05,-2.1208210863384362,0.0001,0.0001,2024-07-03T16:00:00+00:00,411.0,-17.120821086338438,0.233870134445256,FLAT,False,False,False,
2024-07-03T09:10:00+00:00,ETHUSDT,LONG_SPOT_SHORT_PERP,3350.43,3349.3,-3.3727014144442786,0.0001,0.0001,2024-07-03T16:00:00+00:00,410.0,-18.37270141444428,0.22487050111025964,FLAT,False,False,False,
2024-07-03T09:11:00+00:00,ETHUSDT,LONG_SPOT_SHORT_PERP,3349.94,3349.25,-2.0597383833741936,0.0001,0.0001,2024-07-03T16:00:00+00:00,409.0,-17.059738383374192,0.23433302002092304,FLAT,False,False,False,
2024-07-03T09:12:00+00:00,ETHUSDT,LONG_SPOT_SHORT_PERP,3350.77,3350.0,-2.297979270436293,0.0001,0.0001,2024-07-03T16:00:00+00:00,408.0,-17.297979270436294,0.23254040314108004,FLAT,False,False,False,
2024-07-03T09:13:00+00:00,ETHUSDT,LONG_SPOT_SHORT_PERP,3351.92,3351.17,-2.237523568581589,0.0001,0.0001,2024-07-03T16:00:00+00:00,407.0,-17.23752356858159,0.2329920492089845,FLAT,False,False,False,
2024-07-03T09:14:00+00:00,ETHUSDT,LONG_SPOT_SHORT_PERP,3348.0,3347.39,-1.821983273596557,0.0001,0.0001,2024-07-03T16:00:00+00:00,406.0,-16.821983273596558,0.23615643712949125,FLAT,False,False,False,
2024-07-03T09:15:00+00:00,ETHUSDT,LONG_SPOT_SHORT_PERP,3349.61,3349.0,-1.8211075319220067,0.0001,0.0001,2024-07-03T16:00:00+00:00,405.0,-16.821107531922006,0.2361632176714398,FLAT,False,False,False,
2024-07-03T09:16:00+00:00,ETHUSDT,LONG_SPOT_SHORT_PERP,3345.0,3344.51,-1.4648729446929198,0.0001,0.0001,2024-07-03T16:00:00+00:00,404.0,-16.46487294469292,0.23896093938534185,FLAT,False,False,False,
2024-07-03T09:17:00+00:00,ETHUSDT,LONG_SPOT_SHORT_PERP,3345.01,3344.35,-1.9730882717848652,0.0001,0.0001,2024-07-03T16:00:00+00:00,403.0,-16.973088271784864,0.23499355510426298,FLAT,False,False,False,
2024-07-03T09:18:00+00:00,ETHUSDT,LONG_SPOT_SHORT_PERP,3345.03,3344.17,-2.5709784366661204,0.0001,0.0001,2024-07-03T16:00:00+00:00,402.0,-17.57097843666612,0.23052812915151258,FLAT,False,False,False,
2024-07-03T09:19:00+00:00,ETHUSDT,LONG_SPOT_SHORT_PERP,3345.33,3344.77,-1.6739753626695886,0.0001,0.0001,2024-07-03T16:00:00+00:00,401.0,-16.673975362669587,0.23730914746395584,FLAT,False,False,False,
2024-07-03T09:20:00+00:00,ETHUSDT,LONG_SPOT_SHORT_PERP,3342.8,3342.29,-1.5256671054212585,0.0001,0.0001,2024-07-03T16:00:00+00:00,400.0,-16.52566710542126,0.23847787461238262,FLAT,False,False,False,
2024-07-03T09:21:00+00:00,ETHUSDT,LONG_SPOT_SHORT_PERP,3343.88,3343.17,-2.1232819359547483,0.0001,0.0001,2024-07-03T16:00:00+00:00,399.0,-17.123281935954747,0.23385153358675315,FLAT,False,False,False,
2024-07-03T09:22:00+00:00,ETHUSDT,LONG_SPOT_SHORT_PERP,3346.16,3345.42,-2.2114901857645233,0.0001,0.0001,2024-07-03T16:00:00+00:00,398.0,-17.211490185764525,0.23318721466149367,FLAT,False,False,False,
2024-07-03T09:23:00+00:00,ETHUSDT,LONG_SPOT_SHORT_PERP,3345.99,3345.0,-2.9587655671409117,0.0001,0.0001,2024-07-03T16:00:00+00:00,397.0,-17.95876556714091,0.22774528319656998,FLAT,False,False,False,
2024-07-03T09:24:00+00:00,ETHUSDT,LONG_SPOT_SHORT_PERP,3344.95,3344.43,-1.5545822807515266,0.0001,0.0001,2024-07-03T16:00:00+00:00,396.0,-16.554582280751525,0.2382489318471489,FLAT,False,False,False,
2024-07-03T09:25:00+00:00,ETHUSDT,LONG_SPOT_SHORT_PERP,3346.43,3345.66,-2.30095953000655,0.0001,0.0001,2024-07-03T16:00:00+00:00,395.0,-17.30095953000655,0.23251819536215673,FLAT,False,False,False,
2024-07-03T09:26:00+00:00,ETHUSDT,LONG_SPOT_SHORT_PERP,3346.44,3345.98,-1.37459509209798,0.0001,0.0001,2024-07-03T16:00:00+00:00,394.0,-16.37459509209798,0.23968257578556085,FLAT,False,False,False,
2024-07-03T09:27:00+00:00,ETHUSDT,LONG_SPOT_SHORT_PERP,3348.97,3348.51,-1.3735566457734218,0.0001,0.0001,2024-07-03T16:00:00+00:00,393.0,-16.373556645773423,0.2396909065707366,FLAT,False,False,False,
2024-07-03T09:28:00+00:00,ETHUSDT,LONG_SPOT_SHORT_PERP,3349.88,3349.36,-1.552294410545995,0.0001,0.0001,2024-07-03T16:00:00+00:00,392.0,-16.552294410545993,0.23826702750394158,FLAT,False,False,False,
2024-07-03T09:29:00+00:00,ETHUSDT,LONG_SPOT_SHORT_PERP,3348.3,3347.66,-1.9114177343736445,0.0001,0.0001,2024-07-03T16:00:00+00:00,391.0,-16.911417734373643,0.23546646803339616,FLAT,False,False,False,
2024-07-03T09:30:00+00:00,ETHUSDT,LONG_SPOT_SHORT_PERP,3347.79,3347.27,-1.553263496216853,0.0001,0.0001,2024-07-03T16:00:00+00:00,390.0,-16.553263496216854,0.23825936222736252,FLAT,False,False,False,
2024-07-03T09:31:00+00:00,ETHUSDT,LONG_SPOT_SHORT_PERP,3346.84,3346.15,-2.06164620955903,0.0001,0.0001,2024-07-03T16:00:00+00:00,389.0,-17.06164620955903,0.23431852815713966,FLAT,False,False,False,
2024-07-03T09:32:00+00:00,ETHUSDT,LONG_SPOT_SHORT_PERP,3348.85,3348.19,-1.9708258058732238,0.0001,0.0001,2024-07-03T16:00:00+00:00,388.0,-16.970825805873226,0.23501086336829752,FLAT,False,False,False,
2024-07-03T09:33:00+00:00,ETHUSDT,LONG_SPOT_SHORT_PERP,3348.51,3347.61,-2.687762616805955,0.0001,0.0001,2024-07-03T16:00:00+00:00,387.0,-17.687762616805955,0.2296808042846512,FLAT,False,False,False,
2024-07-03T09:34:00+00:00,ETHUSDT,LONG_SPOT_SHORT_PERP,3346.61,3345.62,-2.9582174200167826,0.0001,0.0001,2024-07-03T16:00:00+00:00,386.0,-17.958217420016783,0.22774915508254528,FLAT,False,False,False,
2024-07-03T09:35:00+00:00,ETHUSDT,LONG_SPOT_SHORT_PERP,3347.85,3347.35,-1.493495825679167,0.0001,0.0001,2024-07-03T16:00:00+00:00,385.0,-16.49349582567917,0.23873321514034046,FLAT,False,False,False,
2024-07-03T09:36:00+00:00,ETHUSDT,LONG_SPOT_SHORT_PERP,3345.98,3345.25,-2.1817225446655932,0.0001,0.0001,2024-07-03T16:00:00+00:00,384.0,-17.181722544665593,0.23341087618974915,FLAT,False,False,False,
2024-07-03T09:37:00+00:00,ETHUSDT,LONG_SPOT_SHORT_PERP,3346.75,3346.14,-1.8226637782927537,0.0001,0.0001,2024-07-03T16:00:00+00:00,383.0,-16.822663778292753,0.2361511685616864,FLAT,False,False,False,
2024-07-03T09:38:00+00:00,ETHUSDT,LONG_SPOT_SHORT_PERP,3347.0,3345.9,-3.2865252464891217,0.0001,0.0001,2024-07-03T16:00:00+00:00,382.0,-18.28652524648912,0.22546096716665578,FLAT,False,False,False,
2024-07-03T09:39:00+00:00,ETHUSDT,LONG_SPOT_SHORT_PERP,3346.27,3345.31,-2.8688659313206535,0.0001,0.0001,2024-07-03T16:00:00+00:00,381.0,-17.868865931320652,0.22838261951348454,FLAT,False,False,False,
2024-07-03T09:40:00+00:00,ETHUSDT,LONG_SPOT_SHORT_PERP,3345.13,3344.44,-2.0627001043309363,0.0001,0.0001,2024-07-03T16:00:00+00:00,380.0,-17.062700104330936,0.2343105237138013,FLAT,False,False,False,
2024-07-03T09:41:00+00:00,ETHUSDT,LONG_SPOT_SHORT_PERP,3344.9,3344.4,-1.4948129988938383,0.0001,0.0001,2024-07-03T16:00:00+00:00,379.0,-16.49481299889384,0.238722748087089,FLAT,False,False,False,
2024-07-03T09:42:00+00:00,ETHUSDT,LONG_SPOT_SHORT_PERP,3345.23,3344.63,-1.7935986464306164,0.0001,0.0001,2024-07-03T16:00:00+00:00,378.0,-16.793598646430617,0.23637644986618242,FLAT,False,False,False,
2024-07-03T09:43:00+00:00,ETHUSDT,LONG_SPOT_SHORT_PERP,3346.59,3345.94,-1.9422755700581513,0.0001,0.0001,2024-07-03T16:00:00+00:00,377.0,-16.94227557005815,0.23522954706634733,FLAT,False,False,False,
2024-07-03T09:44:00+00:00,ETHUSDT,LONG_SPOT_SHORT_PERP,3346.34,3345.59,-2.241254624455375,0.0001,0.0001,2024-07-03T16:00:00+00:00,376.0,-17.241254624455376,0.23296411193782454,FLAT,False,False,False,
2024-07-03T09:45:00+00:00,ETHUSDT,LONG_SPOT_SHORT_PERP,3345.24,3344.67,-1.7039136205465346,0.0001,0.0001,2024-07-03T16:00:00+00:00,375.0,-16.703913620546533,0.2370748868275884,FLAT,False,False,False,
2024-07-03T09:46:00+00:00,ETHUSDT,LONG_SPOT_SHORT_PERP,3346.64,3345.94,-2.0916501326698365,0.0001,0.0001,2024-07-03T16:00:00+00:00,374.0,-17.091650132669837,0.2340909094274231,FLAT,False,False,False,
2024-07-03T09:47:00+00:00,ETHUSDT,LONG_SPOT_SHORT_PERP,3345.96,3345.0,-2.869131729010617,0.0001,0.0001,2024-07-03T16:00:00+00:00,373.0,-17.86913172901062,0.22838072826172967,FLAT,False,False,False,
2024-07-03T09:48:00+00:00,ETHUSDT,LONG_SPOT_SHORT_PERP,3344.69,3343.84,-2.5413416490015788,0.0001,0.0001,2024-07-03T16:00:00+00:00,372.0,-17.54134164900158,0.23074443794311741,FLAT,False,False,False,
2024-07-03T09:49:00+00:00,ETHUSDT,LONG_SPOT_SHORT_PERP,3345.18,3344.53,-1.9430942430590767,0.0001,0.0001,2024-07-03T16:00:00+00:00,371.0,-16.943094243059075,0.2352232693944855,FLAT,False,False,False,
2024-07-03T09:50:00+00:00,ETHUSDT,LONG_SPOT_SHORT_PERP,3344.0,3343.04,-2.8708133971292957,0.0001,0.0001,2024-07-03T16:00:00+00:00,370.0,-17.870813397129297,0.22836876350306573,FLAT,False,False,False,
2024-07-03T09:51:00+00:00,ETHUSDT,LONG_SPOT_SHORT_PERP,3344.76,3344.08,-2.033030770519532,0.0001,0.0001,2024-07-03T16:00:00+00:00,369.0,-17.03303077051953,0.23453612406791413,FLAT,False,False,False,
2024-07-03T09:52:00+00:00,ETHUSDT,LONG_SPOT_SHORT_PERP,3343.99,3343.09,-2.6913956082393677,0.0001,0.0001,2024-07-03T16:00:00+00:00,368.0,-17.691395608239368,0.2296545738323991,FLAT,False,False,False,
2024-07-03T09:53:00+00:00,ETHUSDT,LONG_SPOT_SHORT_PERP,3343.0,3341.93,-3.2007179180381806,0.0001,0.0001,2024-07-03T16:00:00+00:00,367.0,-18.20071791803818,0.2260530788273788,FLAT,False,False,False,
2024-07-03T09:54:00+00:00,ETHUSDT,LONG_SPOT_SHORT_PERP,3342.45,3341.78,-2.0045176442418526,0.0001,0.0001,2024-07-03T16:00:00+00:00,366.0,-17.00451764424185,0.23475343868156115,FLAT,False,False,False,
2024-07-03T09:55:00+00:00,ETHUSDT,LONG_SPOT_SHORT_PERP,3342.04,3341.02,-3.0520281025959646,0.0001,0.0001,2024-07-03T16:00:00+00:00,365.0,-18.052028102595965,0.22708903486154997,FLAT,False,False,False,
2024-07-03T09:56:00+00:00,ETHUSDT,LONG_SPOT_SHORT_PERP,3340.16,3339.64,-1.5568116497412752,0.0001,0.0001,2024-07-03T16:00:00+00:00,364.0,-16.556811649741274,0.2382313020546254,FLAT,False,False,False,
2024-07-03T09:57:00+00:00,ETHUSDT,LONG_SPOT_SHORT_PERP,3341.79,3341.25,-1.6159004605315224,0.0001,0.0001,2024-07-03T16:00:00+00:00,363.0,-16.615900460531524,0.23776516316170684,FLAT,False,False,False,
2024-07-03T09:58:00+00:00,ETHUSDT,LONG_SPOT_SHORT_PERP,3341.88,3341.1,-2.334015584043114,0.0001,0.0001,2024-07-03T16:00:00+00:00,362.0,-17.334015584043115,0.23227223141745656,FLAT,False,False,False,
2024-07-03T09:59:00+00:00,ETHUSDT,LONG_SPOT_SHORT_PERP,3341.44,3340.78,-1.9751963225431386,0.0001,0.0001,2024-07-03T16:00:00+00:00,361.0,-16.975196322543137,0.23497743096257173,FLAT,False,False,False,
2024-07-03T10:00:00+00:00,ETHUSDT,LONG_SPOT_SHORT_PERP,3340.32,3339.54,-2.3351056186239645,0.0001,0.0001,2024-07-03T16:00:00+00:00,360.0,-17.335105618623963,0.23226413183206757,FLAT,False,False,False,
2024-07-03T10:01:00+00:00,ETHUSDT,LONG_SPOT_SHORT_PERP,3339.34,3338.6,-2.21600675582671,0.0001,0.0001,2024-07-03T16:00:00+00:00,359.0,-17.21600675582671,0.23315332580810577,FLAT,False,False,False,
2024-07-03T10:02:00+00:00,ETHUSDT,LONG_SPOT_SHORT_PERP,3340.68,3340.2,-1.4368332195840912,0.0001,0.0001,2024-07-03T16:00:00+00:00,358.0,-16.43683321958409,0.2391845243221637,FLAT,False,False,False,
2024-07-03T10:03:00+00:00,ETHUSDT,LONG_SPOT_SHORT_PERP,3342.19,3341.44,-2.2440375921177433,0.0001,0.0001,2024-07-03T16:00:00+00:00,357.0,-17.244037592117742,0.2329432791902078,FLAT,False,False,False,
2024-07-03T10:04:00+00:00,ETHUSDT,LONG_SPOT_SHORT_PERP,3338.59,3337.52,-3.204945800473145,0.0001,0.0001,2024-07-03T16:00:00+00:00,356.0,-18.204945800473144,0.22602380654572535,FLAT,False,False,False,
2024-07-03T10:05:00+00:00,ETHUSDT,LONG_SPOT_SHORT_PERP,3334.6,3333.17,-4.288370419240198,0.0001,0.0001,2024-07-03T16:00:00+00:00,355.0,-19.2883704192402,0.21884999530255267,FLAT,False,False,False,
2024-07-03T10:06:00+00:00,ETHUSDT,LONG_SPOT_SHORT_PERP,3335.45,3334.8,-1.9487625357886829,0.0001,0.0001,2024-07-03T16:00:00+00:00,354.0,-16.94876253578868,0.23517981559089238,FLAT,False,False,False,
2024-07-03T10:07:00+00:00,ETHUSDT,LONG_SPOT_SHORT_PERP,3332.64,3331.12,-4.560948677324829,0.0001,0.0001,2024-07-03T16:00:00+00:00,353.0,-19.56094867732483,0.21714488657706937,FLAT,False,False,False,
2024-07-03T10:08:00+00:00,ETHUSDT,LONG_SPOT_SHORT_PERP,3323.59,3322.0,-4.783983584016517,0.0001,0.0001,2024-07-03T16:00:00+00:00,352.0,-19.783983584016518,0.21577850669626253,FLAT,False,False,False,
2024-07-03T10:09:00+00:00,ETHUSDT,LONG_SPOT_SHORT_PERP,3323.28,3322.02,-3.791434967863732,0.0001,0.0001,2024-07-03T16:00:00+00:00,351.0,-18.791434967863733,0.22206044835438332,FLAT,False,False,False,
2024-07-03T10:10:00+00:00,ETHUSDT,LONG_SPOT_SHORT_PERP,3324.23,3323.06,-3.5196120605375465,0.0001,0.0001,2024-07-03T16:00:00+00:00,350.0,-18.519612060537547,0.22387350980473547,FLAT,False,False,False,
2024-07-03T10:11:00+00:00,ETHUSDT,LONG_SPOT_SHORT_PERP,3319.91,3319.07,-2.5301890713895583,0.0001,0.0001,2024-07-03T16:00:00+00:00,349.0,-17.530189071389557,0.23082597138077804,FLAT,False,False,False,
2024-07-03T10:12:00+00:00,ETHUSDT,LONG_SPOT_SHORT_PERP,3321.14,3320.07,-3.221785290592113,0.0001,0.0001,2024-07-03T16:00:00+00:00,348.0,-18.221785290592113,0.22590731699464123,FLAT,False,False,False,
2024-07-03T10:13:00+00:00,ETHUSDT,LONG_SPOT_SHORT_PERP,3317.47,3316.33,-3.436353606814448,0.0001,0.0001,2024-07-03T16:00:00+00:00,347.0,-18.43635360681445,0.22443704934255426,FLAT,False,False,False,
2024-07-03T10:14:00+00:00,ETHUSDT,LONG_SPOT_SHORT_PERP,3317.54,3316.64,-2.7128534998827174,0.0001,0.0001,2024-07-03T16:00:00+00:00,346.0,-17.71285349988272,0.2294998042092527,FLAT,False,False,False,
2024-07-03T10:15:00+00:00,ETHUSDT,LONG_SPOT_SHORT_PERP,3320.68,3319.29,-4.185889637061906,0.0001,0.0001,2024-07-03T16:00:00+00:00,345.0,-19.185889637061905,0.21950121405046763,FLAT,False,False,False,
2024-07-03T10:16:00+00:00,ETHUSDT,LONG_SPOT_SHORT_PERP,3306.2,3304.01,-6.623918698202165,0.0001,0.0001,2024-07-03T16:00:00+00:00,344.0,-21.623918698202164,0.20544493787253437,FLAT,False,False,False,
2024-07-03T10:17:00+00:00,ETHUSDT,LONG_SPOT_SHORT_PERP,3311.38,3310.0,-4.167446804655791,0.0001,0.0001,2024-07-03T16:00:00+00:00,343.0,-19.16744680465579,0.21961900402078566,FLAT,False,False,False,
2024-07-03T10:18:00+00:00,ETHUSDT,LONG_SPOT_SHORT_PERP,3309.49,3308.01,-4.471988131100452,0.0001,0.0001,2024-07-03T16:00:00+00:00,342.0,-19.471988131100453,0.21769709063128528,FLAT,False,False,False,
2024-07-03T10:19:00+00:00,ETHUSDT,LONG_SPOT_SHORT_PERP,3305.11,3303.9,-3.660997667248704,0.0001,0.0001,2024-07-03T16:00:00+00:00,341.0,-18.660997667248704,0.2229253725660576,FLAT,False,False,False,
2024-07-03T10:20:00+00:00,ETHUSDT,LONG_SPOT_SHORT_PERP,3310.4,3309.37,-3.1114064765593286,0.0001,0.0001,2024-07-03T16:00:00+00:00,340.0,-18.111406476559328,0.22667381707319867,FLAT,False,False,False,
2024-07-03T10:21:00+00:00,ETHUSDT,LONG_SPOT_SHORT_PERP,3313.2,3311.57,-4.919715079076586,0.0001,0.0001,2024-07-03T16:00:00+00:00,339.0,-19.919715079076585,0.21495948812823779,FLAT,False,False,False,
2024-07-03T10:22:00+00:00,ETHUSDT,LONG_SPOT_SHORT_PERP,3313.2,3312.19,-3.048412410961498,0.0001,0.0001,2024-07-03T16:00:00+00:00,338.0,-18.048412410961497,0.22711438374346044,FLAT,False,False,False,
2024-07-03T10:23:00+00:00,ETHUSDT,LONG_SPOT_SHORT_PERP,3306.2,3305.07,-3.417821063455491,0.0001,0.0001,2024-07-03T16:00:00+00:00,337.0,-18.41782106345549,0.22456301560706993,FLAT,False,False,False,
2024-07-03T10:24:00+00:00,ETHUSDT,LONG_SPOT_SHORT_PERP,3307.19,3305.62,-4.747232544849748,0.0001,0.0001,2024-07-03T16:00:00+00:00,336.0,-19.747232544849748,0.21600188861007055,FLAT,False,False,False,
2024-07-03T10:25:00+00:00,ETHUSDT,LONG_SPOT_SHORT_PERP,3309.22,3308.39,-2.508143913066908,0.0001,0.0001,2024-07-03T16:00:00+00:00,335.0,-17.50814391306691,0.23098735427623485,FLAT,False,False,False,
2024-07-03T10:26:00+00:00,ETHUSDT,LONG_SPOT_SHORT_PERP,3313.29,3312.2,-3.2897814558947314,0.0001,0.0001,2024-07-03T16:00:00+00:00,334.0,-18.289781455894733,0.2254385799076576,FLAT,False,False,False,
2024-07-03T10:27:00+00:00,ETHUSDT,LONG_SPOT_SHORT_PERP,3309.5,3308.32,-3.5654932769295553,0.0001,0.0001,2024-07-03T16:00:00+00:00,333.0,-18.565493276929555,0.22356461248870232,FLAT,False,False,False,
2024-07-03T10:28:00+00:00,ETHUSDT,LONG_SPOT_SHORT_PERP,3309.94,3308.46,-4.471380145863726,0.0001,0.0001,2024-07-03T16:00:00+00:00,332.0,-19.471380145863726,0.21770087880736505,FLAT,False,False,False,
2024-07-03T10:29:00+00:00,ETHUSDT,LONG_SPOT_SHORT_PERP,3306.48,3304.67,-5.474099344317659,0.0001,0.0001,2024-07-03T16:00:00+00:00,331.0,-20.474099344317658,0.211710578922242,FLAT,False,False,False,
2024-07-03T10:30:00+00:00,ETHUSDT,LONG_SPOT_SHORT_PERP,3302.4,3301.09,-3.9668120155037108,0.0001,0.0001,2024-07-03T16:00:00+00:00,330.0,-18.96681201550371,0.2209122035417841,FLAT,False,False,False,
2024-07-03T10:31:00+00:00,ETHUSDT,LONG_SPOT_SHORT_PERP,3307.34,3306.41,-2.8119274099436136,0.0001,0.0001,2024-07-03T16:00:00+00:00,329.0,-17.811927409943614,0.22878870494097975,FLAT,False,False,False,
2024-07-03T10:32:00+00:00,ETHUSDT,LONG_SPOT_SHORT_PERP,3303.75,3302.06,-5.115399167612726,0.0001,0.0001,2024-07-03T16:00:00+00:00,328.0,-20.115399167612726,0.21379516749377564,FLAT,False,False,False,
2024-07-03T10:33:00+00:00,ETHUSDT,LONG_SPOT_SHORT_PERP,3289.33,3288.04,-3.921771302970403,0.0001,0.0001,2024-07-03T16:00:00+00:00,327.0,-18.921771302970402,0.22120550120066354,FLAT,False,False,False,
2024-07-03T10:34:00+00:00,ETHUSDT,LONG_SPOT_SHORT_PERP,3298.1,3296.44,-5.033200933870575,0.0001,0.0001,2024-07-03T16:00:00+00:00,326.0,-20.033200933870575,0.2142818931486012,FLAT,False,False,False,
2024-07-03T10:35:00+00:00,ETHUSDT,LONG_SPOT_SHORT_PERP,3298.34,3296.97,-4.153604540466858,0.0001,0.0001,2024-07-03T16:00:00+00:00,325.0,-19.15360454046686,0.21970753067385218,FLAT,False,False,False,
2024-07-03T10:36:00+00:00,ETHUSDT,LONG_SPOT_SHORT_PERP,3295.6,3294.56,-3.1557227818908955,0.0001,0.0001,2024-07-03T16:00:00+00:00,324.0,-18.155722781890894,0.22636523853372353,FLAT,False,False,False,
2024-07-03T10:37:00+00:00,ETHUSDT,LONG_SPOT_SHORT_PERP,3298.59,3297.25,-4.062341788461572,0.0001,0.0001,2024-07-03T16:00:00+00:00,323.0,-19.062341788461573,0.22029376142406215,FLAT,False,False,False,
2024-07-03T10:38:00+00:00,ETHUSDT,LONG_SPOT_SHORT_PERP,3303.46,3302.63,-2.5125171789575997,0.0001,0.0001,2024-07-03T16:00:00+00:00,322.0,-17.5125171789576,0.23095531661668822,FLAT,False,False,False,
2024-07-03T10:39:00+00:00,ETHUSDT,LONG_SPOT_SHORT_PERP,3308.35,3307.55,-2.4181238381662373,0.0001,0.0001,2024-07-03T16:00:00+00:00,321.0,-17.418123838166238,0.2316493472010105,FLAT,False,False,False,
2024-07-03T10:40:00+00:00,ETHUSDT,LONG_SPOT_SHORT_PERP,3310.01,3309.33,-2.0543744580840873,0.0001,0.0001,2024-07-03T16:00:00+00:00,320.0,-17.054374458084087,0.2343737763189263,FLAT,False,False,False,
2024-07-03T10:41:00+00:00,ETHUSDT,LONG_SPOT_SHORT_PERP,3312.39,3311.56,-2.5057435869566302,0.0001,0.0001,2024-07-03T16:00:00+00:00,319.0,-17.50574358695663,0.2310049434000717,FLAT,False,False,False,
2024-07-03T10:42:00+00:00,ETHUSDT,LONG_SPOT_SHORT_PERP,3310.1,3309.01,-3.292951874564789,0.0001,0.0001,2024-07-03T16:00:00+00:00,318.0,-18.29295187456479,0.2254167882417268,FLAT,False,False,False,
2024-07-03T10:43:00+00:00,ETHUSDT,LONG_SPOT_SHORT_PERP,3311.81,3310.65,-3.5026163940559827,0.0001,0.0001,2024-07-03T16:00:00+00:00,317.0,-18.502616394055984,0.223988231465026,FLAT,False,False,False,
2024-07-03T10:44:00+00:00,ETHUSDT,LONG_SPOT_SHORT_PERP,3312.8,3311.99,-2.4450615793298724,0.0001,0.0001,2024-07-03T16:00:00+00:00,316.0,-17.445061579329874,0.23145074600582471,FLAT,False,False,False,
2024-07-03T10:45:00+00:00,ETHUSDT,LONG_SPOT_SHORT_PERP,3311.9,3310.54,-4.10640417887052,0.0001,0.0001,2024-07-03T16:00:00+00:00,315.0,-19.10640417887052,0.22001016653336333,FLAT,False,False,False,
2024-07-03T10:46:00+00:00,ETHUSDT,LONG_SPOT_SHORT_PERP,3313.41,3312.01,-4.225254345220291,0.0001,0.0001,2024-07-03T16:00:00+00:00,314.0,-19.225254345220293,0.21925040814755464,FLAT,False,False,False,
2024-07-03T10:47:00+00:00,ETHUSDT,LONG_SPOT_SHORT_PERP,3314.23,3312.92,-3.952652652350457,0.0001,0.0001,2024-07-03T16:00:00+00:00,313.0,-18.95265265235046,0.22100428842582243,FLAT,False,False,False,
2024-07-03T10:48:00+00:00,ETHUSDT,LONG_SPOT_SHORT_PERP,3314.43,3313.55,-2.655056827266391,0.0001,0.0001,2024-07-03T16:00:00+00:00,312.0,-17.655056827266392,0.2299172912366794,FLAT,False,False,False,
2024-07-03T10:49:00+00:00,ETHUSDT,LONG_SPOT_SHORT_PERP,3312.7,3311.11,-4.799710206175297,0.0001,0.0001,2024-07-03T16:00:00+00:00,311.0,-19.7997102061753,0.21568312816292984,FLAT,False,False,False,
2024-07-03T10:50:00+00:00,ETHUSDT,LONG_SPOT_SHORT_PERP,3310.4,3309.29,-3.353069115515126,0.0001,0.0001,2024-07-03T16:00:00+00:00,310.0,-18.353069115515126,0.22500465042190476,FLAT,False,False,False,
2024-07-03T10:51:00+00:00,ETHUSDT,LONG_SPOT_SHORT_PERP,3312.6,3311.16,-4.347038579967562,0.0001,0.0001,2024-07-03T16:00:00+00:00,309.0,-19.347038579967563,0.21847969472576928,FLAT,False,False,False,
2024-07-03T10:52:00+00:00,ETHUSDT,LONG_SPOT_SHORT_PERP,3312.24,3310.99,-3.773881119725624,0.0001,0.0001,2024-07-03T16:00:00+00:00,308.0,-18.773881119725623,0.22217630281885303,FLAT,False,False,False,
2024-07-03T10:53:00+00:00,ETHUSDT,LONG_SPOT_SHORT_PERP,3312.79,3311.57,-3.6826964582717285,0.0001,0.0001,2024-07-03T16:00:00+00:00,307.0,-18.682696458271728,0.22278083934925638,FLAT,False,False,False,
2024-07-03T10:54:00+00:00,ETHUSDT,LONG_SPOT_SHORT_PERP,3314.13,3312.96,-3.5303382788245266,0.0001,0.0001,2024-07-03T16:00:00+00:00,306.0,-18.530338278824527,0.22380119012154281,FLAT,False,False,False,
2024-07-03T10:55:00+00:00,ETHUSDT,LONG_SPOT_SHORT_PERP,3314.12,3312.96,-3.5001750087499985,0.0001,0.0001,2024-07-03T16:00:00+00:00,305.0,-18.50017500875,0.22400472417946804,FLAT,False,False,False,
2024-07-03T10:56:00+00:00,ETHUSDT,LONG_SPOT_SHORT_PERP,3311.82,3310.24,-4.770790683069678,0.0001,0.0001,2024-07-03T16:00:00+00:00,304.0,-19.770790683069677,0.21585861661148958,FLAT,False,False,False,
2024-07-03T10:57:00+00:00,ETHUSDT,LONG_SPOT_SHORT_PERP,3312.45,3311.2,-3.773641866292322,0.0001,0.0001,2024-07-03T16:00:00+00:00,303.0,-18.773641866292323,0.22217788304545313,FLAT,False,False,False,
2024-07-03T10:58:00+00:00,ETHUSDT,LONG_SPOT_SHORT_PERP,3312.0,3310.52,-4.46859903381648,0.0001,0.0001,2024-07-03T16:00:00+00:00,302.0,-19.46859903381648,0.21771820956226828,FLAT,False,False,False,
2024-07-03T10:59:00+00:00,ETHUSDT,LONG_SPOT_SHORT_PERP,3313.99,3312.69,-3.9227637983208377,0.0001,0.0001,2024-07-03T16:00:00+00:00,301.0,-18.922763798320837,0.22119902637563124,FLAT,False,False,False,
2024-07-03T11:00:00+00:00,ETHUSDT,LONG_SPOT_SHORT_PERP,3312.16,3311.01,-3.472054490120152,0.0001,0.0001,2024-07-03T16:00:00+00:00,300.0,-18.47205449012015,0.22419493150092412,FLAT,False,False,False,
2024-07-03T11:01:00+00:00,ETHUSDT,LONG_SPOT_SHORT_PERP,3308.46,3306.75,-5.168567853321594,0.0001,0.0001,2024-07-03T16:00:00+00:00,299.0,-20.168567853321594,0.21348214226822892,FLAT,False,False,False,
2024-07-03T11:02:00+00:00,ETHUSDT,LONG_SPOT_SHORT_PERP,3307.37,3306.08,-3.900380060289486,0.0001,0.0001,2024-07-03T16:00:00+00:00,298.0,-18.900380060289486,0.2213451831216375,FLAT,False,False,False,
2024-07-03T11:03:00+00:00,ETHUSDT,LONG_SPOT_SHORT_PERP,3307.27,3305.96,-3.960970830926853,0.0001,0.0001,2024-07-03T16:00:00+00:00,297.0,-18.960970830926854,0.22095017830402613,FLAT,False,False,False,
2024-07-03T11:04:00+00:00,ETHUSDT,LONG_SPOT_SHORT_PERP,3309.38,3308.16,-3.686491125226642,0.0001,0.0001,2024-07-03T16:00:00+00:00,296.0,-18.68649112522664,0.22275559018491672,FLAT,False,False,False,
2024-07-03T11:05:00+00:00,ETHUSDT,LONG_SPOT_SHORT_PERP,3308.06,3306.6,-4.4134628755223195,0.0001,0.0001,2024-07-03T16:00:00+00:00,295.0,-19.41346287552232,0.21806263310377816,FLAT,False,False,False,
2024-07-03T11:06:00+00:00,ETHUSDT,LONG_SPOT_SHORT_PERP,3308.6,3307.34,-3.8082572689347867,0.0001,0.0001,2024-07-03T16:00:00+00:00,294.0,-18.80825726893479,0.22194958042503582,FLAT,False,False,False,
2024-07-03T11:07:00+00:00,ETHUSDT,LONG_SPOT_SHORT_PERP,3309.4,3308.1,-3.9282045083706465,0.0001,0.0001,2024-07-03T16:00:00+00:00,293.0,-18.928204508370648,0.2211635418629066,FLAT,False,False,False,
2024-07-03T11:08:00+00:00,ETHUSDT,LONG_SPOT_SHORT_PERP,3308.42,3306.67,-5.289533976943677,0.0001,0.0001,2024-07-03T16:00:00+00:00,292.0,-20.289533976943677,0.21277522096449308,FLAT,False,False,False,
2024-07-03T11:09:00+00:00,ETHUSDT,LONG_SPOT_SHORT_PERP,3306.0,3304.24,-5.323653962493099,0.0001,0.0001,2024-07-03T16:00:00+00:00,291.0,-20.323653962493097,0.21257713874799733,FLAT,False,False,False,
2024-07-03T11:10:00+00:00,ETHUSDT,LONG_SPOT_SHORT_PERP,3305.09,3303.36,-5.234350653083632,0.0001,0.0001,2024-07-03T16:00:00+00:00,290.0,-20.23435065308363,0.21309680710928858,FLAT,False,False,False,
2024-07-03T11:11:00+00:00,ETHUSDT,LONG_SPOT_SHORT_PERP,3305.8,3304.12,-5.081977131103789,0.0001,0.0001,2024-07-03T16:00:00+00:00,289.0,-20.08197713110379,0.21399266168145947,FLAT,False,False,False,
2024-07-03T11:12:00+00:00,ETHUSDT,LONG_SPOT_SHORT_PERP,3304.89,3303.43,-4.417696201689123,0.0001,0.0001,2024-07-03T16:00:00+00:00,288.0,-19.41769620168912,0.2180361318564213,FLAT,False,False,False,
2024-07-03T11:13:00+00:00,ETHUSDT,LONG_SPOT_SHORT_PERP,3304.22,3303.18,-3.1474901792252443,0.0001,0.0001,2024-07-03T16:00:00+00:00,287.0,-18.147490179225244,0.22642247813041066,FLAT,False,False,False,
2024-07-03T11:14:00+00:00,ETHUSDT,LONG_SPOT_SHORT_PERP,3305.49,3304.02,-4.44714701904952,0.0001,0.0001,2024-07-03T16:00:00+00:00,286.0,-19.44714701904952,0.2178520259989482,FLAT,False,False,False,
2024-07-03T11:15:00+00:00,ETHUSDT,LONG_SPOT_SHORT_PERP,3305.53,3304.0,-4.62860721276225,0.0001,0.0001,2024-07-03T16:00:00+00:00,285.0,-19.62860721276225,0.21672767049736819,FLAT,False,False,False,
2024-07-03T11:16:00+00:00,ETHUSDT,LONG_SPOT_SHORT_PERP,3302.89,3301.52,-4.147882611894102,0.0001,0.0001,2024-07-03T16:00:00+00:00,284.0,-19.1478826118941,0.21974415456562535,FLAT,False,False,False,
2024-07-03T11:17:00+00:00,ETHUSDT,LONG_SPOT_SHORT_PERP,3301.98,3300.58,-4.239880314235976,0.0001,0.0001,2024-07-03T16:00:00+00:00,283.0,-19.239880314235975,0.2191574314787873,FLAT,False,False,False,
2024-07-03T11:18:00+00:00,ETHUSDT,LONG_SPOT_SHORT_PERP,3303.21,3302.18,-3.1181789834742575,0.0001,0.0001,2024-07-03T16:00:00+00:00,282.0,-18.11817898347426,0.2266265868716473,FLAT,False,False,False,
2024-07-03T11:19:00+00:00,ETHUSDT,LONG_SPOT_SHORT_PERP,3305.21,3304.3,-2.7532289930136193,0.0001,0.0001,2024-07-03T16:00:00+00:00,281.0,-17.753228993013618,0.22920931835997843,FLAT,False,False,False,
2024-07-03T11:20:00+00:00,ETHUSDT,LONG_SPOT_SHORT_PERP,3312.01,3310.97,-3.1400871374193264,0.0001,0.0001,2024-07-03T16:00:00+00:00,280.0,-18.140087137419325,0.22647398297522037,FLAT,False,False,False,
2024-07-03T11:21:00+00:00,ETHUSDT,LONG_SPOT_SHORT_PERP,3308.4,3307.04,-4.110748398017553,0.0001,0.0001,2024-07-03T16:00:00+00:00,279.0,-19.110748398017552,0.2199822626878524,FLAT,False,False,False,
2024-07-03T11:22:00+00:00,ETHUSDT,LONG_SPOT_SHORT_PERP,3309.63,3308.28,-4.0790058103168905,0.0001,0.0001,2024-07-03T16:00:00+00:00,278.0,-19.07900581031689,0.22018638555482647,FLAT,False,False,False,
2024-07-03T11:23:00+00:00,ETHUSDT,LONG_SPOT_SHORT_PERP,3309.68,3308.07,-4.864518624156029,0.0001,0.0001,2024-07-03T16:00:00+00:00,277.0,-19.86451862415603,0.2152914149784925,FLAT,False,False,False,
2024-07-03T11:24:00+00:00,ETHUSDT,LONG_SPOT_SHORT_PERP,3308.13,3306.71,-4.29245525417705,0.0001,0.0001,2024-07-03T16:00:00+00:00,276.0,-19.29245525417705,0.21882415369006203,FLAT,False,False,False,
2024-07-03T11:25:00+00:00,ETHUSDT,LONG_SPOT_SHORT_PERP,3303.26,3301.81,-4.389602998251039,0.0001,0.0001,2024-07-03T16:00:00+00:00,275.0,-19.38960299825104,0.21821217577779894,FLAT,False,False,False,
2024-07-03T11:26:00+00:00,ETHUSDT,LONG_SPOT_SHORT_PERP,3299.59,3298.35,-3.758042665907693,0.0001,0.0001,2024-07-03T16:00:00+00:00,274.0,-18.758042665907695,0.22228098076228425,FLAT,False,False,False,
2024-07-03T11:27:00+00:00,ETHUSDT,LONG_SPOT_SHORT_PERP,3299.46,3298.01,-4.394658519878459,0.0001,0.0001,2024-07-03T16:00:00+00:00,273.0,-19.39465851987846,0.21818046508776273,FLAT,False,False,False,
2024-07-03T11:28:00+00:00,ETHUSDT,LONG_SPOT_SHORT_PERP,3298.5,3296.87,-4.94164013945766,0.0001,0.0001,2024-07-03T16:00:00+00:00,272.0,-19.94164013945766,0.21482807062207876,FLAT,False,False,False,
2024-07-03T11:29:00+00:00,ETHUSDT,LONG_SPOT_SHORT_PERP,3296.11,3294.59,-4.611496582334879,0.0001,0.0001,2024-07-03T16:00:00+00:00,271.0,-19.61149658233488,0.21683295854123547,FLAT,False,False,False,
2024-07-03T11:30:00+00:00,ETHUSDT,LONG_SPOT_SHORT_PERP,3298.92,3297.37,-4.698507390297982,0.0001,0.0001,2024-07-03T16:00:00+00:00,270.0,-19.698507390297983,0.2162991232889735,FLAT,False,False,False,
2024-07-03T11:31:00+00:00,ETHUSDT,LONG_SPOT_SHORT_PERP,3300.27,3298.87,-4.242077163383877,0.0001,0.0001,2024-07-03T16:00:00+00:00,269.0,-19.242077163383875,0.21914347603327355,FLAT,False,False,False,
2024-07-03T11:32:00+00:00,ETHUSDT,LONG_SPOT_SHORT_PERP,3295.79,3294.77,-3.0948573786557447,0.0001,0.0001,2024-07-03T16:00:00+00:00,268.0,-18.094857378655746,0.2267893377505491,FLAT,False,False,False,
2024-07-03T11:33:00+00:00,ETHUSDT,LONG_SPOT_SHORT_PERP,3294.42,3293.17,-3.794294595103235,0.0001,0.0001,2024-07-03T16:00:00+00:00,267.0,-18.794294595103235,0.222041590957373,FLAT,False,False,False,
2024-07-03T11:34:00+00:00,ETHUSDT,LONG_SPOT_SHORT_PERP,3292.24,3290.69,-4.708040726070175,0.0001,0.0001,2024-07-03T16:00:00+00:00,266.0,-19.708040726070173,0.21624087148704288,FLAT,False,False,False,
2024-07-03T11:35:00+00:00,ETHUSDT,LONG_SPOT_SHORT_PERP,3292.79,3291.26,-4.646515568863321,0.0001,0.0001,2024-07-03T16:00:00+00:00,265.0,-19.64651556886332,0.21661763628664982,FLAT,False,False,False,
2024-07-03T11:36:00+00:00,ETHUSDT,LONG_SPOT_SHORT_PERP,3295.6,3294.38,-3.7019055710638424,0.0001,0.0001,2024-07-03T16:00:00+00:00,264.0,-18.701905571063843,0.22265310630748705,FLAT,False,False,False,
2024-07-03T11:37:00+00:00,ETHUSDT,LONG_SPOT_SHORT_PERP,3296.05,3294.46,-4.823955947270659,0.0001,0.0001,2024-07-03T16:00:00+00:00,263.0,-19.823955947270658,0.2155363312857288,FLAT,False,False,False,
2024-07-03T11:38:00+00:00,ETHUSDT,LONG_SPOT_SHORT_PERP,3299.67,3298.1,-4.758051562732526,0.0001,0.0001,2024-07-03T16:00:00+00:00,262.0,-19.758051562732525,0.21593605588268722,FLAT,False,False,False,
2024-07-03T11:39:00+00:00,ETHUSDT,LONG_SPOT_SHORT_PERP,3300.21,3298.83,-4.181552083049591,0.0001,0.0001,2024-07-03T16:00:00+00:00,261.0,-19.181552083049592,0.21952890063470595,FLAT,False,False,False,
2024-07-03T11:40:00+00:00,ETHUSDT,LONG_SPOT_SHORT_PERP,3299.47,3298.2,-3.849103037760555,0.0001,0.0001,2024-07-03T16:00:00+00:00,260.0,-18.849103037760557,0.2216810290511656,FLAT,False,False,False,
2024-07-03T11:41:00+00:00,ETHUSDT,LONG_SPOT_SHORT_PERP,3299.06,3297.96,-3.334283098821813,0.0001,0.0001,2024-07-03T16:00:00+00:00,259.0,-18.334283098821814,0.22513322023383583,FLAT,False,False,False,
2024-07-03T11:42:00+00:00,ETHUSDT,LONG_SPOT_SHORT_PERP,3302.02,3300.96,-3.2101562074122674,0.0001,0.0001,2024-07-03T16:00:00+00:00,258.0,-18.21015620741227,0.22598774560699864,FLAT,False,False,False,
2024-07-03T11:43:00+00:00,ETHUSDT,LONG_SPOT_SHORT_PERP,3300.66,3299.49,-3.544745596335499,0.0001,0.0001,2024-07-03T16:00:00+00:00,257.0,-18.5447455963355,0.22370415208133085,FLAT,False,False,False,
2024-07-03T11:44:00+00:00,ETHUSDT,LONG_SPOT_SHORT_PERP,3300.95,3299.8,-3.483845559610525,0.0001,0.0001,2024-07-03T16:00:00+00:00,256.0,-18.483845559610526,0.2241151228841513,FLAT,False,False,False,
2024-07-03T11:45:00+00:00,ETHUSDT,LONG_SPOT_SHORT_PERP,3302.18,3300.88,-3.9367932698996637,0.0001,0.0001,2024-07-03T16:00:00+00:00,255.0,-18.936793269899663,0.22110755834643547,FLAT,False,False,False,
2024-07-03T11:46:00+00:00,ETHUSDT,LONG_SPOT_SHORT_PERP,3304.86,3303.68,-3.570499204203177,0.0001,0.0001,2024-07-03T16:00:00+00:00,254.0,-18.570499204203177,0.2235309806976432,FLAT,False,False,False,
2024-07-03T11:47:00+00:00,ETHUSDT,LONG_SPOT_SHORT_PERP,3305.16,3303.69,-4.447591039464958,0.0001,0.0001,2024-07-03T16:00:00+00:00,253.0,-19.447591039464957,0.21784925377918576,FLAT,False,False,False,
2024-07-03T11:48:00+00:00,ETHUSDT,LONG_SPOT_SHORT_PERP,3306.61,3305.68,-2.812548198911547,0.0001,0.0001,2024-07-03T16:00:00+00:00,252.0,-17.812548198911546,0.22878426730752405,FLAT,False,False,False,
2024-07-03T11:49:00+00:00,ETHUSDT,LONG_SPOT_SHORT_PERP,3306.6,3305.65,-2.873041795196934,0.0001,0.0001,2024-07-03T16:00:00+00:00,251.0,-17.873041795196933,0.22835291138946945,FLAT,False,False,False,
2024-07-03T11:50:00+00:00,ETHUSDT,LONG_SPOT_SHORT_PERP,3308.51,3307.21,-3.929261208218146,0.0001,0.0001,2024-07-03T16:00:00+00:00,250.0,-18.929261208218147,0.2211566518911212,FLAT,False,False,False,
2024-07-03T11:51:00+00:00,ETHUSDT,LONG_SPOT_SHORT_PERP,3308.22,3306.91,-3.9598333847203198,0.0001,0.0001,2024-07-03T16:00:00+00:00,249.0,-18.95983338472032,0.2209575752294586,FLAT,False,False,False,
2024-07-03T11:52:00+00:00,ETHUSDT,LONG_SPOT_SHORT_PERP,3305.98,3304.99,-2.994573469894665,0.0001,0.0001,2024-07-03T16:00:00+00:00,248.0,-17.994573469894664,0.22749272628378847,FLAT,False,False,False,
2024-07-03T11:53:00+00:00,ETHUSDT,LONG_SPOT_SHORT_PERP,3307.19,3306.1,-3.2958493464244434,0.0001,0.0001,2024-07-03T16:00:00+00:00,247.0,-18.295849346424443,0.22539687762734306,FLAT,False,False,False,
2024-07-03T11:54:00+00:00,ETHUSDT,LONG_SPOT_SHORT_PERP,3308.25,3307.11,-3.4459306279751307,0.0001,0.0001,2024-07-03T16:00:00+00:00,246.0,-18.44593062797513,0.2243720294590299,FLAT,False,False,False,
2024-07-03T11:55:00+00:00,ETHUSDT,LONG_SPOT_SHORT_PERP,3307.41,3305.97,-4.353859968978913,0.0001,0.0001,2024-07-03T16:00:00+00:00,245.0,-19.353859968978913,0.2184367577238106,FLAT,False,False,False,
2024-07-03T11:56:00+00:00,ETHUSDT,LONG_SPOT_SHORT_PERP,3307.69,3306.74,-2.872095027043867,0.0001,0.0001,2024-07-03T16:00:00+00:00,244.0,-17.872095027043866,0.22835964604433479,FLAT,False,False,False,
2024-07-03T11:57:00+00:00,ETHUSDT,LONG_SPOT_SHORT_PERP,3308.79,3307.99,-2.4178022781747464,0.0001,0.0001,2024-07-03T16:00:00+00:00,243.0,-17.417802278174747,0.23165172054618288,FLAT,False,False,False,
2024-07-03T11:58:00+00:00,ETHUSDT,LONG_SPOT_SHORT_PERP,3308.21,3307.1,-3.355288811774728,0.0001,0.0001,2024-07-03T16:00:00+00:00,242.0,-18.355288811774727,0.22498947215384185,FLAT,False,False,False,
2024-07-03T11:59:00+00:00,ETHUSDT,LONG_SPOT_SHORT_PERP,3307.5,3306.07,-4.323507180649543,0.0001,0.0001,2024-07-03T16:00:00+00:00,241.0,-19.323507180649543,0.218628001013984,FLAT,False,False,False,
2024-07-03T12:00:00+00:00,ETHUSDT,LONG_SPOT_SHORT_PERP,3306.36,3305.21,-3.4781451505585927,0.0001,0.0001,2024-07-03T16:00:00+00:00,240.0,-18.478145150558593,0.22415369677188524,FLAT,False,False,False,
2024-07-03T12:01:00+00:00,ETHUSDT,LONG_SPOT_SHORT_PERP,3304.86,3303.49,-4.145410093015576,0.0001,0.0001,2024-07-03T16:00:00+00:00,239.0,-19.145410093015578,0.21975998564094235,FLAT,False,False,False,
2024-07-03T12:02:00+00:00,ETHUSDT,LONG_SPOT_SHORT_PERP,3302.94,3301.69,-3.784507136066656,0.0001,0.0001,2024-07-03T16:00:00+00:00,238.0,-18.784507136066654,0.22210615150614987,FLAT,False,False,False,
2024-07-03T12:03:00+00:00,ETHUSDT,LONG_SPOT_SHORT_PERP,3301.74,3300.69,-3.1801413799988105,0.0001,0.0001,2024-07-03T16:00:00+00:00,237.0,-18.180141379998812,0.22619568824870426,FLAT,False,False,False,
2024-07-03T12:04:00+00:00,ETHUSDT,LONG_SPOT_SHORT_PERP,3302.01,3300.8,-3.6644346928084297,0.0001,0.0001,2024-07-03T16:00:00+00:00,236.0,-18.66443469280843,0.2229024616004186,FLAT,False,False,False,
2024-07-03T12:05:00+00:00,ETHUSDT,LONG_SPOT_SHORT_PERP,3302.25,3301.01,-3.755015519720741,0.0001,0.0001,2024-07-03T16:00:00+00:00,235.0,-18.75501551972074,0.22230100314597423,FLAT,False,False,False,
2024-07-03T12:06:00+00:00,ETHUSDT,LONG_SPOT_SHORT_PERP,3301.85,3300.45,-4.240047246241019,0.0001,0.0001,2024-07-03T16:00:00+00:00,234.0,-19.24004724624102,0.21915637095604654,FLAT,False,False,False,
2024-07-03T12:07:00+00:00,ETHUSDT,LONG_SPOT_SHORT_PERP,3298.48,3297.2,-3.880575295288133,0.0001,0.0001,2024-07-03T16:00:00+00:00,233.0,-18.880575295288132,0.22147472740894436,FLAT,False,False,False,
2024-07-03T12:08:00+00:00,ETHUSDT,LONG_SPOT_SHORT_PERP,3297.61,3296.0,-4.882323864860087,0.0001,0.0001,2024-07-03T16:00:00+00:00,232.0,-19.882323864860087,0.21518417266397918,FLAT,False,False,False,
2024-07-03T12:09:00+00:00,ETHUSDT,LONG_SPOT_SHORT_PERP,3297.01,3295.67,-4.064288552355454,0.0001,0.0001,2024-07-03T16:00:00+00:00,231.0,-19.064288552355453,0.22028120959928527,FLAT,False,False,False,
2024-07-03T12:10:00+00:00,ETHUSDT,LONG_SPOT_SHORT_PERP,3295.39,3293.81,-4.794576666191034,0.0001,0.0001,2024-07-03T16:00:00+00:00,230.0,-19.794576666191034,0.215714248024373,FLAT,False,False,False,
2024-07-03T12:11:00+00:00,ETHUSDT,LONG_SPOT_SHORT_PERP,3298.06,3296.4,-5.033261978253441,0.0001,0.0001,2024-07-03T16:00:00+00:00,229.0,-20.033261978253442,0.21428153042060485,FLAT,False,False,False,
2024-07-03T12:12:00+00:00,ETHUSDT,LONG_SPOT_SHORT_PERP,3295.25,3293.77,-4.491313253926161,0.0001,0.0001,2024-07-03T16:00:00+00:00,228.0,-19.49131325392616,0.2175767823565255,FLAT,False,False,False,
2024-07-03T12:13:00+00:00,ETHUSDT,LONG_SPOT_SHORT_PERP,3298.2,3296.99,-3.6686677581712344,0.0001,0.0001,2024-07-03T16:00:00+00:00,227.0,-18.668667758171235,0.22287425325437532,FLAT,False,False,False,
2024-07-03T12:14:00+00:00,ETHUSDT,LONG_SPOT_SHORT_PERP,3299.92,3298.64,-3.878881912289389,0.0001,0.0001,2024-07-03T16:00:00+00:00,226.0,-18.87888191228939,0.22148581384814997,FLAT,False,False,False,
2024-07-03T12:15:00+00:00,ETHUSDT,LONG_SPOT_SHORT_PERP,3307.49,3306.65,-2.539690218261252,0.0001,0.0001,2024-07-03T16:00:00+00:00,225.0,-17.539690218261253,0.23075650645568263,FLAT,False,False,False,
2024-07-03T12:16:00+00:00,ETHUSDT,LONG_SPOT_SHORT_PERP,3304.61,3303.23,-4.175984458075565,0.0001,0.0001,2024-07-03T16:00:00+00:00,224.0,-19.175984458075565,0.21956445347959544,FLAT,False,False,False,
2024-07-03T12:17:00+00:00,ETHUSDT,LONG_SPOT_SHORT_PERP,3299.4,3298.24,-3.51579074983424,0.0001,0.0001,2024-07-03T16:00:00+00:00,223.0,-18.51579074983424,0.22389928982298873,FLAT,False,False,False,
2024-07-03T12:18:00+00:00,ETHUSDT,LONG_SPOT_SHORT_PERP,3295.35,3293.98,-4.157373268393012,0.0001,0.0001,2024-07-03T16:00:00+00:00,222.0,-19.157373268393012,0.21968341804506974,FLAT,False,False,False,
2024-07-03T12:19:00+00:00,ETHUSDT,LONG_SPOT_SHORT_PERP,3297.5,3296.0,-4.548900682335102,0.0001,0.0001,2024-07-03T16:00:00+00:00,221.0,-19.548900682335102,0.21721943019708162,FLAT,False,False,False,
2024-07-03T12:20:00+00:00,ETHUSDT,LONG_SPOT_SHORT_PERP,3296.92,3295.73,-3.6094294068404893,0.0001,0.0001,2024-07-03T16:00:00+00:00,220.0,-18.60942940684049,0.22326990698573956,FLAT,False,False,False,
2024-07-03T12:21:00+00:00,ETHUSDT,LONG_SPOT_SHORT_PERP,3295.0,3293.8,-3.6418816388461854,0.0001,0.0001,2024-07-03T16:00:00+00:00,219.0,-18.641881638846186,0.22305291773208324,FLAT,False,False,False,
2024-07-03T12:22:00+00:00,ETHUSDT,LONG_SPOT_SHORT_PERP,3296.4,3295.42,-2.972940177163021,0.0001,0.0001,2024-07-03T16:00:00+00:00,218.0,-17.97294017716302,0.22764521978151298,FLAT,False,False,False,
2024-07-03T12:23:00+00:00,ETHUSDT,LONG_SPOT_SHORT_PERP,3300.18,3299.19,-2.9998363725608352,0.0001,0.0001,2024-07-03T16:00:00+00:00,217.0,-17.999836372560836,0.22745566875239526,FLAT,False,False,False,
2024-07-03T12:24:00+00:00,ETHUSDT,LONG_SPOT_SHORT_PERP,3301.83,3300.87,-2.9074785800602587,0.0001,0.0001,2024-07-03T16:00:00+00:00,216.0,-17.907478580060257,0.22810830510681357,FLAT,False,False,False,
2024-07-03T12:25:00+00:00,ETHUSDT,LONG_SPOT_SHORT_PERP,3301.69,3300.64,-3.180189539297093,0.0001,0.0001,2024-07-03T16:00:00+00:00,215.0,-18.180189539297093,0.22619535419068026,FLAT,False,False,False,
2024-07-03T12:26:00+00:00,ETHUSDT,LONG_SPOT_SHORT_PERP,3298.28,3297.25,-3.122839783160314,0.0001,0.0001,2024-07-03T16:00:00+00:00,214.0,-18.122839783160313,0.2265940985503601,FLAT,False,False,False,
2024-07-03T12:27:00+00:00,ETHUSDT,LONG_SPOT_SHORT_PERP,3297.0,3295.68,-4.003639672429978,0.0001,0.0001,2024-07-03T16:00:00+00:00,213.0,-19.003639672429976,0.2206732044250992,FLAT,False,False,False,
2024-07-03T12:28:00+00:00,ETHUSDT,LONG_SPOT_SHORT_PERP,3295.71,3294.48,-3.7321244891086236,0.0001,0.0001,2024-07-03T16:00:00+00:00,212.0,-18.732124489108624,0.2224525736863157,FLAT,False,False,False,
2024-07-03T12:29:00+00:00,ETHUSDT,LONG_SPOT_SHORT_PERP,3297.8,3296.87,-2.8200618594223146,0.0001,0.0001,2024-07-03T16:00:00+00:00,211.0,-17.820061859422314,0.2287305746238122,FLAT,False,False,False,
2024-07-03T12:30:00+00:00,ETHUSDT,LONG_SPOT_SHORT_PERP,3299.79,3298.92,-2.6365314156352095,0.0001,0.0001,2024-07-03T16:00:00+00:00,210.0,-17.63653141563521,0.23005152250602287,FLAT,False,False,False,
2024-07-03T12:31:00+00:00,ETHUSDT,LONG_SPOT_SHORT_PERP,3293.59,3292.65,-2.854028582792802,0.0001,0.0001,2024-07-03T16:00:00+00:00,209.0,-17.8540285827928,0.22848825793785066,FLAT,False,False,False,
2024-07-03T12:32:00+00:00,ETHUSDT,LONG_SPOT_SHORT_PERP,3291.8,3290.71,-3.3112582781461373,0.0001,0.0001,2024-07-03T16:00:00+00:00,208.0,-18.311258278146138,0.22529107146327987,FLAT,False,False,False,
2024-07-03T12:33:00+00:00,ETHUSDT,LONG_SPOT_SHORT_PERP,3287.86,3287.12,-2.250704105406667,0.0001,0.0001,2024-07-03T16:00:00+00:00,207.0,-17.25070410540667,0.23289339395846453,FLAT,False,False,False,
2024-07-03T12:34:00+00:00,ETHUSDT,LONG_SPOT_SHORT_PERP,3286.67,3285.72,-2.8904635999363273,0.0001,0.0001,2024-07-03T16:00:00+00:00,206.0,-17.89046359993633,0.22822907750058768,FLAT,False,False,False,
2024-07-03T12:35:00+00:00,ETHUSDT,LONG_SPOT_SHORT_PERP,3288.74,3287.73,-3.071084974792059,0.0001,0.0001,2024-07-03T16:00:00+00:00,205.0,-18.071084974792058,0.2269555549165921,FLAT,False,False,False,
2024-07-03T12:36:00+00:00,ETHUSDT,LONG_SPOT_SHORT_PERP,3287.74,3286.71,-3.132851137862925,0.0001,0.0001,2024-07-03T16:00:00+00:00,204.0,-18.132851137862925,0.22652435589165548,FLAT,False,False,False,
2024-07-03T12:37:00+00:00,ETHUSDT,LONG_SPOT_SHORT_PERP,3287.83,3286.43,-4.258127701250038,0.0001,0.0001,2024-07-03T16:00:00+00:00,203.0,-19.25812770125004,0.2190415931348007,FLAT,False,False,False,
2024-07-03T12:38:00+00:00,ETHUSDT,LONG_SPOT_SHORT_PERP,3286.6,3285.53,-3.255644130711705,0.0001,0.0001,2024-07-03T16:00:00+00:00,202.0,-18.255644130711705,0.2256735808687793,FLAT,False,False,False,
2024-07-03T12:39:00+00:00,ETHUSDT,LONG_SPOT_SHORT_PERP,3284.0,3283.34,-2.009744214372273,0.0001,0.0001,2024-07-03T16:00:00+00:00,201.0,-17.009744214372272,0.2347135668937063,FLAT,False,False,False,
2024-07-03T12:40:00+00:00,ETHUSDT,LONG_SPOT_SHORT_PERP,3284.33,3283.27,-3.2274466938460673,0.0001,0.0001,2024-07-03T16:00:00+00:00,200.0,-18.22744669384607,0.22586818961273017,FLAT,False,False,False,
2024-07-03T12:41:00+00:00,ETHUSDT,LONG_SPOT_SHORT_PERP,3288.21,3287.02,-3.6189902713027897,0.0001,0.0001,2024-07-03T16:00:00+00:00,199.0,-18.61899027130279,0.22320591844752502,FLAT,False,False,False,
2024-07-03T12:42:00+00:00,ETHUSDT,LONG_SPOT_SHORT_PERP,3287.61,3286.63,-2.980888852388264,0.0001,0.0001,2024-07-03T16:00:00+00:00,198.0,-17.980888852388265,0.2275891580742057,FLAT,False,False,False,
2024-07-03T12:43:00+00:00,ETHUSDT,LONG_SPOT_SHORT_PERP,3289.49,3288.74,-2.279988691256092,0.0001,0.0001,2024-07-03T16:00:00+00:00,197.0,-17.279988691256094,0.23267457551763798,FLAT,False,False,False,
2024-07-03T12:44:00+00:00,ETHUSDT,LONG_SPOT_SHORT_PERP,3287.73,3287.21,-1.581638394880303,0.0001,0.0001,2024-07-03T16:00:00+00:00,196.0,-16.581638394880304,0.23803518314376454,FLAT,False,False,False,
2024-07-03T12:45:00+00:00,ETHUSDT,LONG_SPOT_SHORT_PERP,3288.27,3287.36,-2.7674126516370445,0.0001,0.0001,2024-07-03T16:00:00+00:00,195.0,-17.767412651637045,0.22910749873723846,FLAT,False,False,False,
2024-07-03T12:46:00+00:00,ETHUSDT,LONG_SPOT_SHORT_PERP,3289.51,3288.95,-1.7023812057127055,0.0001,0.0001,2024-07-03T16:00:00+00:00,194.0,-16.702381205712705,0.23708686412156793,FLAT,False,False,False,
2024-07-03T12:47:00+00:00,ETHUSDT,LONG_SPOT_SHORT_PERP,3283.83,3282.94,-2.710249921585078,0.0001,0.0001,2024-07-03T16:00:00+00:00,193.0,-17.710249921585078,0.22951856868736134,FLAT,False,False,False,
2024-07-03T12:48:00+00:00,ETHUSDT,LONG_SPOT_SHORT_PERP,3279.99,3279.12,-2.6524471111189087,0.0001,0.0001,2024-07-03T16:00:00+00:00,192.0,-17.65244711111891,0.22993618848140418,FLAT,False,False,False,
2024-07-03T12:49:00+00:00,ETHUSDT,LONG_SPOT_SHORT_PERP,3283.13,3282.62,-1.5533956925257857,0.0001,0.0001,2024-07-03T16:00:00+00:00,191.0,-16.553395692525786,0.2382583166262439,FLAT,False,False,False,
2024-07-03T12:50:00+00:00,ETHUSDT,LONG_SPOT_SHORT_PERP,3281.52,3281.08,-1.340842048806817,0.0001,0.0001,2024-07-03T16:00:00+00:00,190.0,-16.340842048806817,0.23995370435010394,FLAT,False,False,False,
2024-07-03T12:51:00+00:00,ETHUSDT,LONG_SPOT_SHORT_PERP,3285.15,3285.0,-0.4566001552443296,0.0001,0.0001,2024-07-03T16:00:00+00:00,189.0,-15.45660015524433,0.24731790049932853,FLAT,False,False,False,
2024-07-03T12:52:00+00:00,ETHUSDT,LONG_SPOT_SHORT_PERP,3285.32,3284.99,-1.004468362291594,0.0001,0.0001,2024-07-03T16:00:00+00:00,188.0,-16.004468362291593,0.24269538886571618,FLAT,False,False,False,
2024-07-03T12:53:00+00:00,ETHUSDT,LONG_SPOT_SHORT_PERP,3290.39,3290.0,-1.185269831235424,0.0001,0.0001,2024-07-03T16:00:00+00:00,187.0,-16.185269831235424,0.24121273062164758,FLAT,False,False,False,
2024-07-03T12:54:00+00:00,ETHUSDT,LONG_SPOT_SHORT_PERP,3286.47,3285.77,-2.129944895282227,0.0001,0.0001,2024-07-03T16:00:00+00:00,186.0,-17.12994489528223,0.23380118862165708,FLAT,False,False,False,
2024-07-03T12:55:00+00:00,ETHUSDT,LONG_SPOT_SHORT_PERP,3289.09,3288.71,-1.1553347582465336,0.0001,0.0001,2024-07-03T16:00:00+00:00,185.0,-16.155334758246532,0.2414567629635198,FLAT,False,False,False,
2024-07-03T12:56:00+00:00,ETHUSDT,LONG_SPOT_SHORT_PERP,3291.41,3290.71,-2.126748110991393,0.0001,0.0001,2024-07-03T16:00:00+00:00,184.0,-17.126748110991393,0.23382533999262314,FLAT,False,False,False,
2024-07-03T12:57:00+00:00,ETHUSDT,LONG_SPOT_SHORT_PERP,3290.52,3290.0,-1.5802973390223485,0.0001,0.0001,2024-07-03T16:00:00+00:00,183.0,-16.580297339022348,0.23804576695830193,FLAT,False,False,False,
2024-07-03T12:58:00+00:00,ETHUSDT,LONG_SPOT_SHORT_PERP,3289.03,3288.5,-1.6114173479725027,0.0001,0.0001,2024-07-03T16:00:00+00:00,182.0,-16.611417347972502,0.23780045293930402,FLAT,False,False,False,
2024-07-03T12:59:00+00:00,ETHUSDT,LONG_SPOT_SHORT_PERP,3290.13,3288.99,-3.4649086814208783,0.0001,0.0001,2024-07-03T16:00:00+00:00,181.0,-18.46490868142088,0.22424333618516268,FLAT,False,False,False,
2024-07-03T13:00:00+00:00,ETHUSDT,LONG_SPOT_SHORT_PERP,3288.61,3288.25,-1.0946874211296789,0.0001,0.0001,2024-07-03T16:00:00+00:00,180.0,-16.094687421129677,0.2419529237298627,FLAT,False,False,False,
2024-07-03T13:01:00+00:00,ETHUSDT,LONG_SPOT_SHORT_PERP,3285.74,3285.11,-1.9173762987931315,0.0001,0.0001,2024-07-03T16:00:00+00:00,179.0,-16.91737629879313,0.23542067371085207,FLAT,False,False,False,
2024-07-03T13:02:00+00:00,ETHUSDT,LONG_SPOT_SHORT_PERP,3287.29,3286.76,-1.6122702895082128,0.0001,0.0001,2024-07-03T16:00:00+00:00,178.0,-16.612270289508213,0.23779373786093283,FLAT,False,False,False,
2024-07-03T13:03:00+00:00,ETHUSDT,LONG_SPOT_SHORT_PERP,3285.67,3284.88,-2.404380232950855,0.0001,0.0001,2024-07-03T16:00:00+00:00,177.0,-17.404380232950857,0.23175083995322152,FLAT,False,False,False,
2024-07-03T13:04:00+00:00,ETHUSDT,LONG_SPOT_SHORT_PERP,3284.81,3284.23,-1.7657033435721619,0.0001,0.0001,2024-07-03T16:00:00+00:00,176.0,-16.765703343572163,0.23659315511708692,FLAT,False,False,False,
2024-07-03T13:05:00+00:00,ETHUSDT,LONG_SPOT_SHORT_PERP,3285.61,3285.05,-1.7044019223217162,0.0001,0.0001,2024-07-03T16:00:00+00:00,175.0,-16.704401922321715,0.23707107058673893,FLAT,False,False,False,
2024-07-03T13:06:00+00:00,ETHUSDT,LONG_SPOT_SHORT_PERP,3281.79,3281.12,-2.0415687780146587,0.0001,0.0001,2024-07-03T16:00:00+00:00,174.0,-17.041568778014657,0.23447114759782084,FLAT,False,False,False,
2024-07-03T13:07:00+00:00,ETHUSDT,LONG_SPOT_SHORT_PERP,3281.27,3280.57,-2.133320330237433,0.0001,0.0001,2024-07-03T16:00:00+00:00,173.0,-17.13332033023743,0.2337756942902996,FLAT,False,False,False,
2024-07-03T13:08:00+00:00,ETHUSDT,LONG_SPOT_SHORT_PERP,3286.1,3285.55,-1.6737165637069085,0.0001,0.0001,2024-07-03T16:00:00+00:00,172.0,-16.673716563706908,0.23731117494291554,FLAT,False,False,False,
2024-07-03T13:09:00+00:00,ETHUSDT,LONG_SPOT_SHORT_PERP,3290.59,3290.12,-1.428315286925003,0.0001,0.0001,2024-07-03T16:00:00+00:00,171.0,-16.428315286925002,0.23925254332544238,FLAT,False,False,False,
2024-07-03T13:10:00+00:00,ETHUSDT,LONG_SPOT_SHORT_PERP,3298.39,3297.62,-2.334472272836086,0.0001,0.0001,2024-07-03T16:00:00+00:00,170.0,-17.334472272836088,0.23226883786976316,FLAT,False,False,False,
2024-07-03T13:11:00+00:00,ETHUSDT,LONG_SPOT_SHORT_PERP,3300.84,3300.05,-2.3933301826200712,0.0001,0.0001,2024-07-03T16:00:00+00:00,169.0,-17.393330182620073,0.23183252328438197,FLAT,False,False,False,
2024-07-03T13:12:00+00:00,ETHUSDT,LONG_SPOT_SHORT_PERP,3300.92,3300.39,-1.60561298062419,0.0001,0.0001,2024-07-03T16:00:00+00:00,168.0,-16.60561298062419,0.23784616190649044,FLAT,False,False,False,
2024-07-03T13:13:00+00:00,ETHUSDT,LONG_SPOT_SHORT_PERP,3304.19,3303.79,-1.2105841371110346,0.0001,0.0001,2024-07-03T16:00:00+00:00,167.0,-16.210584137111034,0.24100681426066667,FLAT,False,False,False,
2024-07-03T13:14:00+00:00,ETHUSDT,LONG_SPOT_SHORT_PERP,3302.95,3302.62,-0.9991068590197467,0.0001,0.0001,2024-07-03T16:00:00+00:00,166.0,-15.999106859019747,0.24273967700267313,FLAT,False,False,False,
2024-07-03T13:15:00+00:00,ETHUSDT,LONG_SPOT_SHORT_PERP,3303.01,3302.51,-1.5137707727194285,0.0001,0.0001,2024-07-03T16:00:00+00:00,165.0,-16.51377077271943,0.23857221896891664,FLAT,False,False,False,
2024-07-03T13:16:00+00:00,ETHUSDT,LONG_SPOT_SHORT_PERP,3304.18,3303.15,-3.11726358733406,0.0001,0.0001,2024-07-03T16:00:00+00:00,164.0,-18.117263587334058,0.22663296914151962,FLAT,False,False,False,
2024-07-03T13:17:00+00:00,ETHUSDT,LONG_SPOT_SHORT_PERP,3306.04,3305.01,-3.1155097941940975,0.0001,0.0001,2024-07-03T16:00:00+00:00,163.0,-18.115509794194097,0.2266451981702134,FLAT,False,False,False,
2024-07-03T13:18:00+00:00,ETHUSDT,LONG_SPOT_SHORT_PERP,3304.45,3303.37,-3.2683199927368465,0.0001,0.0001,2024-07-03T16:00:00+00:00,162.0,-18.268319992736846,0.22558624338045444,FLAT,False,False,False,
2024-07-03T13:19:00+00:00,ETHUSDT,LONG_SPOT_SHORT_PERP,3303.07,3302.28,-2.3917143748087795,0.0001,0.0001,2024-07-03T16:00:00+00:00,161.0,-17.391714374808778,0.2318444736437916,FLAT,False,False,False,
2024-07-03T13:20:00+00:00,ETHUSDT,LONG_SPOT_SHORT_PERP,3305.47,3304.94,-1.6034028443753696,0.0001,0.0001,2024-07-03T16:00:00+00:00,160.0,-16.60340284437537,0.2378635721011471,FLAT,False,False,False,
2024-07-03T13:21:00+00:00,ETHUSDT,LONG_SPOT_SHORT_PERP,3304.86,3304.33,-1.6036987951084163,0.0001,0.0001,2024-07-03T16:00:00+00:00,159.0,-16.603698795108418,0.2378612405928135,FLAT,False,False,False,
2024-07-03T13:22:00+00:00,ETHUSDT,LONG_SPOT_SHORT_PERP,3304.81,3304.0,-2.450972975753358,0.0001,0.0001,2024-07-03T16:00:00+00:00,158.0,-17.45097297575336,0.23140722146813925,FLAT,False,False,False,
2024-07-03T13:23:00+00:00,ETHUSDT,LONG_SPOT_SHORT_PERP,3306.36,3305.48,-2.661537158688434,0.0001,0.0001,2024-07-03T16:00:00+00:00,157.0,-17.661537158688432,0.22987038375031513,FLAT,False,False,False,
2024-07-03T13:24:00+00:00,ETHUSDT,LONG_SPOT_SHORT_PERP,3304.92,3304.2,-2.1785701318042636,0.0001,0.0001,2024-07-03T16:00:00+00:00,156.0,-17.178570131804264,0.23343459345006812,FLAT,False,False,False,
2024-07-03T13:25:00+00:00,ETHUSDT,LONG_SPOT_SHORT_PERP,3305.84,3304.84,-3.024949785833555,0.0001,0.0001,2024-07-03T16:00:00+00:00,155.0,-18.024949785833556,0.2272790578572641,FLAT,False,False,False,
2024-07-03T13:26:00+00:00,ETHUSDT,LONG_SPOT_SHORT_PERP,3304.74,3303.71,-3.116735355881992,0.0001,0.0001,2024-07-03T16:00:00+00:00,154.0,-18.116735355881993,0.22663665226296584,FLAT,False,False,False,
2024-07-03T13:27:00+00:00,ETHUSDT,LONG_SPOT_SHORT_PERP,3306.63,3305.87,-2.298412583204708,0.0001,0.0001,2024-07-03T16:00:00+00:00,153.0,-17.29841258320471,0.2325371739251526,FLAT,False,False,False,
2024-07-03T13:28:00+00:00,ETHUSDT,LONG_SPOT_SHORT_PERP,3306.56,3306.2,-1.0887447982196825,0.0001,0.0001,2024-07-03T16:00:00+00:00,152.0,-16.088744798219683,0.24200166783351776,FLAT,False,False,False,
2024-07-03T13:29:00+00:00,ETHUSDT,LONG_SPOT_SHORT_PERP,3307.53,3306.59,-2.8419999213916562,0.0001,0.0001,2024-07-03T16:00:00+00:00,151.0,-17.841999921391658,0.22857399301944603,FLAT,False,False,False,
2024-07-03T13:30:00+00:00,ETHUSDT,LONG_SPOT_SHORT_PERP,3309.54,3308.68,-2.598548438756224,0.0001,0.0001,2024-07-03T16:00:00+00:00,150.0,-17.598548438756225,0.23032737109260978,FLAT,False,False,False,
2024-07-03T13:31:00+00:00,ETHUSDT,LONG_SPOT_SHORT_PERP,3306.41,3305.93,-1.4517255875708643,0.0001,0.0001,2024-07-03T16:00:00+00:00,149.0,-16.451725587570863,0.23906571291391077,FLAT,False,False,False,
2024-07-03T13:32:00+00:00,ETHUSDT,LONG_SPOT_SHORT_PERP,3306.67,3306.03,-1.935481919876712,0.0001,0.0001,2024-07-03T16:00:00+00:00,148.0,-16.93548191987671,0.23528165735431672,FLAT,False,False,False,
2024-07-03T13:33:00+00:00,ETHUSDT,LONG_SPOT_SHORT_PERP,3303.21,3302.58,-1.9072356889211075,0.0001,0.0001,2024-07-03T16:00:00+00:00,147.0,-16.90723568892111,0.23549862200822008,FLAT,False,False,False,
2024-07-03T13:34:00+00:00,ETHUSDT,LONG_SPOT_SHORT_PERP,3304.6,3304.0,-1.815650910851265,0.0001,0.0001,2024-07-03T16:00:00+00:00,146.0,-16.815650910851264,0.23620547692416555,FLAT,False,False,False,
2024-07-03T13:35:00+00:00,ETHUSDT,LONG_SPOT_SHORT_PERP,3305.84,3305.03,-2.450209326525014,0.0001,0.0001,2024-07-03T16:00:00+00:00,145.0,-17.450209326525012,0.231412842908782,FLAT,False,False,False,
2024-07-03T13:36:00+00:00,ETHUSDT,LONG_SPOT_SHORT_PERP,3307.53,3307.01,-1.5721701692803445,0.0001,0.0001,2024-07-03T16:00:00+00:00,144.0,-16.572170169280344,0.23810993188301338,FLAT,False,False,False,
2024-07-03T13:37:00+00:00,ETHUSDT,LONG_SPOT_SHORT_PERP,3310.43,3309.75,-2.054113816029447,0.0001,0.0001,2024-07-03T16:00:00+00:00,143.0,-17.054113816029446,0.23437575718169093,FLAT,False,False,False,
2024-07-03T13:38:00+00:00,ETHUSDT,LONG_SPOT_SHORT_PERP,3310.69,3309.47,-3.6850324252655935,0.0001,0.0001,2024-07-03T16:00:00+00:00,142.0,-18.685032425265593,0.22276529522366328,FLAT,False,False,False,
2024-07-03T13:39:00+00:00,ETHUSDT,LONG_SPOT_SHORT_PERP,3312.12,3311.05,-3.2305592792522884,0.0001,0.0001,2024-07-03T16:00:00+00:00,141.0,-18.23055927925229,0.22584668550324882,FLAT,False,False,False,
2024-07-03T13:40:00+00:00,ETHUSDT,LONG_SPOT_SHORT_PERP,3312.28,3311.0,-3.8644075983920443,0.0001,0.0001,2024-07-03T16:00:00+00:00,140.0,-18.864407598392045,0.22158063973200454,FLAT,False,False,False,
2024-07-03T13:41:00+00:00,ETHUSDT,LONG_SPOT_SHORT_PERP,3311.57,3310.24,-4.016221912870276,0.0001,0.0001,2024-07-03T16:00:00+00:00,139.0,-19.016221912870275,0.22059171792541063,FLAT,False,False,False,
2024-07-03T13:42:00+00:00,ETHUSDT,LONG_SPOT_SHORT_PERP,3310.78,3309.75,-3.111049359970158,0.0001,0.0001,2024-07-03T16:00:00+00:00,138.0,-18.11104935997016,0.2266763082655046,FLAT,False,False,False,
2024-07-03T13:43:00+00:00,ETHUSDT,LONG_SPOT_SHORT_PERP,3309.93,3308.61,-3.987999746217319,0.0001,0.0001,2024-07-03T16:00:00+00:00,137.0,-18.98799974621732,0.2207746126806195,FLAT,False,False,False,
2024-07-03T13:44:00+00:00,ETHUSDT,LONG_SPOT_SHORT_PERP,3313.31,3312.38,-2.806860812902615,0.0001,0.0001,2024-07-03T16:00:00+00:00,136.0,-17.806860812902613,0.22882493127662723,FLAT,False,False,False,
2024-07-03T13:45:00+00:00,ETHUSDT,LONG_SPOT_SHORT_PERP,3309.47,3308.45,-3.0820644997536824,0.0001,0.0001,2024-07-03T16:00:00+00:00,135.0,-18.08206449975368,0.2268787456149946,FLAT,False,False,False,
2024-07-03T13:46:00+00:00,ETHUSDT,LONG_SPOT_SHORT_PERP,3312.64,3311.97,-2.0225560278209307,0.0001,0.0001,2024-07-03T16:00:00+00:00,134.0,-17.02255602782093,0.23461590032964563,FLAT,False,False,False,
2024-07-03T13:47:00+00:00,ETHUSDT,LONG_SPOT_SHORT_PERP,3310.31,3309.08,-3.715664091882688,0.0001,0.0001,2024-07-03T16:00:00+00:00,133.0,-18.715664091882687,0.22256174250060773,FLAT,False,False,False,
2024-07-03T13:48:00+00:00,ETHUSDT,LONG_SPOT_SHORT_PERP,3309.61,3308.54,-3.2330093273834795,0.0001,0.0001,2024-07-03T16:00:00+00:00,132.0,-18.233009327383478,0.22582976257288462,FLAT,False,False,False,
2024-07-03T13:49:00+00:00,ETHUSDT,LONG_SPOT_SHORT_PERP,3311.37,3310.52,-2.566913392341868,0.0001,0.0001,2024-07-03T16:00:00+00:00,131.0,-17.566913392341867,0.23055776779093323,FLAT,False,False,False,
2024-07-03T13:50:00+00:00,ETHUSDT,LONG_SPOT_SHORT_PERP,3309.2,3308.03,-3.535597727546289,0.0001,0.0001,2024-07-03T16:00:00+00:00,130.0,-18.53559772754629,0.22376575260636686,FLAT,False,False,False,
2024-07-03T13:51:00+00:00,ETHUSDT,LONG_SPOT_SHORT_PERP,3313.19,3312.0,-3.591704671329005,0.0001,0.0001,2024-07-03T16:00:00+00:00,129.0,-18.591704671329005,0.2233886683411663,FLAT,False,False,False,
2024-07-03T13:52:00+00:00,ETHUSDT,LONG_SPOT_SHORT_PERP,3314.63,3313.8,-2.5040502258168402,0.0001,0.0001,2024-07-03T16:00:00+00:00,128.0,-17.50405022581684,0.2310173540777519,FLAT,False,False,False,
2024-07-03T13:53:00+00:00,ETHUSDT,LONG_SPOT_SHORT_PERP,3316.78,3315.6,-3.5576673761910373,0.0001,0.0001,2024-07-03T16:00:00+00:00,127.0,-18.557667376191038,0.2236172178738777,FLAT,False,False,False,
2024-07-03T13:54:00+00:00,ETHUSDT,LONG_SPOT_SHORT_PERP,3316.89,3315.47,-4.2811187588375645,0.0001,0.0001,2024-07-03T16:00:00+00:00,126.0,-19.281118758837565,0.21889589278302768,FLAT,False,False,False,
2024-07-03T13:55:00+00:00,ETHUSDT,LONG_SPOT_SHORT_PERP,3318.81,3317.66,-3.4650974295006067,0.0001,0.0001,2024-07-03T16:00:00+00:00,125.0,-18.465097429500606,0.2242420572656088,FLAT,False,False,False,
2024-07-03T13:56:00+00:00,ETHUSDT,LONG_SPOT_SHORT_PERP,3319.61,3318.61,-3.0124020592780476,0.0001,0.0001,2024-07-03T16:00:00+00:00,124.0,-18.01240205927805,0.2273672548034488,FLAT,False,False,False,
2024-07-03T13:57:00+00:00,ETHUSDT,LONG_SPOT_SHORT_PERP,3317.0,3315.73,-3.828760928549839,0.0001,0.0001,2024-07-03T16:00:00+00:00,123.0,-18.82876092854984,0.2218146597164662,FLAT,False,False,False,
2024-07-03T13:58:00+00:00,ETHUSDT,LONG_SPOT_SHORT_PERP,3317.61,3316.16,-4.3706161966001815,0.0001,0.0001,2024-07-03T16:00:00+00:00,122.0,-19.37061619660018,0.2183313904806104,FLAT,False,False,False,
2024-07-03T13:59:00+00:00,ETHUSDT,LONG_SPOT_SHORT_PERP,3317.77,3316.6,-3.5264650653905263,0.0001,0.0001,2024-07-03T16:00:00+00:00,121.0,-18.526465065390525,0.2238272972041036,FLAT,False,False,False,
2024-07-03T14:00:00+00:00,ETHUSDT,LONG_SPOT_SHORT_PERP,3316.75,3315.52,-3.708449536443863,0.0001,0.0001,2024-07-03T16:00:00+00:00,120.0,-18.70844953644386,0.22260963794158137,FLAT,False,False,False,
2024-07-03T14:01:00+00:00,ETHUSDT,LONG_SPOT_SHORT_PERP,3316.05,3314.82,-3.709232369837663,0.0001,0.0001,2024-07-03T16:00:00+00:00,119.0,-18.709232369837665,0.222604439540958,FLAT,False,False,False,
2024-07-03T14:02:00+00:00,ETHUSDT,LONG_SPOT_SHORT_PERP,3315.0,3313.62,-4.162895927602139,0.0001,0.0001,2024-07-03T16:00:00+00:00,118.0,-19.16289592760214,0.21964809734196147,FLAT,False,False,False,
2024-07-03T14:03:00+00:00,ETHUSDT,LONG_SPOT_SHORT_PERP,3311.61,3310.33,-3.865189439578332,0.0001,0.0001,2024-07-03T16:00:00+00:00,117.0,-18.86518943957833,0.2215755147221444,FLAT,False,False,False,
2024-07-03T14:04:00+00:00,ETHUSDT,LONG_SPOT_SHORT_PERP,3314.35,3313.02,-4.012853198967904,0.0001,0.0001,2024-07-03T16:00:00+00:00,116.0,-19.012853198967903,0.22061352638401233,FLAT,False,False,False,
2024-07-03T14:05:00+00:00,ETHUSDT,LONG_SPOT_SHORT_PERP,3313.44,3312.9,-1.6297262059972826,0.0001,0.0001,2024-07-03T16:00:00+00:00,115.0,-16.629726205997283,0.23765640988239234,FLAT,False,False,False,
2024-07-03T14:06:00+00:00,ETHUSDT,LONG_SPOT_SHORT_PERP,3320.43,3319.62,-2.4394430841786923,0.0001,0.0001,2024-07-03T16:00:00+00:00,114.0,-17.43944308417869,0.2314921332470467,FLAT,False,False,False,
2024-07-03T14:07:00+00:00,ETHUSDT,LONG_SPOT_SHORT_PERP,3320.6,3319.15,-4.366680720351196,0.0001,0.0001,2024-07-03T16:00:00+00:00,113.0,-19.366680720351198,0.21835612440440066,FLAT,False,False,False,
2024-07-03T14:08:00+00:00,ETHUSDT,LONG_SPOT_SHORT_PERP,3319.6,3317.93,-5.030726593565709,0.0001,0.0001,2024-07-03T16:00:00+00:00,112.0,-20.03072659356571,0.21429659735286177,FLAT,False,False,False,
2024-07-03T14:09:00+00:00,ETHUSDT,LONG_SPOT_SHORT_PERP,3318.04,3316.73,-3.9481139467876982,0.0001,0.0001,2024-07-03T16:00:00+00:00,111.0,-18.9481139467877,0.22103382872039748,FLAT,False,False,False,
2024-07-03T14:10:00+00:00,ETHUSDT,LONG_SPOT_SHORT_PERP,3320.28,3318.85,-4.306865686027356,0.0001,0.0001,2024-07-03T16:00:00+00:00,110.0,-19.306865686027358,0.21873306058295397,FLAT,False,False,False,
2024-07-03T14:11:00+00:00,ETHUSDT,LONG_SPOT_SHORT_PERP,3318.25,3316.7,-4.671136894447923,0.0001,0.0001,2024-07-03T16:00:00+00:00,109.0,-19.671136894447923,0.21646662664109384,FLAT,False,False,False,
2024-07-03T14:12:00+00:00,ETHUSDT,LONG_SPOT_SHORT_PERP,3317.38,3316.02,-4.0996207850777635,0.0001,0.0001,2024-07-03T16:00:00+00:00,108.0,-19.099620785077764,0.22005375797101917,FLAT,False,False,False,
2024-07-03T14:13:00+00:00,ETHUSDT,LONG_SPOT_SHORT_PERP,3319.06,3317.58,-4.459093839822173,0.0001,0.0001,2024-07-03T16:00:00+00:00,107.0,-19.459093839822174,0.21777747264849942,FLAT,False,False,False,
2024-07-03T14:14:00+00:00,ETHUSDT,LONG_SPOT_SHORT_PERP,3319.15,3318.15,-3.012819547173222,0.0001,0.0001,2024-07-03T16:00:00+00:00,106.0,-18.012819547173223,0.22736431885893094,FLAT,False,False,False,
2024-07-03T14:15:00+00:00,ETHUSDT,LONG_SPOT_SHORT_PERP,3319.23,3318.01,-3.6755512573693294,0.0001,0.0001,2024-07-03T16:00:00+00:00,105.0,-18.675551257369328,0.22282840403847176,FLAT,False,False,False,
2024-07-03T14:16:00+00:00,ETHUSDT,LONG_SPOT_SHORT_PERP,3320.81,3319.51,-3.914707556288156,0.0001,0.0001,2024-07-03T16:00:00+00:00,104.0,-18.914707556288157,0.2212515990116201,FLAT,False,False,False,
2024-07-03T14:17:00+00:00,ETHUSDT,LONG_SPOT_SHORT_PERP,3322.94,3321.42,-4.5742625506328185,0.0001,0.0001,2024-07-03T16:00:00+00:00,103.0,-19.574262550632817,0.21706259859660482,FLAT,False,False,False,
2024-07-03T14:18:00+00:00,ETHUSDT,LONG_SPOT_SHORT_PERP,3322.39,3321.07,-3.9730435018155874,0.0001,0.0001,2024-07-03T16:00:00+00:00,102.0,-18.97304350181559,0.2208717117154556,FLAT,False,False,False,
2024-07-03T14:19:00+00:00,ETHUSDT,LONG_SPOT_SHORT_PERP,3323.62,3322.34,-3.851222462254245,0.0001,0.0001,2024-07-03T16:00:00+00:00,101.0,-18.851222462254245,0.22166711919591792,FLAT,False,False,False,
2024-07-03T14:20:00+00:00,ETHUSDT,LONG_SPOT_SHORT_PERP,3324.44,3323.23,-3.6397107482765105,0.0001,0.0001,2024-07-03T16:00:00+00:00,100.0,-18.63971074827651,0.22306741502955063,FLAT,False,False,False,
2024-07-03T14:21:00+00:00,ETHUSDT,LONG_SPOT_SHORT_PERP,3324.73,3323.07,-4.992886640418484,0.0001,0.0001,2024-07-03T16:00:00+00:00,99.0,-19.992886640418483,0.2145218530088789,FLAT,False,False,False,
2024-07-03T14:22:00+00:00,ETHUSDT,LONG_SPOT_SHORT_PERP,3324.05,3322.5,-4.6629864171723705,0.0001,0.0001,2024-07-03T16:00:00+00:00,98.0,-19.66298641717237,0.2165165811346113,FLAT,False,False,False,
2024-07-03T14:23:00+00:00,ETHUSDT,LONG_SPOT_SHORT_PERP,3324.86,3323.69,-3.5189451585933624,0.0001,0.0001,2024-07-03T16:00:00+00:00,97.0,-18.51894515859336,0.22387800839316793,FLAT,False,False,False,
2024-07-03T14:24:00+00:00,ETHUSDT,LONG_SPOT_SHORT_PERP,3325.41,3323.87,-4.631007905791958,0.0001,0.0001,2024-07-03T16:00:00+00:00,96.0,-19.631007905791957,0.216712910288315,FLAT,False,False,False,
2024-07-03T14:25:00+00:00,ETHUSDT,LONG_SPOT_SHORT_PERP,3322.2,3320.84,-4.093672867376054,0.0001,0.0001,2024-07-03T16:00:00+00:00,95.0,-19.093672867376053,0.22009200079910485,FLAT,False,False,False,
2024-07-03T14:26:00+00:00,ETHUSDT,LONG_SPOT_SHORT_PERP,3320.57,3319.23,-4.035451744731011,0.0001,0.0001,2024-07-03T16:00:00+00:00,94.0,-19.035451744731013,0.22046734463572873,FLAT,False,False,False,
2024-07-03T14:27:00+00:00,ETHUSDT,LONG_SPOT_SHORT_PERP,3318.41,3316.98,-4.309292703432777,0.0001,0.0001,2024-07-03T16:00:00+00:00,93.0,-19.309292703432778,0.2187177294264808,FLAT,False,False,False,
2024-07-03T14:28:00+00:00,ETHUSDT,LONG_SPOT_SHORT_PERP,3317.37,3316.36,-3.044580495994609,0.0001,0.0001,2024-07-03T16:00:00+00:00,92.0,-18.04458049599461,0.227141256713369,FLAT,False,False,False,
2024-07-03T14:29:00+00:00,ETHUSDT,LONG_SPOT_SHORT_PERP,3317.12,3316.09,-3.1051032220713912,0.0001,0.0001,2024-07-03T16:00:00+00:00,91.0,-18.105103222071392,0.22671779835630726,FLAT,False,False,False,
2024-07-03T14:30:00+00:00,ETHUSDT,LONG_SPOT_SHORT_PERP,3318.85,3317.74,-3.3445319915034646,0.0001,0.0001,2024-07-03T16:00:00+00:00,90.0,-18.344531991503466,0.22506305308050978,FLAT,False,False,False,
2024-07-03T14:31:00+00:00,ETHUSDT,LONG_SPOT_SHORT_PERP,3318.93,3317.8,-3.4047117595118137,0.0001,0.0001,2024-07-03T16:00:00+00:00,89.0,-18.404711759511812,0.22465223626181258,FLAT,False,False,False,
2024-07-03T14:32:00+00:00,ETHUSDT,LONG_SPOT_SHORT_PERP,3319.66,3318.04,-4.88001783315126,0.0001,0.0001,2024-07-03T16:00:00+00:00,88.0,-19.88001783315126,0.2151980529576369,FLAT,False,False,False,
2024-07-03T14:33:00+00:00,ETHUSDT,LONG_SPOT_SHORT_PERP,3319.4,3318.48,-2.7715852262459264,0.0001,0.0001,2024-07-03T16:00:00+00:00,87.0,-17.771585226245925,0.22907756762068893,FLAT,False,False,False,
2024-07-03T14:34:00+00:00,ETHUSDT,LONG_SPOT_SHORT_PERP,3318.73,3317.8,-2.8022767745488073,0.0001,0.0001,2024-07-03T16:00:00+00:00,86.0,-17.802276774548808,0.22885772018647754,FLAT,False,False,False,
2024-07-03T14:35:00+00:00,ETHUSDT,LONG_SPOT_SHORT_PERP,3316.6,3315.14,-4.402098534644022,0.0001,0.0001,2024-07-03T16:00:00+00:00,85.0,-19.402098534644022,0.21813382217000232,FLAT,False,False,False,
2024-07-03T14:36:00+00:00,ETHUSDT,LONG_SPOT_SHORT_PERP,3314.67,3313.32,-4.072803627510156,0.0001,0.0001,2024-07-03T16:00:00+00:00,84.0,-19.072803627510154,0.22022633233372177,FLAT,False,False,False,
2024-07-03T14:37:00+00:00,ETHUSDT,LONG_SPOT_SHORT_PERP,3314.56,3313.27,-3.8919192894380057,0.0001,0.0001,2024-07-03T16:00:00+00:00,83.0,-18.891919289438007,0.22140049947232615,FLAT,False,False,False,
2024-07-03T14:38:00+00:00,ETHUSDT,LONG_SPOT_SHORT_PERP,3314.09,3312.58,-4.556303540339032,0.0001,0.0001,2024-07-03T16:00:00+00:00,82.0,-19.55630354033903,0.21717361811476696,FLAT,False,False,False,
2024-07-03T14:39:00+00:00,ETHUSDT,LONG_SPOT_SHORT_PERP,3312.42,3311.21,-3.6529184101051086,0.0001,0.0001,2024-07-03T16:00:00+00:00,81.0,-18.65291841010511,0.2229792540101379,FLAT,False,False,False,
2024-07-03T14:40:00+00:00,ETHUSDT,LONG_SPOT_SHORT_PERP,3310.2,3309.1,-3.3230620506311075,0.0001,0.0001,2024-07-03T16:00:00+00:00,80.0,-18.32306205063111,0.22521011099043506,FLAT,False,False,False,
2024-07-03T14:41:00+00:00,ETHUSDT,LONG_SPOT_SHORT_PERP,3309.13,3308.01,-3.3845754019935477,0.0001,0.0001,2024-07-03T16:00:00+00:00,79.0,-18.384575401993548,0.22478947028693458,FLAT,False,False,False,
2024-07-03T14:42:00+00:00,ETHUSDT,LONG_SPOT_SHORT_PERP,3310.83,3309.8,-3.1110023770466784,0.0001,0.0001,2024-07-03T16:00:00+00:00,78.0,-18.111002377046677,0.22667663601683086,FLAT,False,False,False,
2024-07-03T14:43:00+00:00,ETHUSDT,LONG_SPOT_SHORT_PERP,3311.96,3310.92,-3.140134542687604,0.0001,0.0001,2024-07-03T16:00:00+00:00,77.0,-18.140134542687605,0.2264736530652245,FLAT,False,False,False,
2024-07-03T14:44:00+00:00,ETHUSDT,LONG_SPOT_SHORT_PERP,3309.97,3309.13,-2.5377873515460587,0.0001,0.0001,2024-07-03T16:00:00+00:00,76.0,-17.537787351546058,0.23077041444239593,FLAT,False,False,False,
2024-07-03T14:45:00+00:00,ETHUSDT,LONG_SPOT_SHORT_PERP,3310.47,3309.6,-2.6280256277806204,0.0001,0.0001,2024-07-03T16:00:00+00:00,75.0,-17.62802562778062,0.23011322131670853,FLAT,False,False,False,
2024-07-03T14:46:00+00:00,ETHUSDT,LONG_SPOT_SHORT_PERP,3311.88,3311.0,-2.6571011026972866,0.0001,0.0001,2024-07-03T16:00:00+00:00,74.0,-17.657101102697286,0.22990249120765854,FLAT,False,False,False,
2024-07-03T14:47:00+00:00,ETHUSDT,LONG_SPOT_SHORT_PERP,3313.55,3312.5,-3.168806868766676,0.0001,0.0001,2024-07-03T16:00:00+00:00,73.0,-18.168806868766676,0.22627434706613989,FLAT,False,False,False,
2024-07-03T14:48:00+00:00,ETHUSDT,LONG_SPOT_SHORT_PERP,3311.51,3310.34,-3.5331314113503285,0.0001,0.0001,2024-07-03T16:00:00+00:00,72.0,-18.53313141135033,0.2237823684220802,FLAT,False,False,False,
2024-07-03T14:49:00+00:00,ETHUSDT,LONG_SPOT_SHORT_PERP,3313.48,3312.6,-2.655818052319945,0.0001,0.0001,2024-07-03T16:00:00+00:00,71.0,-17.655818052319944,0.22991177987574699,FLAT,False,False,False,
2024-07-03T14:50:00+00:00,ETHUSDT,LONG_SPOT_SHORT_PERP,3315.44,3314.38,-3.1971623675890544,0.0001,0.0001,2024-07-03T16:00:00+00:00,70.0,-18.197162367589055,0.22607770400025815,FLAT,False,False,False,
2024-07-03T14:51:00+00:00,ETHUSDT,LONG_SPOT_SHORT_PERP,3313.6,3312.74,-2.5953645581848366,0.0001,0.0001,2024-07-03T16:00:00+00:00,69.0,-17.595364558184837,0.23035053242339726,FLAT,False,False,False,
2024-07-03T14:52:00+00:00,ETHUSDT,LONG_SPOT_SHORT_PERP,3312.14,3310.98,-3.5022674162319665,0.0001,0.0001,2024-07-03T16:00:00+00:00,68.0,-18.502267416231966,0.22399058877187197,FLAT,False,False,False,
2024-07-03T14:53:00+00:00,ETHUSDT,LONG_SPOT_SHORT_PERP,3309.29,3308.34,-2.87070640530089,0.0001,0.0001,2024-07-03T16:00:00+00:00,67.0,-17.87070640530089,0.22836952468132082,FLAT,False,False,False,
2024-07-03T14:54:00+00:00,ETHUSDT,LONG_SPOT_SHORT_PERP,3308.64,3307.75,-2.6899269790604983,0.0001,0.0001,2024-07-03T16:00:00+00:00,66.0,-17.6899269790605,0.22966517650539864,FLAT,False,False,False,
2024-07-03T14:55:00+00:00,ETHUSDT,LONG_SPOT_SHORT_PERP,3308.33,3307.67,-1.9949642266637684,0.0001,0.0001,2024-07-03T16:00:00+00:00,65.0,-16.994964226663768,0.23482636169867155,FLAT,False,False,False,
2024-07-03T14:56:00+00:00,ETHUSDT,LONG_SPOT_SHORT_PERP,3306.88,3305.99,-2.6913586220253753,0.0001,0.0001,2024-07-03T16:00:00+00:00,64.0,-17.691358622025376,0.2296548408364385,FLAT,False,False,False,
2024-07-03T14:57:00+00:00,ETHUSDT,LONG_SPOT_SHORT_PERP,3307.25,3306.24,-3.053896742006858,0.0001,0.0001,2024-07-03T16:00:00+00:00,63.0,-18.05389674200686,0.2270759371494921,FLAT,False,False,False,
2024-07-03T14:58:00+00:00,ETHUSDT,LONG_SPOT_SHORT_PERP,3308.63,3307.31,-3.9895666786560104,0.0001,0.0001,2024-07-03T16:00:00+00:00,62.0,-18.98956667865601,0.2207644468333342,FLAT,False,False,False,
2024-07-03T14:59:00+00:00,ETHUSDT,LONG_SPOT_SHORT_PERP,3307.07,3305.77,-3.9309721294081523,0.0001,0.0001,2024-07-03T16:00:00+00:00,61.0,-18.930972129408154,0.22114549750258994,FLAT,False,False,False,
2024-07-03T15:00:00+00:00,ETHUSDT,LONG_SPOT_SHORT_PERP,3304.39,3303.33,-3.207853794497458,0.0001,0.0001,2024-07-03T16:00:00+00:00,60.0,-18.20785379449746,0.22600367857709003,FLAT,False,False,False,
2024-07-03T15:01:00+00:00,ETHUSDT,LONG_SPOT_SHORT_PERP,3303.7,3302.93,-2.330720101704095,0.0001,0.0001,2024-07-03T16:00:00+00:00,59.0,-17.330720101704095,0.23229672308165278,FLAT,False,False,False,
2024-07-03T15:02:00+00:00,ETHUSDT,LONG_SPOT_SHORT_PERP,3304.38,3303.43,-2.874972006852338,0.0001,0.0001,2024-07-03T16:00:00+00:00,58.0,-17.87497200685234,0.22833918280748525,FLAT,False,False,False,
2024-07-03T15:03:00+00:00,ETHUSDT,LONG_SPOT_SHORT_PERP,3303.39,3302.0,-4.207798655320361,0.0001,0.0001,2024-07-03T16:00:00+00:00,57.0,-19.20779865532036,0.2193615223272009,FLAT,False,False,False,
2024-07-03T15:04:00+00:00,ETHUSDT,LONG_SPOT_SHORT_PERP,3298.5,3297.4,-3.3348491738666337,0.0001,0.0001,2024-07-03T16:00:00+00:00,56.0,-18.334849173866633,0.22512934316055086,FLAT,False,False,False,
2024-07-03T15:05:00+00:00,ETHUSDT,LONG_SPOT_SHORT_PERP,3294.63,3293.34,-3.9154624343248363,0.0001,0.0001,2024-07-03T16:00:00+00:00,55.0,-18.915462434324837,0.2212466714053044,FLAT,False,False,False,
2024-07-03T15:06:00+00:00,ETHUSDT,LONG_SPOT_SHORT_PERP,3302.98,3301.93,-3.1789474958981945,0.0001,0.0001,2024-07-03T16:00:00+00:00,54.0,-18.178947495898193,0.226203970073934,FLAT,False,False,False,
2024-07-03T15:07:00+00:00,ETHUSDT,LONG_SPOT_SHORT_PERP,3299.28,3298.29,-3.0006546882963447,0.0001,0.0001,2024-07-03T16:00:00+00:00,53.0,-18.000654688296343,0.2274499082008938,FLAT,False,False,False,
2024-07-03T15:08:00+00:00,ETHUSDT,LONG_SPOT_SHORT_PERP,3304.03,3303.51,-1.573835588659854,0.0001,0.0001,2024-07-03T16:00:00+00:00,52.0,-16.573835588659854,0.23809677984064492,FLAT,False,False,False,
2024-07-03T15:09:00+00:00,ETHUSDT,LONG_SPOT_SHORT_PERP,3302.65,3301.61,-3.1489864199959534,0.0001,0.0001,2024-07-03T16:00:00+00:00,51.0,-18.148986419995953,0.22641207220115878,FLAT,False,False,False,
2024-07-03T15:10:00+00:00,ETHUSDT,LONG_SPOT_SHORT_PERP,3306.41,3305.02,-4.203955347340084,0.0001,0.0001,2024-07-03T16:00:00+00:00,50.0,-19.203955347340084,0.21938600871190744,FLAT,False,False,False,
2024-07-03T15:11:00+00:00,ETHUSDT,LONG_SPOT_SHORT_PERP,3307.7,3306.7,-3.023248783142365,0.0001,0.0001,2024-07-03T16:00:00+00:00,49.0,-18.023248783142364,0.22729100876233832,FLAT,False,False,False,
2024-07-03T15:12:00+00:00,ETHUSDT,LONG_SPOT_SHORT_PERP,3309.2,3307.82,-4.170192191465172,0.0001,0.0001,2024-07-03T16:00:00+00:00,48.0,-19.170192191465173,0.21960145837901607,FLAT,False,False,False,
2024-07-03T15:13:00+00:00,ETHUSDT,LONG_SPOT_SHORT_PERP,3307.28,3306.09,-3.5981229288117564,0.0001,0.0001,2024-07-03T16:00:00+00:00,47.0,-18.598122928811755,0.22334564386051048,FLAT,False,False,False,
2024-07-03T15:14:00+00:00,ETHUSDT,LONG_SPOT_SHORT_PERP,3311.4,3310.03,-4.137222926858401,0.0001,0.0001,2024-07-03T16:00:00+00:00,46.0,-19.1372229268584,0.2198124298913417,FLAT,False,False,False,
2024-07-03T15:15:00+00:00,ETHUSDT,LONG_SPOT_SHORT_PERP,3311.01,3309.63,-4.167912510080335,0.0001,0.0001,2024-07-03T16:00:00+00:00,45.0,-19.167912510080335,0.2196160274349861,FLAT,False,False,False,
2024-07-03T15:16:00+00:00,ETHUSDT,LONG_SPOT_SHORT_PERP,3310.37,3309.08,-3.8968453677382398,0.0001,0.0001,2024-07-03T16:00:00+00:00,44.0,-18.89684536773824,0.22136828813482118,FLAT,False,False,False,
2024-07-03T15:17:00+00:00,ETHUSDT,LONG_SPOT_SHORT_PERP,3308.43,3307.61,-2.4785170005099366,0.0001,0.0001,2024-07-03T16:00:00+00:00,43.0,-17.478517000509935,0.23120469389634515,FLAT,False,False,False,
2024-07-03T15:18:00+00:00,ETHUSDT,LONG_SPOT_SHORT_PERP,3310.29,3309.22,-3.2323452023845753,0.0001,0.0001,2024-07-03T16:00:00+00:00,42.0,-18.232345202384575,0.22583434946914438,FLAT,False,False,False,
2024-07-03T15:19:00+00:00,ETHUSDT,LONG_SPOT_SHORT_PERP,3309.09,3308.0,-3.2939569488897114,0.0001,0.0001,2024-07-03T16:00:00+00:00,41.0,-18.29395694888971,0.22540988111515772,FLAT,False,False,False,
2024-07-03T15:20:00+00:00,ETHUSDT,LONG_SPOT_SHORT_PERP,3309.63,3308.5,-3.4142789375250677,0.0001,0.0001,2024-07-03T16:00:00+00:00,40.0,-18.41427893752507,0.22458711346660287,FLAT,False,False,False,
2024-07-03T15:21:00+00:00,ETHUSDT,LONG_SPOT_SHORT_PERP,3314.15,3313.31,-2.534586545570193,0.0001,0.0001,2024-07-03T16:00:00+00:00,39.0,-17.534586545570193,0.23079381385791448,FLAT,False,False,False,
2024-07-03T15:22:00+00:00,ETHUSDT,LONG_SPOT_SHORT_PERP,3315.38,3314.37,-3.0464079532367885,0.0001,0.0001,2024-07-03T16:00:00+00:00,38.0,-18.046407953236788,0.22712843982349293,FLAT,False,False,False,
2024-07-03T15:23:00+00:00,ETHUSDT,LONG_SPOT_SHORT_PERP,3316.86,3315.75,-3.3465385937305983,0.0001,0.0001,2024-07-03T16:00:00+00:00,37.0,-18.3465385937306,0.22504932217813617,FLAT,False,False,False,
2024-07-03T15:24:00+00:00,ETHUSDT,LONG_SPOT_SHORT_PERP,3317.14,3315.99,-3.466841918038102,0.0001,0.0001,2024-07-03T16:00:00+00:00,36.0,-18.466841918038103,0.22423023790020408,FLAT,False,False,False,
2024-07-03T15:25:00+00:00,ETHUSDT,LONG_SPOT_SHORT_PERP,3315.99,3315.17,-2.4728663234801944,0.0001,0.0001,2024-07-03T16:00:00+00:00,35.0,-17.472866323480194,0.23124620580234617,FLAT,False,False,False,
2024-07-03T15:26:00+00:00,ETHUSDT,LONG_SPOT_SHORT_PERP,3314.58,3313.56,-3.0773129627282545,0.0001,0.0001,2024-07-03T16:00:00+00:00,34.0,-18.077312962728254,0.2269119773952839,FLAT,False,False,False,
2024-07-03T15:27:00+00:00,ETHUSDT,LONG_SPOT_SHORT_PERP,3314.11,3312.84,-3.8320997190798787,0.0001,0.0001,2024-07-03T16:00:00+00:00,33.0,-18.832099719079878,0.2217927111505421,FLAT,False,False,False,
2024-07-03T15:28:00+00:00,ETHUSDT,LONG_SPOT_SHORT_PERP,3314.83,3313.91,-2.775406280261952,0.0001,0.0001,2024-07-03T16:00:00+00:00,32.0,-17.77540628026195,0.22905016698100417,FLAT,False,False,False,
2024-07-03T15:29:00+00:00,ETHUSDT,LONG_SPOT_SHORT_PERP,3312.88,3311.45,-4.316485957838168,0.0001,0.0001,2024-07-03T16:00:00+00:00,31.0,-19.316485957838168,0.21867230888346623,FLAT,False,False,False,
2024-07-03T15:30:00+00:00,ETHUSDT,LONG_SPOT_SHORT_PERP,3311.2,3309.99,-3.654264315052055,0.0001,0.0001,2024-07-03T16:00:00+00:00,30.0,-18.654264315052053,0.22297027552040444,FLAT,False,False,False,
2024-07-03T15:31:00+00:00,ETHUSDT,LONG_SPOT_SHORT_PERP,3311.98,3310.64,-4.045918151680099,0.0001,0.0001,2024-07-03T16:00:00+00:00,29.0,-19.045918151680098,0.22039973457583834,FLAT,False,False,False,
2024-07-03T15:32:00+00:00,ETHUSDT,LONG_SPOT_SHORT_PERP,3313.87,3312.8,-3.2288532742675753,0.0001,0.0001,2024-07-03T16:00:00+00:00,28.0,-18.228853274267575,0.2258584712034276,FLAT,False,False,False,
2024-07-03T15:33:00+00:00,ETHUSDT,LONG_SPOT_SHORT_PERP,3312.08,3310.91,-3.5325233690009687,0.0001,0.0001,2024-07-03T16:00:00+00:00,27.0,-18.53252336900097,0.2237864653838305,FLAT,False,False,False,
2024-07-03T15:34:00+00:00,ETHUSDT,LONG_SPOT_SHORT_PERP,3309.01,3307.48,-4.623739426596475,0.0001,0.0001,2024-07-03T16:00:00+00:00,26.0,-19.623739426596476,0.21675760833452926,FLAT,False,False,False,
2024-07-03T15:35:00+00:00,ETHUSDT,LONG_SPOT_SHORT_PERP,3308.76,3307.58,-3.566290695004446,0.0001,0.0001,2024-07-03T16:00:00+00:00,25.0,-18.566290695004447,0.2235592541877316,FLAT,False,False,False,
2024-07-03T15:36:00+00:00,ETHUSDT,LONG_SPOT_SHORT_PERP,3307.8,3306.44,-4.111494044380335,0.0001,0.0001,2024-07-03T16:00:00+00:00,24.0,-19.111494044380336,0.21997747426040748,FLAT,False,False,False,
2024-07-03T15:37:00+00:00,ETHUSDT,LONG_SPOT_SHORT_PERP,3305.99,3305.13,-2.601338782027993,0.0001,0.0001,2024-07-03T16:00:00+00:00,23.0,-17.601338782027995,0.23030707748937063,FLAT,False,False,False,
2024-07-03T15:38:00+00:00,ETHUSDT,LONG_SPOT_SHORT_PERP,3307.2,3306.27,-2.812046444121421,0.0001,0.0001,2024-07-03T16:00:00+00:00,22.0,-17.81204644412142,0.22878785402243484,FLAT,False,False,False,
2024-07-03T15:39:00+00:00,ETHUSDT,LONG_SPOT_SHORT_PERP,3307.73,3306.55,-3.567401208683406,0.0001,0.0001,2024-07-03T16:00:00+00:00,21.0,-18.567401208683407,0.22355179260976435,FLAT,False,False,False,
2024-07-03T15:40:00+00:00,ETHUSDT,LONG_SPOT_SHORT_PERP,3308.13,3306.77,-4.11108390540918,0.0001,0.0001,2024-07-03T16:00:00+00:00,20.0,-19.11108390540918,0.21998010807354326,FLAT,False,False,False,
2024-07-03T15:41:00+00:00,ETHUSDT,LONG_SPOT_SHORT_PERP,3303.24,3302.51,-2.209951441613578,0.0001,0.0001,2024-07-03T16:00:00+00:00,19.0,-17.209951441613576,0.23319876302089237,FLAT,False,False,False,
2024-07-03T15:42:00+00:00,ETHUSDT,LONG_SPOT_SHORT_PERP,3305.85,3304.56,-3.9021734198465254,0.0001,0.0001,2024-07-03T16:00:00+00:00,18.0,-18.902173419846527,0.22133346317397143,FLAT,False,False,False,
2024-07-03T15:43:00+00:00,ETHUSDT,LONG_SPOT_SHORT_PERP,3306.88,3305.75,-3.4171182504357858,0.0001,0.0001,2024-07-03T16:00:00+00:00,17.0,-18.417118250435784,0.22456779643850547,FLAT,False,False,False,
2024-07-03T15:44:00+00:00,ETHUSDT,LONG_SPOT_SHORT_PERP,3305.81,3304.68,-3.418224277862639,0.0001,0.0001,2024-07-03T16:00:00+00:00,16.0,-18.418224277862638,0.22456027289718922,FLAT,False,False,False,
2024-07-03T15:45:00+00:00,ETHUSDT,LONG_SPOT_SHORT_PERP,3305.0,3304.2,-2.4205748865361025,0.0001,0.0001,2024-07-03T16:00:00+00:00,15.0,-17.4205748865361,0.23163125871831092,FLAT,False,False,False,
2024-07-03T15:46:00+00:00,ETHUSDT,LONG_SPOT_SHORT_PERP,3303.49,3302.12,-4.147129248158436,0.0001,0.0001,2024-07-03T16:00:00+00:00,14.0,-19.147129248158436,0.21974897786595604,FLAT,False,False,False,
2024-07-03T15:47:00+00:00,ETHUSDT,LONG_SPOT_SHORT_PERP,3300.59,3299.57,-3.0903565726127202,0.0001,0.0001,2024-07-03T16:00:00+00:00,13.0,-18.09035657261272,0.22682078264951785,FLAT,False,False,False,
2024-07-03T15:48:00+00:00,ETHUSDT,LONG_SPOT_SHORT_PERP,3298.6,3297.59,-3.061905050626822,0.0001,0.0001,2024-07-03T16:00:00+00:00,12.0,-18.061905050626823,0.2270198278099199,FLAT,False,False,False,
2024-07-03T15:49:00+00:00,ETHUSDT,LONG_SPOT_SHORT_PERP,3298.76,3297.59,-3.546787277643941,0.0001,0.0001,2024-07-03T16:00:00+00:00,11.0,-18.54678727764394,0.22369041002897672,FLAT,False,False,False,
2024-07-03T15:50:00+00:00,ETHUSDT,LONG_SPOT_SHORT_PERP,3299.6,3298.96,-1.939629045944577,0.0001,0.0001,2024-07-03T16:00:00+00:00,10.0,-16.939629045944578,0.23524984370661076,FLAT,False,False,False,
2024-07-03T15:51:00+00:00,ETHUSDT,LONG_SPOT_SHORT_PERP,3302.18,3301.03,-3.482547892603178,0.0001,0.0001,2024-07-03T16:00:00+00:00,9.0,-18.48254789260318,0.20912390242334306,FLAT,False,False,False,
2024-07-03T15:52:00+00:00,ETHUSDT,LONG_SPOT_SHORT_PERP,3303.12,3302.42,-2.119208505896904,0.0001,0.0001,2024-07-03T16:00:00+00:00,8.0,-17.119208505896903,0.2038823254724635,FLAT,False,False,False,
2024-07-03T15:53:00+00:00,ETHUSDT,LONG_SPOT_SHORT_PERP,3301.88,3300.71,-3.5434358607825627,0.0001,0.0001,2024-07-03T16:00:00+00:00,7.0,-18.543435860782562,0.17871296880880438,FLAT,False,False,False,
2024-07-03T15:54:00+00:00,ETHUSDT,LONG_SPOT_SHORT_PERP,3303.14,3301.81,-4.026471781395664,0.0001,0.0001,2024-07-03T16:00:00+00:00,6.0,-19.026471781395664,0.16052539975536484,FLAT,False,False,False,
2024-07-03T15:55:00+00:00,ETHUSDT,LONG_SPOT_SHORT_PERP,3303.99,3302.94,-3.1779757202646715,0.0001,0.0001,2024-07-03T16:00:00+00:00,5.0,-18.177975720264673,0.15121071175949558,FLAT,False,False,False,
2024-07-03T15:56:00+00:00,ETHUSDT,LONG_SPOT_SHORT_PERP,3305.94,3304.72,-3.6903271081757527,0.0001,0.0001,2024-07-03T16:00:00+00:00,4.0,-18.69032710817575,0.13273007417983348,FLAT,False,False,False,
2024-07-03T15:57:00+00:00,ETHUSDT,LONG_SPOT_SHORT_PERP,3303.88,3302.39,-4.509849025994396,0.0001,0.0001,2024-07-03T16:00:00+00:00,3.0,-19.509849025994395,0.1124615717400389,FLAT,False,False,False,
2024-07-03T15:58:00+00:00,ETHUSDT,LONG_SPOT_SHORT_PERP,3304.4,3302.92,-4.478876649316119,0.0001,0.0001,2024-07-03T16:00:00+00:00,2.0,-19.47887664931612,0.09765418383573769,FLAT,False,False,False,
2024-07-03T15:59:00+00:00,ETHUSDT,LONG_SPOT_SHORT_PERP,3304.26,3302.59,-5.054081700592787,0.0001,0.0001,2024-07-03T16:00:00+00:00,1.0,-20.05408170059279,0.07915792842709696,FLAT,False,False,False,
2024-07-03T16:00:00+00:00,ETHUSDT,LONG_SPOT_SHORT_PERP,3303.99,3302.98,-3.0569099785403817,0.0001,0.0001,2024-07-04T00:00:00+00:00,480.0,-18.056909978540382,0.22705482091989831,FLAT,False,False,False,
2024-07-03T16:01:00+00:00,ETHUSDT,LONG_SPOT_SHORT_PERP,3304.31,3303.35,-2.905296415893292,0.0001,0.0001,2024-07-04T00:00:00+00:00,479.0,-17.905296415893293,0.2281237847431289,FLAT,False,False,False,
2024-07-03T16:02:00+00:00,ETHUSDT,LONG_SPOT_SHORT_PERP,3307.91,3306.87,-3.143979128815366,0.0001,0.0001,2024-07-04T00:00:00+00:00,478.0,-18.143979128815367,0.22644690150268543,FLAT,False,False,False,
2024-07-03T16:03:00+00:00,ETHUSDT,LONG_SPOT_SHORT_PERP,3307.01,3305.61,-4.233431407827889,0.0001,0.0001,2024-07-04T00:00:00+00:00,477.0,-19.23343140782789,0.219198412873514,FLAT,False,False,False,
2024-07-03T16:04:00+00:00,ETHUSDT,LONG_SPOT_SHORT_PERP,3302.54,3301.37,-3.542727718665248,0.0001,0.0001,2024-07-04T00:00:00+00:00,476.0,-18.542727718665247,0.22371773619619217,FLAT,False,False,False,
2024-07-03T16:05:00+00:00,ETHUSDT,LONG_SPOT_SHORT_PERP,3299.21,3297.79,-4.304060669069482,0.0001,0.0001,2024-07-04T00:00:00+00:00,475.0,-19.304060669069482,0.2187507834000196,FLAT,False,False,False,
2024-07-03T16:06:00+00:00,ETHUSDT,LONG_SPOT_SHORT_PERP,3303.38,3302.5,-2.6639381482000535,0.0001,0.0001,2024-07-04T00:00:00+00:00,474.0,-17.663938148200053,0.22985301059930863,FLAT,False,False,False,
2024-07-03T16:07:00+00:00,ETHUSDT,LONG_SPOT_SHORT_PERP,3306.75,3305.29,-4.415211310198946,0.0001,0.0001,2024-07-04T00:00:00+00:00,473.0,-19.415211310198945,0.21805168650215973,FLAT,False,False,False,
2024-07-03T16:08:00+00:00,ETHUSDT,LONG_SPOT_SHORT_PERP,3305.39,3303.86,-4.628803257708608,0.0001,0.0001,2024-07-04T00:00:00+00:00,472.0,-19.628803257708608,0.21672646503991808,FLAT,False,False,False,
2024-07-03T16:09:00+00:00,ETHUSDT,LONG_SPOT_SHORT_PERP,3302.28,3301.19,-3.300749784997473,0.0001,0.0001,2024-07-04T00:00:00+00:00,471.0,-18.30074978499747,0.2253632139857294,FLAT,False,False,False,
2024-07-03T16:10:00+00:00,ETHUSDT,LONG_SPOT_SHORT_PERP,3305.6,3304.44,-3.5091965150044,0.0001,0.0001,2024-07-04T00:00:00+00:00,470.0,-18.5091965150044,0.2239437961877434,FLAT,False,False,False,
2024-07-03T16:11:00+00:00,ETHUSDT,LONG_SPOT_SHORT_PERP,3306.4,3305.26,-3.4478586982817343,0.0001,0.0001,2024-07-04T00:00:00+00:00,469.0,-18.447858698281735,0.2243589457012808,FLAT,False,False,False,
2024-07-03T16:12:00+00:00,ETHUSDT,LONG_SPOT_SHORT_PERP,3306.5,3305.25,-3.7804324814758807,0.0001,0.0001,2024-07-04T00:00:00+00:00,468.0,-18.78043248147588,0.22213304442839166,FLAT,False,False,False,
2024-07-03T16:13:00+00:00,ETHUSDT,LONG_SPOT_SHORT_PERP,3305.0,3303.96,-3.146747352496108,0.0001,0.0001,2024-07-04T00:00:00+00:00,467.0,-18.146747352496106,0.22642764475355115,FLAT,False,False,False,
2024-07-03T16:14:00+00:00,ETHUSDT,LONG_SPOT_SHORT_PERP,3303.14,3302.19,-2.8760512724250806,0.0001,0.0001,2024-07-04T00:00:00+00:00,466.0,-17.87605127242508,0.22833150750027498,FLAT,False,False,False,
2024-07-03T16:15:00+00:00,ETHUSDT,LONG_SPOT_SHORT_PERP,3307.22,3306.48,-2.237528800623429,0.0001,0.0001,2024-07-04T00:00:00+00:00,465.0,-17.23752880062343,0.23299201002680903,FLAT,False,False,False,
2024-07-03T16:16:00+00:00,ETHUSDT,LONG_SPOT_SHORT_PERP,3308.48,3307.92,-1.6926201760323334,0.0001,0.0001,2024-07-04T00:00:00+00:00,464.0,-16.692620176032335,0.23716319020481247,FLAT,False,False,False,
2024-07-03T16:17:00+00:00,ETHUSDT,LONG_SPOT_SHORT_PERP,3307.76,3306.78,-2.9627300650591883,0.0001,0.0001,2024-07-04T00:00:00+00:00,463.0,-17.962730065059187,0.22771728477502567,FLAT,False,False,False,
2024-07-03T16:18:00+00:00,ETHUSDT,LONG_SPOT_SHORT_PERP,3307.81,3307.1,-2.146435254745697,0.0001,0.0001,2024-07-04T00:00:00+00:00,462.0,-17.146435254745697,0.2336767040958473,FLAT,False,False,False,
2024-07-03T16:19:00+00:00,ETHUSDT,LONG_SPOT_SHORT_PERP,3308.15,3307.72,-1.2998201411673926,0.0001,0.0001,2024-07-04T00:00:00+00:00,461.0,-16.29982014116739,0.2402841942755698,FLAT,False,False,False,
2024-07-03T16:20:00+00:00,ETHUSDT,LONG_SPOT_SHORT_PERP,3308.4,3307.6,-2.4180872929518253,0.0001,0.0001,2024-07-04T00:00:00+00:00,460.0,-17.418087292951824,0.2316496169280037,FLAT,False,False,False,
2024-07-03T16:21:00+00:00,ETHUSDT,LONG_SPOT_SHORT_PERP,3307.75,3307.25,-1.5116015418335729,0.0001,0.0001,2024-07-04T00:00:00+00:00,459.0,-16.511601541833574,0.2385894317237997,FLAT,False,False,False,
2024-07-03T16:22:00+00:00,ETHUSDT,LONG_SPOT_SHORT_PERP,3312.97,3311.78,-3.591943180890862,0.0001,0.0001,2024-07-04T00:00:00+00:00,458.0,-18.591943180890862,0.22338706909501385,FLAT,False,False,False,
2024-07-03T16:23:00+00:00,ETHUSDT,LONG_SPOT_SHORT_PERP,3316.9,3316.0,-2.713376948355666,0.0001,0.0001,2024-07-04T00:00:00+00:00,457.0,-17.713376948355666,0.2294960320972138,FLAT,False,False,False,
2024-07-03T16:24:00+00:00,ETHUSDT,LONG_SPOT_SHORT_PERP,3317.65,3316.76,-2.6826217352640356,0.0001,0.0001,2024-07-04T00:00:00+00:00,456.0,-17.682621735264036,0.2297179350416821,FLAT,False,False,False,
2024-07-03T16:25:00+00:00,ETHUSDT,LONG_SPOT_SHORT_PERP,3317.96,3317.53,-1.2959770461362894,0.0001,0.0001,2024-07-04T00:00:00+00:00,455.0,-16.29597704613629,0.24031521063422556,FLAT,False,False,False,
2024-07-03T16:26:00+00:00,ETHUSDT,LONG_SPOT_SHORT_PERP,3319.81,3318.85,-2.8917317557331184,0.0001,0.0001,2024-07-04T00:00:00+00:00,454.0,-17.89173175573312,0.22822007034141586,FLAT,False,False,False,
2024-07-03T16:27:00+00:00,ETHUSDT,LONG_SPOT_SHORT_PERP,3318.28,3317.11,-3.525923068577916,0.0001,0.0001,2024-07-04T00:00:00+00:00,453.0,-18.525923068577917,0.22383095115633922,FLAT,False,False,False,
2024-07-03T16:28:00+00:00,ETHUSDT,LONG_SPOT_SHORT_PERP,3321.18,3320.5,-2.0474650575995166,0.0001,0.0001,2024-07-04T00:00:00+00:00,452.0,-17.047465057599517,0.23442630130873987,FLAT,False,False,False,
2024-07-03T16:29:00+00:00,ETHUSDT,LONG_SPOT_SHORT_PERP,3320.14,3319.55,-1.7770334985864777,0.0001,0.0001,2024-07-04T00:00:00+00:00,451.0,-16.777033498586476,0.23650507849816577,FLAT,False,False,False,
2024-07-03T16:30:00+00:00,ETHUSDT,LONG_SPOT_SHORT_PERP,3319.82,3319.17,-1.9579374785382668,0.0001,0.0001,2024-07-04T00:00:00+00:00,450.0,-16.957937478538266,0.23510952111913658,FLAT,False,False,False,
2024-07-03T16:31:00+00:00,ETHUSDT,LONG_SPOT_SHORT_PERP,3316.69,3315.94,-2.2612906240860617,0.0001,0.0001,2024-07-04T00:00:00+00:00,449.0,-17.26129062408606,0.23281423048536914,FLAT,False,False,False,
2024-07-03T16:32:00+00:00,ETHUSDT,LONG_SPOT_SHORT_PERP,3317.38,3316.5,-2.652695802109222,0.0001,0.0001,2024-07-04T00:00:00+00:00,448.0,-17.65269580210922,0.2299343875096878,FLAT,False,False,False,
2024-07-03T16:33:00+00:00,ETHUSDT,LONG_SPOT_SHORT_PERP,3314.01,3313.22,-2.383818998736933,0.0001,0.0001,2024-07-04T00:00:00+00:00,447.0,-17.383818998736935,0.23190288951309646,FLAT,False,False,False,
2024-07-03T16:34:00+00:00,ETHUSDT,LONG_SPOT_SHORT_PERP,3313.85,3312.9,-2.866756189929593,0.0001,0.0001,2024-07-04T00:00:00+00:00,446.0,-17.866756189929593,0.2283976325809326,FLAT,False,False,False,
2024-07-03T16:35:00+00:00,ETHUSDT,LONG_SPOT_SHORT_PERP,3313.24,3312.69,-1.6600065192975069,0.0001,0.0001,2024-07-04T00:00:00+00:00,445.0,-16.660006519297507,0.23741864158938708,FLAT,False,False,False,
2024-07-03T16:36:00+00:00,ETHUSDT,LONG_SPOT_SHORT_PERP,3313.71,3313.18,-1.5994157605831534,0.0001,0.0001,2024-07-04T00:00:00+00:00,444.0,-16.599415760583152,0.23789498779759266,FLAT,False,False,False,
2024-07-03T16:37:00+00:00,ETHUSDT,LONG_SPOT_SHORT_PERP,3313.57,3312.6,-2.927356295476645,0.0001,0.0001,2024-07-04T00:00:00+00:00,443.0,-17.927356295476645,0.22796742527825212,FLAT,False,False,False,
2024-07-03T16:38:00+00:00,ETHUSDT,LONG_SPOT_SHORT_PERP,3313.38,3312.56,-2.4748142380293348,0.0001,0.0001,2024-07-04T00:00:00+00:00,442.0,-17.474814238029335,0.23123189357836593,FLAT,False,False,False,
2024-07-03T16:39:00+00:00,ETHUSDT,LONG_SPOT_SHORT_PERP,3312.88,3311.8,-3.2600033807440267,0.0001,0.0001,2024-07-04T00:00:00+00:00,441.0,-18.260003380744028,0.225643535093756,FLAT,False,False,False,
2024-07-03T16:40:00+00:00,ETHUSDT,LONG_SPOT_SHORT_PERP,3310.35,3309.27,-3.2624949023514955,0.0001,0.0001,2024-07-04T00:00:00+00:00,440.0,-18.262494902351495,0.2256263673190938,FLAT,False,False,False,
2024-07-03T16:41:00+00:00,ETHUSDT,LONG_SPOT_SHORT_PERP,3310.97,3310.05,-2.778641908563406,0.0001,0.0001,2024-07-04T00:00:00+00:00,439.0,-17.778641908563408,0.2290269710708539,FLAT,False,False,False,
2024-07-03T16:42:00+00:00,ETHUSDT,LONG_SPOT_SHORT_PERP,3308.7,3307.66,-3.143228458306778,0.0001,0.0001,2024-07-04T00:00:00+00:00,438.0,-18.14322845830678,0.22645212418746807,FLAT,False,False,False,
2024-07-03T16:43:00+00:00,ETHUSDT,LONG_SPOT_SHORT_PERP,3308.96,3307.79,-3.5358541656595204,0.0001,0.0001,2024-07-04T00:00:00+00:00,437.0,-18.535854165659522,0.22376402515184463,FLAT,False,False,False,
2024-07-03T16:44:00+00:00,ETHUSDT,LONG_SPOT_SHORT_PERP,3312.0,3311.09,-2.7475845410623623,0.0001,0.0001,2024-07-04T00:00:00+00:00,436.0,-17.747584541062363,0.22924987064311253,FLAT,False,False,False,
2024-07-03T16:45:00+00:00,ETHUSDT,LONG_SPOT_SHORT_PERP,3313.18,3312.56,-1.8713139642273915,0.0001,0.0001,2024-07-04T00:00:00+00:00,435.0,-16.87131396422739,0.2357752516606088,FLAT,False,False,False,
2024-07-03T16:46:00+00:00,ETHUSDT,LONG_SPOT_SHORT_PERP,3310.4,3309.04,-4.10826486225268,0.0001,0.0001,2024-07-04T00:00:00+00:00,434.0,-19.108264862252682,0.21999821372772496,FLAT,False,False,False,
2024-07-03T16:47:00+00:00,ETHUSDT,LONG_SPOT_SHORT_PERP,3309.66,3308.37,-3.897681332825619,0.0001,0.0001,2024-07-04T00:00:00+00:00,433.0,-18.89768133282562,0.22136282311832248,FLAT,False,False,False,
2024-07-03T16:48:00+00:00,ETHUSDT,LONG_SPOT_SHORT_PERP,3314.63,3313.99,-1.9308339090647444,0.0001,0.0001,2024-07-04T00:00:00+00:00,432.0,-16.930833909064745,0.23531732595074756,FLAT,False,False,False,
2024-07-03T16:49:00+00:00,ETHUSDT,LONG_SPOT_SHORT_PERP,3315.02,3313.89,-3.4087275491553872,0.0001,0.0001,2024-07-04T00:00:00+00:00,431.0,-18.408727549155387,0.22462489494006008,FLAT,False,False,False,
2024-07-03T16:50:00+00:00,ETHUSDT,LONG_SPOT_SHORT_PERP,3317.5,3316.78,-2.1703089675954783,0.0001,0.0001,2024-07-04T00:00:00+00:00,430.0,-17.170308967595478,0.23349677504694083,FLAT,False,False,False,
2024-07-03T16:51:00+00:00,ETHUSDT,LONG_SPOT_SHORT_PERP,3315.38,3314.53,-2.5638086735152803,0.0001,0.0001,2024-07-04T00:00:00+00:00,429.0,-17.56380867351528,0.23058041118015982,FLAT,False,False,False,
2024-07-03T16:52:00+00:00,ETHUSDT,LONG_SPOT_SHORT_PERP,3314.51,3313.6,-2.7455038603000417,0.0001,0.0001,2024-07-04T00:00:00+00:00,428.0,-17.74550386030004,0.22926482388817196,FLAT,False,False,False,
2024-07-03T16:53:00+00:00,ETHUSDT,LONG_SPOT_SHORT_PERP,3314.48,3313.84,-1.930921290820499,0.0001,0.0001,2024-07-04T00:00:00+00:00,427.0,-16.9309212908205,0.23531665526541334,FLAT,False,False,False,
2024-07-03T16:54:00+00:00,ETHUSDT,LONG_SPOT_SHORT_PERP,3315.63,3314.57,-3.19697915629894,0.0001,0.0001,2024-07-04T00:00:00+00:00,426.0,-18.19697915629894,0.22607897308706448,FLAT,False,False,False,
2024-07-03T16:55:00+00:00,ETHUSDT,LONG_SPOT_SHORT_PERP,3316.86,3315.56,-3.919369524189088,0.0001,0.0001,2024-07-04T00:00:00+00:00,425.0,-18.919369524189086,0.22122117209985404,FLAT,False,False,False,
2024-07-03T16:56:00+00:00,ETHUSDT,LONG_SPOT_SHORT_PERP,3313.98,3312.59,-4.194352410092615,0.0001,0.0001,2024-07-04T00:00:00+00:00,424.0,-19.194352410092616,0.21944722512588435,FLAT,False,False,False,
2024-07-03T16:57:00+00:00,ETHUSDT,LONG_SPOT_SHORT_PERP,3316.31,3315.12,-3.5883255787307418,0.0001,0.0001,2024-07-04T00:00:00+00:00,423.0,-18.588325578730743,0.22341132910806716,FLAT,False,False,False,
2024-07-03T16:58:00+00:00,ETHUSDT,LONG_SPOT_SHORT_PERP,3316.1,3314.63,-4.432918187026326,0.0001,0.0001,2024-07-04T00:00:00+00:00,422.0,-19.432918187026324,0.2179409178034029,FLAT,False,False,False,
2024-07-03T16:59:00+00:00,ETHUSDT,LONG_SPOT_SHORT_PERP,3315.12,3314.03,-3.287965443180611,0.0001,0.0001,2024-07-04T00:00:00+00:00,421.0,-18.28796544318061,0.22545106471254445,FLAT,False,False,False,
2024-07-03T17:00:00+00:00,ETHUSDT,LONG_SPOT_SHORT_PERP,3315.38,3314.42,-2.8955956783235597,0.0001,0.0001,2024-07-04T00:00:00+00:00,420.0,-17.89559567832356,0.22819263232495074,FLAT,False,False,False,
2024-07-03T17:01:00+00:00,ETHUSDT,LONG_SPOT_SHORT_PERP,3314.31,3313.31,-3.017219270376036,0.0001,0.0001,2024-07-04T00:00:00+00:00,419.0,-18.017219270376035,0.22733338431281086,FLAT,False,False,False,
2024-07-03T17:02:00+00:00,ETHUSDT,LONG_SPOT_SHORT_PERP,3315.6,3314.67,-2.804922186029184,0.0001,0.0001,2024-07-04T00:00:00+00:00,418.0,-17.804922186029184,0.2288387964777489,FLAT,False,False,False,
2024-07-03T17:03:00+00:00,ETHUSDT,LONG_SPOT_SHORT_PERP,3312.77,3312.0,-2.3243388463430357,0.0001,0.0001,2024-07-04T00:00:00+00:00,417.0,-17.324338846343036,0.23234416637956684,FLAT,False,False,False,
2024-07-03T17:04:00+00:00,ETHUSDT,LONG_SPOT_SHORT_PERP,3313.0,3312.28,-2.1732568668874133,0.0001,0.0001,2024-07-04T00:00:00+00:00,416.0,-17.173256866887414,0.23347458153820494,FLAT,False,False,False,
2024-07-03T17:05:00+00:00,ETHUSDT,LONG_SPOT_SHORT_PERP,3311.91,3310.84,-3.2307641210048246,0.0001,0.0001,2024-07-04T00:00:00+00:00,415.0,-18.230764121004825,0.2258452704933199,FLAT,False,False,False,
2024-07-03T17:06:00+00:00,ETHUSDT,LONG_SPOT_SHORT_PERP,3311.59,3310.5,-3.2914702605097417,0.0001,0.0001,2024-07-04T00:00:00+00:00,414.0,-18.29147026050974,0.22542697131198952,FLAT,False,False,False,
2024-07-03T17:07:00+00:00,ETHUSDT,LONG_SPOT_SHORT_PERP,3312.27,3311.52,-2.2643081632837903,0.0001,0.0001,2024-07-04T00:00:00+00:00,413.0,-17.26430816328379,0.23279167839793033,FLAT,False,False,False,
2024-07-03T17:08:00+00:00,ETHUSDT,LONG_SPOT_SHORT_PERP,3313.11,3311.92,-3.5917913984143435,0.0001,0.0001,2024-07-04T00:00:00+00:00,412.0,-18.591791398414344,0.2233880868180303,FLAT,False,False,False,
2024-07-03T17:09:00+00:00,ETHUSDT,LONG_SPOT_SHORT_PERP,3313.33,3312.21,-3.380285090829742,0.0001,0.0001,2024-07-04T00:00:00+00:00,411.0,-18.38028509082974,0.2248187392107876,FLAT,False,False,False,
2024-07-03T17:10:00+00:00,ETHUSDT,LONG_SPOT_SHORT_PERP,3313.01,3311.79,-3.682451909291715,0.0001,0.0001,2024-07-04T00:00:00+00:00,410.0,-18.682451909291714,0.22278246681512562,FLAT,False,False,False,
2024-07-03T17:11:00+00:00,ETHUSDT,LONG_SPOT_SHORT_PERP,3310.99,3310.16,-2.5068031011870384,0.0001,0.0001,2024-07-04T00:00:00+00:00,409.0,-17.50680310118704,0.23099717906413852,FLAT,False,False,False,
2024-07-03T17:12:00+00:00,ETHUSDT,LONG_SPOT_SHORT_PERP,3310.2,3309.19,-3.051175155579009,0.0001,0.0001,2024-07-04T00:00:00+00:00,408.0,-18.05117515557901,0.22709501402420454,FLAT,False,False,False,
2024-07-03T17:13:00+00:00,ETHUSDT,LONG_SPOT_SHORT_PERP,3312.35,3311.43,-2.777484263438564,0.0001,0.0001,2024-07-04T00:00:00+00:00,407.0,-17.777484263438563,0.22903526941624902,FLAT,False,False,False,
2024-07-03T17:14:00+00:00,ETHUSDT,LONG_SPOT_SHORT_PERP,3313.14,3312.14,-3.018284769131398,0.0001,0.0001,2024-07-04T00:00:00+00:00,406.0,-18.018284769131398,0.22732589444317386,FLAT,False,False,False,
2024-07-03T17:15:00+00:00,ETHUSDT,LONG_SPOT_SHORT_PERP,3311.57,3310.73,-2.536561208128306,0.0001,0.0001,2024-07-04T00:00:00+00:00,405.0,-17.536561208128305,0.2307793774177317,FLAT,False,False,False,
2024-07-03T17:16:00+00:00,ETHUSDT,LONG_SPOT_SHORT_PERP,3312.89,3311.69,-3.62221504486964,0.0001,0.0001,2024-07-04T00:00:00+00:00,404.0,-18.62221504486964,0.22318434724093839,FLAT,False,False,False,
2024-07-03T17:17:00+00:00,ETHUSDT,LONG_SPOT_SHORT_PERP,3311.94,3310.57,-4.136548367421786,0.0001,0.0001,2024-07-04T00:00:00+00:00,403.0,-19.136548367421785,0.21981675249403165,FLAT,False,False,False,
2024-07-03T17:18:00+00:00,ETHUSDT,LONG_SPOT_SHORT_PERP,3310.99,3309.7,-3.8961156632909306,0.0001,0.0001,2024-07-04T00:00:00+00:00,402.0,-18.89611566329093,0.22137305879650493,FLAT,False,False,False,
2024-07-03T17:19:00+00:00,ETHUSDT,LONG_SPOT_SHORT_PERP,3312.79,3311.46,-4.0147428602474875,0.0001,0.0001,2024-07-04T00:00:00+00:00,401.0,-19.014742860247487,0.22060129229637,FLAT,False,False,False,
2024-07-03T17:20:00+00:00,ETHUSDT,LONG_SPOT_SHORT_PERP,3312.42,3311.46,-2.8981832014057285,0.0001,0.0001,2024-07-04T00:00:00+00:00,400.0,-17.89818320140573,0.22817426295711085,FLAT,False,False,False,
2024-07-03T17:21:00+00:00,ETHUSDT,LONG_SPOT_SHORT_PERP,3309.65,3308.61,-3.142326227848756,0.0001,0.0001,2024-07-04T00:00:00+00:00,399.0,-18.142326227848756,0.22645840175481094,FLAT,False,False,False,
2024-07-03T17:22:00+00:00,ETHUSDT,LONG_SPOT_SHORT_PERP,3311.44,3310.7,-2.2346773609071477,0.0001,0.0001,2024-07-04T00:00:00+00:00,398.0,-17.23467736090715,0.23301336658517185,FLAT,False,False,False,
2024-07-03T17:23:00+00:00,ETHUSDT,LONG_SPOT_SHORT_PERP,3310.99,3310.17,-2.4766006541841232,0.0001,0.0001,2024-07-04T00:00:00+00:00,397.0,-17.476600654184125,0.2312187699395527,FLAT,False,False,False,
2024-07-03T17:24:00+00:00,ETHUSDT,LONG_SPOT_SHORT_PERP,3313.03,3312.49,-1.6299278907840204,0.0001,0.0001,2024-07-04T00:00:00+00:00,396.0,-16.62992789078402,0.23765482431330276,FLAT,False,False,False,
2024-07-03T17:25:00+00:00,ETHUSDT,LONG_SPOT_SHORT_PERP,3312.67,3311.4,-3.8337655124113836,0.0001,0.0001,2024-07-04T00:00:00+00:00,395.0,-18.833765512411382,0.22178176282304524,FLAT,False,False,False,
2024-07-03T17:26:00+00:00,ETHUSDT,LONG_SPOT_SHORT_PERP,3311.61,3310.65,-2.8988920796834057,0.0001,0.0001,2024-07-04T00:00:00+00:00,394.0,-17.898892079683407,0.22816923115871207,FLAT,False,False,False,
2024-07-03T17:27:00+00:00,ETHUSDT,LONG_SPOT_SHORT_PERP,3312.6,3311.21,-4.1960997403848115,0.0001,0.0001,2024-07-04T00:00:00+00:00,393.0,-19.19609974038481,0.2194360826550213,FLAT,False,False,False,
2024-07-03T17:28:00+00:00,ETHUSDT,LONG_SPOT_SHORT_PERP,3309.19,3308.45,-2.2361967732292087,0.0001,0.0001,2024-07-04T00:00:00+00:00,392.0,-17.23619677322921,0.23300198596336108,FLAT,False,False,False,
2024-07-03T17:29:00+00:00,ETHUSDT,LONG_SPOT_SHORT_PERP,3309.94,3309.01,-2.809718605170596,0.0001,0.0001,2024-07-04T00:00:00+00:00,391.0,-17.809718605170595,0.2288044961296259,FLAT,False,False,False,
2024-07-03T17:30:00+00:00,ETHUSDT,LONG_SPOT_SHORT_PERP,3307.59,3306.22,-4.141988577787288,0.0001,0.0001,2024-07-04T00:00:00+00:00,390.0,-19.141988577787288,0.2197818983592342,FLAT,False,False,False,
2024-07-03T17:31:00+00:00,ETHUSDT,LONG_SPOT_SHORT_PERP,3308.78,3307.99,-2.3875869655897897,0.0001,0.0001,2024-07-04T00:00:00+00:00,389.0,-17.38758696558979,0.23187500664460536,FLAT,False,False,False,
2024-07-03T17:32:00+00:00,ETHUSDT,LONG_SPOT_SHORT_PERP,3310.6,3309.71,-2.688334440886464,0.0001,0.0001,2024-07-04T00:00:00+00:00,388.0,-17.688334440886464,0.22967667516131882,FLAT,False,False,False,
2024-07-03T17:33:00+00:00,ETHUSDT,LONG_SPOT_SHORT_PERP,3307.92,3306.96,-2.90212580715385,0.0001,0.0001,2024-07-04T00:00:00+00:00,387.0,-17.90212580715385,0.22814628103060397,FLAT,False,False,False,
2024-07-03T17:34:00+00:00,ETHUSDT,LONG_SPOT_SHORT_PERP,3308.06,3306.96,-3.325211755530157,0.0001,0.0001,2024-07-04T00:00:00+00:00,386.0,-18.325211755530155,0.2251953749204591,FLAT,False,False,False,
2024-07-03T17:35:00+00:00,ETHUSDT,LONG_SPOT_SHORT_PERP,3307.42,3306.58,-2.539743969620264,0.0001,0.0001,2024-07-04T00:00:00+00:00,385.0,-17.539743969620265,0.23075611361999715,FLAT,False,False,False,
2024-07-03T17:36:00+00:00,ETHUSDT,LONG_SPOT_SHORT_PERP,3309.48,3308.54,-2.840325368335976,0.0001,0.0001,2024-07-04T00:00:00+00:00,384.0,-17.840325368335975,0.22858593517506315,FLAT,False,False,False,
2024-07-03T17:37:00+00:00,ETHUSDT,LONG_SPOT_SHORT_PERP,3308.67,3307.66,-3.052586084439422,0.0001,0.0001,2024-07-04T00:00:00+00:00,383.0,-18.052586084439422,0.22708512363204889,FLAT,False,False,False,
2024-07-03T17:38:00+00:00,ETHUSDT,LONG_SPOT_SHORT_PERP,3307.2,3305.97,-3.7191582002903307,0.0001,0.0001,2024-07-04T00:00:00+00:00,382.0,-18.71915820029033,0.222538556377264,FLAT,False,False,False,
2024-07-03T17:39:00+00:00,ETHUSDT,LONG_SPOT_SHORT_PERP,3303.42,3302.06,-4.116945468635921,0.0001,0.0001,2024-07-04T00:00:00+00:00,381.0,-19.11694546863592,0.2199424751037626,FLAT,False,False,False,
2024-07-03T17:40:00+00:00,ETHUSDT,LONG_SPOT_SHORT_PERP,3302.98,3301.87,-3.3606016385207518,0.0001,0.0001,2024-07-04T00:00:00+00:00,380.0,-18.360601638520752,0.22495315434686308,FLAT,False,False,False,
2024-07-03T17:41:00+00:00,ETHUSDT,LONG_SPOT_SHORT_PERP,3303.99,3303.34,-1.9673183030203973,0.0001,0.0001,2024-07-04T00:00:00+00:00,379.0,-16.9673183030204,0.23503770257848539,FLAT,False,False,False,
2024-07-03T17:42:00+00:00,ETHUSDT,LONG_SPOT_SHORT_PERP,3302.89,3301.59,-3.9359470039865916,0.0001,0.0001,2024-07-04T00:00:00+00:00,378.0,-18.93594700398659,0.22111307272376607,FLAT,False,False,False,
2024-07-03T17:43:00+00:00,ETHUSDT,LONG_SPOT_SHORT_PERP,3304.27,3303.35,-2.7842761033452854,0.0001,0.0001,2024-07-04T00:00:00+00:00,377.0,-17.784276103345285,0.22898659464634066,FLAT,False,False,False,
2024-07-03T17:44:00+00:00,ETHUSDT,LONG_SPOT_SHORT_PERP,3303.4,3302.0,-4.238057758673158,0.0001,0.0001,2024-07-04T00:00:00+00:00,376.0,-19.238057758673158,0.21916901117921983,FLAT,False,False,False,
2024-07-03T17:45:00+00:00,ETHUSDT,LONG_SPOT_SHORT_PERP,3298.37,3297.32,-3.1833905838330057,0.0001,0.0001,2024-07-04T00:00:00+00:00,375.0,-18.183390583833006,0.2261731530357276,FLAT,False,False,False,
2024-07-03T17:46:00+00:00,ETHUSDT,LONG_SPOT_SHORT_PERP,3294.73,3293.33,-4.249210102193779,0.0001,0.0001,2024-07-04T00:00:00+00:00,374.0,-19.24921010219378,0.2190981818602209,FLAT,False,False,False,
2024-07-03T17:47:00+00:00,ETHUSDT,LONG_SPOT_SHORT_PERP,3296.0,3294.85,-3.4890776699031885,0.0001,0.0001,2024-07-04T00:00:00+00:00,373.0,-18.48907766990319,0.22407973388470348,FLAT,False,False,False,
2024-07-03T17:48:00+00:00,ETHUSDT,LONG_SPOT_SHORT_PERP,3296.01,3294.68,-4.035181932094812,0.0001,0.0001,2024-07-04T00:00:00+00:00,372.0,-19.03518193209481,0.2204690883305051,FLAT,False,False,False,
2024-07-03T17:49:00+00:00,ETHUSDT,LONG_SPOT_SHORT_PERP,3296.52,3295.85,-2.032446337349911,0.0001,0.0001,2024-07-04T00:00:00+00:00,371.0,-17.03244633734991,0.23454057338266182,FLAT,False,False,False,
2024-07-03T17:50:00+00:00,ETHUSDT,LONG_SPOT_SHORT_PERP,3297.98,3296.65,-4.032771575327708,0.0001,0.0001,2024-07-04T00:00:00+00:00,370.0,-19.032771575327708,0.22048466727606375,FLAT,False,False,False,
2024-07-03T17:51:00+00:00,ETHUSDT,LONG_SPOT_SHORT_PERP,3298.87,3297.96,-2.7585203418135738,0.0001,0.0001,2024-07-04T00:00:00+00:00,369.0,-17.758520341813572,0.22917131983742234,FLAT,False,False,False,
2024-07-03T17:52:00+00:00,ETHUSDT,LONG_SPOT_SHORT_PERP,3299.19,3298.12,-3.2432203055906563,0.0001,0.0001,2024-07-04T00:00:00+00:00,368.0,-18.243220305590658,0.22575927015221908,FLAT,False,False,False,
2024-07-03T17:53:00+00:00,ETHUSDT,LONG_SPOT_SHORT_PERP,3298.83,3297.84,-3.0010640136041618,0.0001,0.0001,2024-07-04T00:00:00+00:00,367.0,-18.00106401360416,0.2274470268910792,FLAT,False,False,False,
2024-07-03T17:54:00+00:00,ETHUSDT,LONG_SPOT_SHORT_PERP,3299.4,3297.87,-4.637206764866946,0.0001,0.0001,2024-07-04T00:00:00+00:00,366.0,-19.637206764866946,0.21667481158309146,FLAT,False,False,False,
2024-07-03T17:55:00+00:00,ETHUSDT,LONG_SPOT_SHORT_PERP,3299.4,3298.45,-2.879311389950515,0.0001,0.0001,2024-07-04T00:00:00+00:00,365.0,-17.879311389950516,0.2283083269447979,FLAT,False,False,False,
2024-07-03T17:56:00+00:00,ETHUSDT,LONG_SPOT_SHORT_PERP,3301.99,3301.55,-1.3325297774966,0.0001,0.0001,2024-07-04T00:00:00+00:00,364.0,-16.3325297774966,0.24002058526061903,FLAT,False,False,False,
2024-07-03T17:57:00+00:00,ETHUSDT,LONG_SPOT_SHORT_PERP,3301.51,3300.55,-2.9077603884284353,0.0001,0.0001,2024-07-04T00:00:00+00:00,363.0,-17.907760388428436,0.22810630624142997,FLAT,False,False,False,
2024-07-03T17:58:00+00:00,ETHUSDT,LONG_SPOT_SHORT_PERP,3302.77,3302.25,-1.574436003718036,0.0001,0.0001,2024-07-04T00:00:00+00:00,362.0,-16.574436003718034,0.23809203870743287,FLAT,False,False,False,
2024-07-03T17:59:00+00:00,ETHUSDT,LONG_SPOT_SHORT_PERP,3303.16,3302.38,-2.3613751680201545,0.0001,0.0001,2024-07-04T00:00:00+00:00,361.0,-17.361375168020153,0.23206914915872748,FLAT,False,False,False,
2024-07-03T18:00:00+00:00,ETHUSDT,LONG_SPOT_SHORT_PERP,3304.56,3303.72,-2.541942043721843,0.0001,0.0001,2024-07-04T00:00:00+00:00,360.0,-17.541942043721843,0.23074005071073,FLAT,False,False,False,
2024-07-03T18:01:00+00:00,ETHUSDT,LONG_SPOT_SHORT_PERP,3303.04,3302.04,-3.027514047665181,0.0001,0.0001,2024-07-04T00:00:00+00:00,359.0,-18.027514047665182,0.22726104500917924,FLAT,False,False,False,
2024-07-03T18:02:00+00:00,ETHUSDT,LONG_SPOT_SHORT_PERP,3299.07,3298.11,-2.9099109749112215,0.0001,0.0001,2024-07-04T00:00:00+00:00,358.0,-17.90991097491122,0.2280910536561539,FLAT,False,False,False,
2024-07-03T18:03:00+00:00,ETHUSDT,LONG_SPOT_SHORT_PERP,3295.48,3294.93,-1.6689526260216476,0.0001,0.0001,2024-07-04T00:00:00+00:00,357.0,-16.668952626021646,0.23734850396021445,FLAT,False,False,False,
2024-07-03T18:04:00+00:00,ETHUSDT,LONG_SPOT_SHORT_PERP,3296.61,3296.01,-1.820051507457385,0.0001,0.0001,2024-07-04T00:00:00+00:00,356.0,-16.820051507457386,0.23617139470561266,FLAT,False,False,False,
2024-07-03T18:05:00+00:00,ETHUSDT,LONG_SPOT_SHORT_PERP,3300.0,3299.32,-2.0606060606055645,0.0001,0.0001,2024-07-04T00:00:00+00:00,355.0,-17.060606060605565,0.23432642886259458,FLAT,False,False,False,
2024-07-03T18:06:00+00:00,ETHUSDT,LONG_SPOT_SHORT_PERP,3297.77,3296.9,-2.6381463837680945,0.0001,0.0001,2024-07-04T00:00:00+00:00,354.0,-17.638146383768095,0.23003981275047294,FLAT,False,False,False,
2024-07-03T18:07:00+00:00,ETHUSDT,LONG_SPOT_SHORT_PERP,3301.19,3300.53,-1.9992790478580587,0.0001,0.0001,2024-07-04T00:00:00+00:00,353.0,-16.99927904785806,0.23479341895839423,FLAT,False,False,False,
2024-07-03T18:08:00+00:00,ETHUSDT,LONG_SPOT_SHORT_PERP,3301.41,3300.64,-2.3323367894323392,0.0001,0.0001,2024-07-04T00:00:00+00:00,352.0,-17.33233678943234,0.23228470722205638,FLAT,False,False,False,
2024-07-03T18:09:00+00:00,ETHUSDT,LONG_SPOT_SHORT_PERP,3301.63,3301.0,-1.9081483994272803,0.0001,0.0001,2024-07-04T00:00:00+00:00,351.0,-16.90814839942728,0.2354916036475993,FLAT,False,False,False,
2024-07-03T18:10:00+00:00,ETHUSDT,LONG_SPOT_SHORT_PERP,3299.97,3299.47,-1.5151652893814187,0.0001,0.0001,2024-07-04T00:00:00+00:00,350.0,-16.515165289381418,0.23856115509916487,FLAT,False,False,False,
2024-07-03T18:11:00+00:00,ETHUSDT,LONG_SPOT_SHORT_PERP,3298.96,3298.44,-1.5762543346993654,0.0001,0.0001,2024-07-04T00:00:00+00:00,349.0,-16.576254334699364,0.23807768176745142,FLAT,False,False,False,
2024-07-03T18:12:00+00:00,ETHUSDT,LONG_SPOT_SHORT_PERP,3300.8,3300.47,-0.9997576345140026,0.0001,0.0001,2024-07-04T00:00:00+00:00,348.0,-15.999757634514003,0.24273430034979981,FLAT,False,False,False,
2024-07-03T18:13:00+00:00,ETHUSDT,LONG_SPOT_SHORT_PERP,3301.06,3300.39,-2.0296510817739537,0.0001,0.0001,2024-07-04T00:00:00+00:00,347.0,-17.029651081773952,0.23456185666398616,FLAT,False,False,False,
2024-07-03T18:14:00+00:00,ETHUSDT,LONG_SPOT_SHORT_PERP,3301.38,3300.71,-2.029454349393504,0.0001,0.0001,2024-07-04T00:00:00+00:00,346.0,-17.029454349393504,0.23456335477829915,FLAT,False,False,False,
2024-07-03T18:15:00+00:00,ETHUSDT,LONG_SPOT_SHORT_PERP,3302.74,3301.92,-2.4827870192619126,0.0001,0.0001,2024-07-04T00:00:00+00:00,345.0,-17.482787019261913,0.2311733373872254,FLAT,False,False,False,
2024-07-03T18:16:00+00:00,ETHUSDT,LONG_SPOT_SHORT_PERP,3301.27,3300.77,-1.5145686357068644,0.0001,0.0001,2024-07-04T00:00:00+00:00,344.0,-16.514568635706866,0.2385658887034704,FLAT,False,False,False,
2024-07-03T18:17:00+00:00,ETHUSDT,LONG_SPOT_SHORT_PERP,3300.73,3300.23,-1.514816419398133,0.0001,0.0001,2024-07-04T00:00:00+00:00,343.0,-16.514816419398134,0.23856392286265848,FLAT,False,False,False,
2024-07-03T18:18:00+00:00,ETHUSDT,LONG_SPOT_SHORT_PERP,3299.55,3298.75,-2.424573047840408,0.0001,0.0001,2024-07-04T00:00:00+00:00,342.0,-17.424573047840408,0.231601760388691,FLAT,False,False,False,
2024-07-03T18:19:00+00:00,ETHUSDT,LONG_SPOT_SHORT_PERP,3299.06,3298.6,-1.3943365685984384,0.0001,0.0001,2024-07-04T00:00:00+00:00,341.0,-16.394336568598437,0.23952433242719706,FLAT,False,False,False,
2024-07-03T18:20:00+00:00,ETHUSDT,LONG_SPOT_SHORT_PERP,3299.98,3299.47,-1.5454639119031577,0.0001,0.0001,2024-07-04T00:00:00+00:00,340.0,-16.54546391190316,0.23832107209771566,FLAT,False,False,False,
2024-07-03T18:21:00+00:00,ETHUSDT,LONG_SPOT_SHORT_PERP,3300.0,3299.56,-1.3333333333334987,0.0001,0.0001,2024-07-04T00:00:00+00:00,339.0,-16.3333333333335,0.24001411790052884,FLAT,False,False,False,
2024-07-03T18:22:00+00:00,ETHUSDT,LONG_SPOT_SHORT_PERP,3301.24,3300.88,-1.090499327524423,0.0001,0.0001,2024-07-04T00:00:00+00:00,338.0,-16.090499327524423,0.24198727402239933,FLAT,False,False,False,
2024-07-03T18:23:00+00:00,ETHUSDT,LONG_SPOT_SHORT_PERP,3302.64,3302.25,-1.180873483031371,0.0001,0.0001,2024-07-04T00:00:00+00:00,337.0,-16.18087348303137,0.24124853396854204,FLAT,False,False,False,
2024-07-03T18:24:00+00:00,ETHUSDT,LONG_SPOT_SHORT_PERP,3302.7,3301.86,-2.5433736034144516,0.0001,0.0001,2024-07-04T00:00:00+00:00,336.0,-17.54337360341445,0.2307295908116223,FLAT,False,False,False,
2024-07-03T18:25:00+00:00,ETHUSDT,LONG_SPOT_SHORT_PERP,3301.68,3300.75,-2.8167478374640678,0.0001,0.0001,2024-07-04T00:00:00+00:00,335.0,-17.816747837464067,0.2287542526024599,FLAT,False,False,False,
2024-07-03T18:26:00+00:00,ETHUSDT,LONG_SPOT_SHORT_PERP,3301.98,3301.6,-1.1508246567214493,0.0001,0.0001,2024-07-04T00:00:00+00:00,334.0,-16.15082465672145,0.2414935792871558,FLAT,False,False,False,
2024-07-03T18:27:00+00:00,ETHUSDT,LONG_SPOT_SHORT_PERP,3305.0,3305.01,0.03025718608235485,0.0001,0.0001,2024-07-04T00:00:00+00:00,333.0,-14.969742813917644,0.2515928238827182,FLAT,False,False,False,
2024-07-03T18:28:00+00:00,ETHUSDT,LONG_SPOT_SHORT_PERP,3306.6,3306.14,-1.3911570797799444,0.0001,0.0001,2024-07-04T00:00:00+00:00,332.0,-16.391157079779944,0.23954980186087926,FLAT,False,False,False,
2024-07-03T18:29:00+00:00,ETHUSDT,LONG_SPOT_SHORT_PERP,3306.19,3305.66,-1.6030536660028614,0.0001,0.0001,2024-07-04T00:00:00+00:00,331.0,-16.60305366600286,0.23786632300873461,FLAT,False,False,False,
2024-07-03T18:30:00+00:00,ETHUSDT,LONG_SPOT_SHORT_PERP,3305.91,3305.22,-2.0871711571097054,0.0001,0.0001,2024-07-04T00:00:00+00:00,330.0,-17.087171157109704,0.234124853508497,FLAT,False,False,False,
2024-07-03T18:31:00+00:00,ETHUSDT,LONG_SPOT_SHORT_PERP,3306.99,3306.56,-1.3002760818745636,0.0001,0.0001,2024-07-04T00:00:00+00:00,329.0,-16.300276081874564,0.2402805151506507,FLAT,False,False,False,
2024-07-03T18:32:00+00:00,ETHUSDT,LONG_SPOT_SHORT_PERP,3306.41,3305.53,-2.6614969105454387,0.0001,0.0001,2024-07-04T00:00:00+00:00,328.0,-17.661496910545438,0.22987067500788888,FLAT,False,False,False,
2024-07-03T18:33:00+00:00,ETHUSDT,LONG_SPOT_SHORT_PERP,3307.39,3306.86,-1.6024720398856662,0.0001,0.0001,2024-07-04T00:00:00+00:00,327.0,-16.602472039885665,0.23787090536232575,FLAT,False,False,False,
2024-07-03T18:34:00+00:00,ETHUSDT,LONG_SPOT_SHORT_PERP,3308.68,3307.99,-2.0854237943834235,0.0001,0.0001,2024-07-04T00:00:00+00:00,326.0,-17.085423794383424,0.23413809926819562,FLAT,False,False,False,
2024-07-03T18:35:00+00:00,ETHUSDT,LONG_SPOT_SHORT_PERP,3307.19,3306.5,-2.086363347736461,0.0001,0.0001,2024-07-04T00:00:00+00:00,325.0,-17.086363347736462,0.23413097681965728,FLAT,False,False,False,
2024-07-03T18:36:00+00:00,ETHUSDT,LONG_SPOT_SHORT_PERP,3308.02,3307.35,-2.0253807413500304,0.0001,0.0001,2024-07-04T00:00:00+00:00,324.0,-17.02538074135003,0.23459438055227694,FLAT,False,False,False,
2024-07-03T18:37:00+00:00,ETHUSDT,LONG_SPOT_SHORT_PERP,3308.7,3308.19,-1.5413908785920862,0.0001,0.0001,2024-07-04T00:00:00+00:00,323.0,-16.541390878592086,0.23835331286535372,FLAT,False,False,False,
2024-07-03T18:38:00+00:00,ETHUSDT,LONG_SPOT_SHORT_PERP,3309.06,3308.53,-1.60166331223896,0.0001,0.0001,2024-07-04T00:00:00+00:00,322.0,-16.60166331223896,0.23787727729145866,FLAT,False,False,False,
2024-07-03T18:39:00+00:00,ETHUSDT,LONG_SPOT_SHORT_PERP,3307.38,3306.71,-2.0257726659775193,0.0001,0.0001,2024-07-04T00:00:00+00:00,321.0,-17.02577266597752,0.23459139510110194,FLAT,False,False,False,
2024-07-03T18:40:00+00:00,ETHUSDT,LONG_SPOT_SHORT_PERP,3305.2,3304.09,-3.358344426962582,0.0001,0.0001,2024-07-04T00:00:00+00:00,320.0,-18.35834442696258,0.2249685824160514,FLAT,False,False,False,
2024-07-03T18:41:00+00:00,ETHUSDT,LONG_SPOT_SHORT_PERP,3305.2,3304.63,-1.724555246277711,0.0001,0.0001,2024-07-04T00:00:00+00:00,319.0,-16.72455524627771,0.23691369485811814,FLAT,False,False,False,
2024-07-03T18:42:00+00:00,ETHUSDT,LONG_SPOT_SHORT_PERP,3305.32,3304.45,-2.6321203393327894,0.0001,0.0001,2024-07-04T00:00:00+00:00,318.0,-17.63212033933279,0.2300835140093509,FLAT,False,False,False,
2024-07-03T18:43:00+00:00,ETHUSDT,LONG_SPOT_SHORT_PERP,3305.71,3305.12,-1.784790559365902,0.0001,0.0001,2024-07-04T00:00:00+00:00,317.0,-16.784790559365902,0.23644482366791403,FLAT,False,False,False,
2024-07-03T18:44:00+00:00,ETHUSDT,LONG_SPOT_SHORT_PERP,3307.01,3306.52,-1.4817009927403801,0.0001,0.0001,2024-07-04T00:00:00+00:00,316.0,-16.48170099274038,0.23882699263194224,FLAT,False,False,False,
2024-07-03T18:45:00+00:00,ETHUSDT,LONG_SPOT_SHORT_PERP,3306.16,3305.91,-0.7561642509739396,0.0001,0.0001,2024-07-04T00:00:00+00:00,315.0,-15.75616425097394,0.24476604334354324,FLAT,False,False,False,
2024-07-03T18:46:00+00:00,ETHUSDT,LONG_SPOT_SHORT_PERP,3305.75,3305.1,-1.9662708916284988,0.0001,0.0001,2024-07-04T00:00:00+00:00,314.0,-16.966270891628497,0.23504571877047253,FLAT,False,False,False,
2024-07-03T18:47:00+00:00,ETHUSDT,LONG_SPOT_SHORT_PERP,3299.69,3298.66,-3.1215053535338173,0.0001,0.0001,2024-07-04T00:00:00+00:00,313.0,-18.121505353533816,0.2266033989860728,FLAT,False,False,False,
2024-07-03T18:48:00+00:00,ETHUSDT,LONG_SPOT_SHORT_PERP,3296.73,3295.92,-2.456980098461037,0.0001,0.0001,2024-07-04T00:00:00+00:00,312.0,-17.456980098461038,0.23136301341883692,FLAT,False,False,False,
2024-07-03T18:49:00+00:00,ETHUSDT,LONG_SPOT_SHORT_PERP,3298.4,3297.81,-1.788746058695566,0.0001,0.0001,2024-07-04T00:00:00+00:00,311.0,-16.788746058695565,0.2364141127083884,FLAT,False,False,False,
2024-07-03T18:50:00+00:00,ETHUSDT,LONG_SPOT_SHORT_PERP,3300.18,3299.29,-2.6968225975548994,0.0001,0.0001,2024-07-04T00:00:00+00:00,310.0,-17.6968225975549,0.22961540501053762,FLAT,False,False,False,
2024-07-03T18:51:00+00:00,ETHUSDT,LONG_SPOT_SHORT_PERP,3301.99,3300.79,-3.634172120448027,0.0001,0.0001,2024-07-04T00:00:00+00:00,309.0,-18.634172120448028,0.22310441402477899,FLAT,False,False,False,
2024-07-03T18:52:00+00:00,ETHUSDT,LONG_SPOT_SHORT_PERP,3303.4,3302.39,-3.0574559544718114,0.0001,0.0001,2024-07-04T00:00:00+00:00,308.0,-18.057455954471813,0.2270509953743764,FLAT,False,False,False,
2024-07-03T18:53:00+00:00,ETHUSDT,LONG_SPOT_SHORT_PERP,3303.21,3302.13,-3.26954689529254,0.0001,0.0001,2024-07-04T00:00:00+00:00,307.0,-18.26954689529254,0.22557779477435347,FLAT,False,False,False,
2024-07-03T18:54:00+00:00,ETHUSDT,LONG_SPOT_SHORT_PERP,3306.08,3304.47,-4.869815612447755,0.0001,0.0001,2024-07-04T00:00:00+00:00,306.0,-19.869815612447756,0.21525949392466143,FLAT,False,False,False,
2024-07-03T18:55:00+00:00,ETHUSDT,LONG_SPOT_SHORT_PERP,3307.03,3305.36,-5.049848353356555,0.0001,0.0001,2024-07-04T00:00:00+00:00,305.0,-20.049848353356555,0.21418304316352854,FLAT,False,False,False,
2024-07-03T18:56:00+00:00,ETHUSDT,LONG_SPOT_SHORT_PERP,3308.57,3307.43,-3.4455973426596,0.0001,0.0001,2024-07-04T00:00:00+00:00,304.0,-18.4455973426596,0.22437429132214765,FLAT,False,False,False,
2024-07-03T18:57:00+00:00,ETHUSDT,LONG_SPOT_SHORT_PERP,3305.6,3304.14,-4.41674733785103,0.0001,0.0001,2024-07-04T00:00:00+00:00,303.0,-19.416747337851028,0.21804207106498308,FLAT,False,False,False,
2024-07-03T18:58:00+00:00,ETHUSDT,LONG_SPOT_SHORT_PERP,3306.61,3305.41,-3.6290944502081373,0.0001,0.0001,2024-07-04T00:00:00+00:00,302.0,-18.629094450208136,0.2231383486546094,FLAT,False,False,False,
2024-07-03T18:59:00+00:00,ETHUSDT,LONG_SPOT_SHORT_PERP,3308.3,3306.71,-4.806093764169348,0.0001,0.0001,2024-07-04T00:00:00+00:00,301.0,-19.806093764169347,0.21564444944459005,FLAT,False,False,False,
2024-07-03T19:00:00+00:00,ETHUSDT,LONG_SPOT_SHORT_PERP,3307.41,3305.98,-4.323624830304789,0.0001,0.0001,2024-07-04T00:00:00+00:00,300.0,-19.323624830304787,0.21862725880059591,FLAT,False,False,False,
2024-07-03T19:01:00+00:00,ETHUSDT,LONG_SPOT_SHORT_PERP,3305.8,3304.33,-4.446729989715816,0.0001,0.0001,2024-07-04T00:00:00+00:00,299.0,-19.446729989715816,0.21785462979541229,FLAT,False,False,False,
2024-07-03T19:02:00+00:00,ETHUSDT,LONG_SPOT_SHORT_PERP,3306.81,3305.03,-5.382831187760245,0.0001,0.0001,2024-07-04T00:00:00+00:00,298.0,-20.382831187760246,0.21223495159645936,FLAT,False,False,False,
2024-07-03T19:03:00+00:00,ETHUSDT,LONG_SPOT_SHORT_PERP,3302.4,3300.77,-4.935804263566221,0.0001,0.0001,2024-07-04T00:00:00+00:00,297.0,-19.935804263566222,0.21486302667420482,FLAT,False,False,False,
2024-07-03T19:04:00+00:00,ETHUSDT,LONG_SPOT_SHORT_PERP,3292.8,3291.38,-4.312439261419074,0.0001,0.0001,2024-07-04T00:00:00+00:00,296.0,-19.312439261419073,0.21869785766776847,FLAT,False,False,False,
2024-07-03T19:05:00+00:00,ETHUSDT,LONG_SPOT_SHORT_PERP,3294.8,3294.0,-2.428068471531449,0.0001,0.0001,2024-07-04T00:00:00+00:00,295.0,-17.42806847153145,0.23157597905024757,FLAT,False,False,False,
2024-07-03T19:06:00+00:00,ETHUSDT,LONG_SPOT_SHORT_PERP,3295.41,3294.37,-3.155904728091387,0.0001,0.0001,2024-07-04T00:00:00+00:00,294.0,-18.155904728091386,0.2263639739356605,FLAT,False,False,False,
2024-07-03T19:07:00+00:00,ETHUSDT,LONG_SPOT_SHORT_PERP,3288.76,3288.21,-1.672362835841417,0.0001,0.0001,2024-07-04T00:00:00+00:00,293.0,-16.67236283584142,0.2373217809769243,FLAT,False,False,False,
2024-07-03T19:08:00+00:00,ETHUSDT,LONG_SPOT_SHORT_PERP,3293.2,3292.54,-2.0041297218506453,0.0001,0.0001,2024-07-04T00:00:00+00:00,292.0,-17.004129721850646,0.23475639867930986,FLAT,False,False,False,
2024-07-03T19:09:00+00:00,ETHUSDT,LONG_SPOT_SHORT_PERP,3292.01,3290.93,-3.280670471840553,0.0001,0.0001,2024-07-04T00:00:00+00:00,291.0,-18.28067047184055,0.22550123529976396,FLAT,False,False,False,
2024-07-03T19:10:00+00:00,ETHUSDT,LONG_SPOT_SHORT_PERP,3306.18,3306.05,-0.39320303189679445,0.0001,0.0001,2024-07-04T00:00:00+00:00,290.0,-15.393203031896794,0.24786556703787144,FLAT,False,False,False,
2024-07-03T19:11:00+00:00,ETHUSDT,LONG_SPOT_SHORT_PERP,3302.21,3301.32,-2.695164753301191,0.0001,0.0001,2024-07-04T00:00:00+00:00,289.0,-17.695164753301192,0.22962736852439447,FLAT,False,False,False,
2024-07-03T19:12:00+00:00,ETHUSDT,LONG_SPOT_SHORT_PERP,3298.16,3297.44,-2.183035389428651,0.0001,0.0001,2024-07-04T00:00:00+00:00,288.0,-17.18303538942865,0.23340100074021758,FLAT,False,False,False,
2024-07-03T19:13:00+00:00,ETHUSDT,LONG_SPOT_SHORT_PERP,3297.54,3296.67,-2.6383303917462437,0.0001,0.0001,2024-07-04T00:00:00+00:00,287.0,-17.638330391746244,0.23003847864914057,FLAT,False,False,False,
2024-07-03T19:14:00+00:00,ETHUSDT,LONG_SPOT_SHORT_PERP,3294.58,3293.92,-2.003290252474836,0.0001,0.0001,2024-07-04T00:00:00+00:00,286.0,-17.003290252474837,0.2347628044697552,FLAT,False,False,False,
2024-07-03T19:15:00+00:00,ETHUSDT,LONG_SPOT_SHORT_PERP,3295.0,3294.2,-2.4279210925650436,0.0001,0.0001,2024-07-04T00:00:00+00:00,285.0,-17.427921092565043,0.23157706593224137,FLAT,False,False,False,
2024-07-03T19:16:00+00:00,ETHUSDT,LONG_SPOT_SHORT_PERP,3284.12,3283.36,-2.314166352020522,0.0001,0.0001,2024-07-04T00:00:00+00:00,284.0,-17.31416635202052,0.23241984723216214,FLAT,False,False,False,
2024-07-03T19:17:00+00:00,ETHUSDT,LONG_SPOT_SHORT_PERP,3279.6,3278.87,-2.2258812050250585,0.0001,0.0001,2024-07-04T00:00:00+00:00,283.0,-17.225881205025058,0.23307927843656284,FLAT,False,False,False,
2024-07-03T19:18:00+00:00,ETHUSDT,LONG_SPOT_SHORT_PERP,3282.21,3281.72,-1.4928965544564072,0.0001,0.0001,2024-07-04T00:00:00+00:00,282.0,-16.492896554456408,0.23873797767218782,FLAT,False,False,False,
2024-07-03T19:19:00+00:00,ETHUSDT,LONG_SPOT_SHORT_PERP,3282.57,3281.7,-2.650362368511092,0.0001,0.0001,2024-07-04T00:00:00+00:00,281.0,-17.650362368511093,0.22995128721153846,FLAT,False,False,False,
2024-07-03T19:20:00+00:00,ETHUSDT,LONG_SPOT_SHORT_PERP,3279.11,3278.17,-2.866631494521546,0.0001,0.0001,2024-07-04T00:00:00+00:00,280.0,-17.866631494521545,0.22839852000303865,FLAT,False,False,False,
2024-07-03T19:21:00+00:00,ETHUSDT,LONG_SPOT_SHORT_PERP,3280.22,3279.21,-3.0790617702463967,0.0001,0.0001,2024-07-04T00:00:00+00:00,279.0,-18.079061770246398,0.2268997449042719,FLAT,False,False,False,
2024-07-03T19:22:00+00:00,ETHUSDT,LONG_SPOT_SHORT_PERP,3259.74,3258.02,-5.276494444341574,0.0001,0.0001,2024-07-04T00:00:00+00:00,278.0,-20.276494444341573,0.2128510737330706,FLAT,False,False,False,
2024-07-03T19:23:00+00:00,ETHUSDT,LONG_SPOT_SHORT_PERP,3273.5,3272.43,-3.2686726745079078,0.0001,0.0001,2024-07-04T00:00:00+00:00,277.0,-18.268672674507908,0.225583814681915,FLAT,False,False,False,
2024-07-03T19:24:00+00:00,ETHUSDT,LONG_SPOT_SHORT_PERP,3273.49,3272.48,-3.085392043353618,0.0001,0.0001,2024-07-04T00:00:00+00:00,276.0,-18.085392043353618,0.2268554808031582,FLAT,False,False,False,
2024-07-03T19:25:00+00:00,ETHUSDT,LONG_SPOT_SHORT_PERP,3275.19,3274.02,-3.5723118353441254,0.0001,0.0001,2024-07-04T00:00:00+00:00,275.0,-18.572311835344124,0.22351880616072542,FLAT,False,False,False,
2024-07-03T19:26:00+00:00,ETHUSDT,LONG_SPOT_SHORT_PERP,3280.67,3279.77,-2.7433420612255754,0.0001,0.0001,2024-07-04T00:00:00+00:00,274.0,-17.743342061225576,0.22928036278804106,FLAT,False,False,False,
2024-07-03T19:27:00+00:00,ETHUSDT,LONG_SPOT_SHORT_PERP,3281.89,3281.0,-2.7118520121023946,0.0001,0.0001,2024-07-04T00:00:00+00:00,273.0,-17.711852012102394,0.2295070216498886,FLAT,False,False,False,
2024-07-03T19:28:00+00:00,ETHUSDT,LONG_SPOT_SHORT_PERP,3279.0,3278.0,-3.0497102775236353,0.0001,0.0001,2024-07-04T00:00:00+00:00,272.0,-18.049710277523637,0.22710528380058817,FLAT,False,False,False,
2024-07-03T19:29:00+00:00,ETHUSDT,LONG_SPOT_SHORT_PERP,3280.81,3280.36,-1.3716124981325286,0.0001,0.0001,2024-07-04T00:00:00+00:00,271.0,-16.371612498132528,0.23970650504866498,FLAT,False,False,False,
2024-07-03T19:30:00+00:00,ETHUSDT,LONG_SPOT_SHORT_PERP,3281.42,3280.83,-1.798002084463877,0.0001,0.0001,2024-07-04T00:00:00+00:00,270.0,-16.798002084463878,0.23634228565159104,FLAT,False,False,False,
2024-07-03T19:31:00+00:00,ETHUSDT,LONG_SPOT_SHORT_PERP,3283.21,3282.0,-3.6854176248245967,0.0001,0.0001,2024-07-04T00:00:00+00:00,269.0,-18.685417624824595,0.2227627322956788,FLAT,False,False,False,
2024-07-03T19:32:00+00:00,ETHUSDT,LONG_SPOT_SHORT_PERP,3279.39,3278.57,-2.500465025506905,0.0001,0.0001,2024-07-04T00:00:00+00:00,268.0,-17.500465025506905,0.2310436356961318,FLAT,False,False,False,
2024-07-03T19:33:00+00:00,ETHUSDT,LONG_SPOT_SHORT_PERP,3280.0,3278.71,-3.932926829268182,0.0001,0.0001,2024-07-04T00:00:00+00:00,267.0,-18.932926829268183,0.22113275573816482,FLAT,False,False,False,
2024-07-03T19:34:00+00:00,ETHUSDT,LONG_SPOT_SHORT_PERP,3283.53,3282.78,-2.284127143653324,0.0001,0.0001,2024-07-04T00:00:00+00:00,266.0,-17.284127143653325,0.23264369402978258,FLAT,False,False,False,
2024-07-03T19:35:00+00:00,ETHUSDT,LONG_SPOT_SHORT_PERP,3284.99,3283.9,-3.318122734010426,0.0001,0.0001,2024-07-04T00:00:00+00:00,265.0,-18.318122734010426,0.2252439795237774,FLAT,False,False,False,
2024-07-03T19:36:00+00:00,ETHUSDT,LONG_SPOT_SHORT_PERP,3284.98,3283.32,-5.053303216457495,0.0001,0.0001,2024-07-04T00:00:00+00:00,264.0,-20.053303216457493,0.2141625461811917,FLAT,False,False,False,
2024-07-03T19:37:00+00:00,ETHUSDT,LONG_SPOT_SHORT_PERP,3286.0,3284.65,-4.108338405355779,0.0001,0.0001,2024-07-04T00:00:00+00:00,263.0,-19.10833840535578,0.21999774133386324,FLAT,False,False,False,
2024-07-03T19:38:00+00:00,ETHUSDT,LONG_SPOT_SHORT_PERP,3286.01,3284.43,-4.808262908513309,0.0001,0.0001,2024-07-04T00:00:00+00:00,262.0,-19.80826290851331,0.21563131109890105,FLAT,False,False,False,
2024-07-03T19:39:00+00:00,ETHUSDT,LONG_SPOT_SHORT_PERP,3286.14,3284.4,-5.294966130474605,0.0001,0.0001,2024-07-04T00:00:00+00:00,261.0,-20.294966130474606,0.21274364623907807,FLAT,False,False,False,
2024-07-03T19:40:00+00:00,ETHUSDT,LONG_SPOT_SHORT_PERP,3288.11,3286.79,-4.0144642362942955,0.0001,0.0001,2024-07-04T00:00:00+00:00,260.0,-19.014464236294295,0.2206030960486836,FLAT,False,False,False,
2024-07-03T19:41:00+00:00,ETHUSDT,LONG_SPOT_SHORT_PERP,3290.89,3289.65,-3.7679776595382455,0.0001,0.0001,2024-07-04T00:00:00+00:00,259.0,-18.767977659538246,0.2222153032975031,FLAT,False,False,False,
2024-07-03T19:42:00+00:00,ETHUSDT,LONG_SPOT_SHORT_PERP,3288.79,3287.17,-4.925823783214772,0.0001,0.0001,2024-07-04T00:00:00+00:00,258.0,-19.925823783214774,0.21492284838210218,FLAT,False,False,False,
2024-07-03T19:43:00+00:00,ETHUSDT,LONG_SPOT_SHORT_PERP,3287.88,3286.43,-4.410136622991937,0.0001,0.0001,2024-07-04T00:00:00+00:00,257.0,-19.410136622991935,0.21808346254731376,FLAT,False,False,False,
2024-07-03T19:44:00+00:00,ETHUSDT,LONG_SPOT_SHORT_PERP,3289.79,3288.56,-3.738840473100162,0.0001,0.0001,2024-07-04T00:00:00+00:00,256.0,-18.73884047310016,0.22240807466511414,FLAT,False,False,False,
2024-07-03T19:45:00+00:00,ETHUSDT,LONG_SPOT_SHORT_PERP,3291.33,3290.0,-4.040919628235174,0.0001,0.0001,2024-07-04T00:00:00+00:00,255.0,-19.040919628235173,0.22043201627383235,FLAT,False,False,False,
2024-07-03T19:46:00+00:00,ETHUSDT,LONG_SPOT_SHORT_PERP,3286.21,3284.81,-4.260226826648604,0.0001,0.0001,2024-07-04T00:00:00+00:00,254.0,-19.260226826648605,0.21902827878418774,FLAT,False,False,False,
2024-07-03T19:47:00+00:00,ETHUSDT,LONG_SPOT_SHORT_PERP,3283.32,3281.69,-4.964487165430445,0.0001,0.0001,2024-07-04T00:00:00+00:00,253.0,-19.964487165430445,0.21469138646312536,FLAT,False,False,False,
2024-07-03T19:48:00+00:00,ETHUSDT,LONG_SPOT_SHORT_PERP,3282.52,3281.07,-4.417337898930755,0.0001,0.0001,2024-07-04T00:00:00+00:00,252.0,-19.417337898930754,0.21803837451964425,FLAT,False,False,False,
2024-07-03T19:49:00+00:00,ETHUSDT,LONG_SPOT_SHORT_PERP,3278.32,3277.26,-3.233363430049371,0.0001,0.0001,2024-07-04T00:00:00+00:00,251.0,-18.233363430049373,0.22582731700275838,FLAT,False,False,False,
2024-07-03T19:50:00+00:00,ETHUSDT,LONG_SPOT_SHORT_PERP,3277.2,3276.55,-1.9834004638094602,0.0001,0.0001,2024-07-04T00:00:00+00:00,250.0,-16.98340046380946,0.23491470468463618,FLAT,False,False,False,
2024-07-03T19:51:00+00:00,ETHUSDT,LONG_SPOT_SHORT_PERP,3281.2,3280.16,-3.169572107765341,0.0001,0.0001,2024-07-04T00:00:00+00:00,249.0,-18.16957210776534,0.2262690341858668,FLAT,False,False,False,
2024-07-03T19:52:00+00:00,ETHUSDT,LONG_SPOT_SHORT_PERP,3273.99,3273.4,-1.8020824742888364,0.0001,0.0001,2024-07-04T00:00:00+00:00,248.0,-16.802082474288838,0.2363106385157993,FLAT,False,False,False,
2024-07-03T19:53:00+00:00,ETHUSDT,LONG_SPOT_SHORT_PERP,3271.28,3270.38,-2.7512166491406758,0.0001,0.0001,2024-07-04T00:00:00+00:00,247.0,-17.751216649140677,0.229223773807954,FLAT,False,False,False,
2024-07-03T19:54:00+00:00,ETHUSDT,LONG_SPOT_SHORT_PERP,3270.57,3269.96,-1.8651183127104063,0.0001,0.0001,2024-07-04T00:00:00+00:00,246.0,-16.865118312710408,0.2358230440274225,FLAT,False,False,False,
2024-07-03T19:55:00+00:00,ETHUSDT,LONG_SPOT_SHORT_PERP,3272.8,3271.76,-3.1777071620629536,0.0001,0.0001,2024-07-04T00:00:00+00:00,245.0,-18.177707162062955,0.22621257497466543,FLAT,False,False,False,
2024-07-03T19:56:00+00:00,ETHUSDT,LONG_SPOT_SHORT_PERP,3269.9,3269.25,-1.9878283739566682,0.0001,0.0001,2024-07-04T00:00:00+00:00,244.0,-16.987828373956667,0.23488086738539657,FLAT,False,False,False,
2024-07-03T19:57:00+00:00,ETHUSDT,LONG_SPOT_SHORT_PERP,3269.08,3268.49,-1.8047891149808066,0.0001,0.0001,2024-07-04T00:00:00+00:00,243.0,-16.804789114980807,0.23628965173080715,FLAT,False,False,False,
2024-07-03T19:58:00+00:00,ETHUSDT,LONG_SPOT_SHORT_PERP,3269.62,3269.0,-1.896244823557144,0.0001,0.0001,2024-07-04T00:00:00+00:00,242.0,-16.896244823557144,0.23558317734018458,FLAT,False,False,False,
2024-07-03T19:59:00+00:00,ETHUSDT,LONG_SPOT_SHORT_PERP,3266.29,3265.24,-3.2146563838488986,0.0001,0.0001,2024-07-04T00:00:00+00:00,241.0,-18.214656383848897,0.2259566125501858,FLAT,False,False,False,
2024-07-03T20:00:00+00:00,ETHUSDT,LONG_SPOT_SHORT_PERP,3269.0,3269.05,0.15295197308100916,0.0001,0.0001,2024-07-04T00:00:00+00:00,240.0,-14.84704802691899,0.2526954666721975,FLAT,False,False,False,
2024-07-03T20:01:00+00:00,ETHUSDT,LONG_SPOT_SHORT_PERP,3270.68,3270.17,-1.5593087675950064,0.0001,0.0001,2024-07-04T00:00:00+00:00,239.0,-16.559308767595006,0.23821155860854307,FLAT,False,False,False,
2024-07-03T20:02:00+00:00,ETHUSDT,LONG_SPOT_SHORT_PERP,3274.71,3274.26,-1.3741674835323374,0.0001,0.0001,2024-07-04T00:00:00+00:00,238.0,-16.374167483532336,0.23968600613065966,FLAT,False,False,False,
2024-07-03T20:03:00+00:00,ETHUSDT,LONG_SPOT_SHORT_PERP,3269.41,3269.07,-1.0399429866541388,0.0001,0.0001,2024-07-04T00:00:00+00:00,237.0,-16.03994298665414,0.24240282191532841,FLAT,False,False,False,
2024-07-03T20:04:00+00:00,ETHUSDT,LONG_SPOT_SHORT_PERP,3274.18,3273.36,-2.504443860752033,0.0001,0.0001,2024-07-04T00:00:00+00:00,236.0,-17.504443860752033,0.2310144689676874,FLAT,False,False,False,
2024-07-03T20:05:00+00:00,ETHUSDT,LONG_SPOT_SHORT_PERP,3274.69,3274.25,-1.343638634496867,0.0001,0.0001,2024-07-04T00:00:00+00:00,235.0,-16.343638634496866,0.23993121274599633,FLAT,False,False,False,
2024-07-03T20:06:00+00:00,ETHUSDT,LONG_SPOT_SHORT_PERP,3274.69,3274.43,-0.793968284021444,0.0001,0.0001,2024-07-04T00:00:00+00:00,234.0,-15.793968284021444,0.24444819821697925,FLAT,False,False,False,
2024-07-03T20:07:00+00:00,ETHUSDT,LONG_SPOT_SHORT_PERP,3277.9,3277.59,-0.9457274474509455,0.0001,0.0001,2024-07-04T00:00:00+00:00,233.0,-15.945727447450945,0.24318162557737621,FLAT,False,False,False,
2024-07-03T20:08:00+00:00,ETHUSDT,LONG_SPOT_SHORT_PERP,3279.78,3278.95,-2.5306575441047325,0.0001,0.0001,2024-07-04T00:00:00+00:00,232.0,-17.530657544104734,0.23082254502321575,FLAT,False,False,False,
2024-07-03T20:09:00+00:00,ETHUSDT,LONG_SPOT_SHORT_PERP,3279.31,3278.3,-3.079916201883212,0.0001,0.0001,2024-07-04T00:00:00+00:00,231.0,-18.07991620188321,0.22689376899612002,FLAT,False,False,False,
2024-07-03T20:10:00+00:00,ETHUSDT,LONG_SPOT_SHORT_PERP,3276.17,3275.39,-2.3808288336691934,0.0001,0.0001,2024-07-04T00:00:00+00:00,230.0,-17.38082883366919,0.23192502270301657,FLAT,False,False,False,
2024-07-03T20:11:00+00:00,ETHUSDT,LONG_SPOT_SHORT_PERP,3275.49,3274.39,-3.35827616631377,0.0001,0.0001,2024-07-04T00:00:00+00:00,229.0,-18.35827616631377,0.22496904902312012,FLAT,False,False,False,
2024-07-03T20:12:00+00:00,ETHUSDT,LONG_SPOT_SHORT_PERP,3276.75,3276.2,-1.6784924086371615,0.0001,0.0001,2024-07-04T00:00:00+00:00,228.0,-16.67849240863716,0.23727376680371512,FLAT,False,False,False,
2024-07-03T20:13:00+00:00,ETHUSDT,LONG_SPOT_SHORT_PERP,3277.6,3276.21,-4.240907981449452,0.0001,0.0001,2024-07-04T00:00:00+00:00,227.0,-19.240907981449453,0.21915090292137568,FLAT,False,False,False,
2024-07-03T20:14:00+00:00,ETHUSDT,LONG_SPOT_SHORT_PERP,3276.61,3275.61,-3.0519347740500087,0.0001,0.0001,2024-07-04T00:00:00+00:00,226.0,-18.051934774050007,0.22708968907476107,FLAT,False,False,False,
2024-07-03T20:15:00+00:00,ETHUSDT,LONG_SPOT_SHORT_PERP,3279.87,3279.4,-1.4329836243503553,0.0001,0.0001,2024-07-04T00:00:00+00:00,225.0,-16.432983624350356,0.23921525916745812,FLAT,False,False,False,
2024-07-03T20:16:00+00:00,ETHUSDT,LONG_SPOT_SHORT_PERP,3280.49,3279.84,-1.981411313552659,0.0001,0.0001,2024-07-04T00:00:00+00:00,224.0,-16.98141131355266,0.23492990931920776,FLAT,False,False,False,
2024-07-03T20:17:00+00:00,ETHUSDT,LONG_SPOT_SHORT_PERP,3283.68,3282.81,-2.649466452272727,0.0001,0.0001,2024-07-04T00:00:00+00:00,223.0,-17.649466452272726,0.22995777666222744,FLAT,False,False,False,
2024-07-03T20:18:00+00:00,ETHUSDT,LONG_SPOT_SHORT_PERP,3279.25,3278.14,-3.384920332393466,0.0001,0.0001,2024-07-04T00:00:00+00:00,222.0,-18.384920332393467,0.22478711758724818,FLAT,False,False,False,
2024-07-03T20:19:00+00:00,ETHUSDT,LONG_SPOT_SHORT_PERP,3278.54,3277.37,-3.5686616603734373,0.0001,0.0001,2024-07-04T00:00:00+00:00,221.0,-18.568661660373436,0.2235433244235581,FLAT,False,False,False,
2024-07-03T20:20:00+00:00,ETHUSDT,LONG_SPOT_SHORT_PERP,3278.22,3277.0,-3.721531806894595,0.0001,0.0001,2024-07-04T00:00:00+00:00,220.0,-18.721531806894596,0.22252280948559922,FLAT,False,False,False,
2024-07-03T20:21:00+00:00,ETHUSDT,LONG_SPOT_SHORT_PERP,3278.5,3277.91,-1.7996034772003828,0.0001,0.0001,2024-07-04T00:00:00+00:00,219.0,-16.79960347720038,0.23632986416703425,FLAT,False,False,False,
2024-07-03T20:22:00+00:00,ETHUSDT,LONG_SPOT_SHORT_PERP,3279.19,3278.46,-2.226159508903169,0.0001,0.0001,2024-07-04T00:00:00+00:00,218.0,-17.22615950890317,0.23307719231957985,FLAT,False,False,False,
2024-07-03T20:23:00+00:00,ETHUSDT,LONG_SPOT_SHORT_PERP,3278.23,3277.01,-3.7215204546349705,0.0001,0.0001,2024-07-04T00:00:00+00:00,217.0,-18.72152045463497,0.222522884790956,FLAT,False,False,False,
2024-07-03T20:24:00+00:00,ETHUSDT,LONG_SPOT_SHORT_PERP,3274.66,3273.33,-4.061490353196751,0.0001,0.0001,2024-07-04T00:00:00+00:00,216.0,-19.061490353196753,0.22029925172223286,FLAT,False,False,False,
2024-07-03T20:25:00+00:00,ETHUSDT,LONG_SPOT_SHORT_PERP,3272.59,3271.49,-3.3612520969640673,0.0001,0.0001,2024-07-04T00:00:00+00:00,215.0,-18.361252096964066,0.2249487089876156,FLAT,False,False,False,
2024-07-03T20:26:00+00:00,ETHUSDT,LONG_SPOT_SHORT_PERP,3274.14,3273.08,-3.237491371779904,0.0001,0.0001,2024-07-04T00:00:00+00:00,214.0,-18.237491371779903,0.22579881308732339,FLAT,False,False,False,
2024-07-03T20:27:00+00:00,ETHUSDT,LONG_SPOT_SHORT_PERP,3272.71,3271.63,-3.300017416758366,0.0001,0.0001,2024-07-04T00:00:00+00:00,213.0,-18.300017416758365,0.22536824413864326,FLAT,False,False,False,
2024-07-03T20:28:00+00:00,ETHUSDT,LONG_SPOT_SHORT_PERP,3272.58,3271.98,-1.8334158370457225,0.0001,0.0001,2024-07-04T00:00:00+00:00,212.0,-16.833415837045724,0.2360679624662877,FLAT,False,False,False,
2024-07-03T20:29:00+00:00,ETHUSDT,LONG_SPOT_SHORT_PERP,3274.59,3273.51,-3.298122818428955,0.0001,0.0001,2024-07-04T00:00:00+00:00,211.0,-18.298122818428954,0.22538125828731237,FLAT,False,False,False,
2024-07-03T20:30:00+00:00,ETHUSDT,LONG_SPOT_SHORT_PERP,3277.19,3276.73,-1.403641534363392,0.0001,0.0001,2024-07-04T00:00:00+00:00,210.0,-16.40364153436339,0.23944983131211878,FLAT,False,False,False,
2024-07-03T20:31:00+00:00,ETHUSDT,LONG_SPOT_SHORT_PERP,3275.8,3274.59,-3.6937541974480625,0.0001,0.0001,2024-07-04T00:00:00+00:00,209.0,-18.69375419744806,0.22270728489462638,FLAT,False,False,False,
2024-07-03T20:32:00+00:00,ETHUSDT,LONG_SPOT_SHORT_PERP,3274.37,3273.14,-3.75644780522671,0.0001,0.0001,2024-07-04T00:00:00+00:00,208.0,-18.75644780522671,0.22229152898580717,FLAT,False,False,False,
2024-07-03T20:33:00+00:00,ETHUSDT,LONG_SPOT_SHORT_PERP,3275.55,3275.0,-1.679107325487878,0.0001,0.0001,2024-07-04T00:00:00+00:00,207.0,-16.679107325487877,0.2372689513272747,FLAT,False,False,False,
2024-07-03T20:34:00+00:00,ETHUSDT,LONG_SPOT_SHORT_PERP,3274.68,3273.85,-2.5345988004932614,0.0001,0.0001,2024-07-04T00:00:00+00:00,206.0,-17.53459880049326,0.23079372425702405,FLAT,False,False,False,
2024-07-03T20:35:00+00:00,ETHUSDT,LONG_SPOT_SHORT_PERP,3275.61,3274.62,-3.0223378241006604,0.0001,0.0001,2024-07-04T00:00:00+00:00,205.0,-18.02233782410066,0.22729740966245254,FLAT,False,False,False,
2024-07-03T20:36:00+00:00,ETHUSDT,LONG_SPOT_SHORT_PERP,3274.39,3273.48,-2.7791435962113695,0.0001,0.0001,2024-07-04T00:00:00+00:00,204.0,-17.77914359621137,0.22902337506710013,FLAT,False,False,False,
2024-07-03T20:37:00+00:00,ETHUSDT,LONG_SPOT_SHORT_PERP,3276.21,3275.44,-2.350276691665009,0.0001,0.0001,2024-07-04T00:00:00+00:00,203.0,-17.35027669166501,0.232151475903358,FLAT,False,False,False,
2024-07-03T20:38:00+00:00,ETHUSDT,LONG_SPOT_SHORT_PERP,3275.55,3274.87,-2.0759872387852147,0.0001,0.0001,2024-07-04T00:00:00+00:00,202.0,-17.075987238785213,0.23420966450020245,FLAT,False,False,False,
2024-07-03T20:39:00+00:00,ETHUSDT,LONG_SPOT_SHORT_PERP,3274.7,3273.87,-2.5345833206092996,0.0001,0.0001,2024-07-04T00:00:00+00:00,201.0,-17.5345833206093,0.23079383743697307,FLAT,False,False,False,
2024-07-03T20:40:00+00:00,ETHUSDT,LONG_SPOT_SHORT_PERP,3272.6,3271.6,-3.055674387337285,0.0001,0.0001,2024-07-04T00:00:00+00:00,200.0,-18.055674387337284,0.2270634790948307,FLAT,False,False,False,
2024-07-03T20:41:00+00:00,ETHUSDT,LONG_SPOT_SHORT_PERP,3272.61,3271.99,-1.8945123311373662,0.0001,0.0001,2024-07-04T00:00:00+00:00,199.0,-16.894512331137367,0.23559651258841258,FLAT,False,False,False,
2024-07-03T20:42:00+00:00,ETHUSDT,LONG_SPOT_SHORT_PERP,3273.85,3272.5,-4.123585381125919,0.0001,0.0001,2024-07-04T00:00:00+00:00,198.0,-19.12358538112592,0.21989986715735357,FLAT,False,False,False,
2024-07-03T20:43:00+00:00,ETHUSDT,LONG_SPOT_SHORT_PERP,3274.12,3273.59,-1.6187555740160573,0.0001,0.0001,2024-07-04T00:00:00+00:00,197.0,-16.618755574016056,0.23774269506872342,FLAT,False,False,False,
2024-07-03T20:44:00+00:00,ETHUSDT,LONG_SPOT_SHORT_PERP,3274.35,3273.09,-3.848091987722032,0.0001,0.0001,2024-07-04T00:00:00+00:00,196.0,-18.848091987722032,0.22168766547055843,FLAT,False,False,False,
2024-07-03T20:45:00+00:00,ETHUSDT,LONG_SPOT_SHORT_PERP,3275.36,3274.25,-3.3889404523476117,0.0001,0.0001,2024-07-04T00:00:00+00:00,195.0,-18.38894045234761,0.22475970210256307,FLAT,False,False,False,
2024-07-03T20:46:00+00:00,ETHUSDT,LONG_SPOT_SHORT_PERP,3276.71,3275.85,-2.6245838050975747,0.0001,0.0001,2024-07-04T00:00:00+00:00,194.0,-17.624583805097576,0.23013819952443548,FLAT,False,False,False,
2024-07-03T20:47:00+00:00,ETHUSDT,LONG_SPOT_SHORT_PERP,3278.1,3277.23,-2.65397638876145,0.0001,0.0001,2024-07-04T00:00:00+00:00,193.0,-17.65397638876145,0.22992511432628165,FLAT,False,False,False,
2024-07-03T20:48:00+00:00,ETHUSDT,LONG_SPOT_SHORT_PERP,3276.82,3275.88,-2.8686348349926285,0.0001,0.0001,2024-07-04T00:00:00+00:00,192.0,-17.86863483499263,0.22838426388515704,FLAT,False,False,False,
2024-07-03T20:49:00+00:00,ETHUSDT,LONG_SPOT_SHORT_PERP,3276.41,3275.63,-2.380654435799382,0.0001,0.0001,2024-07-04T00:00:00+00:00,191.0,-17.380654435799382,0.23192631376024714,FLAT,False,False,False,
2024-07-03T20:50:00+00:00,ETHUSDT,LONG_SPOT_SHORT_PERP,3274.23,3273.49,-2.260073360760351,0.0001,0.0001,2024-07-04T00:00:00+00:00,190.0,-17.26007336076035,0.23282332945892986,FLAT,False,False,False,
2024-07-03T20:51:00+00:00,ETHUSDT,LONG_SPOT_SHORT_PERP,3273.81,3273.17,-1.9549088065583302,0.0001,0.0001,2024-07-04T00:00:00+00:00,189.0,-16.95490880655833,0.235132719801158,FLAT,False,False,False,
2024-07-03T20:52:00+00:00,ETHUSDT,LONG_SPOT_SHORT_PERP,3272.22,3271.17,-3.208830702091324,0.0001,0.0001,2024-07-04T00:00:00+00:00,188.0,-18.208830702091323,0.22599691789289855,FLAT,False,False,False,
2024-07-03T20:53:00+00:00,ETHUSDT,LONG_SPOT_SHORT_PERP,3272.5,3271.7,-2.4446142093206475,0.0001,0.0001,2024-07-04T00:00:00+00:00,187.0,-17.444614209320648,0.2314540407565727,FLAT,False,False,False,
2024-07-03T20:54:00+00:00,ETHUSDT,LONG_SPOT_SHORT_PERP,3272.31,3271.18,-3.453218063081154,0.0001,0.0001,2024-07-04T00:00:00+00:00,186.0,-18.453218063081152,0.22432258833713942,FLAT,False,False,False,
2024-07-03T20:55:00+00:00,ETHUSDT,LONG_SPOT_SHORT_PERP,3265.89,3264.52,-4.194874903930907,0.0001,0.0001,2024-07-04T00:00:00+00:00,185.0,-19.194874903930906,0.21944389308804152,FLAT,False,False,False,
2024-07-03T20:56:00+00:00,ETHUSDT,LONG_SPOT_SHORT_PERP,3260.21,3259.07,-3.49670726732288,0.0001,0.0001,2024-07-04T00:00:00+00:00,184.0,-18.49670726732288,0.22402815613269408,FLAT,False,False,False,
2024-07-03T20:57:00+00:00,ETHUSDT,LONG_SPOT_SHORT_PERP,3260.7,3259.0,-5.213604440763695,0.0001,0.0001,2024-07-04T00:00:00+00:00,183.0,-20.213604440763696,0.21321809912477346,FLAT,False,False,False,
2024-07-03T20:58:00+00:00,ETHUSDT,LONG_SPOT_SHORT_PERP,3257.86,3256.8,-3.253669586783795,0.0001,0.0001,2024-07-04T00:00:00+00:00,182.0,-18.253669586783793,0.2256871937946297,FLAT,False,False,False,
2024-07-03T20:59:00+00:00,ETHUSDT,LONG_SPOT_SHORT_PERP,3258.86,3258.04,-2.5162173275322157,0.0001,0.0001,2024-07-04T00:00:00+00:00,181.0,-17.516217327532217,0.23092821893455107,FLAT,False,False,False,
2024-07-03T21:00:00+00:00,ETHUSDT,LONG_SPOT_SHORT_PERP,3260.46,3259.26,-3.6804622660600597,0.0001,0.0001,2024-07-04T00:00:00+00:00,180.0,-18.68046226606006,0.22279570905495605,FLAT,False,False,False,
2024-07-03T21:01:00+00:00,ETHUSDT,LONG_SPOT_SHORT_PERP,3260.49,3260.09,-1.2268094672875436,0.0001,0.0001,2024-07-04T00:00:00+00:00,179.0,-16.226809467287545,0.24087504639358473,FLAT,False,False,False,
2024-07-03T21:02:00+00:00,ETHUSDT,LONG_SPOT_SHORT_PERP,3263.85,3263.38,-1.440017157650627,0.0001,0.0001,2024-07-04T00:00:00+00:00,178.0,-16.440017157650626,0.23915911109060317,FLAT,False,False,False,
2024-07-03T21:03:00+00:00,ETHUSDT,LONG_SPOT_SHORT_PERP,3262.98,3261.9,-3.3098578599927895,0.0001,0.0001,2024-07-04T00:00:00+00:00,177.0,-18.30985785999279,0.22530068196072084,FLAT,False,False,False,
2024-07-03T21:04:00+00:00,ETHUSDT,LONG_SPOT_SHORT_PERP,3262.41,3261.53,-2.6973924184871136,0.0001,0.0001,2024-07-04T00:00:00+00:00,176.0,-17.697392418487112,0.22961129337968567,FLAT,False,False,False,
2024-07-03T21:05:00+00:00,ETHUSDT,LONG_SPOT_SHORT_PERP,3263.59,3262.53,-3.2479570044029593,0.0001,0.0001,2024-07-04T00:00:00+00:00,175.0,-18.24795700440296,0.2257265899962969,FLAT,False,False,False,
2024-07-03T21:06:00+00:00,ETHUSDT,LONG_SPOT_SHORT_PERP,3269.97,3269.46,-1.5596473362133707,0.0001,0.0001,2024-07-04T00:00:00+00:00,174.0,-16.55964733621337,0.23820888201870943,FLAT,False,False,False,
2024-07-03T21:07:00+00:00,ETHUSDT,LONG_SPOT_SHORT_PERP,3273.55,3273.49,-0.18328725695468276,0.0001,0.0001,2024-07-04T00:00:00+00:00,173.0,-15.183287256954683,0.24969812759452642,FLAT,False,False,False,
2024-07-03T21:08:00+00:00,ETHUSDT,LONG_SPOT_SHORT_PERP,3275.21,3274.68,-1.6182168471646095,0.0001,0.0001,2024-07-04T00:00:00+00:00,172.0,-16.61821684716461,0.2377469341480602,FLAT,False,False,False,
2024-07-03T21:09:00+00:00,ETHUSDT,LONG_SPOT_SHORT_PERP,3277.41,3276.51,-2.7460708303191734,0.0001,0.0001,2024-07-04T00:00:00+00:00,171.0,-17.746070830319173,0.22926074898932233,FLAT,False,False,False,
2024-07-03T21:10:00+00:00,ETHUSDT,LONG_SPOT_SHORT_PERP,3279.95,3279.33,-1.8902727175715814,0.0001,0.0001,2024-07-04T00:00:00+00:00,170.0,-16.89027271757158,0.23562915329850043,FLAT,False,False,False,
2024-07-03T21:11:00+00:00,ETHUSDT,LONG_SPOT_SHORT_PERP,3277.23,3276.01,-3.7226560235314574,0.0001,0.0001,2024-07-04T00:00:00+00:00,169.0,-18.722656023531457,0.22251535233158792,FLAT,False,False,False,
2024-07-03T21:12:00+00:00,ETHUSDT,LONG_SPOT_SHORT_PERP,3276.84,3276.01,-2.5329280648427366,0.0001,0.0001,2024-07-04T00:00:00+00:00,168.0,-17.532928064842736,0.23080594052760403,FLAT,False,False,False,
2024-07-03T21:13:00+00:00,ETHUSDT,LONG_SPOT_SHORT_PERP,3279.0,3278.01,-3.0192131747477333,0.0001,0.0001,2024-07-04T00:00:00+00:00,167.0,-18.019213174747733,0.2273193687950569,FLAT,False,False,False,
2024-07-03T21:14:00+00:00,ETHUSDT,LONG_SPOT_SHORT_PERP,3278.44,3277.57,-2.6537011505468784,0.0001,0.0001,2024-07-04T00:00:00+00:00,166.0,-17.65370115054688,0.22992710734274047,FLAT,False,False,False,
2024-07-03T21:15:00+00:00,ETHUSDT,LONG_SPOT_SHORT_PERP,3278.71,3277.75,-2.9279808217257286,0.0001,0.0001,2024-07-04T00:00:00+00:00,165.0,-17.92798082172573,0.2279630027612088,FLAT,False,False,False,
2024-07-03T21:16:00+00:00,ETHUSDT,LONG_SPOT_SHORT_PERP,3278.71,3277.83,-2.6839824199154827,0.0001,0.0001,2024-07-04T00:00:00+00:00,164.0,-17.683982419915484,0.22970810579166345,FLAT,False,False,False,
2024-07-03T21:17:00+00:00,ETHUSDT,LONG_SPOT_SHORT_PERP,3276.3,3275.54,-2.3196898940885093,0.0001,0.0001,2024-07-04T00:00:00+00:00,163.0,-17.31968989408851,0.23237874573895212,FLAT,False,False,False,
2024-07-03T21:18:00+00:00,ETHUSDT,LONG_SPOT_SHORT_PERP,3275.57,3274.4,-3.571897410221954,0.0001,0.0001,2024-07-04T00:00:00+00:00,162.0,-18.571897410221954,0.22352158948609846,FLAT,False,False,False,
2024-07-03T21:19:00+00:00,ETHUSDT,LONG_SPOT_SHORT_PERP,3274.02,3273.04,-2.9932621059126645,0.0001,0.0001,2024-07-04T00:00:00+00:00,161.0,-17.993262105912663,0.2275019624369601,FLAT,False,False,False,
2024-07-03T21:20:00+00:00,ETHUSDT,LONG_SPOT_SHORT_PERP,3272.6,3271.83,-2.352869278249654,0.0001,0.0001,2024-07-04T00:00:00+00:00,160.0,-17.352869278249653,0.23213223790636334,FLAT,False,False,False,
2024-07-03T21:21:00+00:00,ETHUSDT,LONG_SPOT_SHORT_PERP,3272.8,3271.72,-3.2999266682974273,0.0001,0.0001,2024-07-04T00:00:00+00:00,159.0,-18.299926668297427,0.2253688674508874,FLAT,False,False,False,
2024-07-03T21:22:00+00:00,ETHUSDT,LONG_SPOT_SHORT_PERP,3275.0,3273.99,-3.0839694656495213,0.0001,0.0001,2024-07-04T00:00:00+00:00,158.0,-18.08396946564952,0.2268654261034776,FLAT,False,False,False,
2024-07-03T21:23:00+00:00,ETHUSDT,LONG_SPOT_SHORT_PERP,3275.0,3274.0,-3.053435114503817,0.0001,0.0001,2024-07-04T00:00:00+00:00,157.0,-18.053435114503817,0.22707917261368607,FLAT,False,False,False,
2024-07-03T21:24:00+00:00,ETHUSDT,LONG_SPOT_SHORT_PERP,3276.57,3276.25,-0.976631050153556,0.0001,0.0001,2024-07-04T00:00:00+00:00,156.0,-15.976631050153555,0.2429255381986289,FLAT,False,False,False,
2024-07-03T21:25:00+00:00,ETHUSDT,LONG_SPOT_SHORT_PERP,3276.15,3275.28,-2.655556064282438,0.0001,0.0001,2024-07-04T00:00:00+00:00,155.0,-17.655556064282436,0.22991367666220008,FLAT,False,False,False,
2024-07-03T21:26:00+00:00,ETHUSDT,LONG_SPOT_SHORT_PERP,3277.59,3276.6,-3.020512022553878,0.0001,0.0001,2024-07-04T00:00:00+00:00,154.0,-18.020512022553877,0.22731024018633664,FLAT,False,False,False,
2024-07-03T21:27:00+00:00,ETHUSDT,LONG_SPOT_SHORT_PERP,3278.32,3277.57,-2.2877571439029745,0.0001,0.0001,2024-07-04T00:00:00+00:00,153.0,-17.287757143902976,0.23261661512968318,FLAT,False,False,False,
2024-07-03T21:28:00+00:00,ETHUSDT,LONG_SPOT_SHORT_PERP,3279.83,3279.02,-2.469640194766026,0.0001,0.0001,2024-07-04T00:00:00+00:00,152.0,-17.469640194766026,0.23126991461407864,FLAT,False,False,False,
2024-07-03T21:29:00+00:00,ETHUSDT,LONG_SPOT_SHORT_PERP,3278.88,3277.56,-4.025764895330612,0.0001,0.0001,2024-07-04T00:00:00+00:00,151.0,-19.02576489533061,0.22052997159324683,FLAT,False,False,False,
2024-07-03T21:30:00+00:00,ETHUSDT,LONG_SPOT_SHORT_PERP,3282.68,3281.81,-2.6502735569714106,0.0001,0.0001,2024-07-04T00:00:00+00:00,150.0,-17.65027355697141,0.22995193048509477,FLAT,False,False,False,
2024-07-03T21:31:00+00:00,ETHUSDT,LONG_SPOT_SHORT_PERP,3281.84,3280.64,-3.656485386247571,0.0001,0.0001,2024-07-04T00:00:00+00:00,149.0,-18.65648538624757,0.22295546101271296,FLAT,False,False,False,
2024-07-03T21:32:00+00:00,ETHUSDT,LONG_SPOT_SHORT_PERP,3281.85,3281.32,-1.6149427914126038,0.0001,0.0001,2024-07-04T00:00:00+00:00,148.0,-16.614942791412602,0.23777270060429126,FLAT,False,False,False,
2024-07-03T21:33:00+00:00,ETHUSDT,LONG_SPOT_SHORT_PERP,3281.92,3280.94,-2.986056942277746,0.0001,0.0001,2024-07-04T00:00:00+00:00,147.0,-17.986056942277745,0.22755272726669265,FLAT,False,False,False,
2024-07-03T21:34:00+00:00,ETHUSDT,LONG_SPOT_SHORT_PERP,3282.6,3281.43,-3.5642478523124135,0.0001,0.0001,2024-07-04T00:00:00+00:00,146.0,-18.564247852312413,0.22357298190471458,FLAT,False,False,False,
2024-07-03T21:35:00+00:00,ETHUSDT,LONG_SPOT_SHORT_PERP,3285.3,3284.29,-3.0743006726941777,0.0001,0.0001,2024-07-04T00:00:00+00:00,145.0,-18.07430067269418,0.22693305175335968,FLAT,False,False,False,
2024-07-03T21:36:00+00:00,ETHUSDT,LONG_SPOT_SHORT_PERP,3286.66,3285.57,-3.3164367473352607,0.0001,0.0001,2024-07-04T00:00:00+00:00,144.0,-18.31643674733526,0.22525554336333858,FLAT,False,False,False,
2024-07-03T21:37:00+00:00,ETHUSDT,LONG_SPOT_SHORT_PERP,3284.58,3283.92,-2.009389328315506,0.0001,0.0001,2024-07-04T00:00:00+00:00,143.0,-17.009389328315507,0.23471627367498193,FLAT,False,False,False,
2024-07-03T21:38:00+00:00,ETHUSDT,LONG_SPOT_SHORT_PERP,3284.28,3283.5,-2.374949760678749,0.0001,0.0001,2024-07-04T00:00:00+00:00,142.0,-17.37494976067875,0.23196855515872722,FLAT,False,False,False,
2024-07-03T21:39:00+00:00,ETHUSDT,LONG_SPOT_SHORT_PERP,3288.81,3287.98,-2.523709183564655,0.0001,0.0001,2024-07-04T00:00:00+00:00,141.0,-17.523709183564655,0.23087337789853132,FLAT,False,False,False,
2024-07-03T21:40:00+00:00,ETHUSDT,LONG_SPOT_SHORT_PERP,3286.4,3285.49,-2.7689873417730926,0.0001,0.0001,2024-07-04T00:00:00+00:00,140.0,-17.76898734177309,0.229096201823145,FLAT,False,False,False,
2024-07-03T21:41:00+00:00,ETHUSDT,LONG_SPOT_SHORT_PERP,3288.66,3287.92,-2.2501565987356,0.0001,0.0001,2024-07-04T00:00:00+00:00,139.0,-17.2501565987356,0.2328974899184374,FLAT,False,False,False,
2024-07-03T21:42:00+00:00,ETHUSDT,LONG_SPOT_SHORT_PERP,3287.73,3287.02,-2.159544731471369,0.0001,0.0001,2024-07-04T00:00:00+00:00,138.0,-17.15954473147137,0.23357785916507173,FLAT,False,False,False,
2024-07-03T21:43:00+00:00,ETHUSDT,LONG_SPOT_SHORT_PERP,3288.34,3287.59,-2.280786050104308,0.0001,0.0001,2024-07-04T00:00:00+00:00,137.0,-17.280786050104307,0.23266862475663924,FLAT,False,False,False,
2024-07-03T21:44:00+00:00,ETHUSDT,LONG_SPOT_SHORT_PERP,3290.3,3289.79,-1.5500106373285665,0.0001,0.0001,2024-07-04T00:00:00+00:00,136.0,-16.550010637328565,0.23828509402776565,FLAT,False,False,False,
2024-07-03T21:45:00+00:00,ETHUSDT,LONG_SPOT_SHORT_PERP,3292.21,3291.59,-1.8832334510857172,0.0001,0.0001,2024-07-04T00:00:00+00:00,135.0,-16.88323345108572,0.23568337289768537,FLAT,False,False,False,
2024-07-03T21:46:00+00:00,ETHUSDT,LONG_SPOT_SHORT_PERP,3292.2,3291.4,-2.4299860275795124,0.0001,0.0001,2024-07-04T00:00:00+00:00,134.0,-17.429986027579513,0.23156183874706082,FLAT,False,False,False,
2024-07-03T21:47:00+00:00,ETHUSDT,LONG_SPOT_SHORT_PERP,3291.35,3290.46,-2.7040576055414123,0.0001,0.0001,2024-07-04T00:00:00+00:00,133.0,-17.70405760554141,0.22956321383100806,FLAT,False,False,False,
2024-07-03T21:48:00+00:00,ETHUSDT,LONG_SPOT_SHORT_PERP,3292.04,3291.0,-3.159135368950449,0.0001,0.0001,2024-07-04T00:00:00+00:00,132.0,-18.159135368950448,0.22634152284650796,FLAT,False,False,False,
2024-07-03T21:49:00+00:00,ETHUSDT,LONG_SPOT_SHORT_PERP,3292.04,3291.41,-1.913707002345382,0.0001,0.0001,2024-07-04T00:00:00+00:00,131.0,-16.913707002345383,0.23544887137159443,FLAT,False,False,False,
2024-07-03T21:50:00+00:00,ETHUSDT,LONG_SPOT_SHORT_PERP,3291.88,3291.08,-2.4302222438247503,0.0001,0.0001,2024-07-04T00:00:00+00:00,130.0,-17.43022224382475,0.23156009700987762,FLAT,False,False,False,
2024-07-03T21:51:00+00:00,ETHUSDT,LONG_SPOT_SHORT_PERP,3292.0,3291.43,-1.7314702308631946,0.0001,0.0001,2024-07-04T00:00:00+00:00,129.0,-16.731470230863195,0.2368597543897999,FLAT,False,False,False,
2024-07-03T21:52:00+00:00,ETHUSDT,LONG_SPOT_SHORT_PERP,3292.06,3291.33,-2.21745654696457,0.0001,0.0001,2024-07-04T00:00:00+00:00,128.0,-17.21745654696457,0.23314245030504144,FLAT,False,False,False,
2024-07-03T21:53:00+00:00,ETHUSDT,LONG_SPOT_SHORT_PERP,3294.34,3293.77,-1.7302403516339047,0.0001,0.0001,2024-07-04T00:00:00+00:00,127.0,-16.730240351633906,0.23686934591658818,FLAT,False,False,False,
2024-07-03T21:54:00+00:00,ETHUSDT,LONG_SPOT_SHORT_PERP,3295.25,3294.17,-3.277444806918829,0.0001,0.0001,2024-07-04T00:00:00+00:00,126.0,-18.27744480691883,0.22552342915318918,FLAT,False,False,False,
2024-07-03T21:55:00+00:00,ETHUSDT,LONG_SPOT_SHORT_PERP,3299.82,3299.09,-2.212241879860169,0.0001,0.0001,2024-07-04T00:00:00+00:00,125.0,-17.21224187986017,0.2331815736755966,FLAT,False,False,False,
2024-07-03T21:56:00+00:00,ETHUSDT,LONG_SPOT_SHORT_PERP,3305.38,3304.61,-2.3295354845735794,0.0001,0.0001,2024-07-04T00:00:00+00:00,124.0,-17.32953548457358,0.23230552861695314,FLAT,False,False,False,
2024-07-03T21:57:00+00:00,ETHUSDT,LONG_SPOT_SHORT_PERP,3301.3,3300.47,-2.514161088057377,0.0001,0.0001,2024-07-04T00:00:00+00:00,123.0,-17.514161088057378,0.23094327660451108,FLAT,False,False,False,
2024-07-03T21:58:00+00:00,ETHUSDT,LONG_SPOT_SHORT_PERP,3298.25,3297.06,-3.607973925566754,0.0001,0.0001,2024-07-04T00:00:00+00:00,122.0,-18.607973925566753,0.22327965260913524,FLAT,False,False,False,
2024-07-03T21:59:00+00:00,ETHUSDT,LONG_SPOT_SHORT_PERP,3298.38,3297.37,-3.0621092778885948,0.0001,0.0001,2024-07-04T00:00:00+00:00,121.0,-18.062109277888595,0.22701839739492224,FLAT,False,False,False,
2024-07-03T22:00:00+00:00,ETHUSDT,LONG_SPOT_SHORT_PERP,3297.41,3296.62,-2.395819749439602,0.0001,0.0001,2024-07-04T00:00:00+00:00,120.0,-17.395819749439603,0.23181411373879376,FLAT,False,False,False,
2024-07-03T22:01:00+00:00,ETHUSDT,LONG_SPOT_SHORT_PERP,3299.0,3298.7,-0.9093664746898512,0.0001,0.0001,2024-07-04T00:00:00+00:00,119.0,-15.90936647468985,0.24348372850320482,FLAT,False,False,False,
2024-07-03T22:02:00+00:00,ETHUSDT,LONG_SPOT_SHORT_PERP,3301.05,3300.3,-2.2720043622483757,0.0001,0.0001,2024-07-04T00:00:00+00:00,118.0,-17.272004362248374,0.23273418436318488,FLAT,False,False,False,
2024-07-03T22:03:00+00:00,ETHUSDT,LONG_SPOT_SHORT_PERP,3301.21,3300.25,-2.908024633392109,0.0001,0.0001,2024-07-04T00:00:00+00:00,117.0,-17.90802463339211,0.2281044319949571,FLAT,False,False,False,
2024-07-03T22:04:00+00:00,ETHUSDT,LONG_SPOT_SHORT_PERP,3300.38,3299.1,-3.878341281913598,0.0001,0.0001,2024-07-04T00:00:00+00:00,116.0,-18.8783412819136,0.22148935363962635,FLAT,False,False,False,
2024-07-03T22:05:00+00:00,ETHUSDT,LONG_SPOT_SHORT_PERP,3298.61,3298.07,-1.6370531830072776,0.0001,0.0001,2024-07-04T00:00:00+00:00,115.0,-16.63705318300728,0.23759882426248657,FLAT,False,False,False,
2024-07-03T22:06:00+00:00,ETHUSDT,LONG_SPOT_SHORT_PERP,3300.19,3299.3,-2.6968144258357025,0.0001,0.0001,2024-07-04T00:00:00+00:00,114.0,-17.696814425835704,0.22961546397622307,FLAT,False,False,False,
2024-07-03T22:07:00+00:00,ETHUSDT,LONG_SPOT_SHORT_PERP,3298.2,3297.34,-2.6074828694429466,0.0001,0.0001,2024-07-04T00:00:00+00:00,113.0,-17.607482869442947,0.23026240896890504,FLAT,False,False,False,
2024-07-03T22:08:00+00:00,ETHUSDT,LONG_SPOT_SHORT_PERP,3299.32,3298.69,-1.9094843785995574,0.0001,0.0001,2024-07-04T00:00:00+00:00,112.0,-16.909484378599558,0.23548133145129668,FLAT,False,False,False,
2024-07-03T22:09:00+00:00,ETHUSDT,LONG_SPOT_SHORT_PERP,3298.61,3297.34,-3.8501065600358384,0.0001,0.0001,2024-07-04T00:00:00+00:00,111.0,-18.85010656003584,0.22167444259473915,FLAT,False,False,False,
2024-07-03T22:10:00+00:00,ETHUSDT,LONG_SPOT_SHORT_PERP,3298.49,3297.76,-2.2131338885355527,0.0001,0.0001,2024-07-04T00:00:00+00:00,110.0,-17.213133888535552,0.23317488016051285,FLAT,False,False,False,
2024-07-03T22:11:00+00:00,ETHUSDT,LONG_SPOT_SHORT_PERP,3298.74,3297.87,-2.637370632422958,0.0001,0.0001,2024-07-04T00:00:00+00:00,109.0,-17.637370632422957,0.2300454373501526,FLAT,False,False,False,
2024-07-03T22:12:00+00:00,ETHUSDT,LONG_SPOT_SHORT_PERP,3300.13,3299.41,-2.1817322347915225,0.0001,0.0001,2024-07-04T00:00:00+00:00,108.0,-17.18173223479152,0.2334108032950979,FLAT,False,False,False,
2024-07-03T22:13:00+00:00,ETHUSDT,LONG_SPOT_SHORT_PERP,3298.73,3298.2,-1.606678934014606,0.0001,0.0001,2024-07-04T00:00:00+00:00,107.0,-16.606678934014607,0.23783776602384593,FLAT,False,False,False,
2024-07-03T22:14:00+00:00,ETHUSDT,LONG_SPOT_SHORT_PERP,3300.39,3299.76,-1.9088653159161626,0.0001,0.0001,2024-07-04T00:00:00+00:00,106.0,-16.908865315916163,0.23548609121959382,FLAT,False,False,False,
2024-07-03T22:15:00+00:00,ETHUSDT,LONG_SPOT_SHORT_PERP,3301.39,3300.6,-2.3929314622021742,0.0001,0.0001,2024-07-04T00:00:00+00:00,105.0,-17.392931462202174,0.23183547203740806,FLAT,False,False,False,
2024-07-03T22:16:00+00:00,ETHUSDT,LONG_SPOT_SHORT_PERP,3299.44,3298.54,-2.7277356157411288,0.0001,0.0001,2024-07-04T00:00:00+00:00,104.0,-17.72773561574113,0.22939262220934759,FLAT,False,False,False,
2024-07-03T22:17:00+00:00,ETHUSDT,LONG_SPOT_SHORT_PERP,3298.0,3297.32,-2.0618556701025965,0.0001,0.0001,2024-07-04T00:00:00+00:00,103.0,-17.061855670102595,0.23431693722809865,FLAT,False,False,False,
2024-07-03T22:18:00+00:00,ETHUSDT,LONG_SPOT_SHORT_PERP,3299.2,3298.45,-2.2732783705140642,0.0001,0.0001,2024-07-04T00:00:00+00:00,102.0,-17.273278370514063,0.23272467039094852,FLAT,False,False,False,
2024-07-03T22:19:00+00:00,ETHUSDT,LONG_SPOT_SHORT_PERP,3298.12,3297.32,-2.425624295052112,0.0001,0.0001,2024-07-04T00:00:00+00:00,101.0,-17.425624295052113,0.2315940058962726,FLAT,False,False,False,
2024-07-03T22:20:00+00:00,ETHUSDT,LONG_SPOT_SHORT_PERP,3297.99,3297.57,-1.2735029517967553,0.0001,0.0001,2024-07-04T00:00:00+00:00,100.0,-16.273502951796754,0.24049677971828573,FLAT,False,False,False,
2024-07-03T22:21:00+00:00,ETHUSDT,LONG_SPOT_SHORT_PERP,3296.81,3295.52,-3.9128733533323534,0.0001,0.0001,2024-07-04T00:00:00+00:00,99.0,-18.912873353332355,0.2212635734016027,FLAT,False,False,False,
2024-07-03T22:22:00+00:00,ETHUSDT,LONG_SPOT_SHORT_PERP,3294.0,3293.0,-3.0358227079538556,0.0001,0.0001,2024-07-04T00:00:00+00:00,98.0,-18.035822707953855,0.22720270616242783,FLAT,False,False,False,
2024-07-03T22:23:00+00:00,ETHUSDT,LONG_SPOT_SHORT_PERP,3296.79,3296.0,-2.3962703114240327,0.0001,0.0001,2024-07-04T00:00:00+00:00,97.0,-17.396270311424033,0.23181078237337155,FLAT,False,False,False,
2024-07-03T22:24:00+00:00,ETHUSDT,LONG_SPOT_SHORT_PERP,3297.15,3296.25,-2.729630135116967,0.0001,0.0001,2024-07-04T00:00:00+00:00,96.0,-17.729630135116967,0.22937898705744797,FLAT,False,False,False,
2024-07-03T22:25:00+00:00,ETHUSDT,LONG_SPOT_SHORT_PERP,3296.57,3295.99,-1.7594044719219732,0.0001,0.0001,2024-07-04T00:00:00+00:00,95.0,-16.75940447192197,0.23664215469691757,FLAT,False,False,False,
2024-07-03T22:26:00+00:00,ETHUSDT,LONG_SPOT_SHORT_PERP,3296.26,3295.42,-2.5483426671444165,0.0001,0.0001,2024-07-04T00:00:00+00:00,94.0,-17.548342667144418,0.23069329303584074,FLAT,False,False,False,
2024-07-03T22:27:00+00:00,ETHUSDT,LONG_SPOT_SHORT_PERP,3297.36,3296.57,-2.3958560788023253,0.0001,0.0001,2024-07-04T00:00:00+00:00,93.0,-17.395856078802325,0.23181384512224135,FLAT,False,False,False,
2024-07-03T22:28:00+00:00,ETHUSDT,LONG_SPOT_SHORT_PERP,3296.44,3295.46,-2.9729041026077168,0.0001,0.0001,2024-07-04T00:00:00+00:00,92.0,-17.972904102607718,0.22764547429702883,FLAT,False,False,False,
2024-07-03T22:29:00+00:00,ETHUSDT,LONG_SPOT_SHORT_PERP,3296.44,3295.46,-2.9729041026077168,0.0001,0.0001,2024-07-04T00:00:00+00:00,91.0,-17.972904102607718,0.22764547429702883,FLAT,False,False,False,
2024-07-03T22:30:00+00:00,ETHUSDT,LONG_SPOT_SHORT_PERP,3296.13,3295.44,-2.093364036006027,0.0001,0.0001,2024-07-04T00:00:00+00:00,90.0,-17.093364036006026,0.23407792377366973,FLAT,False,False,False,
2024-07-03T22:31:00+00:00,ETHUSDT,LONG_SPOT_SHORT_PERP,3299.88,3299.39,-1.4849024813030671,0.0001,0.0001,2024-07-04T00:00:00+00:00,89.0,-16.484902481303067,0.23880152981916256,FLAT,False,False,False,
2024-07-03T22:32:00+00:00,ETHUSDT,LONG_SPOT_SHORT_PERP,3299.89,3299.37,-1.575810102760946,0.0001,0.0001,2024-07-04T00:00:00+00:00,88.0,-16.575810102760947,0.2380811890848634,FLAT,False,False,False,
2024-07-03T22:33:00+00:00,ETHUSDT,LONG_SPOT_SHORT_PERP,3300.96,3300.47,-1.4844166545496962,0.0001,0.0001,2024-07-04T00:00:00+00:00,87.0,-16.484416654549698,0.2388053933928593,FLAT,False,False,False,
2024-07-03T22:34:00+00:00,ETHUSDT,LONG_SPOT_SHORT_PERP,3302.1,3301.66,-1.3324853880865346,0.0001,0.0001,2024-07-04T00:00:00+00:00,86.0,-16.332485388086535,0.24002094253746212,FLAT,False,False,False,
2024-07-03T22:35:00+00:00,ETHUSDT,LONG_SPOT_SHORT_PERP,3300.68,3300.0,-2.0601815383491777,0.0001,0.0001,2024-07-04T00:00:00+00:00,85.0,-17.060181538349177,0.23432965361438857,FLAT,False,False,False,
2024-07-03T22:36:00+00:00,ETHUSDT,LONG_SPOT_SHORT_PERP,3301.07,3300.19,-2.665802300466543,0.0001,0.0001,2024-07-04T00:00:00+00:00,84.0,-17.66580230046654,0.22983952424701815,FLAT,False,False,False,
2024-07-03T22:37:00+00:00,ETHUSDT,LONG_SPOT_SHORT_PERP,3298.91,3297.71,-3.6375651351501497,0.0001,0.0001,2024-07-04T00:00:00+00:00,83.0,-18.63756513515015,0.2230817460842151,FLAT,False,False,False,
2024-07-03T22:38:00+00:00,ETHUSDT,LONG_SPOT_SHORT_PERP,3298.53,3297.23,-3.9411495423724565,0.0001,0.0001,2024-07-04T00:00:00+00:00,82.0,-18.941149542372457,0.22107917846361924,FLAT,False,False,False,
2024-07-03T22:39:00+00:00,ETHUSDT,LONG_SPOT_SHORT_PERP,3298.27,3297.7,-1.7281787118706586,0.0001,0.0001,2024-07-04T00:00:00+00:00,81.0,-16.728178711870658,0.2368854262453675,FLAT,False,False,False,
2024-07-03T22:40:00+00:00,ETHUSDT,LONG_SPOT_SHORT_PERP,3298.52,3298.08,-1.3339315814366886,0.0001,0.0001,2024-07-04T00:00:00+00:00,80.0,-16.333931581436687,0.24000930321063885,FLAT,False,False,False,
2024-07-03T22:41:00+00:00,ETHUSDT,LONG_SPOT_SHORT_PERP,3300.65,3300.03,-1.8784178873854873,0.0001,0.0001,2024-07-04T00:00:00+00:00,79.0,-16.87841788738549,0.23572048209446167,FLAT,False,False,False,
2024-07-03T22:42:00+00:00,ETHUSDT,LONG_SPOT_SHORT_PERP,3300.65,3299.85,-2.4237650159822515,0.0001,0.0001,2024-07-04T00:00:00+00:00,78.0,-17.42376501598225,0.23160772125833612,FLAT,False,False,False,
2024-07-03T22:43:00+00:00,ETHUSDT,LONG_SPOT_SHORT_PERP,3301.17,3300.0,-3.544197966175849,0.0001,0.0001,2024-07-04T00:00:00+00:00,77.0,-18.54419796617585,0.2237078384390755,FLAT,False,False,False,
2024-07-03T22:44:00+00:00,ETHUSDT,LONG_SPOT_SHORT_PERP,3302.46,3301.75,-2.1499124894776513,0.0001,0.0001,2024-07-04T00:00:00+00:00,76.0,-17.14991248947765,0.23365047574189085,FLAT,False,False,False,
2024-07-03T22:45:00+00:00,ETHUSDT,LONG_SPOT_SHORT_PERP,3302.47,3301.96,-1.5442986613043073,0.0001,0.0001,2024-07-04T00:00:00+00:00,75.0,-16.544298661304307,0.23833029476893833,FLAT,False,False,False,
2024-07-03T22:46:00+00:00,ETHUSDT,LONG_SPOT_SHORT_PERP,3301.84,3300.86,-2.968042061396125,0.0001,0.0001,2024-07-04T00:00:00+00:00,74.0,-17.968042061396126,0.22767978414883103,FLAT,False,False,False,
2024-07-03T22:47:00+00:00,ETHUSDT,LONG_SPOT_SHORT_PERP,3299.88,3298.88,-3.030413227147654,0.0001,0.0001,2024-07-04T00:00:00+00:00,73.0,-18.030413227147655,0.22724068405855316,FLAT,False,False,False,
2024-07-03T22:48:00+00:00,ETHUSDT,LONG_SPOT_SHORT_PERP,3301.67,3300.81,-2.604742448518863,0.0001,0.0001,2024-07-04T00:00:00+00:00,72.0,-17.604742448518863,0.23028232952716907,FLAT,False,False,False,
2024-07-03T22:49:00+00:00,ETHUSDT,LONG_SPOT_SHORT_PERP,3302.82,3301.71,-3.360764437662746,0.0001,0.0001,2024-07-04T00:00:00+00:00,71.0,-18.360764437662745,0.22495204172358507,FLAT,False,False,False,
2024-07-03T22:50:00+00:00,ETHUSDT,LONG_SPOT_SHORT_PERP,3302.06,3300.85,-3.664379205708062,0.0001,0.0001,2024-07-04T00:00:00+00:00,70.0,-18.664379205708062,0.22290283142164008,FLAT,False,False,False,
2024-07-03T22:51:00+00:00,ETHUSDT,LONG_SPOT_SHORT_PERP,3302.06,3301.0,-3.2101173207026688,0.0001,0.0001,2024-07-04T00:00:00+00:00,69.0,-18.21011732070267,0.22598801468262586,FLAT,False,False,False,
2024-07-03T22:52:00+00:00,ETHUSDT,LONG_SPOT_SHORT_PERP,3302.66,3301.6,-3.2095341330925544,0.0001,0.0001,2024-07-04T00:00:00+00:00,68.0,-18.209534133092554,0.22599205013797358,FLAT,False,False,False,
2024-07-03T22:53:00+00:00,ETHUSDT,LONG_SPOT_SHORT_PERP,3302.52,3301.11,-4.2694669525085525,0.0001,0.0001,2024-07-04T00:00:00+00:00,67.0,-19.26946695250855,0.2189696982594263,FLAT,False,False,False,
2024-07-03T22:54:00+00:00,ETHUSDT,LONG_SPOT_SHORT_PERP,3302.13,3301.1,-3.119198820156081,0.0001,0.0001,2024-07-04T00:00:00+00:00,66.0,-18.119198820156083,0.22661947699166446,FLAT,False,False,False,
2024-07-03T22:55:00+00:00,ETHUSDT,LONG_SPOT_SHORT_PERP,3303.11,3302.48,-1.9072934295258381,0.0001,0.0001,2024-07-04T00:00:00+00:00,65.0,-16.907293429525836,0.23549817799204792,FLAT,False,False,False,
2024-07-03T22:56:00+00:00,ETHUSDT,LONG_SPOT_SHORT_PERP,3303.6,3302.66,-2.845380796706788,0.0001,0.0001,2024-07-04T00:00:00+00:00,64.0,-17.845380796706788,0.22854988711187824,FLAT,False,False,False,
2024-07-03T22:57:00+00:00,ETHUSDT,LONG_SPOT_SHORT_PERP,3304.05,3303.29,-2.300207321318437,0.0001,0.0001,2024-07-04T00:00:00+00:00,63.0,-17.30020732131844,0.23252380003661072,FLAT,False,False,False,
2024-07-03T22:58:00+00:00,ETHUSDT,LONG_SPOT_SHORT_PERP,3303.51,3302.29,-3.693041643585927,0.0001,0.0001,2024-07-04T00:00:00+00:00,62.0,-18.69304164358593,0.2227120226662568,FLAT,False,False,False,
2024-07-03T22:59:00+00:00,ETHUSDT,LONG_SPOT_SHORT_PERP,3301.99,3300.88,-3.3616092114139433,0.0001,0.0001,2024-07-04T00:00:00+00:00,61.0,-18.361609211413942,0.22494626849942234,FLAT,False,False,False,
2024-07-03T23:00:00+00:00,ETHUSDT,LONG_SPOT_SHORT_PERP,3302.38,3301.62,-2.3013705267116995,0.0001,0.0001,2024-07-04T00:00:00+00:00,60.0,-17.3013705267117,0.2325151331869748,FLAT,False,False,False,
2024-07-03T23:01:00+00:00,ETHUSDT,LONG_SPOT_SHORT_PERP,3303.6,3302.42,-3.5718610001205846,0.0001,0.0001,2024-07-04T00:00:00+00:00,59.0,-18.571861000120585,0.22352183402496156,FLAT,False,False,False,
2024-07-03T23:02:00+00:00,ETHUSDT,LONG_SPOT_SHORT_PERP,3300.21,3298.87,-4.060347674845375,0.0001,0.0001,2024-07-04T00:00:00+00:00,58.0,-19.060347674845374,0.22030662065231416,FLAT,False,False,False,
2024-07-03T23:03:00+00:00,ETHUSDT,LONG_SPOT_SHORT_PERP,3300.2,3299.23,-2.939215805102115,0.0001,0.0001,2024-07-04T00:00:00+00:00,57.0,-17.939215805102116,0.2278834819195657,FLAT,False,False,False,
2024-07-03T23:04:00+00:00,ETHUSDT,LONG_SPOT_SHORT_PERP,3299.1,3298.11,-3.000818405018889,0.0001,0.0001,2024-07-04T00:00:00+00:00,56.0,-18.00081840501889,0.22744875575972356,FLAT,False,False,False,
2024-07-03T23:05:00+00:00,ETHUSDT,LONG_SPOT_SHORT_PERP,3297.68,3296.52,-3.517624511777536,0.0001,0.0001,2024-07-04T00:00:00+00:00,55.0,-18.517624511777537,0.22388691755040818,FLAT,False,False,False,
2024-07-03T23:06:00+00:00,ETHUSDT,LONG_SPOT_SHORT_PERP,3298.12,3296.58,-4.669326767976798,0.0001,0.0001,2024-07-04T00:00:00+00:00,54.0,-19.6693267679768,0.2164777179880269,FLAT,False,False,False,
2024-07-03T23:07:00+00:00,ETHUSDT,LONG_SPOT_SHORT_PERP,3297.79,3296.83,-2.911040424041665,0.0001,0.0001,2024-07-04T00:00:00+00:00,53.0,-17.911040424041666,0.22808304434644622,FLAT,False,False,False,
2024-07-03T23:08:00+00:00,ETHUSDT,LONG_SPOT_SHORT_PERP,3299.12,3298.14,-2.970489100123725,0.0001,0.0001,2024-07-04T00:00:00+00:00,52.0,-17.970489100123725,0.2276625144841425,FLAT,False,False,False,
2024-07-03T23:09:00+00:00,ETHUSDT,LONG_SPOT_SHORT_PERP,3299.23,3298.55,-2.0610869809011083,0.0001,0.0001,2024-07-04T00:00:00+00:00,51.0,-17.06108698090111,0.23432277583313837,FLAT,False,False,False,
2024-07-03T23:10:00+00:00,ETHUSDT,LONG_SPOT_SHORT_PERP,3301.36,3300.69,-2.029466644049945,0.0001,0.0001,2024-07-04T00:00:00+00:00,50.0,-17.029466644049947,0.23456326115397147,FLAT,False,False,False,
2024-07-03T23:11:00+00:00,ETHUSDT,LONG_SPOT_SHORT_PERP,3299.02,3298.21,-2.4552745966982483,0.0001,0.0001,2024-07-04T00:00:00+00:00,49.0,-17.45527459669825,0.23137556248748975,FLAT,False,False,False,
2024-07-03T23:12:00+00:00,ETHUSDT,LONG_SPOT_SHORT_PERP,3299.11,3298.46,-1.9702283343086193,0.0001,0.0001,2024-07-04T00:00:00+00:00,48.0,-16.97022833430862,0.23501543465424646,FLAT,False,False,False,
2024-07-03T23:13:00+00:00,ETHUSDT,LONG_SPOT_SHORT_PERP,3300.43,3299.73,-2.1209357568553737,0.0001,0.0001,2024-07-04T00:00:00+00:00,47.0,-17.120935756855374,0.23386926760199422,FLAT,False,False,False,
2024-07-03T23:14:00+00:00,ETHUSDT,LONG_SPOT_SHORT_PERP,3300.97,3299.92,-3.1808831949388425,0.0001,0.0001,2024-07-04T00:00:00+00:00,46.0,-18.180883194938843,0.22619054277964284,FLAT,False,False,False,
2024-07-03T23:15:00+00:00,ETHUSDT,LONG_SPOT_SHORT_PERP,3299.97,3299.3,-2.0303214877699434,0.0001,0.0001,2024-07-04T00:00:00+00:00,45.0,-17.030321487769942,0.2345567517090453,FLAT,False,False,False,
2024-07-03T23:16:00+00:00,ETHUSDT,LONG_SPOT_SHORT_PERP,3301.17,3300.5,-2.0295834507161787,0.0001,0.0001,2024-07-04T00:00:00+00:00,44.0,-17.029583450716178,0.23456237167087793,FLAT,False,False,False,
2024-07-03T23:17:00+00:00,ETHUSDT,LONG_SPOT_SHORT_PERP,3301.24,3300.27,-2.9382898547206504,0.0001,0.0001,2024-07-04T00:00:00+00:00,43.0,-17.93828985472065,0.22789003300727498,FLAT,False,False,False,
2024-07-03T23:18:00+00:00,ETHUSDT,LONG_SPOT_SHORT_PERP,3300.73,3299.84,-2.696373226528291,0.0001,0.0001,2024-07-04T00:00:00+00:00,42.0,-17.69637322652829,0.2296186476507976,FLAT,False,False,False,
2024-07-03T23:19:00+00:00,ETHUSDT,LONG_SPOT_SHORT_PERP,3300.97,3300.18,-2.393235927621165,0.0001,0.0001,2024-07-04T00:00:00+00:00,41.0,-17.393235927621166,0.23183322034248183,FLAT,False,False,False,
2024-07-03T23:20:00+00:00,ETHUSDT,LONG_SPOT_SHORT_PERP,3300.04,3298.85,-3.606016896765053,0.0001,0.0001,2024-07-04T00:00:00+00:00,40.0,-18.606016896765052,0.22329275834903972,FLAT,False,False,False,
2024-07-03T23:21:00+00:00,ETHUSDT,LONG_SPOT_SHORT_PERP,3300.2,3299.62,-1.7574692442880047,0.0001,0.0001,2024-07-04T00:00:00+00:00,39.0,-16.757469244288004,0.23665721396985523,FLAT,False,False,False,
2024-07-03T23:22:00+00:00,ETHUSDT,LONG_SPOT_SHORT_PERP,3300.68,3299.81,-2.6358204975941044,0.0001,0.0001,2024-07-04T00:00:00+00:00,38.0,-17.635820497594104,0.2300566776927459,FLAT,False,False,False,
2024-07-03T23:23:00+00:00,ETHUSDT,LONG_SPOT_SHORT_PERP,3300.96,3299.82,-3.4535407881339752,0.0001,0.0001,2024-07-04T00:00:00+00:00,37.0,-18.453540788133974,0.22432039951767055,FLAT,False,False,False,
2024-07-03T23:24:00+00:00,ETHUSDT,LONG_SPOT_SHORT_PERP,3301.59,3300.56,-3.11970898869999,0.0001,0.0001,2024-07-04T00:00:00+00:00,36.0,-18.11970898869999,0.22661592053038923,FLAT,False,False,False,
2024-07-03T23:25:00+00:00,ETHUSDT,LONG_SPOT_SHORT_PERP,3301.19,3300.04,-3.483592280359782,0.0001,0.0001,2024-07-04T00:00:00+00:00,35.0,-18.483592280359783,0.22411683640482233,FLAT,False,False,False,
2024-07-03T23:26:00+00:00,ETHUSDT,LONG_SPOT_SHORT_PERP,3300.16,3299.22,-2.848346746824562,0.0001,0.0001,2024-07-04T00:00:00+00:00,34.0,-17.84834674682456,0.228528745123595,FLAT,False,False,False,
2024-07-03T23:27:00+00:00,ETHUSDT,LONG_SPOT_SHORT_PERP,3299.91,3298.82,-3.3031203881308606,0.0001,0.0001,2024-07-04T00:00:00+00:00,33.0,-18.30312038813086,0.22534693395921318,FLAT,False,False,False,
2024-07-03T23:28:00+00:00,ETHUSDT,LONG_SPOT_SHORT_PERP,3300.16,3299.42,-2.2423155240951402,0.0001,0.0001,2024-07-04T00:00:00+00:00,32.0,-17.24231552409514,0.23295616970180014,FLAT,False,False,False,
2024-07-03T23:29:00+00:00,ETHUSDT,LONG_SPOT_SHORT_PERP,3300.59,3299.43,-3.514523161011544,0.0001,0.0001,2024-07-04T00:00:00+00:00,31.0,-18.514523161011546,0.22390784325800445,FLAT,False,False,False,
2024-07-03T23:30:00+00:00,ETHUSDT,LONG_SPOT_SHORT_PERP,3298.93,3298.12,-2.455341580451678,0.0001,0.0001,2024-07-04T00:00:00+00:00,30.0,-17.455341580451677,0.23137506958890683,FLAT,False,False,False,
2024-07-03T23:31:00+00:00,ETHUSDT,LONG_SPOT_SHORT_PERP,3298.92,3298.17,-2.2734713178858534,0.0001,0.0001,2024-07-04T00:00:00+00:00,29.0,-17.273471317885853,0.23272322959377728,FLAT,False,False,False,
2024-07-03T23:32:00+00:00,ETHUSDT,LONG_SPOT_SHORT_PERP,3295.54,3294.43,-3.368188521456658,0.0001,0.0001,2024-07-04T00:00:00+00:00,28.0,-18.36818852145666,0.22490131892551524,FLAT,False,False,False,
2024-07-03T23:33:00+00:00,ETHUSDT,LONG_SPOT_SHORT_PERP,3295.65,3294.71,-2.8522446254913434,0.0001,0.0001,2024-07-04T00:00:00+00:00,27.0,-17.852244625491345,0.22850096790253777,FLAT,False,False,False,
2024-07-03T23:34:00+00:00,ETHUSDT,LONG_SPOT_SHORT_PERP,3298.4,3297.44,-2.910502061605737,0.0001,0.0001,2024-07-04T00:00:00+00:00,26.0,-17.910502061605737,0.22808686196633432,FLAT,False,False,False,
2024-07-03T23:35:00+00:00,ETHUSDT,LONG_SPOT_SHORT_PERP,3298.34,3297.26,-3.2743743822647975,0.0001,0.0001,2024-07-04T00:00:00+00:00,25.0,-18.274374382264796,0.22554456036141057,FLAT,False,False,False,
2024-07-03T23:36:00+00:00,ETHUSDT,LONG_SPOT_SHORT_PERP,3297.22,3296.5,-2.1836577480416834,0.0001,0.0001,2024-07-04T00:00:00+00:00,24.0,-17.183657748041682,0.23339631961319335,FLAT,False,False,False,
2024-07-03T23:37:00+00:00,ETHUSDT,LONG_SPOT_SHORT_PERP,3297.39,3296.55,-2.54746936213093,0.0001,0.0001,2024-07-04T00:00:00+00:00,23.0,-17.54746936213093,0.23069967125368862,FLAT,False,False,False,
2024-07-03T23:38:00+00:00,ETHUSDT,LONG_SPOT_SHORT_PERP,3297.0,3295.88,-3.3970276008489257,0.0001,0.0001,2024-07-04T00:00:00+00:00,22.0,-18.397027600848926,0.22470457874340083,FLAT,False,False,False,
2024-07-03T23:39:00+00:00,ETHUSDT,LONG_SPOT_SHORT_PERP,3297.72,3297.09,-1.9104108292991957,0.0001,0.0001,2024-07-04T00:00:00+00:00,21.0,-16.910410829299195,0.23547420871789332,FLAT,False,False,False,
2024-07-03T23:40:00+00:00,ETHUSDT,LONG_SPOT_SHORT_PERP,3298.01,3297.34,-2.031528103311005,0.0001,0.0001,2024-07-04T00:00:00+00:00,20.0,-17.031528103311004,0.23454756435848123,FLAT,False,False,False,
2024-07-03T23:41:00+00:00,ETHUSDT,LONG_SPOT_SHORT_PERP,3297.05,3296.25,-2.4264114890589523,0.0001,0.0001,2024-07-04T00:00:00+00:00,19.0,-17.426411489058953,0.23158819961539517,FLAT,False,False,False,
2024-07-03T23:42:00+00:00,ETHUSDT,LONG_SPOT_SHORT_PERP,3296.54,3295.44,-3.3368319510757005,0.0001,0.0001,2024-07-04T00:00:00+00:00,18.0,-18.336831951075702,0.22511576445548753,FLAT,False,False,False,
2024-07-03T23:43:00+00:00,ETHUSDT,LONG_SPOT_SHORT_PERP,3295.8,3295.18,-1.8811821105660098,0.0001,0.0001,2024-07-04T00:00:00+00:00,17.0,-16.88118211056601,0.23569917898068382,FLAT,False,False,False,
2024-07-03T23:44:00+00:00,ETHUSDT,LONG_SPOT_SHORT_PERP,3296.73,3296.15,-1.7593190828485414,0.0001,0.0001,2024-07-04T00:00:00+00:00,16.0,-16.759319082848542,0.236642819116263,FLAT,False,False,False,
2024-07-03T23:45:00+00:00,ETHUSDT,LONG_SPOT_SHORT_PERP,3297.99,3297.6,-1.1825384552405334,0.0001,0.0001,2024-07-04T00:00:00+00:00,15.0,-16.182538455240532,0.24123497317481435,FLAT,False,False,False,
2024-07-03T23:46:00+00:00,ETHUSDT,LONG_SPOT_SHORT_PERP,3298.4,3297.89,-1.546204220228651,0.0001,0.0001,2024-07-04T00:00:00+00:00,14.0,-16.546204220228653,0.23831521318206106,FLAT,False,False,False,
2024-07-03T23:47:00+00:00,ETHUSDT,LONG_SPOT_SHORT_PERP,3298.4,3297.95,-1.3642978413784648,0.0001,0.0001,2024-07-04T00:00:00+00:00,13.0,-16.364297841378466,0.2397652141652718,FLAT,False,False,False,
2024-07-03T23:48:00+00:00,ETHUSDT,LONG_SPOT_SHORT_PERP,3299.04,3298.34,-2.1218293806677644,0.0001,0.0001,2024-07-04T00:00:00+00:00,12.0,-17.121829380667766,0.23386251259246352,FLAT,False,False,False,
2024-07-03T23:49:00+00:00,ETHUSDT,LONG_SPOT_SHORT_PERP,3299.02,3298.45,-1.7277858273067872,0.0001,0.0001,2024-07-04T00:00:00+00:00,11.0,-16.727785827306786,0.23688849095625575,FLAT,False,False,False,
2024-07-03T23:50:00+00:00,ETHUSDT,LONG_SPOT_SHORT_PERP,3299.01,3298.24,-2.3340335433976755,0.0001,0.0001,2024-07-04T00:00:00+00:00,10.0,-17.334033543397677,0.2322720979633291,FLAT,False,False,False,
2024-07-03T23:51:00+00:00,ETHUSDT,LONG_SPOT_SHORT_PERP,3299.31,3298.64,-2.0307276369909855,0.0001,0.0001,2024-07-04T00:00:00+00:00,9.0,-17.030727636990985,0.2195536591291958,FLAT,False,False,False,
2024-07-03T23:52:00+00:00,ETHUSDT,LONG_SPOT_SHORT_PERP,3298.61,3297.45,-3.516632763498289,0.0001,0.0001,2024-07-04T00:00:00+00:00,8.0,-18.51663276349829,0.19389360857882637,FLAT,False,False,False,
2024-07-03T23:53:00+00:00,ETHUSDT,LONG_SPOT_SHORT_PERP,3298.94,3298.34,-1.818766027875345,0.0001,0.0001,2024-07-04T00:00:00+00:00,7.0,-16.818766027875345,0.19118134939130144,FLAT,False,False,False,
2024-07-03T23:54:00+00:00,ETHUSDT,LONG_SPOT_SHORT_PERP,3299.6,3298.91,-2.091162565159579,0.0001,0.0001,2024-07-04T00:00:00+00:00,6.0,-17.09116256515958,0.17409460388427256,FLAT,False,False,False,
2024-07-03T23:55:00+00:00,ETHUSDT,LONG_SPOT_SHORT_PERP,3297.88,3296.99,-2.6987034094640414,0.0001,0.0001,2024-07-04T00:00:00+00:00,5.0,-17.69870340946404,0.15460183444494907,FLAT,False,False,False,
2024-07-03T23:56:00+00:00,ETHUSDT,LONG_SPOT_SHORT_PERP,3298.43,3297.52,-2.758888319594033,0.0001,0.0001,2024-07-04T00:00:00+00:00,4.0,-17.758888319594032,0.13916867790370324,FLAT,False,False,False,
2024-07-03T23:57:00+00:00,ETHUSDT,LONG_SPOT_SHORT_PERP,3297.06,3296.4,-2.0017834070349174,0.0001,0.0001,2024-07-04T00:00:00+00:00,3.0,-17.001783407034917,0.12977430392761446,FLAT,False,False,False,
2024-07-03T23:58:00+00:00,ETHUSDT,LONG_SPOT_SHORT_PERP,3296.87,3295.89,-2.9725163564229655,0.0001,0.0001,2024-07-04T00:00:00+00:00,2.0,-17.972516356422965,0.10764820999615658,FLAT,False,False,False,
2024-07-03T23:59:00+00:00,ETHUSDT,LONG_SPOT_SHORT_PERP,3295.48,3294.75,-2.2151553036280545,0.0001,0.0001,2024-07-04T00:00:00+00:00,1.0,-17.215155303628055,0.0981597135061688,FLAT,False,False,False,
2024-07-04T00:00:00+00:00,ETHUSDT,LONG_SPOT_SHORT_PERP,3299.99,3299.56,-1.303034251618448,0.0001,0.0001,2024-07-04T08:00:00+00:00,480.0,-16.30303425161845,0.24025826145277213,FLAT,False,False,False,
2024-07-04T00:01:00+00:00,ETHUSDT,LONG_SPOT_SHORT_PERP,3300.82,3300.25,-1.7268436327947714,0.0001,0.0001,2024-07-04T08:00:00+00:00,479.0,-16.726843632794772,0.2368958409704771,FLAT,False,False,False,
2024-07-04T00:02:00+00:00,ETHUSDT,LONG_SPOT_SHORT_PERP,3299.82,3299.15,-2.030413780145804,0.0001,0.0001,2024-07-04T08:00:00+00:00,478.0,-17.030413780145803,0.234556048949776,FLAT,False,False,False,
2024-07-04T00:03:00+00:00,ETHUSDT,LONG_SPOT_SHORT_PERP,3301.6,3300.99,-1.8475890477348176,0.0001,0.0001,2024-07-04T08:00:00+00:00,477.0,-16.847589047734818,0.23595839033251537,FLAT,False,False,False,
2024-07-04T00:04:00+00:00,ETHUSDT,LONG_SPOT_SHORT_PERP,3301.01,3300.14,-2.6355569961931216,0.0001,0.0001,2024-07-04T08:00:00+00:00,476.0,-17.63555699619312,0.23005858853557473,FLAT,False,False,False,
2024-07-04T00:05:00+00:00,ETHUSDT,LONG_SPOT_SHORT_PERP,3301.41,3300.65,-2.302046701257231,0.0001,0.0001,2024-07-04T08:00:00+00:00,475.0,-17.302046701257233,0.23251009549643475,FLAT,False,False,False,
2024-07-04T00:06:00+00:00,ETHUSDT,LONG_SPOT_SHORT_PERP,3302.76,3302.02,-2.240550327605507,0.0001,0.0001,2024-07-04T08:00:00+00:00,474.0,-17.240550327605508,0.23296938490516378,FLAT,False,False,False,
2024-07-04T00:07:00+00:00,ETHUSDT,LONG_SPOT_SHORT_PERP,3303.21,3302.2,-3.057631818746668,0.0001,0.0001,2024-07-04T08:00:00+00:00,473.0,-18.057631818746668,0.22704976316454617,FLAT,False,False,False,
2024-07-04T00:08:00+00:00,ETHUSDT,LONG_SPOT_SHORT_PERP,3303.82,3303.54,-0.8475037986337031,0.0001,0.0001,2024-07-04T08:00:00+00:00,472.0,-15.847503798633703,0.24399968347690926,FLAT,False,False,False,
2024-07-04T00:09:00+00:00,ETHUSDT,LONG_SPOT_SHORT_PERP,3304.4,3303.53,-2.632853165476004,0.0001,0.0001,2024-07-04T08:00:00+00:00,471.0,-17.632853165476003,0.23007819836575674,FLAT,False,False,False,
2024-07-04T00:10:00+00:00,ETHUSDT,LONG_SPOT_SHORT_PERP,3303.91,3303.23,-2.058167444027944,0.0001,0.0001,2024-07-04T08:00:00+00:00,470.0,-17.058167444027944,0.23434495455328025,FLAT,False,False,False,
2024-07-04T00:11:00+00:00,ETHUSDT,LONG_SPOT_SHORT_PERP,3304.39,3303.97,-1.2710364091407877,0.0001,0.0001,2024-07-04T08:00:00+00:00,469.0,-16.271036409140788,0.2405167265812955,FLAT,False,False,False,
2024-07-04T00:12:00+00:00,ETHUSDT,LONG_SPOT_SHORT_PERP,3303.19,3302.18,-3.0576503319525017,0.0001,0.0001,2024-07-04T08:00:00+00:00,468.0,-18.0576503319525,0.2270496334510343,FLAT,False,False,False,
2024-07-04T00:13:00+00:00,ETHUSDT,LONG_SPOT_SHORT_PERP,3304.43,3303.23,-3.6314886379793734,0.0001,0.0001,2024-07-04T08:00:00+00:00,467.0,-18.631488637979373,0.22312234625636218,FLAT,False,False,False,
2024-07-04T00:14:00+00:00,ETHUSDT,LONG_SPOT_SHORT_PERP,3304.81,3303.65,-3.510035372683617,0.0001,0.0001,2024-07-04T08:00:00+00:00,466.0,-18.510035372683618,0.22393813315294175,FLAT,False,False,False,
2024-07-04T00:15:00+00:00,ETHUSDT,LONG_SPOT_SHORT_PERP,3304.36,3303.08,-3.8736699391113563,0.0001,0.0001,2024-07-04T08:00:00+00:00,465.0,-18.873669939111355,0.22151994600898184,FLAT,False,False,False,
2024-07-04T00:16:00+00:00,ETHUSDT,LONG_SPOT_SHORT_PERP,3307.12,3305.67,-4.384479547158308,0.0001,0.0001,2024-07-04T08:00:00+00:00,464.0,-19.384479547158307,0.21824432628825707,FLAT,False,False,False,
2024-07-04T00:17:00+00:00,ETHUSDT,LONG_SPOT_SHORT_PERP,3306.46,3305.19,-3.8409658668182343,0.0001,0.0001,2024-07-04T08:00:00+00:00,463.0,-18.840965866818234,0.22173445635481592,FLAT,False,False,False,
2024-07-04T00:18:00+00:00,ETHUSDT,LONG_SPOT_SHORT_PERP,3308.42,3307.24,-3.566657195882902,0.0001,0.0001,2024-07-04T08:00:00+00:00,462.0,-18.566657195882904,0.22355679158051062,FLAT,False,False,False,
2024-07-04T00:19:00+00:00,ETHUSDT,LONG_SPOT_SHORT_PERP,3309.6,3308.74,-2.598501329466181,0.0001,0.0001,2024-07-04T08:00:00+00:00,461.0,-17.59850132946618,0.23032771374838779,FLAT,False,False,False,
2024-07-04T00:20:00+00:00,ETHUSDT,LONG_SPOT_SHORT_PERP,3308.72,3307.93,-2.387630261853417,0.0001,0.0001,2024-07-04T08:00:00+00:00,460.0,-17.387630261853417,0.23187468630253416,FLAT,False,False,False,
2024-07-04T00:21:00+00:00,ETHUSDT,LONG_SPOT_SHORT_PERP,3311.76,3310.7,-3.2007150276602174,0.0001,0.0001,2024-07-04T08:00:00+00:00,459.0,-18.200715027660216,0.22605309884275424,FLAT,False,False,False,
2024-07-04T00:22:00+00:00,ETHUSDT,LONG_SPOT_SHORT_PERP,3309.77,3308.62,-3.4745616764913905,0.0001,0.0001,2024-07-04T08:00:00+00:00,458.0,-18.47456167649139,0.2241779549443494,FLAT,False,False,False,
2024-07-04T00:23:00+00:00,ETHUSDT,LONG_SPOT_SHORT_PERP,3308.0,3306.76,-3.748488512695834,0.0001,0.0001,2024-07-04T08:00:00+00:00,457.0,-18.748488512695832,0.22234419169735992,FLAT,False,False,False,
2024-07-04T00:24:00+00:00,ETHUSDT,LONG_SPOT_SHORT_PERP,3309.97,3308.76,-3.6556222563938094,0.0001,0.0001,2024-07-04T08:00:00+00:00,456.0,-18.65562225639381,0.2229612177506087,FLAT,False,False,False,
2024-07-04T00:25:00+00:00,ETHUSDT,LONG_SPOT_SHORT_PERP,3306.81,3305.73,-3.2659874622368,0.0001,0.0001,2024-07-04T08:00:00+00:00,455.0,-18.2659874622368,0.22560230783072088,FLAT,False,False,False,
2024-07-04T00:26:00+00:00,ETHUSDT,LONG_SPOT_SHORT_PERP,3307.4,3306.29,-3.3561105400015943,0.0001,0.0001,2024-07-04T08:00:00+00:00,454.0,-18.356110540001595,0.22498385388543493,FLAT,False,False,False,
2024-07-04T00:27:00+00:00,ETHUSDT,LONG_SPOT_SHORT_PERP,3306.38,3305.56,-2.480053714334601,0.0001,0.0001,2024-07-04T08:00:00+00:00,453.0,-17.480053714334602,0.23119340792519372,FLAT,False,False,False,
2024-07-04T00:28:00+00:00,ETHUSDT,LONG_SPOT_SHORT_PERP,3304.23,3303.35,-2.663252860727338,0.0001,0.0001,2024-07-04T08:00:00+00:00,452.0,-17.663252860727336,0.2298579688772564,FLAT,False,False,False,
2024-07-04T00:29:00+00:00,ETHUSDT,LONG_SPOT_SHORT_PERP,3305.09,3304.16,-2.8138416805602597,0.0001,0.0001,2024-07-04T08:00:00+00:00,451.0,-17.81384168056026,0.22877502173422748,FLAT,False,False,False,
2024-07-04T00:30:00+00:00,ETHUSDT,LONG_SPOT_SHORT_PERP,3304.67,3303.91,-2.2997757718629037,0.0001,0.0001,2024-07-04T08:00:00+00:00,450.0,-17.299775771862905,0.23252701564633455,FLAT,False,False,False,
2024-07-04T00:31:00+00:00,ETHUSDT,LONG_SPOT_SHORT_PERP,3303.57,3302.62,-2.8756769192124665,0.0001,0.0001,2024-07-04T08:00:00+00:00,449.0,-17.875676919212466,0.22833416967479478,FLAT,False,False,False,
2024-07-04T00:32:00+00:00,ETHUSDT,LONG_SPOT_SHORT_PERP,3304.8,3304.0,-2.4207213749702916,0.0001,0.0001,2024-07-04T08:00:00+00:00,448.0,-17.42072137497029,0.23163017776229472,FLAT,False,False,False,
2024-07-04T00:33:00+00:00,ETHUSDT,LONG_SPOT_SHORT_PERP,3306.36,3305.71,-1.9659081285767157,0.0001,0.0001,2024-07-04T08:00:00+00:00,447.0,-16.965908128576714,0.23504849527481872,FLAT,False,False,False,
2024-07-04T00:34:00+00:00,ETHUSDT,LONG_SPOT_SHORT_PERP,3308.45,3307.32,-3.4154966827355846,0.0001,0.0001,2024-07-04T08:00:00+00:00,446.0,-18.415496682735586,0.2245788280849823,FLAT,False,False,False,
2024-07-04T00:35:00+00:00,ETHUSDT,LONG_SPOT_SHORT_PERP,3310.34,3309.4,-2.8395874743985647,0.0001,0.0001,2024-07-04T08:00:00+00:00,445.0,-17.839587474398563,0.22859119801855887,FLAT,False,False,False,
2024-07-04T00:36:00+00:00,ETHUSDT,LONG_SPOT_SHORT_PERP,3310.73,3309.95,-2.355975872391286,0.0001,0.0001,2024-07-04T08:00:00+00:00,444.0,-17.355975872391287,0.2321091910729837,FLAT,False,False,False,
2024-07-04T00:37:00+00:00,ETHUSDT,LONG_SPOT_SHORT_PERP,3309.41,3308.31,-3.3238553095564134,0.0001,0.0001,2024-07-04T08:00:00+00:00,443.0,-18.323855309556414,0.2252046729549328,FLAT,False,False,False,
2024-07-04T00:38:00+00:00,ETHUSDT,LONG_SPOT_SHORT_PERP,3310.44,3309.59,-2.567634513840786,0.0001,0.0001,2024-07-04T08:00:00+00:00,442.0,-17.567634513840787,0.2305525093104036,FLAT,False,False,False,
2024-07-04T00:39:00+00:00,ETHUSDT,LONG_SPOT_SHORT_PERP,3310.2,3309.49,-2.1448855054076383,0.0001,0.0001,2024-07-04T08:00:00+00:00,441.0,-17.14488550540764,0.23368839602443833,FLAT,False,False,False,
2024-07-04T00:40:00+00:00,ETHUSDT,LONG_SPOT_SHORT_PERP,3311.63,3311.0,-1.9023864380987885,0.0001,0.0001,2024-07-04T08:00:00+00:00,440.0,-16.902386438098787,0.23553591929384068,FLAT,False,False,False,
2024-07-04T00:41:00+00:00,ETHUSDT,LONG_SPOT_SHORT_PERP,3312.59,3311.94,-1.9622108380454295,0.0001,0.0001,2024-07-04T08:00:00+00:00,439.0,-16.96221083804543,0.23507679807527732,FLAT,False,False,False,
2024-07-04T00:42:00+00:00,ETHUSDT,LONG_SPOT_SHORT_PERP,3312.95,3311.75,-3.6221494438485884,0.0001,0.0001,2024-07-04T08:00:00+00:00,438.0,-18.62214944384859,0.22318478600295516,FLAT,False,False,False,
2024-07-04T00:43:00+00:00,ETHUSDT,LONG_SPOT_SHORT_PERP,3310.58,3309.21,-4.138247678654166,0.0001,0.0001,2024-07-04T08:00:00+00:00,437.0,-19.138247678654167,0.21980586370888272,FLAT,False,False,False,
2024-07-04T00:44:00+00:00,ETHUSDT,LONG_SPOT_SHORT_PERP,3311.45,3310.42,-3.110419906686634,0.0001,0.0001,2024-07-04T08:00:00+00:00,436.0,-18.110419906686634,0.22668069941568314,FLAT,False,False,False,
2024-07-04T00:45:00+00:00,ETHUSDT,LONG_SPOT_SHORT_PERP,3310.66,3309.4,-3.8058876477794867,0.0001,0.0001,2024-07-04T08:00:00+00:00,435.0,-18.805887647779485,0.2219651881191259,FLAT,False,False,False,
2024-07-04T00:46:00+00:00,ETHUSDT,LONG_SPOT_SHORT_PERP,3308.81,3307.51,-3.928904953743875,0.0001,0.0001,2024-07-04T08:00:00+00:00,434.0,-18.928904953743874,0.2211589746999214,FLAT,False,False,False,
2024-07-04T00:47:00+00:00,ETHUSDT,LONG_SPOT_SHORT_PERP,3311.2,3310.4,-2.4160425223475697,0.0001,0.0001,2024-07-04T08:00:00+00:00,433.0,-17.41604252234757,0.23166470990820393,FLAT,False,False,False,
2024-07-04T00:48:00+00:00,ETHUSDT,LONG_SPOT_SHORT_PERP,3308.44,3307.2,-3.7479899892403563,0.0001,0.0001,2024-07-04T08:00:00+00:00,432.0,-18.747989989240356,0.2223474913387467,FLAT,False,False,False,
2024-07-04T00:49:00+00:00,ETHUSDT,LONG_SPOT_SHORT_PERP,3308.12,3307.22,-2.7205784554371997,0.0001,0.0001,2024-07-04T08:00:00+00:00,431.0,-17.7205784554372,0.22944415237168592,FLAT,False,False,False,
2024-07-04T00:50:00+00:00,ETHUSDT,LONG_SPOT_SHORT_PERP,3308.12,3307.23,-2.6903498059316853,0.0001,0.0001,2024-07-04T08:00:00+00:00,430.0,-17.690349805931685,0.22966212380455414,FLAT,False,False,False,
2024-07-04T00:51:00+00:00,ETHUSDT,LONG_SPOT_SHORT_PERP,3309.24,3308.2,-3.1427155479806954,0.0001,0.0001,2024-07-04T08:00:00+00:00,429.0,-18.142715547980696,0.2264556928740295,FLAT,False,False,False,
2024-07-04T00:52:00+00:00,ETHUSDT,LONG_SPOT_SHORT_PERP,3308.23,3307.25,-2.962309150210288,0.0001,0.0001,2024-07-04T08:00:00+00:00,428.0,-17.962309150210288,0.22772025696608783,FLAT,False,False,False,
2024-07-04T00:53:00+00:00,ETHUSDT,LONG_SPOT_SHORT_PERP,3306.99,3306.26,-2.207445441321454,0.0001,0.0001,2024-07-04T08:00:00+00:00,427.0,-17.207445441321454,0.23321757375003244,FLAT,False,False,False,
2024-07-04T00:54:00+00:00,ETHUSDT,LONG_SPOT_SHORT_PERP,3308.01,3307.14,-2.6299799577399874,0.0001,0.0001,2024-07-04T08:00:00+00:00,426.0,-17.629979957739987,0.2300990413378868,FLAT,False,False,False,
2024-07-04T00:55:00+00:00,ETHUSDT,LONG_SPOT_SHORT_PERP,3307.36,3306.06,-3.9306274490838065,0.0001,0.0001,2024-07-04T08:00:00+00:00,425.0,-18.930627449083808,0.22114774452577957,FLAT,False,False,False,
2024-07-04T00:56:00+00:00,ETHUSDT,LONG_SPOT_SHORT_PERP,3307.37,3306.06,-3.960851068976091,0.0001,0.0001,2024-07-04T08:00:00+00:00,424.0,-18.96085106897609,0.22095095709485024,FLAT,False,False,False,
2024-07-04T00:57:00+00:00,ETHUSDT,LONG_SPOT_SHORT_PERP,3305.73,3304.32,-4.265321124229306,0.0001,0.0001,2024-07-04T08:00:00+00:00,423.0,-19.265321124229306,0.2189959763623792,FLAT,False,False,False,
2024-07-04T00:58:00+00:00,ETHUSDT,LONG_SPOT_SHORT_PERP,3307.4,3306.65,-2.267642256757574,0.0001,0.0001,2024-07-04T08:00:00+00:00,422.0,-17.267642256757576,0.23276676685987369,FLAT,False,False,False,
2024-07-04T00:59:00+00:00,ETHUSDT,LONG_SPOT_SHORT_PERP,3307.41,3306.26,-3.4770409474472057,0.0001,0.0001,2024-07-04T08:00:00+00:00,421.0,-18.477040947447207,0.22416117086211657,FLAT,False,False,False,
2024-07-04T01:00:00+00:00,ETHUSDT,LONG_SPOT_SHORT_PERP,3305.71,3304.48,-3.720834555965339,0.0001,0.0001,2024-07-04T08:00:00+00:00,420.0,-18.72083455596534,0.22252743483994802,FLAT,False,False,False,
2024-07-04T01:01:00+00:00,ETHUSDT,LONG_SPOT_SHORT_PERP,3306.59,3305.45,-3.4476605808410703,0.0001,0.0001,2024-07-04T08:00:00+00:00,419.0,-18.44766058084107,0.22436029001720817,FLAT,False,False,False,
2024-07-04T01:02:00+00:00,ETHUSDT,LONG_SPOT_SHORT_PERP,3305.19,3303.92,-3.842441735573391,0.0001,0.0001,2024-07-04T08:00:00+00:00,418.0,-18.84244173557339,0.2217247633642797,FLAT,False,False,False,
2024-07-04T01:03:00+00:00,ETHUSDT,LONG_SPOT_SHORT_PERP,3306.19,3305.33,-2.601181420305933,0.0001,0.0001,2024-07-04T08:00:00+00:00,417.0,-17.601181420305934,0.23030822182721272,FLAT,False,False,False,
2024-07-04T01:04:00+00:00,ETHUSDT,LONG_SPOT_SHORT_PERP,3306.99,3306.28,-2.1469674840249944,0.0001,0.0001,2024-07-04T08:00:00+00:00,416.0,-17.146967484024994,0.23367268908106287,FLAT,False,False,False,
2024-07-04T01:05:00+00:00,ETHUSDT,LONG_SPOT_SHORT_PERP,3303.54,3302.0,-4.661665970443717,0.0001,0.0001,2024-07-04T08:00:00+00:00,415.0,-19.661665970443718,0.21652467742121514,FLAT,False,False,False,
2024-07-04T01:06:00+00:00,ETHUSDT,LONG_SPOT_SHORT_PERP,3300.87,3299.87,-3.0295043427944757,0.0001,0.0001,2024-07-04T08:00:00+00:00,414.0,-18.029504342794475,0.2272470666377326,FLAT,False,False,False,
2024-07-04T01:07:00+00:00,ETHUSDT,LONG_SPOT_SHORT_PERP,3299.79,3298.65,-3.4547653032461842,0.0001,0.0001,2024-07-04T08:00:00+00:00,413.0,-18.454765303246184,0.22431209501385194,FLAT,False,False,False,
2024-07-04T01:08:00+00:00,ETHUSDT,LONG_SPOT_SHORT_PERP,3299.0,3297.73,-3.8496514095179806,0.0001,0.0001,2024-07-04T08:00:00+00:00,412.0,-18.849651409517982,0.22167742983358146,FLAT,False,False,False,
2024-07-04T01:09:00+00:00,ETHUSDT,LONG_SPOT_SHORT_PERP,3294.19,3293.02,-3.5517077035631606,0.0001,0.0001,2024-07-04T08:00:00+00:00,411.0,-18.55170770356316,0.22365730138632361,FLAT,False,False,False,
2024-07-04T01:10:00+00:00,ETHUSDT,LONG_SPOT_SHORT_PERP,3291.32,3290.16,-3.524421812526005,0.0001,0.0001,2024-07-04T08:00:00+00:00,410.0,-18.524421812526004,0.22384107295200123,FLAT,False,False,False,
2024-07-04T01:11:00+00:00,ETHUSDT,LONG_SPOT_SHORT_PERP,3291.07,3289.82,-3.7981568304533178,0.0001,0.0001,2024-07-04T08:00:00+00:00,409.0,-18.79815683045332,0.22201612911456708,FLAT,False,False,False,
2024-07-04T01:12:00+00:00,ETHUSDT,LONG_SPOT_SHORT_PERP,3286.69,3285.65,-3.1642777383932272,0.0001,0.0001,2024-07-04T08:00:00+00:00,408.0,-18.164277738393228,0.22630579861877473,FLAT,False,False,False,
2024-07-04T01:13:00+00:00,ETHUSDT,LONG_SPOT_SHORT_PERP,3282.39,3281.43,-2.9246981620101096,0.0001,0.0001,2024-07-04T08:00:00+00:00,407.0,-17.92469816201011,0.22798625109414114,FLAT,False,False,False,
2024-07-04T01:14:00+00:00,ETHUSDT,LONG_SPOT_SHORT_PERP,3280.46,3279.3,-3.5360894508692517,0.0001,0.0001,2024-07-04T08:00:00+00:00,406.0,-18.53608945086925,0.22376244022269348,FLAT,False,False,False,
2024-07-04T01:15:00+00:00,ETHUSDT,LONG_SPOT_SHORT_PERP,3271.44,3270.42,-3.117893037928196,0.0001,0.0001,2024-07-04T08:00:00+00:00,405.0,-18.117893037928198,0.22662858047254109,FLAT,False,False,False,
2024-07-04T01:16:00+00:00,ETHUSDT,LONG_SPOT_SHORT_PERP,3280.39,3279.44,-2.8959971222928313,0.0001,0.0001,2024-07-04T08:00:00+00:00,404.0,-17.895997122292833,0.22818978213599622,FLAT,False,False,False,
2024-07-04T01:17:00+00:00,ETHUSDT,LONG_SPOT_SHORT_PERP,3285.76,3285.0,-2.3130112972347896,0.0001,0.0001,2024-07-04T08:00:00+00:00,403.0,-17.31301129723479,0.23242844447942784,FLAT,False,False,False,
2024-07-04T01:18:00+00:00,ETHUSDT,LONG_SPOT_SHORT_PERP,3288.57,3287.86,-2.1589931185896494,0.0001,0.0001,2024-07-04T08:00:00+00:00,402.0,-17.15899311858965,0.23358201620677585,FLAT,False,False,False,
2024-07-04T01:19:00+00:00,ETHUSDT,LONG_SPOT_SHORT_PERP,3283.36,3282.19,-3.5634228351447073,0.0001,0.0001,2024-07-04T08:00:00+00:00,401.0,-18.563422835144706,0.22357852660239583,FLAT,False,False,False,
2024-07-04T01:20:00+00:00,ETHUSDT,LONG_SPOT_SHORT_PERP,3289.23,3288.58,-1.9761463929250644,0.0001,0.0001,2024-07-04T08:00:00+00:00,400.0,-16.976146392925063,0.23497016491573486,FLAT,False,False,False,
2024-07-04T01:21:00+00:00,ETHUSDT,LONG_SPOT_SHORT_PERP,3283.48,3282.63,-2.588716849196307,0.0001,0.0001,2024-07-04T08:00:00+00:00,399.0,-17.588716849196306,0.23039891086420858,FLAT,False,False,False,
2024-07-04T01:22:00+00:00,ETHUSDT,LONG_SPOT_SHORT_PERP,3289.62,3289.07,-1.671925632747026,0.0001,0.0001,2024-07-04T08:00:00+00:00,398.0,-16.671925632747026,0.23732520657000772,FLAT,False,False,False,
2024-07-04T01:23:00+00:00,ETHUSDT,LONG_SPOT_SHORT_PERP,3288.2,3287.33,-2.6458244632318317,0.0001,0.0001,2024-07-04T08:00:00+00:00,397.0,-17.645824463231833,0.22998416178769415,FLAT,False,False,False,
2024-07-04T01:24:00+00:00,ETHUSDT,LONG_SPOT_SHORT_PERP,3291.23,3290.81,-1.2761186547280887,0.0001,0.0001,2024-07-04T08:00:00+00:00,396.0,-16.276118654728087,0.2404756308304779,FLAT,False,False,False,
2024-07-04T01:25:00+00:00,ETHUSDT,LONG_SPOT_SHORT_PERP,3291.04,3290.29,-2.2789148718945986,0.0001,0.0001,2024-07-04T08:00:00+00:00,395.0,-17.2789148718946,0.2326825901323324,FLAT,False,False,False,
2024-07-04T01:26:00+00:00,ETHUSDT,LONG_SPOT_SHORT_PERP,3294.26,3293.62,-1.9427731873025427,0.0001,0.0001,2024-07-04T08:00:00+00:00,394.0,-16.942773187302542,0.23522573123528862,FLAT,False,False,False,
2024-07-04T01:27:00+00:00,ETHUSDT,LONG_SPOT_SHORT_PERP,3292.19,3291.38,-2.4603683262507494,0.0001,0.0001,2024-07-04T08:00:00+00:00,393.0,-17.460368326250748,0.23133808799860905,FLAT,False,False,False,
2024-07-04T01:28:00+00:00,ETHUSDT,LONG_SPOT_SHORT_PERP,3289.39,3288.29,-3.344085073523994,0.0001,0.0001,2024-07-04T08:00:00+00:00,392.0,-18.344085073523996,0.22506611158754433,FLAT,False,False,False,
2024-07-04T01:29:00+00:00,ETHUSDT,LONG_SPOT_SHORT_PERP,3291.12,3290.51,-1.8534723741451926,0.0001,0.0001,2024-07-04T08:00:00+00:00,391.0,-16.85347237414519,0.23591294310577532,FLAT,False,False,False,
2024-07-04T01:30:00+00:00,ETHUSDT,LONG_SPOT_SHORT_PERP,3283.79,3282.79,-3.045261725018957,0.0001,0.0001,2024-07-04T08:00:00+00:00,390.0,-18.045261725018957,0.22713647868258063,FLAT,False,False,False,
2024-07-04T01:31:00+00:00,ETHUSDT,LONG_SPOT_SHORT_PERP,3285.73,3284.64,-3.3173754386396497,0.0001,0.0001,2024-07-04T08:00:00+00:00,389.0,-18.31737543863965,0.22524910487270428,FLAT,False,False,False,
2024-07-04T01:32:00+00:00,ETHUSDT,LONG_SPOT_SHORT_PERP,3286.64,3286.0,-1.9472774626970788,0.0001,0.0001,2024-07-04T08:00:00+00:00,388.0,-16.94727746269708,0.2351911984333332,FLAT,False,False,False,
2024-07-04T01:33:00+00:00,ETHUSDT,LONG_SPOT_SHORT_PERP,3284.9,3284.15,-2.2831745258607565,0.0001,0.0001,2024-07-04T08:00:00+00:00,387.0,-17.28317452586076,0.23265080163363372,FLAT,False,False,False,
2024-07-04T01:34:00+00:00,ETHUSDT,LONG_SPOT_SHORT_PERP,3262.71,3261.07,-5.026496378776761,0.0001,0.0001,2024-07-04T08:00:00+00:00,386.0,-20.026496378776763,0.21432174330469161,FLAT,False,False,False,
2024-07-04T01:35:00+00:00,ETHUSDT,LONG_SPOT_SHORT_PERP,3265.78,3264.15,-4.991150659260908,0.0001,0.0001,2024-07-04T08:00:00+00:00,385.0,-19.99115065926091,0.21453220440654802,FLAT,False,False,False,
2024-07-04T01:36:00+00:00,ETHUSDT,LONG_SPOT_SHORT_PERP,3261.36,3260.0,-4.1700394927273505,0.0001,0.0001,2024-07-04T08:00:00+00:00,384.0,-19.17003949272735,0.21960243416389322,FLAT,False,False,False,
2024-07-04T01:37:00+00:00,ETHUSDT,LONG_SPOT_SHORT_PERP,3263.7,3262.3,-4.289609951893974,0.0001,0.0001,2024-07-04T08:00:00+00:00,383.0,-19.289609951893972,0.2188421527968091,FLAT,False,False,False,
2024-07-04T01:38:00+00:00,ETHUSDT,LONG_SPOT_SHORT_PERP,3251.84,3249.99,-5.68908679393932,0.0001,0.0001,2024-07-04T08:00:00+00:00,382.0,-20.68908679393932,0.21049144725508376,FLAT,False,False,False,
2024-07-04T01:39:00+00:00,ETHUSDT,LONG_SPOT_SHORT_PERP,3261.09,3260.0,-3.342440717674598,0.0001,0.0001,2024-07-04T08:00:00+00:00,381.0,-18.3424407176746,0.22507736579341195,FLAT,False,False,False,
2024-07-04T01:40:00+00:00,ETHUSDT,LONG_SPOT_SHORT_PERP,3255.42,3254.19,-3.7783143188897843,0.0001,0.0001,2024-07-04T08:00:00+00:00,380.0,-18.778314318889784,0.22214702800096703,FLAT,False,False,False,
2024-07-04T01:41:00+00:00,ETHUSDT,LONG_SPOT_SHORT_PERP,3257.3,3256.27,-3.162128142941086,0.0001,0.0001,2024-07-04T08:00:00+00:00,379.0,-18.162128142941086,0.22632073010335438,FLAT,False,False,False,
2024-07-04T01:42:00+00:00,ETHUSDT,LONG_SPOT_SHORT_PERP,3252.21,3250.7,-4.642996608460765,0.0001,0.0001,2024-07-04T08:00:00+00:00,378.0,-19.642996608460763,0.21663924470101398,FLAT,False,False,False,
2024-07-04T01:43:00+00:00,ETHUSDT,LONG_SPOT_SHORT_PERP,3241.99,3240.06,-5.953133723422455,0.0001,0.0001,2024-07-04T08:00:00+00:00,377.0,-20.953133723422454,0.209024555450126,FLAT,False,False,False,
2024-07-04T01:44:00+00:00,ETHUSDT,LONG_SPOT_SHORT_PERP,3254.99,3254.24,-2.304154544253592,0.0001,0.0001,2024-07-04T08:00:00+00:00,376.0,-17.304154544253592,0.2324943932347961,FLAT,False,False,False,
2024-07-04T01:45:00+00:00,ETHUSDT,LONG_SPOT_SHORT_PERP,3239.9,3238.56,-4.13593012130049,0.0001,0.0001,2024-07-04T08:00:00+00:00,375.0,-19.13593012130049,0.21982071445286672,FLAT,False,False,False,
2024-07-04T01:46:00+00:00,ETHUSDT,LONG_SPOT_SHORT_PERP,3240.81,3239.35,-4.50504657786182,0.0001,0.0001,2024-07-04T08:00:00+00:00,374.0,-19.50504657786182,0.21749140451261967,FLAT,False,False,False,
2024-07-04T01:47:00+00:00,ETHUSDT,LONG_SPOT_SHORT_PERP,3239.05,3237.65,-4.322254982170979,0.0001,0.0001,2024-07-04T08:00:00+00:00,373.0,-19.32225498217098,0.21863590118039383,FLAT,False,False,False,
2024-07-04T01:48:00+00:00,ETHUSDT,LONG_SPOT_SHORT_PERP,3228.31,3227.2,-3.438331510914774,0.0001,0.0001,2024-07-04T08:00:00+00:00,372.0,-18.438331510914775,0.22442361683536427,FLAT,False,False,False,
2024-07-04T01:49:00+00:00,ETHUSDT,LONG_SPOT_SHORT_PERP,3235.06,3234.21,-2.627462860039409,0.0001,0.0001,2024-07-04T08:00:00+00:00,371.0,-17.627462860039408,0.23011730499237687,FLAT,False,False,False,
2024-07-04T01:50:00+00:00,ETHUSDT,LONG_SPOT_SHORT_PERP,3234.98,3233.97,-3.122121311415274,0.0001,0.0001,2024-07-04T08:00:00+00:00,370.0,-18.122121311415274,0.2265991058819117,FLAT,False,False,False,
2024-07-04T01:51:00+00:00,ETHUSDT,LONG_SPOT_SHORT_PERP,3229.28,3228.31,-3.0037655452616514,0.0001,0.0001,2024-07-04T08:00:00+00:00,369.0,-18.00376554526165,0.22742801277324515,FLAT,False,False,False,
2024-07-04T01:52:00+00:00,ETHUSDT,LONG_SPOT_SHORT_PERP,3231.01,3230.02,-3.064057369058704,0.0001,0.0001,2024-07-04T08:00:00+00:00,368.0,-18.064057369058705,0.22700475409736665,FLAT,False,False,False,
2024-07-04T01:53:00+00:00,ETHUSDT,LONG_SPOT_SHORT_PERP,3228.12,3227.59,-1.641822484913031,0.0001,0.0001,2024-07-04T08:00:00+00:00,367.0,-16.641822484913032,0.23756135841978962,FLAT,False,False,False,
2024-07-04T01:54:00+00:00,ETHUSDT,LONG_SPOT_SHORT_PERP,3220.82,3219.64,-3.6636632907156907,0.0001,0.0001,2024-07-04T08:00:00+00:00,366.0,-18.66366329071569,0.22290760314363472,FLAT,False,False,False,
2024-07-04T01:55:00+00:00,ETHUSDT,LONG_SPOT_SHORT_PERP,3221.02,3221.0,-0.06209213230585904,0.0001,0.0001,2024-07-04T08:00:00+00:00,365.0,-15.062092132305859,0.2507696542071706,FLAT,False,False,False,
2024-07-04T01:56:00+00:00,ETHUSDT,LONG_SPOT_SHORT_PERP,3210.07,3209.1,-3.021740958920692,0.0001,0.0001,2024-07-04T08:00:00+00:00,364.0,-18.02174095892069,0.22730160382473127,FLAT,False,False,False,
2024-07-04T01:57:00+00:00,ETHUSDT,LONG_SPOT_SHORT_PERP,3218.35,3217.56,-2.4546739789021195,0.0001,0.0001,2024-07-04T08:00:00+00:00,363.0,-17.454673978902118,0.23137998224056985,FLAT,False,False,False,
2024-07-04T01:58:00+00:00,ETHUSDT,LONG_SPOT_SHORT_PERP,3213.01,3212.25,-2.3653832387705553,0.0001,0.0001,2024-07-04T08:00:00+00:00,362.0,-17.365383238770555,0.23203943603769822,FLAT,False,False,False,
2024-07-04T01:59:00+00:00,ETHUSDT,LONG_SPOT_SHORT_PERP,3210.6,3209.32,-3.9867937457165183,0.0001,0.0001,2024-07-04T08:00:00+00:00,361.0,-18.98679374571652,0.22078243780022208,FLAT,False,False,False,
2024-07-04T02:00:00+00:00,ETHUSDT,LONG_SPOT_SHORT_PERP,3157.95,3170.0,38.15766557418636,0.0001,0.0001,2024-07-04T08:00:00+00:00,360.0,23.15766557418636,0.88104876593264,OPEN,True,True,False,entry
2024-07-04T02:01:00+00:00,ETHUSDT,LONG_SPOT_SHORT_PERP,3199.79,3199.29,-1.5626025457920676,0.0001,0.0001,2024-07-04T08:00:00+00:00,359.0,-16.562602545792068,0.23818552234728935,OPEN,False,False,False,
2024-07-04T02:02:00+00:00,ETHUSDT,LONG_SPOT_SHORT_PERP,3188.61,3187.34,-3.982926729828928,0.0001,0.0001,2024-07-04T08:00:00+00:00,358.0,-18.98292672982893,0.22080753419082394,OPEN,False,False,False,
2024-07-04T02:03:00+00:00,ETHUSDT,LONG_SPOT_SHORT_PERP,3193.96,3193.09,-2.7238913449131825,0.0001,0.0001,2024-07-04T08:00:00+00:00,357.0,-17.723891344913184,0.22942029648371665,OPEN,False,False,False,
2024-07-04T02:04:00+00:00,ETHUSDT,LONG_SPOT_SHORT_PERP,3199.0,3197.8,-3.7511722413248454,0.0001,0.0001,2024-07-04T08:00:00+00:00,356.0,-18.751172241324845,0.2223264309021919,OPEN,False,False,False,
2024-07-04T02:05:00+00:00,ETHUSDT,LONG_SPOT_SHORT_PERP,3203.19,3202.34,-2.653604687826539,0.0001,0.0001,2024-07-04T08:00:00+00:00,355.0,-17.65360468782654,0.22992780584563793,OPEN,False,False,False,
2024-07-04T02:06:00+00:00,ETHUSDT,LONG_SPOT_SHORT_PERP,3198.81,3198.1,-2.2195754046037006,0.0001,0.0001,2024-07-04T08:00:00+00:00,354.0,-17.219575404603702,0.23312655812924882,OPEN,False,False,False,
2024-07-04T02:07:00+00:00,ETHUSDT,LONG_SPOT_SHORT_PERP,3199.7,3198.62,-3.3753164359156402,0.0001,0.0001,2024-07-04T08:00:00+00:00,353.0,-18.37531643591564,0.22485264879459746,OPEN,False,False,False,
2024-07-04T02:08:00+00:00,ETHUSDT,LONG_SPOT_SHORT_PERP,3193.4,3192.56,-2.6304252520828757,0.0001,0.0001,2024-07-04T08:00:00+00:00,352.0,-17.630425252082876,0.23009581074238744,OPEN,False,False,False,
2024-07-04T02:09:00+00:00,ETHUSDT,LONG_SPOT_SHORT_PERP,3193.61,3192.27,-4.195878645170029,0.0001,0.0001,2024-07-04T08:00:00+00:00,351.0,-19.19587864517003,0.21943749245700414,OPEN,False,False,False,
2024-07-04T02:10:00+00:00,ETHUSDT,LONG_SPOT_SHORT_PERP,3196.97,3196.02,-2.9715636993772794,0.0001,0.0001,2024-07-04T08:00:00+00:00,350.0,-17.971563699377278,0.22765493172782064,OPEN,False,False,False,
2024-07-04T02:11:00+00:00,ETHUSDT,LONG_SPOT_SHORT_PERP,3200.28,3199.14,-3.562188308524027,0.0001,0.0001,2024-07-04T08:00:00+00:00,349.0,-18.56218830852403,0.22358682419914488,OPEN,False,False,False,
2024-07-04T02:12:00+00:00,ETHUSDT,LONG_SPOT_SHORT_PERP,3203.6,3202.28,-4.120364589835526,0.0001,0.0001,2024-07-04T08:00:00+00:00,348.0,-19.120364589835525,0.21992053184264226,OPEN,False,False,False,
2024-07-04T02:13:00+00:00,ETHUSDT,LONG_SPOT_SHORT_PERP,3208.81,3207.56,-3.895525132369944,0.0001,0.0001,2024-07-04T08:00:00+00:00,347.0,-18.895525132369944,0.22137691978158075,OPEN,False,False,False,
2024-07-04T02:14:00+00:00,ETHUSDT,LONG_SPOT_SHORT_PERP,3206.56,3205.58,-3.0562347188264627,0.0001,0.0001,2024-07-04T08:00:00+00:00,346.0,-18.056234718826463,0.2270595525678844,OPEN,False,False,False,
2024-07-04T02:15:00+00:00,ETHUSDT,LONG_SPOT_SHORT_PERP,3209.21,3207.77,-4.487085606738277,0.0001,0.0001,2024-07-04T08:00:00+00:00,345.0,-19.487085606738276,0.21760308480963686,OPEN,False,False,False,
2024-07-04T02:16:00+00:00,ETHUSDT,LONG_SPOT_SHORT_PERP,3211.23,3209.99,-3.861448728369617,0.0001,0.0001,2024-07-04T08:00:00+00:00,344.0,-18.861448728369616,0.221600038296635,OPEN,False,False,False,
2024-07-04T02:17:00+00:00,ETHUSDT,LONG_SPOT_SHORT_PERP,3212.2,3211.04,-3.6112321773234997,0.0001,0.0001,2024-07-04T08:00:00+00:00,343.0,-18.6112321773235,0.22325783760780232,OPEN,False,False,False,
2024-07-04T02:18:00+00:00,ETHUSDT,LONG_SPOT_SHORT_PERP,3212.0,3210.56,-4.48318804483205,0.0001,0.0001,2024-07-04T08:00:00+00:00,342.0,-19.48318804483205,0.21762734191149247,OPEN,False,False,False,
2024-07-04T02:19:00+00:00,ETHUSDT,LONG_SPOT_SHORT_PERP,3210.23,3208.81,-4.423359073960659,0.0001,0.0001,2024-07-04T08:00:00+00:00,341.0,-19.42335907396066,0.21800069616925322,OPEN,False,False,False,
2024-07-04T02:20:00+00:00,ETHUSDT,LONG_SPOT_SHORT_PERP,3207.29,3206.03,-3.9285502714122,0.0001,0.0001,2024-07-04T08:00:00+00:00,340.0,-18.9285502714122,0.22116128732666263,OPEN,False,False,False,
2024-07-04T02:21:00+00:00,ETHUSDT,LONG_SPOT_SHORT_PERP,3207.8,3206.96,-2.618617120768581,0.0001,0.0001,2024-07-04T08:00:00+00:00,339.0,-17.61861712076858,0.23018151784610835,OPEN,False,False,False,
2024-07-04T02:22:00+00:00,ETHUSDT,LONG_SPOT_SHORT_PERP,3209.56,3208.3,-3.925771756875595,0.0001,0.0001,2024-07-04T08:00:00+00:00,338.0,-18.925771756875594,0.22117940637177352,OPEN,False,False,False,
2024-07-04T02:23:00+00:00,ETHUSDT,LONG_SPOT_SHORT_PERP,3212.36,3211.17,-3.704441594342024,0.0001,0.0001,2024-07-04T08:00:00+00:00,337.0,-18.704441594342025,0.22263625794452915,OPEN,False,False,False,
2024-07-04T02:24:00+00:00,ETHUSDT,LONG_SPOT_SHORT_PERP,3219.75,3219.06,-2.1430235266714948,0.0001,0.0001,2024-07-04T08:00:00+00:00,336.0,-17.143023526671495,0.23370244546101523,OPEN,False,False,False,
2024-07-04T02:25:00+00:00,ETHUSDT,LONG_SPOT_SHORT_PERP,3223.76,3222.86,-2.791771099585859,0.0001,0.0001,2024-07-04T08:00:00+00:00,335.0,-17.79177109958586,0.22893291182792005,OPEN,False,False,False,
2024-07-04T02:26:00+00:00,ETHUSDT,LONG_SPOT_SHORT_PERP,3224.35,3223.27,-3.3495123048053945,0.0001,0.0001,2024-07-04T08:00:00+00:00,334.0,-18.349512304805394,0.22502897765518598,OPEN,False,False,False,
2024-07-04T02:27:00+00:00,ETHUSDT,LONG_SPOT_SHORT_PERP,3223.1,3222.54,-1.7374577270328113,0.0001,0.0001,2024-07-04T08:00:00+00:00,333.0,-16.73745772703281,0.23681307277913616,OPEN,False,False,False,
2024-07-04T02:28:00+00:00,ETHUSDT,LONG_SPOT_SHORT_PERP,3224.9,3223.67,-3.814071754162976,0.0001,0.0001,2024-07-04T08:00:00+00:00,332.0,-18.814071754162974,0.22191129588196046,OPEN,False,False,False,
2024-07-04T02:29:00+00:00,ETHUSDT,LONG_SPOT_SHORT_PERP,3226.2,3224.96,-3.8435310892064405,0.0001,0.0001,2024-07-04T08:00:00+00:00,331.0,-18.84353108920644,0.22171760963281262,OPEN,False,False,False,
2024-07-04T02:30:00+00:00,ETHUSDT,LONG_SPOT_SHORT_PERP,3225.3,3224.07,-3.8135987350014515,0.0001,0.0001,2024-07-04T08:00:00+00:00,330.0,-18.813598735001452,0.2219144097095856,OPEN,False,False,False,
2024-07-04T02:31:00+00:00,ETHUSDT,LONG_SPOT_SHORT_PERP,3220.11,3218.85,-3.9129098074296165,0.0001,0.0001,2024-07-04T08:00:00+00:00,329.0,-18.912909807429617,0.2212633353972778,OPEN,False,False,False,
2024-07-04T02:32:00+00:00,ETHUSDT,LONG_SPOT_SHORT_PERP,3219.61,3218.55,-3.292324225604795,0.0001,0.0001,2024-07-04T08:00:00+00:00,328.0,-18.292324225604794,0.22542110189477793,OPEN,False,False,False,
2024-07-04T02:33:00+00:00,ETHUSDT,LONG_SPOT_SHORT_PERP,3222.37,3221.0,-4.251529154007426,0.0001,0.0001,2024-07-04T08:00:00+00:00,327.0,-19.251529154007425,0.2190834617042962,OPEN,False,False,False,
2024-07-04T02:34:00+00:00,ETHUSDT,LONG_SPOT_SHORT_PERP,3223.67,3222.43,-3.846547568455321,0.0001,0.0001,2024-07-04T08:00:00+00:00,326.0,-18.84654756845532,0.2216978039427837,OPEN,False,False,False,
2024-07-04T02:35:00+00:00,ETHUSDT,LONG_SPOT_SHORT_PERP,3226.2,3224.71,-4.6184365507401335,0.0001,0.0001,2024-07-04T08:00:00+00:00,325.0,-19.618436550740135,0.2167902360414204,OPEN,False,False,False,
2024-07-04T02:36:00+00:00,ETHUSDT,LONG_SPOT_SHORT_PERP,3225.07,3224.1,-3.007686654864095,0.0001,0.0001,2024-07-04T08:00:00+00:00,324.0,-18.007686654864095,0.2274004224052868,OPEN,False,False,False,
2024-07-04T02:37:00+00:00,ETHUSDT,LONG_SPOT_SHORT_PERP,3226.34,3225.33,-3.130482218241779,0.0001,0.0001,2024-07-04T08:00:00+00:00,323.0,-18.13048221824178,0.2265408534587477,OPEN,False,False,False,
2024-07-04T02:38:00+00:00,ETHUSDT,LONG_SPOT_SHORT_PERP,3227.41,3226.42,-3.067475158098233,0.0001,0.0001,2024-07-04T08:00:00+00:00,322.0,-18.067475158098233,0.2269808231484884,OPEN,False,False,False,
2024-07-04T02:39:00+00:00,ETHUSDT,LONG_SPOT_SHORT_PERP,3227.21,3226.14,-3.315557400975343,0.0001,0.0001,2024-07-04T08:00:00+00:00,321.0,-18.315557400975344,0.225261575257761,OPEN,False,False,False,
2024-07-04T02:40:00+00:00,ETHUSDT,LONG_SPOT_SHORT_PERP,3224.96,3223.72,-3.845008930344055,0.0001,0.0001,2024-07-04T08:00:00+00:00,320.0,-18.845008930344054,0.2217079057585563,OPEN,False,False,False,
2024-07-04T02:41:00+00:00,ETHUSDT,LONG_SPOT_SHORT_PERP,3223.02,3221.82,-3.7232161140787774,0.0001,0.0001,2024-07-04T08:00:00+00:00,319.0,-18.723216114078777,0.22251163739834495,OPEN,False,False,False,
2024-07-04T02:42:00+00:00,ETHUSDT,LONG_SPOT_SHORT_PERP,3226.05,3225.04,-3.130763627346812,0.0001,0.0001,2024-07-04T08:00:00+00:00,318.0,-18.130763627346813,0.22653889350921333,OPEN,False,False,False,
2024-07-04T02:43:00+00:00,ETHUSDT,LONG_SPOT_SHORT_PERP,3226.0,3224.82,-3.6577805331675024,0.0001,0.0001,2024-07-04T08:00:00+00:00,317.0,-18.657780533167504,0.22294682366239907,OPEN,False,False,False,
2024-07-04T02:44:00+00:00,ETHUSDT,LONG_SPOT_SHORT_PERP,3227.43,3226.26,-3.6251754491952357,0.0001,0.0001,2024-07-04T08:00:00+00:00,316.0,-18.625175449195236,0.22316454952624462,OPEN,False,False,False,
2024-07-04T02:45:00+00:00,ETHUSDT,LONG_SPOT_SHORT_PERP,3226.01,3224.7,-4.060743767069538,0.0001,0.0001,2024-07-04T08:00:00+00:00,315.0,-19.06074376706954,0.22030406624421234,OPEN,False,False,False,
2024-07-04T02:46:00+00:00,ETHUSDT,LONG_SPOT_SHORT_PERP,3229.0,3227.61,-4.304738309073622,0.0001,0.0001,2024-07-04T08:00:00+00:00,314.0,-19.30473830907362,0.21874650151479005,OPEN,False,False,False,
2024-07-04T02:47:00+00:00,ETHUSDT,LONG_SPOT_SHORT_PERP,3222.0,3221.17,-2.57603972687749,0.0001,0.0001,2024-07-04T08:00:00+00:00,313.0,-17.57603972687749,0.230491240430988,OPEN,False,False,False,
2024-07-04T02:48:00+00:00,ETHUSDT,LONG_SPOT_SHORT_PERP,3227.19,3226.32,-2.695843752614165,0.0001,0.0001,2024-07-04T08:00:00+00:00,312.0,-17.695843752614167,0.22962246846170242,OPEN,False,False,False,
2024-07-04T02:49:00+00:00,ETHUSDT,LONG_SPOT_SHORT_PERP,3224.81,3223.65,-3.597111147633053,0.0001,0.0001,2024-07-04T08:00:00+00:00,311.0,-18.597111147633054,0.22335242477015405,OPEN,False,False,False,
2024-07-04T02:50:00+00:00,ETHUSDT,LONG_SPOT_SHORT_PERP,3228.59,3227.83,-2.3539687603573642,0.0001,0.0001,2024-07-04T08:00:00+00:00,310.0,-17.353968760357365,0.23212408053806655,OPEN,False,False,False,
2024-07-04T02:51:00+00:00,ETHUSDT,LONG_SPOT_SHORT_PERP,3224.93,3223.99,-2.914791948972705,0.0001,0.0001,2024-07-04T08:00:00+00:00,309.0,-17.914791948972706,0.22805644630044314,OPEN,False,False,False,
2024-07-04T02:52:00+00:00,ETHUSDT,LONG_SPOT_SHORT_PERP,3227.19,3226.28,-2.8197905918147197,0.0001,0.0001,2024-07-04T08:00:00+00:00,308.0,-17.81979059181472,0.2287325125326683,OPEN,False,False,False,
2024-07-04T02:53:00+00:00,ETHUSDT,LONG_SPOT_SHORT_PERP,3227.77,3226.83,-2.912227327226087,0.0001,0.0001,2024-07-04T08:00:00+00:00,307.0,-17.912227327226088,0.22807462840608284,OPEN,False,False,False,
2024-07-04T02:54:00+00:00,ETHUSDT,LONG_SPOT_SHORT_PERP,3227.98,3227.28,-2.1685388385300346,0.0001,0.0001,2024-07-04T08:00:00+00:00,306.0,-17.168538838530033,0.23351010413944287,OPEN,False,False,False,
2024-07-04T02:55:00+00:00,ETHUSDT,LONG_SPOT_SHORT_PERP,3229.38,3228.85,-1.6411818986932478,0.0001,0.0001,2024-07-04T08:00:00+00:00,305.0,-16.641181898693247,0.23756638979956812,OPEN,False,False,False,
2024-07-04T02:56:00+00:00,ETHUSDT,LONG_SPOT_SHORT_PERP,3232.79,3231.65,-3.526365770742525,0.0001,0.0001,2024-07-04T08:00:00+00:00,304.0,-18.526365770742526,0.22382796660151832,OPEN,False,False,False,
2024-07-04T02:57:00+00:00,ETHUSDT,LONG_SPOT_SHORT_PERP,3227.82,3227.03,-2.4474722877978436,0.0001,0.0001,2024-07-04T08:00:00+00:00,303.0,-17.447472287797844,0.2314329938858682,OPEN,False,False,False,
2024-07-04T02:58:00+00:00,ETHUSDT,LONG_SPOT_SHORT_PERP,3229.29,3228.41,-2.7250572107184836,0.0001,0.0001,2024-07-04T08:00:00+00:00,302.0,-17.725057210718482,0.22941190269325956,OPEN,False,False,False,
2024-07-04T02:59:00+00:00,ETHUSDT,LONG_SPOT_SHORT_PERP,3228.46,3227.43,-3.1903755970344996,0.0001,0.0001,2024-07-04T08:00:00+00:00,301.0,-18.1903755970345,0.2261247280457958,OPEN,False,False,False,
2024-07-04T03:00:00+00:00,ETHUSDT,LONG_SPOT_SHORT_PERP,3228.72,3228.34,-1.1769369905091007,0.0001,0.0001,2024-07-04T08:00:00+00:00,300.0,-16.176936990509102,0.24128060279523683,OPEN,False,False,False,
2024-07-04T03:01:00+00:00,ETHUSDT,LONG_SPOT_SHORT_PERP,3232.57,3231.36,-3.743151733759938,0.0001,0.0001,2024-07-04T08:00:00+00:00,299.0,-18.743151733759937,0.2223795220146004,OPEN,False,False,False,
2024-07-04T03:02:00+00:00,ETHUSDT,LONG_SPOT_SHORT_PERP,3233.31,3232.62,-2.1340360188167993,0.0001,0.0001,2024-07-04T08:00:00+00:00,298.0,-17.1340360188168,0.23377028965188493,OPEN,False,False,False,
2024-07-04T03:03:00+00:00,ETHUSDT,LONG_SPOT_SHORT_PERP,3233.07,3232.33,-2.288846205000932,0.0001,0.0001,2024-07-04T08:00:00+00:00,297.0,-17.288846205000933,0.23260849254856736,OPEN,False,False,False,
2024-07-04T03:04:00+00:00,ETHUSDT,LONG_SPOT_SHORT_PERP,3234.32,3233.52,-2.473472012664739,0.0001,0.0001,2024-07-04T08:00:00+00:00,296.0,-17.47347201266474,0.23124175528379323,OPEN,False,False,False,
2024-07-04T03:05:00+00:00,ETHUSDT,LONG_SPOT_SHORT_PERP,3232.78,3232.01,-2.381850914692561,0.0001,0.0001,2024-07-04T08:00:00+00:00,295.0,-17.38185091469256,0.2319174566623648,OPEN,False,False,False,
2024-07-04T03:06:00+00:00,ETHUSDT,LONG_SPOT_SHORT_PERP,3232.61,3231.96,-2.0107591079656717,0.0001,0.0001,2024-07-04T08:00:00+00:00,294.0,-17.010759107965672,0.23470582653793956,OPEN,False,False,False,
2024-07-04T03:07:00+00:00,ETHUSDT,LONG_SPOT_SHORT_PERP,3232.42,3231.5,-2.8461647929417366,0.0001,0.0001,2024-07-04T08:00:00+00:00,293.0,-17.846164792941735,0.2285442981057515,OPEN,False,False,False,
2024-07-04T03:08:00+00:00,ETHUSDT,LONG_SPOT_SHORT_PERP,3234.07,3233.07,-3.092079021171465,0.0001,0.0001,2024-07-04T08:00:00+00:00,292.0,-18.092079021171465,0.2268087473863184,OPEN,False,False,False,
2024-07-04T03:09:00+00:00,ETHUSDT,LONG_SPOT_SHORT_PERP,3232.66,3231.8,-2.660347825009969,0.0001,0.0001,2024-07-04T08:00:00+00:00,291.0,-17.660347825009968,0.22987899082080893,OPEN,False,False,False,
2024-07-04T03:10:00+00:00,ETHUSDT,LONG_SPOT_SHORT_PERP,3231.69,3230.51,-3.651340320389135,0.0001,0.0001,2024-07-04T08:00:00+00:00,290.0,-18.651340320389135,0.22298978267208155,OPEN,False,False,False,
2024-07-04T03:11:00+00:00,ETHUSDT,LONG_SPOT_SHORT_PERP,3232.36,3231.37,-3.062777660904839,0.0001,0.0001,2024-07-04T08:00:00+00:00,289.0,-18.06277766090484,0.2270137161837625,OPEN,False,False,False,
2024-07-04T03:12:00+00:00,ETHUSDT,LONG_SPOT_SHORT_PERP,3231.0,3230.01,-3.0640668523670125,0.0001,0.0001,2024-07-04T08:00:00+00:00,288.0,-18.064066852367013,0.22700468768711332,OPEN,False,False,False,
2024-07-04T03:13:00+00:00,ETHUSDT,LONG_SPOT_SHORT_PERP,3230.0,3229.07,-2.8792569659437657,0.0001,0.0001,2024-07-04T08:00:00+00:00,287.0,-17.879256965943767,0.22830871386758683,OPEN,False,False,False,
2024-07-04T03:14:00+00:00,ETHUSDT,LONG_SPOT_SHORT_PERP,3228.28,3227.47,-2.50907604049339,0.0001,0.0001,2024-07-04T08:00:00+00:00,286.0,-17.50907604049339,0.230980524748547,OPEN,False,False,False,
2024-07-04T03:15:00+00:00,ETHUSDT,LONG_SPOT_SHORT_PERP,3227.23,3226.51,-2.231015452880024,0.0001,0.0001,2024-07-04T08:00:00+00:00,285.0,-17.231015452880023,0.2330408005333747,OPEN,False,False,False,
2024-07-04T03:16:00+00:00,ETHUSDT,LONG_SPOT_SHORT_PERP,3227.24,3226.25,-3.067636742231076,0.0001,0.0001,2024-07-04T08:00:00+00:00,284.0,-18.067636742231077,0.2269796919215684,OPEN,False,False,False,
2024-07-04T03:17:00+00:00,ETHUSDT,LONG_SPOT_SHORT_PERP,3225.97,3224.67,-4.029795689357703,0.0001,0.0001,2024-07-04T08:00:00+00:00,283.0,-19.029795689357705,0.2205039057482491,OPEN,False,False,False,
2024-07-04T03:18:00+00:00,ETHUSDT,LONG_SPOT_SHORT_PERP,3224.8,3224.0,-2.4807740014890283,0.0001,0.0001,2024-07-04T08:00:00+00:00,282.0,-17.480774001489028,0.23118811845760803,OPEN,False,False,False,
2024-07-04T03:19:00+00:00,ETHUSDT,LONG_SPOT_SHORT_PERP,3224.23,3223.17,-3.2876066533713337,0.0001,0.0001,2024-07-04T08:00:00+00:00,281.0,-18.287606653371334,0.22545353155727815,OPEN,False,False,False,
2024-07-04T03:20:00+00:00,ETHUSDT,LONG_SPOT_SHORT_PERP,3223.51,3223.17,-1.0547508771498941,0.0001,0.0001,2024-07-04T08:00:00+00:00,280.0,-16.054750877149893,0.24228093805347461,OPEN,False,False,False,
2024-07-04T03:21:00+00:00,ETHUSDT,LONG_SPOT_SHORT_PERP,3225.16,3224.0,-3.596720782844431,0.0001,0.0001,2024-07-04T08:00:00+00:00,279.0,-18.596720782844432,0.2233550411282822,OPEN,False,False,False,
2024-07-04T03:22:00+00:00,ETHUSDT,LONG_SPOT_SHORT_PERP,3226.66,3225.99,-2.076450571179092,0.0001,0.0001,2024-07-04T08:00:00+00:00,278.0,-17.07645057117909,0.23420614940177925,OPEN,False,False,False,
2024-07-04T03:23:00+00:00,ETHUSDT,LONG_SPOT_SHORT_PERP,3229.41,3228.48,-2.87978299441643,0.0001,0.0001,2024-07-04T08:00:00+00:00,277.0,-17.87978299441643,0.2283049741853973,OPEN,False,False,False,
2024-07-04T03:24:00+00:00,ETHUSDT,LONG_SPOT_SHORT_PERP,3230.0,3229.24,-2.352941176471264,0.0001,0.0001,2024-07-04T08:00:00+00:00,276.0,-17.352941176471266,0.23213170445103884,OPEN,False,False,False,
2024-07-04T03:25:00+00:00,ETHUSDT,LONG_SPOT_SHORT_PERP,3234.07,3233.23,-2.5973463777844805,0.0001,0.0001,2024-07-04T08:00:00+00:00,275.0,-17.59734637778448,0.23033611485477995,OPEN,False,False,False,
2024-07-04T03:26:00+00:00,ETHUSDT,LONG_SPOT_SHORT_PERP,3231.64,3230.72,-2.846851753289577,0.0001,0.0001,2024-07-04T08:00:00+00:00,274.0,-17.846851753289577,0.22853940114931948,OPEN,False,False,False,
2024-07-04T03:27:00+00:00,ETHUSDT,LONG_SPOT_SHORT_PERP,3233.01,3231.89,-3.4642639521694814,0.0001,0.0001,2024-07-04T08:00:00+00:00,273.0,-18.464263952169482,0.22424770489295542,OPEN,False,False,False,
2024-07-04T03:28:00+00:00,ETHUSDT,LONG_SPOT_SHORT_PERP,3229.4,3228.43,-3.0036539295233005,0.0001,0.0001,2024-07-04T08:00:00+00:00,272.0,-18.0036539295233,0.22742879827211213,OPEN,False,False,False,
2024-07-04T03:29:00+00:00,ETHUSDT,LONG_SPOT_SHORT_PERP,3229.84,3228.91,-2.8793995987426344,0.0001,0.0001,2024-07-04T08:00:00+00:00,271.0,-17.879399598742634,0.22830769983563515,OPEN,False,False,False,
2024-07-04T03:30:00+00:00,ETHUSDT,LONG_SPOT_SHORT_PERP,3230.39,3229.26,-3.498029649669713,0.0001,0.0001,2024-07-04T08:00:00+00:00,270.0,-18.498029649669714,0.22401921984176337,OPEN,False,False,False,
2024-07-04T03:31:00+00:00,ETHUSDT,LONG_SPOT_SHORT_PERP,3232.38,3231.35,-3.186506536979563,0.0001,0.0001,2024-07-04T08:00:00+00:00,269.0,-18.186506536979564,0.22615154764206596,OPEN,False,False,False,
2024-07-04T03:32:00+00:00,ETHUSDT,LONG_SPOT_SHORT_PERP,3232.01,3230.98,-3.186871327750224,0.0001,0.0001,2024-07-04T08:00:00+00:00,268.0,-18.186871327750225,0.22614901861739087,OPEN,False,False,False,
2024-07-04T03:33:00+00:00,ETHUSDT,LONG_SPOT_SHORT_PERP,3236.01,3234.85,-3.584661357660542,0.0001,0.0001,2024-07-04T08:00:00+00:00,267.0,-18.584661357660544,0.2234359091547521,OPEN,False,False,False,
2024-07-04T03:34:00+00:00,ETHUSDT,LONG_SPOT_SHORT_PERP,3235.18,3233.99,-3.678311562262547,0.0001,0.0001,2024-07-04T08:00:00+00:00,266.0,-18.678311562262547,0.22281002570302094,OPEN,False,False,False,
2024-07-04T03:35:00+00:00,ETHUSDT,LONG_SPOT_SHORT_PERP,3236.99,3235.81,-3.6453618948462503,0.0001,0.0001,2024-07-04T08:00:00+00:00,265.0,-18.64536189484625,0.22302968187540345,OPEN,False,False,False,
2024-07-04T03:36:00+00:00,ETHUSDT,LONG_SPOT_SHORT_PERP,3236.91,3235.55,-4.20153788644007,0.0001,0.0001,2024-07-04T08:00:00+00:00,264.0,-19.20153788644007,0.21940141481126796,OPEN,False,False,False,
2024-07-04T03:37:00+00:00,ETHUSDT,LONG_SPOT_SHORT_PERP,3237.47,3236.5,-2.9961667598458055,0.0001,0.0001,2024-07-04T08:00:00+00:00,263.0,-17.996166759845806,0.2274815058119678,OPEN,False,False,False,
2024-07-04T03:38:00+00:00,ETHUSDT,LONG_SPOT_SHORT_PERP,3238.4,3237.31,-3.3658596837949157,0.0001,0.0001,2024-07-04T08:00:00+00:00,262.0,-18.365859683794916,0.22491722666283312,OPEN,False,False,False,
2024-07-04T03:39:00+00:00,ETHUSDT,LONG_SPOT_SHORT_PERP,3238.19,3236.99,-3.7057739045586358,0.0001,0.0001,2024-07-04T08:00:00+00:00,261.0,-18.705773904558637,0.2226274080073305,OPEN,False,False,False,
2024-07-04T03:40:00+00:00,ETHUSDT,LONG_SPOT_SHORT_PERP,3238.02,3237.26,-2.3471133593979148,0.0001,0.0001,2024-07-04T08:00:00+00:00,260.0,-17.347113359397916,0.23217495450475162,OPEN,False,False,False,
2024-07-04T03:41:00+00:00,ETHUSDT,LONG_SPOT_SHORT_PERP,3237.03,3235.97,-3.274606661045465,0.0001,0.0001,2024-07-04T08:00:00+00:00,259.0,-18.274606661045464,0.2255429615910174,OPEN,False,False,False,
2024-07-04T03:42:00+00:00,ETHUSDT,LONG_SPOT_SHORT_PERP,3238.45,3237.23,-3.767234325062298,0.0001,0.0001,2024-07-04T08:00:00+00:00,258.0,-18.767234325062297,0.2222202153995704,OPEN,False,False,False,
2024-07-04T03:43:00+00:00,ETHUSDT,LONG_SPOT_SHORT_PERP,3236.99,3235.6,-4.294112740539429,0.0001,0.0001,2024-07-04T08:00:00+00:00,257.0,-19.29411274053943,0.2188136705699691,OPEN,False,False,False,
2024-07-04T03:44:00+00:00,ETHUSDT,LONG_SPOT_SHORT_PERP,3237.15,3235.67,-4.571922833356558,0.0001,0.0001,2024-07-04T08:00:00+00:00,256.0,-19.57192283335656,0.2170770528167026,OPEN,False,False,False,
2024-07-04T03:45:00+00:00,ETHUSDT,LONG_SPOT_SHORT_PERP,3235.39,3234.31,-3.33808288954323,0.0001,0.0001,2024-07-04T08:00:00+00:00,255.0,-18.33808288954323,0.22510719876108182,OPEN,False,False,False,
2024-07-04T03:46:00+00:00,ETHUSDT,LONG_SPOT_SHORT_PERP,3235.88,3234.79,-3.3684809078215063,0.0001,0.0001,2024-07-04T08:00:00+00:00,254.0,-18.368480907821507,0.22489932191926987,OPEN,False,False,False,
2024-07-04T03:47:00+00:00,ETHUSDT,LONG_SPOT_SHORT_PERP,3235.39,3233.99,-4.327144486445501,0.0001,0.0001,2024-07-04T08:00:00+00:00,253.0,-19.3271444864455,0.2186050578212705,OPEN,False,False,False,
2024-07-04T03:48:00+00:00,ETHUSDT,LONG_SPOT_SHORT_PERP,3236.2,3234.94,-3.8934552870643455,0.0001,0.0001,2024-07-04T08:00:00+00:00,252.0,-18.893455287064345,0.22139045425726345,OPEN,False,False,False,
2024-07-04T03:49:00+00:00,ETHUSDT,LONG_SPOT_SHORT_PERP,3237.13,3235.81,-4.077686098488981,0.0001,0.0001,2024-07-04T08:00:00+00:00,251.0,-19.077686098488982,0.2201948837714811,OPEN,False,False,False,
2024-07-04T03:50:00+00:00,ETHUSDT,LONG_SPOT_SHORT_PERP,3236.87,3235.66,-3.738179166911357,0.0001,0.0001,2024-07-04T08:00:00+00:00,250.0,-18.738179166911358,0.22241245527235542,OPEN,False,False,False,
2024-07-04T03:51:00+00:00,ETHUSDT,LONG_SPOT_SHORT_PERP,3237.12,3235.98,-3.5216488730719675,0.0001,0.0001,2024-07-04T08:00:00+00:00,249.0,-18.521648873071968,0.2238597720160338,OPEN,False,False,False,
2024-07-04T03:52:00+00:00,ETHUSDT,LONG_SPOT_SHORT_PERP,3236.75,3235.38,-4.232640766200327,0.0001,0.0001,2024-07-04T08:00:00+00:00,248.0,-19.232640766200326,0.21920343875154613,OPEN,False,False,False,
2024-07-04T03:53:00+00:00,ETHUSDT,LONG_SPOT_SHORT_PERP,3240.47,3239.2,-3.919184562733128,0.0001,0.0001,2024-07-04T08:00:00+00:00,247.0,-18.91918456273313,0.2212223790488167,OPEN,False,False,False,
2024-07-04T03:54:00+00:00,ETHUSDT,LONG_SPOT_SHORT_PERP,3241.51,3240.36,-3.5477292989998204,0.0001,0.0001,2024-07-04T08:00:00+00:00,246.0,-18.54772929899982,0.2236840702978711,OPEN,False,False,False,
2024-07-04T03:55:00+00:00,ETHUSDT,LONG_SPOT_SHORT_PERP,3242.24,3240.85,-4.287159494669959,0.0001,0.0001,2024-07-04T08:00:00+00:00,245.0,-19.287159494669957,0.21885765759203102,OPEN,False,False,False,
2024-07-04T03:56:00+00:00,ETHUSDT,LONG_SPOT_SHORT_PERP,3243.0,3241.95,-3.2377428307128646,0.0001,0.0001,2024-07-04T08:00:00+00:00,244.0,-18.237742830712865,0.2257970770466574,OPEN,False,False,False,
2024-07-04T03:57:00+00:00,ETHUSDT,LONG_SPOT_SHORT_PERP,3243.79,3242.58,-3.730204483027682,0.0001,0.0001,2024-07-04T08:00:00+00:00,243.0,-18.73020448302768,0.22246529989289754,OPEN,False,False,False,
2024-07-04T03:58:00+00:00,ETHUSDT,LONG_SPOT_SHORT_PERP,3242.79,3241.41,-4.255594719362367,0.0001,0.0001,2024-07-04T08:00:00+00:00,242.0,-19.255594719362367,0.21905766247092345,OPEN,False,False,False,
2024-07-04T03:59:00+00:00,ETHUSDT,LONG_SPOT_SHORT_PERP,3243.2,3241.92,-3.9467192895897427,0.0001,0.0001,2024-07-04T08:00:00+00:00,241.0,-18.946719289589744,0.2210429081296279,OPEN,False,False,False,
2024-07-04T04:00:00+00:00,ETHUSDT,LONG_SPOT_SHORT_PERP,3242.29,3241.0,-3.9786693972468954,0.0001,0.0001,2024-07-04T08:00:00+00:00,240.0,-18.978669397246897,0.22083517303726644,OPEN,False,False,False,
2024-07-04T04:01:00+00:00,ETHUSDT,LONG_SPOT_SHORT_PERP,3244.27,3242.93,-4.130359063826826,0.0001,0.0001,2024-07-04T08:00:00+00:00,239.0,-19.130359063826827,0.21985642516552895,OPEN,False,False,False,
2024-07-04T04:02:00+00:00,ETHUSDT,LONG_SPOT_SHORT_PERP,3241.93,3240.59,-4.133340325052333,0.0001,0.0001,2024-07-04T08:00:00+00:00,238.0,-19.133340325052334,0.21983731308780563,OPEN,False,False,False,
2024-07-04T04:03:00+00:00,ETHUSDT,LONG_SPOT_SHORT_PERP,3241.21,3239.98,-3.794879072938866,0.0001,0.0001,2024-07-04T08:00:00+00:00,237.0,-18.794879072938866,0.2220377372542478,OPEN,False,False,False,
2024-07-04T04:04:00+00:00,ETHUSDT,LONG_SPOT_SHORT_PERP,3242.27,3241.16,-3.423527343497387,0.0001,0.0001,2024-07-04T08:00:00+00:00,236.0,-18.423527343497387,0.22452420933183054,OPEN,False,False,False,
2024-07-04T04:05:00+00:00,ETHUSDT,LONG_SPOT_SHORT_PERP,3240.58,3239.01,-4.8448117312324,0.0001,0.0001,2024-07-04T08:00:00+00:00,235.0,-19.8448117312324,0.2154102996643283,OPEN,False,False,False,
2024-07-04T04:06:00+00:00,ETHUSDT,LONG_SPOT_SHORT_PERP,3241.19,3239.87,-4.072578281434176,0.0001,0.0001,2024-07-04T08:00:00+00:00,234.0,-19.072578281434176,0.22022778412342456,OPEN,False,False,False,
2024-07-04T04:07:00+00:00,ETHUSDT,LONG_SPOT_SHORT_PERP,3242.66,3241.55,-3.423115590285977,0.0001,0.0001,2024-07-04T08:00:00+00:00,233.0,-18.423115590285978,0.22452700890010913,OPEN,False,False,False,
2024-07-04T04:08:00+00:00,ETHUSDT,LONG_SPOT_SHORT_PERP,3244.0,3242.68,-4.069050554871035,0.0001,0.0001,2024-07-04T08:00:00+00:00,232.0,-19.069050554871033,0.22025051502478885,OPEN,False,False,False,
2024-07-04T04:09:00+00:00,ETHUSDT,LONG_SPOT_SHORT_PERP,3243.6,3242.25,-4.16204217536043,0.0001,0.0001,2024-07-04T08:00:00+00:00,231.0,-19.16204217536043,0.2196535565316217,OPEN,False,False,False,
2024-07-04T04:10:00+00:00,ETHUSDT,LONG_SPOT_SHORT_PERP,3242.96,3241.88,-3.330290845400274,0.0001,0.0001,2024-07-04T08:00:00+00:00,230.0,-18.330290845400274,0.22516056848669466,OPEN,False,False,False,
2024-07-04T04:11:00+00:00,ETHUSDT,LONG_SPOT_SHORT_PERP,3241.88,3240.73,-3.547324392019726,0.0001,0.0001,2024-07-04T08:00:00+00:00,229.0,-18.547324392019725,0.2236867952301401,OPEN,False,False,False,
2024-07-04T04:12:00+00:00,ETHUSDT,LONG_SPOT_SHORT_PERP,3244.99,3243.89,-3.389840954825467,0.0001,0.0001,2024-07-04T08:00:00+00:00,228.0,-18.389840954825466,0.22475356230893337,OPEN,False,False,False,
2024-07-04T04:13:00+00:00,ETHUSDT,LONG_SPOT_SHORT_PERP,3246.0,3245.0,-3.0807147258163896,0.0001,0.0001,2024-07-04T08:00:00+00:00,227.0,-18.08071472581639,0.22688818448537063,OPEN,False,False,False,
2024-07-04T04:14:00+00:00,ETHUSDT,LONG_SPOT_SHORT_PERP,3245.99,3244.99,-3.0807242166488495,0.0001,0.0001,2024-07-04T08:00:00+00:00,226.0,-18.08072421664885,0.2268881181130306,OPEN,False,False,False,
2024-07-04T04:15:00+00:00,ETHUSDT,LONG_SPOT_SHORT_PERP,3245.01,3243.75,-3.8828847985066863,0.0001,0.0001,2024-07-04T08:00:00+00:00,225.0,-18.882884798506687,0.22145960979839968,OPEN,False,False,False,
2024-07-04T04:16:00+00:00,ETHUSDT,LONG_SPOT_SHORT_PERP,3244.95,3243.76,-3.667236783308217,0.0001,0.0001,2024-07-04T08:00:00+00:00,224.0,-18.667236783308216,0.22288378789304814,OPEN,False,False,False,
2024-07-04T04:17:00+00:00,ETHUSDT,LONG_SPOT_SHORT_PERP,3245.38,3244.48,-2.7731729412275015,0.0001,0.0001,2024-07-04T08:00:00+00:00,223.0,-17.7731729412275,0.22906618113930638,OPEN,False,False,False,
2024-07-04T04:18:00+00:00,ETHUSDT,LONG_SPOT_SHORT_PERP,3244.55,3243.57,-3.02044967715097,0.0001,0.0001,2024-07-04T08:00:00+00:00,222.0,-18.02044967715097,0.22731067834237076,OPEN,False,False,False,
2024-07-04T04:19:00+00:00,ETHUSDT,LONG_SPOT_SHORT_PERP,3241.36,3240.4,-2.9617197719476898,0.0001,0.0001,2024-07-04T08:00:00+00:00,221.0,-17.96171977194769,0.22772441889365372,OPEN,False,False,False,
2024-07-04T04:20:00+00:00,ETHUSDT,LONG_SPOT_SHORT_PERP,3239.78,3238.82,-2.9631641654681378,0.0001,0.0001,2024-07-04T08:00:00+00:00,220.0,-17.963164165468136,0.22771421958431576,OPEN,False,False,False,
2024-07-04T04:21:00+00:00,ETHUSDT,LONG_SPOT_SHORT_PERP,3238.2,3237.43,-2.3778642455684698,0.0001,0.0001,2024-07-04T08:00:00+00:00,219.0,-17.37786424556847,0.2319469718470471,OPEN,False,False,False,
2024-07-04T04:22:00+00:00,ETHUSDT,LONG_SPOT_SHORT_PERP,3235.14,3234.11,-3.1837880277198063,0.0001,0.0001,2024-07-04T08:00:00+00:00,218.0,-18.183788027719807,0.22617039693213142,OPEN,False,False,False,
2024-07-04T04:23:00+00:00,ETHUSDT,LONG_SPOT_SHORT_PERP,3234.9,3234.13,-2.3802899625953873,0.0001,0.0001,2024-07-04T08:00:00+00:00,217.0,-17.380289962595388,0.23192901199274535,OPEN,False,False,False,
2024-07-04T04:24:00+00:00,ETHUSDT,LONG_SPOT_SHORT_PERP,3232.65,3231.65,-3.0934372728257,0.0001,0.0001,2024-07-04T08:00:00+00:00,216.0,-18.0934372728257,0.22679925807340495,OPEN,False,False,False,
2024-07-04T04:25:00+00:00,ETHUSDT,LONG_SPOT_SHORT_PERP,3231.94,3230.7,-3.8367048893241718,0.0001,0.0001,2024-07-04T08:00:00+00:00,215.0,-18.83670488932417,0.22176244763994724,OPEN,False,False,False,
2024-07-04T04:26:00+00:00,ETHUSDT,LONG_SPOT_SHORT_PERP,3230.81,3229.83,-3.033295056038635,0.0001,0.0001,2024-07-04T08:00:00+00:00,214.0,-18.033295056038636,0.22722044974754613,OPEN,False,False,False,
2024-07-04T04:27:00+00:00,ETHUSDT,LONG_SPOT_SHORT_PERP,3233.33,3232.12,-3.742271899249493,0.0001,0.0001,2024-07-04T08:00:00+00:00,213.0,-18.742271899249495,0.22238534815999098,OPEN,False,False,False,
2024-07-04T04:28:00+00:00,ETHUSDT,LONG_SPOT_SHORT_PERP,3233.98,3232.8,-3.648754785124943,0.0001,0.0001,2024-07-04T08:00:00+00:00,212.0,-18.648754785124943,0.2230070357602601,OPEN,False,False,False,
2024-07-04T04:29:00+00:00,ETHUSDT,LONG_SPOT_SHORT_PERP,3230.54,3229.72,-2.5382753347742595,0.0001,0.0001,2024-07-04T08:00:00+00:00,211.0,-17.53827533477426,0.23076684758556118,OPEN,False,False,False,
2024-07-04T04:30:00+00:00,ETHUSDT,LONG_SPOT_SHORT_PERP,3229.15,3228.43,-2.2296889274275107,0.0001,0.0001,2024-07-04T08:00:00+00:00,210.0,-17.22968892742751,0.23305074047026,OPEN,False,False,False,
2024-07-04T04:31:00+00:00,ETHUSDT,LONG_SPOT_SHORT_PERP,3232.8,3231.88,-2.845830240039819,0.0001,0.0001,2024-07-04T08:00:00+00:00,209.0,-17.84583024003982,0.22854668304573225,OPEN,False,False,False,
2024-07-04T04:32:00+00:00,ETHUSDT,LONG_SPOT_SHORT_PERP,3231.3,3230.76,-1.67115402469583,0.0001,0.0001,2024-07-04T08:00:00+00:00,208.0,-16.67115402469583,0.23733125259797966,OPEN,False,False,False,
2024-07-04T04:33:00+00:00,ETHUSDT,LONG_SPOT_SHORT_PERP,3232.9,3231.88,-3.155062018620996,0.0001,0.0001,2024-07-04T08:00:00+00:00,207.0,-18.155062018620995,0.22636983125855947,OPEN,False,False,False,
2024-07-04T04:34:00+00:00,ETHUSDT,LONG_SPOT_SHORT_PERP,3235.32,3234.75,-1.7618040873859886,0.0001,0.0001,2024-07-04T08:00:00+00:00,206.0,-16.76180408738599,0.23662348494016866,OPEN,False,False,False,
2024-07-04T04:35:00+00:00,ETHUSDT,LONG_SPOT_SHORT_PERP,3233.2,3232.36,-2.5980452802167844,0.0001,0.0001,2024-07-04T08:00:00+00:00,205.0,-17.598045280216784,0.23033103095182234,OPEN,False,False,False,
2024-07-04T04:36:00+00:00,ETHUSDT,LONG_SPOT_SHORT_PERP,3233.21,3232.1,-3.4331206448084943,0.0001,0.0001,2024-07-04T08:00:00+00:00,204.0,-18.433120644808493,0.2244590100226748,OPEN,False,False,False,
2024-07-04T04:37:00+00:00,ETHUSDT,LONG_SPOT_SHORT_PERP,3233.06,3232.35,-2.1960619351327733,0.0001,0.0001,2024-07-04T08:00:00+00:00,203.0,-17.196061935132775,0.2333030692211271,OPEN,False,False,False,
2024-07-04T04:38:00+00:00,ETHUSDT,LONG_SPOT_SHORT_PERP,3235.23,3234.35,-2.720053906523212,0.0001,0.0001,2024-07-04T08:00:00+00:00,202.0,-17.720053906523212,0.22944793020145093,OPEN,False,False,False,
2024-07-04T04:39:00+00:00,ETHUSDT,LONG_SPOT_SHORT_PERP,3235.78,3234.77,-3.121349411888998,0.0001,0.0001,2024-07-04T08:00:00+00:00,201.0,-18.121349411889,0.2266044859027693,OPEN,False,False,False,
2024-07-04T04:40:00+00:00,ETHUSDT,LONG_SPOT_SHORT_PERP,3232.09,3231.07,-3.155852714497374,0.0001,0.0001,2024-07-04T08:00:00+00:00,200.0,-18.155852714497374,0.22636433544878648,OPEN,False,False,False,
2024-07-04T04:41:00+00:00,ETHUSDT,LONG_SPOT_SHORT_PERP,3231.38,3230.55,-2.5685620385096373,0.0001,0.0001,2024-07-04T08:00:00+00:00,199.0,-17.568562038509636,0.23054574617190282,OPEN,False,False,False,
2024-07-04T04:42:00+00:00,ETHUSDT,LONG_SPOT_SHORT_PERP,3232.17,3231.09,-3.34140840364191,0.0001,0.0001,2024-07-04T08:00:00+00:00,198.0,-18.34140840364191,0.22508443187640667,OPEN,False,False,False,
2024-07-04T04:43:00+00:00,ETHUSDT,LONG_SPOT_SHORT_PERP,3231.66,3230.4,-3.8989250106748967,0.0001,0.0001,2024-07-04T08:00:00+00:00,197.0,-18.898925010674898,0.22135469343440842,OPEN,False,False,False,
2024-07-04T04:44:00+00:00,ETHUSDT,LONG_SPOT_SHORT_PERP,3233.7,3232.84,-2.659492222530453,0.0001,0.0001,2024-07-04T08:00:00+00:00,196.0,-17.659492222530453,0.2298851832312844,OPEN,False,False,False,
2024-07-04T04:45:00+00:00,ETHUSDT,LONG_SPOT_SHORT_PERP,3234.39,3233.5,-2.75167805985015,0.0001,0.0001,2024-07-04T08:00:00+00:00,195.0,-17.75167805985015,0.22922045910641536,OPEN,False,False,False,
2024-07-04T04:46:00+00:00,ETHUSDT,LONG_SPOT_SHORT_PERP,3233.59,3232.94,-2.0101497097655887,0.0001,0.0001,2024-07-04T08:00:00+00:00,194.0,-17.01014970976559,0.23471047419985136,OPEN,False,False,False,
2024-07-04T04:47:00+00:00,ETHUSDT,LONG_SPOT_SHORT_PERP,3232.96,3232.27,-2.1342670493914384,0.0001,0.0001,2024-07-04T08:00:00+00:00,193.0,-17.13426704939144,0.23376854505332598,OPEN,False,False,False,
2024-07-04T04:48:00+00:00,ETHUSDT,LONG_SPOT_SHORT_PERP,3235.42,3234.07,-4.1725649220191166,0.0001,0.0001,2024-07-04T08:00:00+00:00,192.0,-19.172564922019117,0.21958629761106468,OPEN,False,False,False,
2024-07-04T04:49:00+00:00,ETHUSDT,LONG_SPOT_SHORT_PERP,3234.02,3233.26,-2.35001638827145,0.0001,0.0001,2024-07-04T08:00:00+00:00,191.0,-17.35001638827145,0.2321534076776766,OPEN,False,False,False,
2024-07-04T04:50:00+00:00,ETHUSDT,LONG_SPOT_SHORT_PERP,3236.59,3235.75,-2.595324091096325,0.0001,0.0001,2024-07-04T08:00:00+00:00,190.0,-17.595324091096323,0.23035082684215663,OPEN,False,False,False,
2024-07-04T04:51:00+00:00,ETHUSDT,LONG_SPOT_SHORT_PERP,3236.33,3234.81,-4.696678027271576,0.0001,0.0001,2024-07-04T08:00:00+00:00,189.0,-19.696678027271574,0.2163103066569974,OPEN,False,False,False,
2024-07-04T04:52:00+00:00,ETHUSDT,LONG_SPOT_SHORT_PERP,3236.17,3235.2,-2.997370348282861,0.0001,0.0001,2024-07-04T08:00:00+00:00,188.0,-17.99737034828286,0.22747303071554503,OPEN,False,False,False,
2024-07-04T04:53:00+00:00,ETHUSDT,LONG_SPOT_SHORT_PERP,3236.99,3236.0,-3.0583968439809257,0.0001,0.0001,2024-07-04T08:00:00+00:00,187.0,-18.058396843980926,0.22704440314865929,OPEN,False,False,False,
2024-07-04T04:54:00+00:00,ETHUSDT,LONG_SPOT_SHORT_PERP,3236.88,3235.96,-2.842243147722723,0.0001,0.0001,2024-07-04T08:00:00+00:00,186.0,-17.842243147722723,0.22857225857474467,OPEN,False,False,False,
2024-07-04T04:55:00+00:00,ETHUSDT,LONG_SPOT_SHORT_PERP,3237.4,3236.49,-2.810897633904705,0.0001,0.0001,2024-07-04T08:00:00+00:00,185.0,-17.810897633904705,0.2287960666630275,OPEN,False,False,False,
2024-07-04T04:56:00+00:00,ETHUSDT,LONG_SPOT_SHORT_PERP,3239.86,3238.94,-2.839628872852755,0.0001,0.0001,2024-07-04T08:00:00+00:00,184.0,-17.839628872852757,0.228590902746083,OPEN,False,False,False,
2024-07-04T04:57:00+00:00,ETHUSDT,LONG_SPOT_SHORT_PERP,3239.02,3237.93,-3.365215404659883,0.0001,0.0001,2024-07-04T08:00:00+00:00,183.0,-18.36521540465988,0.22492162811961613,OPEN,False,False,False,
2024-07-04T04:58:00+00:00,ETHUSDT,LONG_SPOT_SHORT_PERP,3238.0,3236.6,-4.323656578134932,0.0001,0.0001,2024-07-04T08:00:00+00:00,182.0,-19.32365657813493,0.21862705851512185,OPEN,False,False,False,
2024-07-04T04:59:00+00:00,ETHUSDT,LONG_SPOT_SHORT_PERP,3236.38,3235.33,-3.2443656183766487,0.0001,0.0001,2024-07-04T08:00:00+00:00,181.0,-18.244365618376648,0.22575136706922316,OPEN,False,False,False,
2024-07-04T05:00:00+00:00,ETHUSDT,LONG_SPOT_SHORT_PERP,3236.73,3235.77,-2.9659563819040713,0.0001,0.0001,2024-07-04T08:00:00+00:00,180.0,-17.96595638190407,0.22769450629313007,OPEN,False,False,False,
2024-07-04T05:01:00+00:00,ETHUSDT,LONG_SPOT_SHORT_PERP,3236.11,3235.35,-2.348498660429399,0.0001,0.0001,2024-07-04T08:00:00+00:00,179.0,-17.3484986604294,0.23216467191016305,OPEN,False,False,False,
2024-07-04T05:02:00+00:00,ETHUSDT,LONG_SPOT_SHORT_PERP,3234.8,3233.67,-3.493260788920827,0.0001,0.0001,2024-07-04T08:00:00+00:00,178.0,-18.49326078892083,0.2240514510586628,OPEN,False,False,False,
2024-07-04T05:03:00+00:00,ETHUSDT,LONG_SPOT_SHORT_PERP,3234.0,3232.94,-3.277674706245966,0.0001,0.0001,2024-07-04T08:00:00+00:00,177.0,-18.277674706245968,0.22552184715983564,OPEN,False,False,False,
2024-07-04T05:04:00+00:00,ETHUSDT,LONG_SPOT_SHORT_PERP,3234.48,3233.55,-2.8752689767747404,0.0001,0.0001,2024-07-04T08:00:00+00:00,176.0,-17.87526897677474,0.22833707080820792,OPEN,False,False,False,
2024-07-04T05:05:00+00:00,ETHUSDT,LONG_SPOT_SHORT_PERP,3232.4,3231.24,-3.5886647692126874,0.0001,0.0001,2024-07-04T08:00:00+00:00,175.0,-18.588664769212688,0.22340905415324908,OPEN,False,False,False,
2024-07-04T05:06:00+00:00,ETHUSDT,LONG_SPOT_SHORT_PERP,3232.94,3231.82,-3.4643389608217006,0.0001,0.0001,2024-07-04T08:00:00+00:00,174.0,-18.4643389608217,0.22424719661977455,OPEN,False,False,False,
2024-07-04T05:07:00+00:00,ETHUSDT,LONG_SPOT_SHORT_PERP,3232.21,3231.16,-3.248551300813319,0.0001,0.0001,2024-07-04T08:00:00+00:00,173.0,-18.248551300813318,0.22572249063381936,OPEN,False,False,False,
2024-07-04T05:08:00+00:00,ETHUSDT,LONG_SPOT_SHORT_PERP,3230.0,3229.14,-2.662538699690797,0.0001,0.0001,2024-07-04T08:00:00+00:00,172.0,-17.662538699690796,0.22986313635846906,OPEN,False,False,False,
2024-07-04T05:09:00+00:00,ETHUSDT,LONG_SPOT_SHORT_PERP,3229.61,3228.45,-3.591764949948474,0.0001,0.0001,2024-07-04T08:00:00+00:00,171.0,-18.591764949948473,0.22338826416004987,OPEN,False,False,False,
2024-07-04T05:10:00+00:00,ETHUSDT,LONG_SPOT_SHORT_PERP,3229.99,3229.17,-2.538707550177273,0.0001,0.0001,2024-07-04T08:00:00+00:00,170.0,-17.53870755017727,0.23076368847490983,OPEN,False,False,False,
2024-07-04T05:11:00+00:00,ETHUSDT,LONG_SPOT_SHORT_PERP,3230.01,3228.7,-4.055714997787623,0.0001,0.0001,2024-07-04T08:00:00+00:00,169.0,-19.055714997787625,0.22033650316601727,OPEN,False,False,False,
2024-07-04T05:12:00+00:00,ETHUSDT,LONG_SPOT_SHORT_PERP,3230.99,3229.68,-4.054484848297102,0.0001,0.0001,2024-07-04T08:00:00+00:00,168.0,-19.0544848482971,0.22034444003537054,OPEN,False,False,False,
2024-07-04T05:13:00+00:00,ETHUSDT,LONG_SPOT_SHORT_PERP,3230.21,3229.24,-3.002900740200342,0.0001,0.0001,2024-07-04T08:00:00+00:00,167.0,-18.002900740200342,0.22743409905039313,OPEN,False,False,False,
2024-07-04T05:14:00+00:00,ETHUSDT,LONG_SPOT_SHORT_PERP,3230.49,3229.49,-3.0955056353680095,0.0001,0.0001,2024-07-04T08:00:00+00:00,166.0,-18.09550563536801,0.22678480965774167,OPEN,False,False,False,
2024-07-04T05:15:00+00:00,ETHUSDT,LONG_SPOT_SHORT_PERP,3230.51,3229.47,-3.2193059300247278,0.0001,0.0001,2024-07-04T08:00:00+00:00,165.0,-18.219305930024728,0.2259244582091737,OPEN,False,False,False,
2024-07-04T05:16:00+00:00,ETHUSDT,LONG_SPOT_SHORT_PERP,3231.6,3230.5,-3.4038866196308613,0.0001,0.0001,2024-07-04T08:00:00+00:00,164.0,-18.40388661963086,0.2246578553103465,OPEN,False,False,False,
2024-07-04T05:17:00+00:00,ETHUSDT,LONG_SPOT_SHORT_PERP,3232.17,3231.24,-2.8773239031371833,0.0001,0.0001,2024-07-04T08:00:00+00:00,163.0,-17.87732390313718,0.2283224579252378,OPEN,False,False,False,
2024-07-04T05:18:00+00:00,ETHUSDT,LONG_SPOT_SHORT_PERP,3230.02,3229.08,-2.9101986984602406,0.0001,0.0001,2024-07-04T08:00:00+00:00,162.0,-17.910198698460242,0.22808901324006137,OPEN,False,False,False,
2024-07-04T05:19:00+00:00,ETHUSDT,LONG_SPOT_SHORT_PERP,3230.03,3228.86,-3.6222573784146674,0.0001,0.0001,2024-07-04T08:00:00+00:00,161.0,-18.622257378414666,0.2231840641010068,OPEN,False,False,False,
2024-07-04T05:20:00+00:00,ETHUSDT,LONG_SPOT_SHORT_PERP,3229.79,3228.89,-2.7865588784412947,0.0001,0.0001,2024-07-04T08:00:00+00:00,160.0,-17.786558878441294,0.22897024082825457,OPEN,False,False,False,
2024-07-04T05:21:00+00:00,ETHUSDT,LONG_SPOT_SHORT_PERP,3230.13,3228.58,-4.798568478668604,0.0001,0.0001,2024-07-04T08:00:00+00:00,159.0,-19.798568478668603,0.21569004822332224,OPEN,False,False,False,
2024-07-04T05:22:00+00:00,ETHUSDT,LONG_SPOT_SHORT_PERP,3229.43,3228.51,-2.848799943022818,0.0001,0.0001,2024-07-04T08:00:00+00:00,158.0,-17.84879994302282,0.22852551508496743,OPEN,False,False,False,
2024-07-04T05:23:00+00:00,ETHUSDT,LONG_SPOT_SHORT_PERP,3229.62,3228.23,-4.303911915333298,0.0001,0.0001,2024-07-04T08:00:00+00:00,157.0,-19.3039119153333,0.21875172338066312,OPEN,False,False,False,
2024-07-04T05:24:00+00:00,ETHUSDT,LONG_SPOT_SHORT_PERP,3228.78,3227.62,-3.5926882599629244,0.0001,0.0001,2024-07-04T08:00:00+00:00,156.0,-18.592688259962923,0.22338207341958105,OPEN,False,False,False,
2024-07-04T05:25:00+00:00,ETHUSDT,LONG_SPOT_SHORT_PERP,3230.0,3228.81,-3.684210526315958,0.0001,0.0001,2024-07-04T08:00:00+00:00,155.0,-18.684210526315958,0.2227707640076751,OPEN,False,False,False,
2024-07-04T05:26:00+00:00,ETHUSDT,LONG_SPOT_SHORT_PERP,3230.34,3229.3,-3.219475349343919,0.0001,0.0001,2024-07-04T08:00:00+00:00,154.0,-18.21947534934392,0.22592328680698343,OPEN,False,False,False,
2024-07-04T05:27:00+00:00,ETHUSDT,LONG_SPOT_SHORT_PERP,3231.2,3230.0,-3.7137905422128563,0.0001,0.0001,2024-07-04T08:00:00+00:00,153.0,-18.713790542212855,0.22257417772523685,OPEN,False,False,False,
2024-07-04T05:28:00+00:00,ETHUSDT,LONG_SPOT_SHORT_PERP,3229.81,3228.57,-3.839235125285332,0.0001,0.0001,2024-07-04T08:00:00+00:00,152.0,-18.83923512528533,0.22174582477569726,OPEN,False,False,False,
2024-07-04T05:29:00+00:00,ETHUSDT,LONG_SPOT_SHORT_PERP,3228.15,3227.44,-2.1994021343495076,0.0001,0.0001,2024-07-04T08:00:00+00:00,151.0,-17.19940213434951,0.23327797464544098,OPEN,False,False,False,
2024-07-04T05:30:00+00:00,ETHUSDT,LONG_SPOT_SHORT_PERP,3228.92,3227.87,-3.2518613034704544,0.0001,0.0001,2024-07-04T08:00:00+00:00,150.0,-18.251861303470456,0.22569966242263018,OPEN,False,False,False,
2024-07-04T05:31:00+00:00,ETHUSDT,LONG_SPOT_SHORT_PERP,3230.8,3229.49,-4.054723288350873,0.0001,0.0001,2024-07-04T08:00:00+00:00,149.0,-19.05472328835087,0.22034290156717745,OPEN,False,False,False,
2024-07-04T05:32:00+00:00,ETHUSDT,LONG_SPOT_SHORT_PERP,3229.36,3228.48,-2.7249981420470593,0.0001,0.0001,2024-07-04T08:00:00+00:00,148.0,-17.72499814204706,0.22941232794609528,OPEN,False,False,False,
2024-07-04T05:33:00+00:00,ETHUSDT,LONG_SPOT_SHORT_PERP,3231.56,3230.75,-2.5065293542436016,0.0001,0.0001,2024-07-04T08:00:00+00:00,147.0,-17.5065293542436,0.23099918507366476,OPEN,False,False,False,
2024-07-04T05:34:00+00:00,ETHUSDT,LONG_SPOT_SHORT_PERP,3231.95,3231.14,-2.5062268908861385,0.0001,0.0001,2024-07-04T08:00:00+00:00,146.0,-17.50622689088614,0.23100140156791302,OPEN,False,False,False,
2024-07-04T05:35:00+00:00,ETHUSDT,LONG_SPOT_SHORT_PERP,3232.2,3231.1,-3.403254749087028,0.0001,0.0001,2024-07-04T08:00:00+00:00,145.0,-18.40325474908703,0.22466215848919027,OPEN,False,False,False,
2024-07-04T05:36:00+00:00,ETHUSDT,LONG_SPOT_SHORT_PERP,3232.25,3231.21,-3.217572898135861,0.0001,0.0001,2024-07-04T08:00:00+00:00,144.0,-18.21757289813586,0.22593644170653976,OPEN,False,False,False,
2024-07-04T05:37:00+00:00,ETHUSDT,LONG_SPOT_SHORT_PERP,3229.98,3228.96,-3.1579142904909063,0.0001,0.0001,2024-07-04T08:00:00+00:00,143.0,-18.157914290490908,0.22635000793750903,OPEN,False,False,False,
2024-07-04T05:38:00+00:00,ETHUSDT,LONG_SPOT_SHORT_PERP,3228.71,3227.78,-2.880407345347945,0.0001,0.0001,2024-07-04T08:00:00+00:00,142.0,-17.880407345347944,0.22830053570986364,OPEN,False,False,False,
2024-07-04T05:39:00+00:00,ETHUSDT,LONG_SPOT_SHORT_PERP,3227.26,3226.35,-2.8197294299198368,0.0001,0.0001,2024-07-04T08:00:00+00:00,141.0,-17.819729429919835,0.22873294947309003,OPEN,False,False,False,
2024-07-04T05:40:00+00:00,ETHUSDT,LONG_SPOT_SHORT_PERP,3228.28,3227.4,-2.725909772386872,0.0001,0.0001,2024-07-04T08:00:00+00:00,140.0,-17.72590977238687,0.2294057650771472,OPEN,False,False,False,
2024-07-04T05:41:00+00:00,ETHUSDT,LONG_SPOT_SHORT_PERP,3229.8,3228.89,-2.8175119202436965,0.0001,0.0001,2024-07-04T08:00:00+00:00,139.0,-17.817511920243696,0.22874879282720817,OPEN,False,False,False,
2024-07-04T05:42:00+00:00,ETHUSDT,LONG_SPOT_SHORT_PERP,3229.16,3228.08,-3.3445230338537804,0.0001,0.0001,2024-07-04T08:00:00+00:00,138.0,-18.34452303385378,0.22506311438155796,OPEN,False,False,False,
2024-07-04T05:43:00+00:00,ETHUSDT,LONG_SPOT_SHORT_PERP,3229.35,3228.53,-2.539210677070336,0.0001,0.0001,2024-07-04T08:00:00+00:00,137.0,-17.539210677070336,0.23076001120355524,OPEN,False,False,False,
2024-07-04T05:44:00+00:00,ETHUSDT,LONG_SPOT_SHORT_PERP,3227.61,3226.34,-3.934800053290149,0.0001,0.0001,2024-07-04T08:00:00+00:00,136.0,-18.93480005329015,0.22112054702197587,OPEN,False,False,False,
2024-07-04T05:45:00+00:00,ETHUSDT,LONG_SPOT_SHORT_PERP,3226.44,3225.3,-3.5333060586896785,0.0001,0.0001,2024-07-04T08:00:00+00:00,135.0,-18.53330605868968,0.2237811916942917,OPEN,False,False,False,
2024-07-04T05:46:00+00:00,ETHUSDT,LONG_SPOT_SHORT_PERP,3224.4,3223.69,-2.2019600545839113,0.0001,0.0001,2024-07-04T08:00:00+00:00,134.0,-17.20196005458391,0.23325876180815946,OPEN,False,False,False,
2024-07-04T05:47:00+00:00,ETHUSDT,LONG_SPOT_SHORT_PERP,3224.6,3224.0,-1.8606959002664176,0.0001,0.0001,2024-07-04T08:00:00+00:00,133.0,-16.860695900266418,0.23585717233939824,OPEN,False,False,False,
2024-07-04T05:48:00+00:00,ETHUSDT,LONG_SPOT_SHORT_PERP,3224.92,3224.27,-2.0155538742049135,0.0001,0.0001,2024-07-04T08:00:00+00:00,132.0,-17.01555387420491,0.23466926648310726,OPEN,False,False,False,
2024-07-04T05:49:00+00:00,ETHUSDT,LONG_SPOT_SHORT_PERP,3225.61,3224.51,-3.41020768164753,0.0001,0.0001,2024-07-04T08:00:00+00:00,131.0,-18.41020768164753,0.2246148198078155,OPEN,False,False,False,
2024-07-04T05:50:00+00:00,ETHUSDT,LONG_SPOT_SHORT_PERP,3227.11,3226.44,-2.0761610233306977,0.0001,0.0001,2024-07-04T08:00:00+00:00,130.0,-17.076161023330698,0.2342083460582342,OPEN,False,False,False,
2024-07-04T05:51:00+00:00,ETHUSDT,LONG_SPOT_SHORT_PERP,3227.84,3227.0,-2.602359472588931,0.0001,0.0001,2024-07-04T08:00:00+00:00,129.0,-17.60235947258893,0.23029965536014504,OPEN,False,False,False,
2024-07-04T05:52:00+00:00,ETHUSDT,LONG_SPOT_SHORT_PERP,3228.38,3227.68,-2.1682701540719274,0.0001,0.0001,2024-07-04T08:00:00+00:00,128.0,-17.168270154071926,0.23351212750227202,OPEN,False,False,False,
2024-07-04T05:53:00+00:00,ETHUSDT,LONG_SPOT_SHORT_PERP,3227.0,3225.99,-3.1298419584760406,0.0001,0.0001,2024-07-04T08:00:00+00:00,127.0,-18.129841958476042,0.2265453128888886,OPEN,False,False,False,
2024-07-04T05:54:00+00:00,ETHUSDT,LONG_SPOT_SHORT_PERP,3224.29,3223.26,-3.1945017352649585,0.0001,0.0001,2024-07-04T08:00:00+00:00,126.0,-18.194501735264957,0.22609613581624072,OPEN,False,False,False,
2024-07-04T05:55:00+00:00,ETHUSDT,LONG_SPOT_SHORT_PERP,3223.1,3222.22,-2.730290713909308,0.0001,0.0001,2024-07-04T08:00:00+00:00,125.0,-17.73029071390931,0.22937423326260184,OPEN,False,False,False,
2024-07-04T05:56:00+00:00,ETHUSDT,LONG_SPOT_SHORT_PERP,3224.99,3224.09,-2.7907063277704314,0.0001,0.0001,2024-07-04T08:00:00+00:00,124.0,-17.79070632777043,0.22894053624663413,OPEN,False,False,False,
2024-07-04T05:57:00+00:00,ETHUSDT,LONG_SPOT_SHORT_PERP,3223.81,3222.77,-3.225996569276613,0.0001,0.0001,2024-07-04T08:00:00+00:00,123.0,-18.225996569276614,0.22587821005493863,OPEN,False,False,False,
2024-07-04T05:58:00+00:00,ETHUSDT,LONG_SPOT_SHORT_PERP,3223.21,3222.33,-2.7301975359970623,0.0001,0.0001,2024-07-04T08:00:00+00:00,122.0,-17.730197535997064,0.22937490379345254,OPEN,False,False,False,
2024-07-04T05:59:00+00:00,ETHUSDT,LONG_SPOT_SHORT_PERP,3224.4,3223.54,-2.6671628830173906,0.0001,0.0001,2024-07-04T08:00:00+00:00,121.0,-17.66716288301739,0.2298296822972483,OPEN,False,False,False,
2024-07-04T06:00:00+00:00,ETHUSDT,LONG_SPOT_SHORT_PERP,3221.07,3220.18,-2.763056996589107,0.0001,0.0001,2024-07-04T08:00:00+00:00,120.0,-17.763056996589107,0.22913875398911543,OPEN,False,False,False,
2024-07-04T06:01:00+00:00,ETHUSDT,LONG_SPOT_SHORT_PERP,3224.2,3223.51,-2.140065752743626,0.0001,0.0001,2024-07-04T08:00:00+00:00,119.0,-17.140065752743627,0.23372476746671378,OPEN,False,False,False,
2024-07-04T06:02:00+00:00,ETHUSDT,LONG_SPOT_SHORT_PERP,3224.78,3223.97,-2.51179925452403,0.0001,0.0001,2024-07-04T08:00:00+00:00,118.0,-17.51179925452403,0.23096057520749982,OPEN,False,False,False,
2024-07-04T06:03:00+00:00,ETHUSDT,LONG_SPOT_SHORT_PERP,3226.6,3225.55,-3.2541994669302894,0.0001,0.0001,2024-07-04T08:00:00+00:00,117.0,-18.254199466930288,0.2256835404712984,OPEN,False,False,False,
2024-07-04T06:04:00+00:00,ETHUSDT,LONG_SPOT_SHORT_PERP,3226.15,3224.97,-3.6576104644864342,0.0001,0.0001,2024-07-04T08:00:00+00:00,116.0,-18.657610464486435,0.22294795779961868,OPEN,False,False,False,
2024-07-04T06:05:00+00:00,ETHUSDT,LONG_SPOT_SHORT_PERP,3223.71,3222.46,-3.8775200002481616,0.0001,0.0001,2024-07-04T08:00:00+00:00,115.0,-18.87752000024816,0.22149473130732567,OPEN,False,False,False,
2024-07-04T06:06:00+00:00,ETHUSDT,LONG_SPOT_SHORT_PERP,3219.28,3218.21,-3.3237245595293468,0.0001,0.0001,2024-07-04T08:00:00+00:00,114.0,-18.323724559529346,0.2252055692624076,OPEN,False,False,False,
2024-07-04T06:07:00+00:00,ETHUSDT,LONG_SPOT_SHORT_PERP,3219.99,3219.08,-2.8260957332161114,0.0001,0.0001,2024-07-04T08:00:00+00:00,113.0,-17.82609573321611,0.22868748029896913,OPEN,False,False,False,
2024-07-04T06:08:00+00:00,ETHUSDT,LONG_SPOT_SHORT_PERP,3221.42,3220.68,-2.2971236287110544,0.0001,0.0001,2024-07-04T08:00:00+00:00,112.0,-17.297123628711056,0.23254678004843402,OPEN,False,False,False,
2024-07-04T06:09:00+00:00,ETHUSDT,LONG_SPOT_SHORT_PERP,3219.17,3218.69,-1.491067573318645,0.0001,0.0001,2024-07-04T08:00:00+00:00,111.0,-16.491067573318645,0.23875251435838726,OPEN,False,False,False,
2024-07-04T06:10:00+00:00,ETHUSDT,LONG_SPOT_SHORT_PERP,3218.89,3218.35,-1.6775969355894846,0.0001,0.0001,2024-07-04T08:00:00+00:00,110.0,-16.677596935589484,0.2372807797651332,OPEN,False,False,False,
2024-07-04T06:11:00+00:00,ETHUSDT,LONG_SPOT_SHORT_PERP,3220.99,3220.49,-1.552317765655901,0.0001,0.0001,2024-07-04T08:00:00+00:00,109.0,-16.5523177656559,0.23826684276270582,OPEN,False,False,False,
2024-07-04T06:12:00+00:00,ETHUSDT,LONG_SPOT_SHORT_PERP,3217.53,3216.89,-1.9891034427039604,0.0001,0.0001,2024-07-04T08:00:00+00:00,108.0,-16.98910344270396,0.23487112576082758,OPEN,False,False,False,
2024-07-04T06:13:00+00:00,ETHUSDT,LONG_SPOT_SHORT_PERP,3219.1,3218.32,-2.423037494951214,0.0001,0.0001,2024-07-04T08:00:00+00:00,107.0,-17.423037494951213,0.2316130885307017,OPEN,False,False,False,
2024-07-04T06:14:00+00:00,ETHUSDT,LONG_SPOT_SHORT_PERP,3220.0,3219.12,-2.7329192546587238,0.0001,0.0001,2024-07-04T08:00:00+00:00,106.0,-17.732919254658725,0.22935531973926704,OPEN,False,False,False,
2024-07-04T06:15:00+00:00,ETHUSDT,LONG_SPOT_SHORT_PERP,3216.52,3215.79,-2.269533533135246,0.0001,0.0001,2024-07-04T08:00:00+00:00,105.0,-17.269533533135245,0.23275263867404222,OPEN,False,False,False,
2024-07-04T06:16:00+00:00,ETHUSDT,LONG_SPOT_SHORT_PERP,3217.21,3216.7,-1.5852244646765934,0.0001,0.0001,2024-07-04T08:00:00+00:00,104.0,-16.585224464676593,0.2380068868690991,OPEN,False,False,False,
2024-07-04T06:17:00+00:00,ETHUSDT,LONG_SPOT_SHORT_PERP,3216.61,3215.69,-2.860154013076104,0.0001,0.0001,2024-07-04T08:00:00+00:00,103.0,-17.860154013076105,0.22844463082652205,OPEN,False,False,False,
2024-07-04T06:18:00+00:00,ETHUSDT,LONG_SPOT_SHORT_PERP,3213.01,3212.19,-2.5521240207785336,0.0001,0.0001,2024-07-04T08:00:00+00:00,102.0,-17.552124020778535,0.23066568097600781,OPEN,False,False,False,
2024-07-04T06:19:00+00:00,ETHUSDT,LONG_SPOT_SHORT_PERP,3213.38,3212.44,-2.925268720163985,0.0001,0.0001,2024-07-04T08:00:00+00:00,101.0,-17.925268720163984,0.22798220986056134,OPEN,False,False,False,
2024-07-04T06:20:00+00:00,ETHUSDT,LONG_SPOT_SHORT_PERP,3211.01,3209.57,-4.4845702753963845,0.0001,0.0001,2024-07-04T08:00:00+00:00,100.0,-19.484570275396386,0.2176187384680113,OPEN,False,False,False,
2024-07-04T06:21:00+00:00,ETHUSDT,LONG_SPOT_SHORT_PERP,3213.14,3212.47,-2.0851876980152526,0.0001,0.0001,2024-07-04T08:00:00+00:00,99.0,-17.085187698015254,0.23413988912239336,OPEN,False,False,False,
2024-07-04T06:22:00+00:00,ETHUSDT,LONG_SPOT_SHORT_PERP,3213.29,3212.57,-2.240694117243697,0.0001,0.0001,2024-07-04T08:00:00+00:00,98.0,-17.2406941172437,0.23296830834892648,OPEN,False,False,False,
2024-07-04T06:23:00+00:00,ETHUSDT,LONG_SPOT_SHORT_PERP,3210.04,3209.3,-2.3052672240837553,0.0001,0.0001,2024-07-04T08:00:00+00:00,97.0,-17.305267224083757,0.23248610546255727,OPEN,False,False,False,
2024-07-04T06:24:00+00:00,ETHUSDT,LONG_SPOT_SHORT_PERP,3208.65,3207.44,-3.7710563632681544,0.0001,0.0001,2024-07-04T08:00:00+00:00,96.0,-18.771056363268155,0.2221949618379181,OPEN,False,False,False,
2024-07-04T06:25:00+00:00,ETHUSDT,LONG_SPOT_SHORT_PERP,3208.59,3207.58,-3.147800124042705,0.0001,0.0001,2024-07-04T08:00:00+00:00,95.0,-18.147800124042703,0.22642032244743832,OPEN,False,False,False,
2024-07-04T06:26:00+00:00,ETHUSDT,LONG_SPOT_SHORT_PERP,3209.0,3208.39,-1.9009037083207458,0.0001,0.0001,2024-07-04T08:00:00+00:00,94.0,-16.900903708320747,0.23554732637187914,OPEN,False,False,False,
2024-07-04T06:27:00+00:00,ETHUSDT,LONG_SPOT_SHORT_PERP,3209.2,3208.11,-3.3964851053212355,0.0001,0.0001,2024-07-04T08:00:00+00:00,93.0,-18.396485105321236,0.22470827533426826,OPEN,False,False,False,
2024-07-04T06:28:00+00:00,ETHUSDT,LONG_SPOT_SHORT_PERP,3207.81,3206.76,-3.273261196890487,0.0001,0.0001,2024-07-04T08:00:00+00:00,92.0,-18.273261196890488,0.22555222281883494,OPEN,False,False,False,
2024-07-04T06:29:00+00:00,ETHUSDT,LONG_SPOT_SHORT_PERP,3200.79,3200.0,-2.4681406777700614,0.0001,0.0001,2024-07-04T08:00:00+00:00,91.0,-17.468140677770062,0.23128093666678623,OPEN,False,False,False,
2024-07-04T06:30:00+00:00,ETHUSDT,LONG_SPOT_SHORT_PERP,3196.37,3195.87,-1.5642744738562808,0.0001,0.0001,2024-07-04T08:00:00+00:00,90.0,-16.56427447385628,0.2381723088918879,OPEN,False,False,False,
2024-07-04T06:31:00+00:00,ETHUSDT,LONG_SPOT_SHORT_PERP,3203.42,3202.99,-1.3423154004167142,0.0001,0.0001,2024-07-04T08:00:00+00:00,89.0,-16.342315400416716,0.23994185426815753,OPEN,False,False,False,
2024-07-04T06:32:00+00:00,ETHUSDT,LONG_SPOT_SHORT_PERP,3203.16,3202.52,-1.9980269483880688,0.0001,0.0001,2024-07-04T08:00:00+00:00,88.0,-16.99802694838807,0.23480297729925037,OPEN,False,False,False,
2024-07-04T06:33:00+00:00,ETHUSDT,LONG_SPOT_SHORT_PERP,3206.67,3206.08,-1.8399149273238142,0.0001,0.0001,2024-07-04T08:00:00+00:00,87.0,-16.839914927323814,0.23601770306130573,OPEN,False,False,False,
2024-07-04T06:34:00+00:00,ETHUSDT,LONG_SPOT_SHORT_PERP,3201.62,3200.42,-3.748102523097114,0.0001,0.0001,2024-07-04T08:00:00+00:00,86.0,-18.748102523097113,0.22234674648449054,OPEN,False,False,False,
2024-07-04T06:35:00+00:00,ETHUSDT,LONG_SPOT_SHORT_PERP,3212.6,3212.26,-1.0583328145417754,0.0001,0.0001,2024-07-04T08:00:00+00:00,85.0,-16.058332814541775,0.2422514763139248,OPEN,False,False,False,
2024-07-04T06:36:00+00:00,ETHUSDT,LONG_SPOT_SHORT_PERP,3222.83,3222.42,-1.272173834796916,0.0001,0.0001,2024-07-04T08:00:00+00:00,84.0,-16.272173834796916,0.24050752777001128,OPEN,False,False,False,
2024-07-04T06:37:00+00:00,ETHUSDT,LONG_SPOT_SHORT_PERP,3222.13,3221.03,-3.413890811357422,0.0001,0.0001,2024-07-04T08:00:00+00:00,83.0,-18.413890811357422,0.2245897544019037,OPEN,False,False,False,
2024-07-04T06:38:00+00:00,ETHUSDT,LONG_SPOT_SHORT_PERP,3215.0,3213.99,-3.141524105754956,0.0001,0.0001,2024-07-04T08:00:00+00:00,82.0,-18.141524105754957,0.22646398317509528,OPEN,False,False,False,
2024-07-04T06:39:00+00:00,ETHUSDT,LONG_SPOT_SHORT_PERP,3211.4,3210.74,-2.0551784268552944,0.0001,0.0001,2024-07-04T08:00:00+00:00,81.0,-17.055178426855296,0.23436766646891144,OPEN,False,False,False,
2024-07-04T06:40:00+00:00,ETHUSDT,LONG_SPOT_SHORT_PERP,3211.61,3211.01,-1.8682218575727099,0.0001,0.0001,2024-07-04T08:00:00+00:00,80.0,-16.86822185757271,0.23579910077359106,OPEN,False,False,False,
2024-07-04T06:41:00+00:00,ETHUSDT,LONG_SPOT_SHORT_PERP,3214.61,3213.66,-2.955257402920643,0.0001,0.0001,2024-07-04T08:00:00+00:00,79.0,-17.955257402920644,0.22777006642341321,OPEN,False,False,False,
2024-07-04T06:42:00+00:00,ETHUSDT,LONG_SPOT_SHORT_PERP,3217.02,3216.48,-1.678572094671353,0.0001,0.0001,2024-07-04T08:00:00+00:00,78.0,-16.678572094671352,0.2372731427610006,OPEN,False,False,False,
2024-07-04T06:43:00+00:00,ETHUSDT,LONG_SPOT_SHORT_PERP,3216.48,3216.03,-1.39904491866829,0.0001,0.0001,2024-07-04T08:00:00+00:00,77.0,-16.39904491866829,0.23948662772375628,OPEN,False,False,False,
2024-07-04T06:44:00+00:00,ETHUSDT,LONG_SPOT_SHORT_PERP,3213.12,3212.57,-1.7117318992123767,0.0001,0.0001,2024-07-04T08:00:00+00:00,76.0,-16.711731899212378,0.23701380218179663,OPEN,False,False,False,
2024-07-04T06:45:00+00:00,ETHUSDT,LONG_SPOT_SHORT_PERP,3214.62,3214.13,-1.5242859187082196,0.0001,0.0001,2024-07-04T08:00:00+00:00,75.0,-16.52428591870822,0.23848882361152635,OPEN,False,False,False,
2024-07-04T06:46:00+00:00,ETHUSDT,LONG_SPOT_SHORT_PERP,3212.36,3211.66,-2.179083290790176,0.0001,0.0001,2024-07-04T08:00:00+00:00,74.0,-17.179083290790174,0.2334307322755831,OPEN,False,False,False,
2024-07-04T06:47:00+00:00,ETHUSDT,LONG_SPOT_SHORT_PERP,3207.46,3206.26,-3.7412781453231467,0.0001,0.0001,2024-07-04T08:00:00+00:00,73.0,-18.741278145323147,0.22239192917586337,OPEN,False,False,False,
2024-07-04T06:48:00+00:00,ETHUSDT,LONG_SPOT_SHORT_PERP,3209.59,3208.9,-2.1498072962591936,0.0001,0.0001,2024-07-04T08:00:00+00:00,72.0,-17.149807296259194,0.23365126909396072,OPEN,False,False,False,
2024-07-04T06:49:00+00:00,ETHUSDT,LONG_SPOT_SHORT_PERP,3208.67,3207.69,-3.0542249592510857,0.0001,0.0001,2024-07-04T08:00:00+00:00,71.0,-18.054224959251087,0.22707363680819392,OPEN,False,False,False,
2024-07-04T06:50:00+00:00,ETHUSDT,LONG_SPOT_SHORT_PERP,3211.82,3211.0,-2.5530695991685826,0.0001,0.0001,2024-07-04T08:00:00+00:00,70.0,-17.553069599168584,0.2306587775307153,OPEN,False,False,False,
2024-07-04T06:51:00+00:00,ETHUSDT,LONG_SPOT_SHORT_PERP,3208.45,3207.6,-2.6492543128298998,0.0001,0.0001,2024-07-04T08:00:00+00:00,69.0,-17.6492543128299,0.22995931333532002,OPEN,False,False,False,
2024-07-04T06:52:00+00:00,ETHUSDT,LONG_SPOT_SHORT_PERP,3205.39,3204.28,-3.4629171489262545,0.0001,0.0001,2024-07-04T08:00:00+00:00,68.0,-18.462917148926255,0.22425683162850246,OPEN,False,False,False,
2024-07-04T06:53:00+00:00,ETHUSDT,LONG_SPOT_SHORT_PERP,3206.8,3205.28,-4.739927653735754,0.0001,0.0001,2024-07-04T08:00:00+00:00,67.0,-19.739927653735755,0.21604637223716383,OPEN,False,False,False,
2024-07-04T06:54:00+00:00,ETHUSDT,LONG_SPOT_SHORT_PERP,3209.3,3208.07,-3.832611472906921,0.0001,0.0001,2024-07-04T08:00:00+00:00,66.0,-18.832611472906923,0.2217893475176836,OPEN,False,False,False,
2024-07-04T06:55:00+00:00,ETHUSDT,LONG_SPOT_SHORT_PERP,3208.73,3207.59,-3.552807497046721,0.0001,0.0001,2024-07-04T08:00:00+00:00,65.0,-18.55280749704672,0.2236499029191722,OPEN,False,False,False,
2024-07-04T06:56:00+00:00,ETHUSDT,LONG_SPOT_SHORT_PERP,3206.91,3206.11,-2.4946131946319894,0.0001,0.0001,2024-07-04T08:00:00+00:00,64.0,-17.494613194631988,0.23108654942876672,OPEN,False,False,False,
2024-07-04T06:57:00+00:00,ETHUSDT,LONG_SPOT_SHORT_PERP,3205.3,3203.95,-4.211774248901394,0.0001,0.0001,2024-07-04T08:00:00+00:00,63.0,-19.211774248901392,0.21933620141276014,OPEN,False,False,False,
2024-07-04T06:58:00+00:00,ETHUSDT,LONG_SPOT_SHORT_PERP,3205.1,3204.24,-2.683223612368186,0.0001,0.0001,2024-07-04T08:00:00+00:00,62.0,-17.683223612368185,0.22971358709604484,OPEN,False,False,False,
2024-07-04T06:59:00+00:00,ETHUSDT,LONG_SPOT_SHORT_PERP,3204.34,3203.46,-2.7462753640378645,0.0001,0.0001,2024-07-04T08:00:00+00:00,61.0,-17.746275364037864,0.22925927902083618,OPEN,False,False,False,
2024-07-04T07:00:00+00:00,ETHUSDT,LONG_SPOT_SHORT_PERP,3202.38,3201.52,-2.6855026573989575,0.0001,0.0001,2024-07-04T08:00:00+00:00,60.0,-17.685502657398956,0.22969712525650665,OPEN,False,False,False,
2024-07-04T07:01:00+00:00,ETHUSDT,LONG_SPOT_SHORT_PERP,3203.25,3202.01,-3.8710684461087386,0.0001,0.0001,2024-07-04T08:00:00+00:00,59.0,-18.871068446108737,0.22153698819841405,OPEN,False,False,False,
2024-07-04T07:02:00+00:00,ETHUSDT,LONG_SPOT_SHORT_PERP,3206.6,3205.78,-2.5572257219475736,0.0001,0.0001,2024-07-04T08:00:00+00:00,58.0,-17.557225721947574,0.23062844092684218,OPEN,False,False,False,
2024-07-04T07:03:00+00:00,ETHUSDT,LONG_SPOT_SHORT_PERP,3204.19,3203.06,-3.526632315811825,0.0001,0.0001,2024-07-04T08:00:00+00:00,57.0,-18.526632315811824,0.2238261696935176,OPEN,False,False,False,
2024-07-04T07:04:00+00:00,ETHUSDT,LONG_SPOT_SHORT_PERP,3204.48,3203.13,-4.2128520071896505,0.0001,0.0001,2024-07-04T08:00:00+00:00,56.0,-19.21285200718965,0.2193293385242111,OPEN,False,False,False,
2024-07-04T07:05:00+00:00,ETHUSDT,LONG_SPOT_SHORT_PERP,3208.25,3207.32,-2.8987765915992716,0.0001,0.0001,2024-07-04T08:00:00+00:00,55.0,-17.898776591599272,0.2281700509026725,OPEN,False,False,False,
2024-07-04T07:06:00+00:00,ETHUSDT,LONG_SPOT_SHORT_PERP,3206.47,3205.52,-2.962759670291062,0.0001,0.0001,2024-07-04T08:00:00+00:00,54.0,-17.962759670291064,0.22771707572850203,OPEN,False,False,False,
2024-07-04T07:07:00+00:00,ETHUSDT,LONG_SPOT_SHORT_PERP,3203.95,3202.63,-4.119914480562147,0.0001,0.0001,2024-07-04T08:00:00+00:00,53.0,-19.119914480562148,0.2199234201989797,OPEN,False,False,False,
2024-07-04T07:08:00+00:00,ETHUSDT,LONG_SPOT_SHORT_PERP,3205.74,3204.73,-3.150598613735873,0.0001,0.0001,2024-07-04T08:00:00+00:00,52.0,-18.150598613735873,0.22640086128120218,OPEN,False,False,False,
2024-07-04T07:09:00+00:00,ETHUSDT,LONG_SPOT_SHORT_PERP,3204.94,3204.22,-2.2465319163549227,0.0001,0.0001,2024-07-04T08:00:00+00:00,51.0,-17.24653191635492,0.23292461113533225,OPEN,False,False,False,
2024-07-04T07:10:00+00:00,ETHUSDT,LONG_SPOT_SHORT_PERP,3206.66,3205.86,-2.4948076815120004,0.0001,0.0001,2024-07-04T08:00:00+00:00,50.0,-17.494807681512,0.23108512285496552,OPEN,False,False,False,
2024-07-04T07:11:00+00:00,ETHUSDT,LONG_SPOT_SHORT_PERP,3200.76,3199.4,-4.248990864670039,0.0001,0.0001,2024-07-04T08:00:00+00:00,49.0,-19.248990864670038,0.2190995736159036,OPEN,False,False,False,
2024-07-04T07:12:00+00:00,ETHUSDT,LONG_SPOT_SHORT_PERP,3199.66,3198.0,-5.18805123044278,0.0001,0.0001,2024-07-04T08:00:00+00:00,48.0,-20.18805123044278,0.21336778978416454,OPEN,False,False,False,
2024-07-04T07:13:00+00:00,ETHUSDT,LONG_SPOT_SHORT_PERP,3197.01,3195.62,-4.3478124872938375,0.0001,0.0001,2024-07-04T08:00:00+00:00,47.0,-19.347812487293837,0.21847482215655695,OPEN,False,False,False,
2024-07-04T07:14:00+00:00,ETHUSDT,LONG_SPOT_SHORT_PERP,3198.88,3197.25,-5.095533436703187,0.0001,0.0001,2024-07-04T08:00:00+00:00,46.0,-20.095533436703185,0.21391248849260913,OPEN,False,False,False,
2024-07-04T07:15:00+00:00,ETHUSDT,LONG_SPOT_SHORT_PERP,3196.98,3195.59,-4.347853286538773,0.0001,0.0001,2024-07-04T08:00:00+00:00,45.0,-19.347853286538772,0.218474565290722,OPEN,False,False,False,
2024-07-04T07:16:00+00:00,ETHUSDT,LONG_SPOT_SHORT_PERP,3199.25,3197.94,-4.094709697585201,0.0001,0.0001,2024-07-04T08:00:00+00:00,44.0,-19.094709697585202,0.22008533301165512,OPEN,False,False,False,
2024-07-04T07:17:00+00:00,ETHUSDT,LONG_SPOT_SHORT_PERP,3196.33,3195.22,-3.47273279041941,0.0001,0.0001,2024-07-04T08:00:00+00:00,43.0,-18.47273279041941,0.2241903382753308,OPEN,False,False,False,
2024-07-04T07:18:00+00:00,ETHUSDT,LONG_SPOT_SHORT_PERP,3190.2,3189.02,-3.6988276597073426,0.0001,0.0001,2024-07-04T08:00:00+00:00,42.0,-18.69882765970734,0.22267355952551093,OPEN,False,False,False,
2024-07-04T07:19:00+00:00,ETHUSDT,LONG_SPOT_SHORT_PERP,3188.32,3186.96,-4.265569328047772,0.0001,0.0001,2024-07-04T08:00:00+00:00,41.0,-19.26556932804777,0.21899440287938254,OPEN,False,False,False,
2024-07-04T07:20:00+00:00,ETHUSDT,LONG_SPOT_SHORT_PERP,3191.03,3190.47,-1.7549192580464619,0.0001,0.0001,2024-07-04T08:00:00+00:00,40.0,-16.754919258046463,0.23667706062489915,OPEN,False,False,False,
2024-07-04T07:21:00+00:00,ETHUSDT,LONG_SPOT_SHORT_PERP,3192.81,3191.99,-2.568270582966615,0.0001,0.0001,2024-07-04T08:00:00+00:00,39.0,-17.568270582966615,0.2305478712942446,OPEN,False,False,False,
2024-07-04T07:22:00+00:00,ETHUSDT,LONG_SPOT_SHORT_PERP,3192.84,3191.67,-3.6644492050966306,0.0001,0.0001,2024-07-04T08:00:00+00:00,38.0,-18.66444920509663,0.22290236487637732,OPEN,False,False,False,
2024-07-04T07:23:00+00:00,ETHUSDT,LONG_SPOT_SHORT_PERP,3191.5,3190.34,-3.63465455115104,0.0001,0.0001,2024-07-04T08:00:00+00:00,37.0,-18.63465455115104,0.22310119062928696,OPEN,False,False,False,
2024-07-04T07:24:00+00:00,ETHUSDT,LONG_SPOT_SHORT_PERP,3193.81,3192.88,-2.9118826730451604,0.0001,0.0001,2024-07-04T08:00:00+00:00,36.0,-17.91188267304516,0.22807707215158907,OPEN,False,False,False,
2024-07-04T07:25:00+00:00,ETHUSDT,LONG_SPOT_SHORT_PERP,3193.21,3192.01,-3.75797395097666,0.0001,0.0001,2024-07-04T08:00:00+00:00,35.0,-18.75797395097666,0.2222814352060858,OPEN,False,False,False,
2024-07-04T07:26:00+00:00,ETHUSDT,LONG_SPOT_SHORT_PERP,3192.63,3191.92,-2.2238718548658514,0.0001,0.0001,2024-07-04T08:00:00+00:00,34.0,-17.223871854865852,0.2330943415584801,OPEN,False,False,False,
2024-07-04T07:27:00+00:00,ETHUSDT,LONG_SPOT_SHORT_PERP,3190.87,3189.69,-3.698051001763896,0.0001,0.0001,2024-07-04T08:00:00+00:00,33.0,-18.698051001763897,0.22267872136762323,OPEN,False,False,False,
2024-07-04T07:28:00+00:00,ETHUSDT,LONG_SPOT_SHORT_PERP,3189.74,3189.06,-2.131835196598583,0.0001,0.0001,2024-07-04T08:00:00+00:00,32.0,-17.131835196598583,0.23378691050881684,OPEN,False,False,False,
2024-07-04T07:29:00+00:00,ETHUSDT,LONG_SPOT_SHORT_PERP,3191.37,3190.36,-3.164785029626034,0.0001,0.0001,2024-07-04T08:00:00+00:00,31.0,-18.164785029626035,0.22630227526479796,OPEN,False,False,False,
2024-07-04T07:30:00+00:00,ETHUSDT,LONG_SPOT_SHORT_PERP,3196.03,3195.01,-3.1914594043234317,0.0001,0.0001,2024-07-04T08:00:00+00:00,30.0,-18.19145940432343,0.22611721682468994,OPEN,False,False,False,
2024-07-04T07:31:00+00:00,ETHUSDT,LONG_SPOT_SHORT_PERP,3193.37,3192.29,-3.3820070959516975,0.0001,0.0001,2024-07-04T08:00:00+00:00,29.0,-18.382007095951696,0.22480699027976225,OPEN,False,False,False,
2024-07-04T07:32:00+00:00,ETHUSDT,LONG_SPOT_SHORT_PERP,3190.0,3188.78,-3.8244514106576797,0.0001,0.0001,2024-07-04T08:00:00+00:00,28.0,-18.82445141065768,0.22184299866170915,OPEN,False,False,False,
2024-07-04T07:33:00+00:00,ETHUSDT,LONG_SPOT_SHORT_PERP,3192.01,3190.89,-3.508760937466817,0.0001,0.0001,2024-07-04T08:00:00+00:00,27.0,-18.508760937466818,0.22394673687798583,OPEN,False,False,False,
2024-07-04T07:34:00+00:00,ETHUSDT,LONG_SPOT_SHORT_PERP,3189.39,3188.42,-3.041333922787116,0.0001,0.0001,2024-07-04T08:00:00+00:00,26.0,-18.041333922787118,0.22716403131615204,OPEN,False,False,False,
2024-07-04T07:35:00+00:00,ETHUSDT,LONG_SPOT_SHORT_PERP,3184.74,3183.5,-3.8935674497754347,0.0001,0.0001,2024-07-04T08:00:00+00:00,25.0,-18.893567449775436,0.22138972077871782,OPEN,False,False,False,
2024-07-04T07:36:00+00:00,ETHUSDT,LONG_SPOT_SHORT_PERP,3191.03,3189.96,-3.3531492966226066,0.0001,0.0001,2024-07-04T08:00:00+00:00,24.0,-18.353149296622608,0.22500410209572874,OPEN,False,False,False,
2024-07-04T07:37:00+00:00,ETHUSDT,LONG_SPOT_SHORT_PERP,3195.6,3194.76,-2.6286143447230277,0.0001,0.0001,2024-07-04T08:00:00+00:00,23.0,-17.628614344723026,0.23010894954248345,OPEN,False,False,False,
2024-07-04T07:38:00+00:00,ETHUSDT,LONG_SPOT_SHORT_PERP,3191.43,3190.49,-2.9453881175524907,0.0001,0.0001,2024-07-04T08:00:00+00:00,22.0,-17.94538811755249,0.2278398255405597,OPEN,False,False,False,
2024-07-04T07:39:00+00:00,ETHUSDT,LONG_SPOT_SHORT_PERP,3187.18,3185.96,-3.827835265029901,0.0001,0.0001,2024-07-04T08:00:00+00:00,21.0,-18.8278352650299,0.22182074592851025,OPEN,False,False,False,
2024-07-04T07:40:00+00:00,ETHUSDT,LONG_SPOT_SHORT_PERP,3189.19,3187.96,-3.8567786804800535,0.0001,0.0001,2024-07-04T08:00:00+00:00,20.0,-18.856778680480055,0.2216306651792202,OPEN,False,False,False,
2024-07-04T07:41:00+00:00,ETHUSDT,LONG_SPOT_SHORT_PERP,3189.32,3187.92,-4.389650458405211,0.0001,0.0001,2024-07-04T08:00:00+00:00,19.0,-19.38965045840521,0.21821187802204778,OPEN,False,False,False,
2024-07-04T07:42:00+00:00,ETHUSDT,LONG_SPOT_SHORT_PERP,3189.51,3188.04,-4.608858413989154,0.0001,0.0001,2024-07-04T08:00:00+00:00,18.0,-19.608858413989154,0.21684920568215282,OPEN,False,False,False,
2024-07-04T07:43:00+00:00,ETHUSDT,LONG_SPOT_SHORT_PERP,3188.36,3187.68,-2.132757906887212,0.0001,0.0001,2024-07-04T08:00:00+00:00,17.0,-17.13275790688721,0.23377994173939678,OPEN,False,False,False,
2024-07-04T07:44:00+00:00,ETHUSDT,LONG_SPOT_SHORT_PERP,3187.24,3186.11,-3.545387231584865,0.0001,0.0001,2024-07-04T08:00:00+00:00,16.0,-18.545387231584865,0.2236998331431294,OPEN,False,False,False,
2024-07-04T07:45:00+00:00,ETHUSDT,LONG_SPOT_SHORT_PERP,3191.02,3189.67,-4.2306221835021685,0.0001,0.0001,2024-07-04T08:00:00+00:00,15.0,-19.23062218350217,0.21921627180146624,OPEN,False,False,False,
2024-07-04T07:46:00+00:00,ETHUSDT,LONG_SPOT_SHORT_PERP,3190.42,3189.54,-2.7582575334912303,0.0001,0.0001,2024-07-04T08:00:00+00:00,14.0,-17.758257533491232,0.22917320674479724,OPEN,False,False,False,
2024-07-04T07:47:00+00:00,ETHUSDT,LONG_SPOT_SHORT_PERP,3187.6,3186.72,-2.760697703601798,0.0001,0.0001,2024-07-04T08:00:00+00:00,13.0,-17.7606977036018,0.22915568839885403,OPEN,False,False,False,
2024-07-04T07:48:00+00:00,ETHUSDT,LONG_SPOT_SHORT_PERP,3183.79,3182.54,-3.926138344551619,0.0001,0.0001,2024-07-04T08:00:00+00:00,12.0,-18.926138344551617,0.2211770155670994,OPEN,False,False,False,
2024-07-04T07:49:00+00:00,ETHUSDT,LONG_SPOT_SHORT_PERP,3184.69,3183.97,-2.2608165943946026,0.0001,0.0001,2024-07-04T08:00:00+00:00,11.0,-17.2608165943946,0.23281777372411466,OPEN,False,False,False,
2024-07-04T07:50:00+00:00,ETHUSDT,LONG_SPOT_SHORT_PERP,3182.47,3181.64,-2.608037153531462,0.0001,0.0001,2024-07-04T08:00:00+00:00,10.0,-17.608037153531463,0.23025838032752105,OPEN,False,False,False,
2024-07-04T07:51:00+00:00,ETHUSDT,LONG_SPOT_SHORT_PERP,3184.4,3183.56,-2.6378595653816905,0.0001,0.0001,2024-07-04T08:00:00+00:00,9.0,-17.63785956538169,0.21504189229129983,OPEN,False,False,False,
2024-07-04T07:52:00+00:00,ETHUSDT,LONG_SPOT_SHORT_PERP,3183.2,3182.59,-1.9163106308107332,0.0001,0.0001,2024-07-04T08:00:00+00:00,8.0,-16.916310630810734,0.20542886226122242,OPEN,False,False,False,
2024-07-04T07:53:00+00:00,ETHUSDT,LONG_SPOT_SHORT_PERP,3179.15,3178.26,-2.7994904298314727,0.0001,0.0001,2024-07-04T08:00:00+00:00,7.0,-17.799490429831472,0.18387765645753118,OPEN,False,False,False,
2024-07-04T07:54:00+00:00,ETHUSDT,LONG_SPOT_SHORT_PERP,3176.47,3175.14,-4.187037812414181,0.0001,0.0001,2024-07-04T08:00:00+00:00,6.0,-19.187037812414182,0.1594938869345596,OPEN,False,False,False,
2024-07-04T07:55:00+00:00,ETHUSDT,LONG_SPOT_SHORT_PERP,3178.18,3177.43,-2.3598411669571893,0.0001,0.0001,2024-07-04T08:00:00+00:00,5.0,-17.35984116695719,0.15708052374631096,OPEN,False,False,False,
2024-07-04T07:56:00+00:00,ETHUSDT,LONG_SPOT_SHORT_PERP,3178.76,3177.59,-3.6806805169313592,0.0001,0.0001,2024-07-04T08:00:00+00:00,4.0,-18.68068051693136,0.13279425636108846,OPEN,False,False,False,
2024-07-04T07:57:00+00:00,ETHUSDT,LONG_SPOT_SHORT_PERP,3175.65,3174.86,-2.487679687622892,0.0001,0.0001,2024-07-04T08:00:00+00:00,3.0,-17.487679687622894,0.1261374218191243,OPEN,False,False,False,
2024-07-04T07:58:00+00:00,ETHUSDT,LONG_SPOT_SHORT_PERP,3181.57,3180.3,-3.9917399271428313,0.0001,0.0001,2024-07-04T08:00:00+00:00,2.0,-18.99173992714283,0.10075034956385005,OPEN,False,False,False,
2024-07-04T07:59:00+00:00,ETHUSDT,LONG_SPOT_SHORT_PERP,3182.21,3181.17,-3.2681689769058724,0.0001,0.0001,2024-07-04T08:00:00+00:00,1.0,-18.268168976905873,0.09058728335346293,OPEN,False,False,False,
2024-07-04T08:00:00+00:00,ETHUSDT,LONG_SPOT_SHORT_PERP,3183.71,3182.77,-2.9525302241725995,0.0001,0.0001,2024-07-04T16:00:00+00:00,480.0,-17.952530224172598,0.22778933733076379,FLAT,False,False,True,funding_accrued;exit:profit_convergence
2024-07-04T08:01:00+00:00,ETHUSDT,LONG_SPOT_SHORT_PERP,3188.48,3187.65,-2.603121236450996,0.0001,0.0001,2024-07-04T16:00:00+00:00,479.0,-17.603121236450995,0.2302941164619045,FLAT,False,False,False,
2024-07-04T08:02:00+00:00,ETHUSDT,LONG_SPOT_SHORT_PERP,3187.61,3186.47,-3.5763471691967568,0.0001,0.0001,2024-07-04T16:00:00+00:00,478.0,-18.576347169196758,0.2234917093944767,FLAT,False,False,False,
2024-07-04T08:03:00+00:00,ETHUSDT,LONG_SPOT_SHORT_PERP,3191.23,3190.89,-1.0654199164590001,0.0001,0.0001,2024-07-04T16:00:00+00:00,477.0,-16.065419916459,0.24219320863946459,FLAT,False,False,False,
2024-07-04T08:04:00+00:00,ETHUSDT,LONG_SPOT_SHORT_PERP,3192.41,3191.6,-2.537268082733563,0.0001,0.0001,2024-07-04T16:00:00+00:00,476.0,-17.53726808273356,0.2307742101324101,FLAT,False,False,False,
2024-07-04T08:05:00+00:00,ETHUSDT,LONG_SPOT_SHORT_PERP,3190.69,3189.96,-2.2879063776174378,0.0001,0.0001,2024-07-04T16:00:00+00:00,475.0,-17.28790637761744,0.2326155020527011,FLAT,False,False,False,
2024-07-04T08:06:00+00:00,ETHUSDT,LONG_SPOT_SHORT_PERP,3191.54,3190.89,-2.0366343520685657,0.0001,0.0001,2024-07-04T16:00:00+00:00,474.0,-17.036634352068567,0.234508694448956,FLAT,False,False,False,
2024-07-04T08:07:00+00:00,ETHUSDT,LONG_SPOT_SHORT_PERP,3192.14,3191.46,-2.130232383290947,0.0001,0.0001,2024-07-04T16:00:00+00:00,473.0,-17.130232383290945,0.2337990169835705,FLAT,False,False,False,
2024-07-04T08:08:00+00:00,ETHUSDT,LONG_SPOT_SHORT_PERP,3191.0,3190.23,-2.413036665622005,0.0001,0.0001,2024-07-04T16:00:00+00:00,472.0,-17.413036665622005,0.23168690144017276,FLAT,False,False,False,
2024-07-04T08:09:00+00:00,ETHUSDT,LONG_SPOT_SHORT_PERP,3190.39,3189.79,-1.8806478204856119,0.0001,0.0001,2024-07-04T16:00:00+00:00,471.0,-16.880647820485613,0.23570329624203284,FLAT,False,False,False,
2024-07-04T08:10:00+00:00,ETHUSDT,LONG_SPOT_SHORT_PERP,3190.0,3189.69,-0.9717868338556283,0.0001,0.0001,2024-07-04T16:00:00+00:00,470.0,-15.971786833855628,0.24296563968523108,FLAT,False,False,False,
2024-07-04T08:11:00+00:00,ETHUSDT,LONG_SPOT_SHORT_PERP,3195.12,3194.2,-2.8793910713840885,0.0001,0.0001,2024-07-04T16:00:00+00:00,469.0,-17.879391071384088,0.22830776045960666,FLAT,False,False,False,
2024-07-04T08:12:00+00:00,ETHUSDT,LONG_SPOT_SHORT_PERP,3193.86,3192.8,-3.318868078124731,0.0001,0.0001,2024-07-04T16:00:00+00:00,468.0,-18.31886807812473,0.2252388678715658,FLAT,False,False,False,
2024-07-04T08:13:00+00:00,ETHUSDT,LONG_SPOT_SHORT_PERP,3190.82,3189.66,-3.6354291373387064,0.0001,0.0001,2024-07-04T16:00:00+00:00,467.0,-18.635429137338708,0.22309601544520524,FLAT,False,False,False,
2024-07-04T08:14:00+00:00,ETHUSDT,LONG_SPOT_SHORT_PERP,3191.82,3191.19,-1.9737955147850101,0.0001,0.0001,2024-07-04T16:00:00+00:00,466.0,-16.97379551478501,0.23498814521301337,FLAT,False,False,False,
2024-07-04T08:15:00+00:00,ETHUSDT,LONG_SPOT_SHORT_PERP,3188.01,3187.48,-1.662479101383622,0.0001,0.0001,2024-07-04T16:00:00+00:00,465.0,-16.66247910138362,0.23739925151910518,FLAT,False,False,False,
2024-07-04T08:16:00+00:00,ETHUSDT,LONG_SPOT_SHORT_PERP,3188.2,3187.05,-3.6070510005634406,0.0001,0.0001,2024-07-04T16:00:00+00:00,464.0,-18.60705100056344,0.2232858329461199,FLAT,False,False,False,
2024-07-04T08:17:00+00:00,ETHUSDT,LONG_SPOT_SHORT_PERP,3187.19,3186.03,-3.6395696522637633,0.0001,0.0001,2024-07-04T16:00:00+00:00,463.0,-18.639569652263763,0.2230683573647898,FLAT,False,False,False,
2024-07-04T08:18:00+00:00,ETHUSDT,LONG_SPOT_SHORT_PERP,3189.76,3188.81,-2.9782804975931505,0.0001,0.0001,2024-07-04T16:00:00+00:00,462.0,-17.97828049759315,0.22760755068746585,FLAT,False,False,False,
2024-07-04T08:19:00+00:00,ETHUSDT,LONG_SPOT_SHORT_PERP,3188.16,3187.29,-2.7288467329114314,0.0001,0.0001,2024-07-04T16:00:00+00:00,461.0,-17.728846732911432,0.22938462507077206,FLAT,False,False,False,
2024-07-04T08:20:00+00:00,ETHUSDT,LONG_SPOT_SHORT_PERP,3188.93,3188.14,-2.477319978801553,0.0001,0.0001,2024-07-04T16:00:00+00:00,460.0,-17.477319978801553,0.23121348606446798,FLAT,False,False,False,
2024-07-04T08:21:00+00:00,ETHUSDT,LONG_SPOT_SHORT_PERP,3188.48,3187.78,-2.195403452428173,0.0001,0.0001,2024-07-04T16:00:00+00:00,459.0,-17.195403452428174,0.2333080171297485,FLAT,False,False,False,
2024-07-04T08:22:00+00:00,ETHUSDT,LONG_SPOT_SHORT_PERP,3189.81,3188.96,-2.6647355171621796,0.0001,0.0001,2024-07-04T16:00:00+00:00,458.0,-17.66473551716218,0.229847241722619,FLAT,False,False,False,
2024-07-04T08:23:00+00:00,ETHUSDT,LONG_SPOT_SHORT_PERP,3190.73,3189.81,-2.883352712388929,0.0001,0.0001,2024-07-04T16:00:00+00:00,457.0,-17.88335271238893,0.22827960031027028,FLAT,False,False,False,
2024-07-04T08:24:00+00:00,ETHUSDT,LONG_SPOT_SHORT_PERP,3189.61,3188.99,-1.9438113123558853,0.0001,0.0001,2024-07-04T16:00:00+00:00,456.0,-16.943811312355884,0.2352177711682032,FLAT,False,False,False,
2024-07-04T08:25:00+00:00,ETHUSDT,LONG_SPOT_SHORT_PERP,3190.0,3189.21,-2.4764890282130523,0.0001,0.0001,2024-07-04T16:00:00+00:00,455.0,-17.476489028213052,0.23121958992749114,FLAT,False,False,False,
2024-07-04T08:26:00+00:00,ETHUSDT,LONG_SPOT_SHORT_PERP,3189.36,3188.53,-2.6024029899413272,0.0001,0.0001,2024-07-04T16:00:00+00:00,454.0,-17.60240298994133,0.23029933892979243,FLAT,False,False,False,
2024-07-04T08:27:00+00:00,ETHUSDT,LONG_SPOT_SHORT_PERP,3187.01,3186.33,-2.1336613314683386,0.0001,0.0001,2024-07-04T16:00:00+00:00,453.0,-17.13366133146834,0.23377311912544912,FLAT,False,False,False,
2024-07-04T08:28:00+00:00,ETHUSDT,LONG_SPOT_SHORT_PERP,3184.92,3183.77,-3.6107657335194947,0.0001,0.0001,2024-07-04T16:00:00+00:00,452.0,-18.610765733519493,0.22326096023228592,FLAT,False,False,False,
2024-07-04T08:29:00+00:00,ETHUSDT,LONG_SPOT_SHORT_PERP,3181.13,3180.4,-2.2947820428590413,0.0001,0.0001,2024-07-04T16:00:00+00:00,451.0,-17.29478204285904,0.23256423361474593,FLAT,False,False,False,
2024-07-04T08:30:00+00:00,ETHUSDT,LONG_SPOT_SHORT_PERP,3172.48,3171.85,-1.9858281218482359,0.0001,0.0001,2024-07-04T16:00:00+00:00,450.0,-16.985828121848236,0.23489615147032356,FLAT,False,False,False,
2024-07-04T08:31:00+00:00,ETHUSDT,LONG_SPOT_SHORT_PERP,3177.23,3176.25,-3.0844477736897176,0.0001,0.0001,2024-07-04T16:00:00+00:00,449.0,-18.084447773689718,0.22686208210260794,FLAT,False,False,False,
2024-07-04T08:32:00+00:00,ETHUSDT,LONG_SPOT_SHORT_PERP,3184.16,3183.76,-1.256218280487275,0.0001,0.0001,2024-07-04T16:00:00+00:00,448.0,-16.256218280487275,0.2406366419159078,FLAT,False,False,False,
2024-07-04T08:33:00+00:00,ETHUSDT,LONG_SPOT_SHORT_PERP,3177.38,3175.92,-4.594980770320316,0.0001,0.0001,2024-07-04T16:00:00+00:00,447.0,-19.594980770320316,0.21693473054850632,FLAT,False,False,False,
2024-07-04T08:34:00+00:00,ETHUSDT,LONG_SPOT_SHORT_PERP,3174.13,3173.14,-3.1189648817163644,0.0001,0.0001,2024-07-04T16:00:00+00:00,446.0,-18.118964881716366,0.2266211078612781,FLAT,False,False,False,
2024-07-04T08:35:00+00:00,ETHUSDT,LONG_SPOT_SHORT_PERP,3174.42,3173.28,-3.5912072126557693,0.0001,0.0001,2024-07-04T16:00:00+00:00,445.0,-18.591207212655767,0.2233920039855884,FLAT,False,False,False,
2024-07-04T08:36:00+00:00,ETHUSDT,LONG_SPOT_SHORT_PERP,3172.48,3171.61,-2.7423340730276973,0.0001,0.0001,2024-07-04T16:00:00+00:00,444.0,-17.7423340730277,0.22928760908920692,FLAT,False,False,False,
2024-07-04T08:37:00+00:00,ETHUSDT,LONG_SPOT_SHORT_PERP,3171.4,3170.46,-2.963990666582754,0.0001,0.0001,2024-07-04T16:00:00+00:00,443.0,-17.963990666582752,0.2277083839458125,FLAT,False,False,False,
2024-07-04T08:38:00+00:00,ETHUSDT,LONG_SPOT_SHORT_PERP,3174.99,3173.83,-3.6535548143454135,0.0001,0.0001,2024-07-04T16:00:00+00:00,442.0,-18.653554814345412,0.22297500845264262,FLAT,False,False,False,
2024-07-04T08:39:00+00:00,ETHUSDT,LONG_SPOT_SHORT_PERP,3170.72,3169.74,-3.0907806428824314,0.0001,0.0001,2024-07-04T16:00:00+00:00,441.0,-18.090780642882432,0.22681781938612444,FLAT,False,False,False,
2024-07-04T08:40:00+00:00,ETHUSDT,LONG_SPOT_SHORT_PERP,3162.8,3162.02,-2.466169217149994,0.0001,0.0001,2024-07-04T16:00:00+00:00,440.0,-17.466169217149993,0.23129542972891742,FLAT,False,False,False,
2024-07-04T08:41:00+00:00,ETHUSDT,LONG_SPOT_SHORT_PERP,3168.58,3167.51,-3.376907005660924,0.0001,0.0001,2024-07-04T16:00:00+00:00,439.0,-18.376907005660925,0.2248417921211141,FLAT,False,False,False,
2024-07-04T08:42:00+00:00,ETHUSDT,LONG_SPOT_SHORT_PERP,3168.84,3167.57,-4.007775716034832,0.0001,0.0001,2024-07-04T16:00:00+00:00,438.0,-19.007775716034832,0.22064640868866553,FLAT,False,False,False,
2024-07-04T08:43:00+00:00,ETHUSDT,LONG_SPOT_SHORT_PERP,3169.33,3168.57,-2.39798316994369,0.0001,0.0001,2024-07-04T16:00:00+00:00,437.0,-17.39798316994369,0.23179811894538693,FLAT,False,False,False,
2024-07-04T08:44:00+00:00,ETHUSDT,LONG_SPOT_SHORT_PERP,3164.64,3163.58,-3.349512108802093,0.0001,0.0001,2024-07-04T16:00:00+00:00,436.0,-18.34951210880209,0.2250289789959704,FLAT,False,False,False,
2024-07-04T08:45:00+00:00,ETHUSDT,LONG_SPOT_SHORT_PERP,3172.78,3172.02,-2.3953756642446633,0.0001,0.0001,2024-07-04T16:00:00+00:00,435.0,-17.395375664244664,0.23181739733473197,FLAT,False,False,False,
2024-07-04T08:46:00+00:00,ETHUSDT,LONG_SPOT_SHORT_PERP,3171.01,3170.42,-1.860605926818728,0.0001,0.0001,2024-07-04T16:00:00+00:00,434.0,-16.860605926818728,0.23585786680080878,FLAT,False,False,False,
2024-07-04T08:47:00+00:00,ETHUSDT,LONG_SPOT_SHORT_PERP,3159.59,3158.78,-2.5636237613106303,0.0001,0.0001,2024-07-04T16:00:00+00:00,433.0,-17.56362376131063,0.2305817599648352,FLAT,False,False,False,
2024-07-04T08:48:00+00:00,ETHUSDT,LONG_SPOT_SHORT_PERP,3154.99,3154.04,-3.011103046284832,0.0001,0.0001,2024-07-04T16:00:00+00:00,432.0,-18.01110304628483,0.2273763906319741,FLAT,False,False,False,
2024-07-04T08:49:00+00:00,ETHUSDT,LONG_SPOT_SHORT_PERP,3159.41,3158.25,-3.67157159089784,0.0001,0.0001,2024-07-04T16:00:00+00:00,431.0,-18.67157159089784,0.22285490838322747,FLAT,False,False,False,
2024-07-04T08:50:00+00:00,ETHUSDT,LONG_SPOT_SHORT_PERP,3162.79,3162.4,-1.233088507298533,0.0001,0.0001,2024-07-04T16:00:00+00:00,430.0,-16.233088507298532,0.24082409863953347,FLAT,False,False,False,
2024-07-04T08:51:00+00:00,ETHUSDT,LONG_SPOT_SHORT_PERP,3161.57,3160.76,-2.5620182377740974,0.0001,0.0001,2024-07-04T16:00:00+00:00,429.0,-17.562018237774097,0.23059347180751755,FLAT,False,False,False,
2024-07-04T08:52:00+00:00,ETHUSDT,LONG_SPOT_SHORT_PERP,3158.95,3158.12,-2.627455325345217,0.0001,0.0001,2024-07-04T16:00:00+00:00,428.0,-17.627455325345217,0.23011735966850183,FLAT,False,False,False,
2024-07-04T08:53:00+00:00,ETHUSDT,LONG_SPOT_SHORT_PERP,3156.41,3155.7,-2.2493909219652592,0.0001,0.0001,2024-07-04T16:00:00+00:00,427.0,-17.249390921965258,0.23290321833660566,FLAT,False,False,False,
2024-07-04T08:54:00+00:00,ETHUSDT,LONG_SPOT_SHORT_PERP,3157.51,3156.82,-2.1852662382702017,0.0001,0.0001,2024-07-04T16:00:00+00:00,426.0,-17.185266238270202,0.23338422229198855,FLAT,False,False,False,
2024-07-04T08:55:00+00:00,ETHUSDT,LONG_SPOT_SHORT_PERP,3169.67,3169.29,-1.1988629731174196,0.0001,0.0001,2024-07-04T16:00:00+00:00,425.0,-16.19886297311742,0.24110210783604313,FLAT,False,False,False,
2024-07-04T08:56:00+00:00,ETHUSDT,LONG_SPOT_SHORT_PERP,3165.2,3164.9,-0.9478074055343333,0.0001,0.0001,2024-07-04T16:00:00+00:00,424.0,-15.947807405534334,0.24316437028414184,FLAT,False,False,False,
2024-07-04T08:57:00+00:00,ETHUSDT,LONG_SPOT_SHORT_PERP,3167.11,3166.58,-1.6734499275370924,0.0001,0.0001,2024-07-04T16:00:00+00:00,423.0,-16.673449927537092,0.23731326386361085,FLAT,False,False,False,
2024-07-04T08:58:00+00:00,ETHUSDT,LONG_SPOT_SHORT_PERP,3167.19,3166.6,-1.8628500342579557,0.0001,0.0001,2024-07-04T16:00:00+00:00,422.0,-16.862850034257956,0.23584054711241303,FLAT,False,False,False,
2024-07-04T08:59:00+00:00,ETHUSDT,LONG_SPOT_SHORT_PERP,3168.83,3167.76,-3.3766405897435616,0.0001,0.0001,2024-07-04T16:00:00+00:00,421.0,-18.376640589743563,0.224843610483913,FLAT,False,False,False,
2024-07-04T09:00:00+00:00,ETHUSDT,LONG_SPOT_SHORT_PERP,3171.05,3170.74,-0.9775941722785833,0.0001,0.0001,2024-07-04T16:00:00+00:00,420.0,-15.977594172278582,0.24291756707078854,FLAT,False,False,False,
2024-07-04T09:01:00+00:00,ETHUSDT,LONG_SPOT_SHORT_PERP,3165.41,3164.53,-2.780050609556596,0.0001,0.0001,2024-07-04T16:00:00+00:00,419.0,-17.780050609556596,0.22901687413689772,FLAT,False,False,False,
2024-07-04T09:02:00+00:00,ETHUSDT,LONG_SPOT_SHORT_PERP,3168.18,3167.2,-3.093258590105418,0.0001,0.0001,2024-07-04T16:00:00+00:00,418.0,-18.093258590105417,0.22680050636514093,FLAT,False,False,False,
2024-07-04T09:03:00+00:00,ETHUSDT,LONG_SPOT_SHORT_PERP,3162.7,3161.93,-2.434628640085945,0.0001,0.0001,2024-07-04T16:00:00+00:00,417.0,-17.434628640085947,0.23152761260274055,FLAT,False,False,False,
2024-07-04T09:04:00+00:00,ETHUSDT,LONG_SPOT_SHORT_PERP,3156.47,3155.87,-1.900857603588531,0.0001,0.0001,2024-07-04T16:00:00+00:00,416.0,-16.90085760358853,0.23554768109085572,FLAT,False,False,False,
2024-07-04T09:05:00+00:00,ETHUSDT,LONG_SPOT_SHORT_PERP,3163.08,3162.17,-2.87694272670895,0.0001,0.0001,2024-07-04T16:00:00+00:00,415.0,-17.87694272670895,0.22832516834173266,FLAT,False,False,False,
2024-07-04T09:06:00+00:00,ETHUSDT,LONG_SPOT_SHORT_PERP,3164.99,3164.43,-1.7693578810673825,0.0001,0.0001,2024-07-04T16:00:00+00:00,414.0,-16.769357881067382,0.23656473735190559,FLAT,False,False,False,
2024-07-04T09:07:00+00:00,ETHUSDT,LONG_SPOT_SHORT_PERP,3151.09,3149.93,-3.6812658476917806,0.0001,0.0001,2024-07-04T16:00:00+00:00,413.0,-18.68126584769178,0.22279036048617729,FLAT,False,False,False,
2024-07-04T09:08:00+00:00,ETHUSDT,LONG_SPOT_SHORT_PERP,3145.61,3144.45,-3.6876790193326863,0.0001,0.0001,2024-07-04T16:00:00+00:00,412.0,-18.687679019332688,0.2227476877414437,FLAT,False,False,False,
2024-07-04T09:09:00+00:00,ETHUSDT,LONG_SPOT_SHORT_PERP,3145.1,3144.4,-2.225684397951792,0.0001,0.0001,2024-07-04T16:00:00+00:00,411.0,-17.22568439795179,0.23308075369600717,FLAT,False,False,False,
2024-07-04T09:10:00+00:00,ETHUSDT,LONG_SPOT_SHORT_PERP,3145.0,3143.96,-3.306836248012603,0.0001,0.0001,2024-07-04T16:00:00+00:00,410.0,-18.3068362480126,0.2253214218216227,FLAT,False,False,False,
2024-07-04T09:11:00+00:00,ETHUSDT,LONG_SPOT_SHORT_PERP,3138.69,3137.6,-3.4727864172637166,0.0001,0.0001,2024-07-04T16:00:00+00:00,409.0,-18.472786417263716,0.22418997514302302,FLAT,False,False,False,
2024-07-04T09:12:00+00:00,ETHUSDT,LONG_SPOT_SHORT_PERP,3141.94,3141.08,-2.737162390116066,0.0001,0.0001,2024-07-04T16:00:00+00:00,408.0,-17.737162390116065,0.22932479701687702,FLAT,False,False,False,
2024-07-04T09:13:00+00:00,ETHUSDT,LONG_SPOT_SHORT_PERP,3149.8,3149.36,-1.3969140897836514,0.0001,0.0001,2024-07-04T16:00:00+00:00,407.0,-16.39691408978365,0.23950368977233594,FLAT,False,False,False,
2024-07-04T09:14:00+00:00,ETHUSDT,LONG_SPOT_SHORT_PERP,3156.8,3156.34,-1.4571718195642307,0.0001,0.0001,2024-07-04T16:00:00+00:00,406.0,-16.45717181956423,0.2390222977511718,FLAT,False,False,False,
2024-07-04T09:15:00+00:00,ETHUSDT,LONG_SPOT_SHORT_PERP,3148.33,3147.65,-2.159875235441762,0.0001,0.0001,2024-07-04T16:00:00+00:00,405.0,-17.159875235441763,0.23357536852325814,FLAT,False,False,False,
2024-07-04T09:16:00+00:00,ETHUSDT,LONG_SPOT_SHORT_PERP,3151.9,3151.4,-1.5863447444398615,0.0001,0.0001,2024-07-04T16:00:00+00:00,404.0,-16.586344744439863,0.23799804882872996,FLAT,False,False,False,
2024-07-04T09:17:00+00:00,ETHUSDT,LONG_SPOT_SHORT_PERP,3149.82,3149.29,-1.6826358331593552,0.0001,0.0001,2024-07-04T16:00:00+00:00,403.0,-16.682635833159356,0.23724132377332935,FLAT,False,False,False,
2024-07-04T09:18:00+00:00,ETHUSDT,LONG_SPOT_SHORT_PERP,3147.93,3147.31,-1.969548242813185,0.0001,0.0001,2024-07-04T16:00:00+00:00,402.0,-16.969548242813186,0.23502063833547637,FLAT,False,False,False,
2024-07-04T09:19:00+00:00,ETHUSDT,LONG_SPOT_SHORT_PERP,3136.39,3135.59,-2.5507031969867495,0.0001,0.0001,2024-07-04T16:00:00+00:00,401.0,-17.55070319698675,0.23067605507057534,FLAT,False,False,False,
2024-07-04T09:20:00+00:00,ETHUSDT,LONG_SPOT_SHORT_PERP,3139.82,3139.0,-2.611614678548973,0.0001,0.0001,2024-07-04T16:00:00+00:00,400.0,-17.611614678548975,0.2302323825573907,FLAT,False,False,False,
2024-07-04T09:21:00+00:00,ETHUSDT,LONG_SPOT_SHORT_PERP,3137.18,3136.23,-3.0281972982099155,0.0001,0.0001,2024-07-04T16:00:00+00:00,399.0,-18.028197298209914,0.2272562461024879,FLAT,False,False,False,
2024-07-04T09:22:00+00:00,ETHUSDT,LONG_SPOT_SHORT_PERP,3131.32,3130.16,-3.70450800301569,0.0001,0.0001,2024-07-04T16:00:00+00:00,398.0,-18.70450800301569,0.2226358167984459,FLAT,False,False,False,
2024-07-04T09:23:00+00:00,ETHUSDT,LONG_SPOT_SHORT_PERP,3156.83,3156.12,-2.2490916520688047,0.0001,0.0001,2024-07-04T16:00:00+00:00,397.0,-17.249091652068806,0.2329054574231991,FLAT,False,False,False,
2024-07-04T09:24:00+00:00,ETHUSDT,LONG_SPOT_SHORT_PERP,3153.89,3153.59,-0.9512062881068368,0.0001,0.0001,2024-07-04T16:00:00+00:00,396.0,-15.951206288106837,0.24313617924856384,FLAT,False,False,False,
2024-07-04T09:25:00+00:00,ETHUSDT,LONG_SPOT_SHORT_PERP,3155.36,3154.78,-1.8381420820442904,0.0001,0.0001,2024-07-04T16:00:00+00:00,395.0,-16.83814208204429,0.23603141041917505,FLAT,False,False,False,
2024-07-04T09:26:00+00:00,ETHUSDT,LONG_SPOT_SHORT_PERP,3155.36,3154.99,-1.1726078799260484,0.0001,0.0001,2024-07-04T16:00:00+00:00,394.0,-16.172607879926048,0.24131588155063127,FLAT,False,False,False,
2024-07-04T09:27:00+00:00,ETHUSDT,LONG_SPOT_SHORT_PERP,3157.19,3156.67,-1.6470342298055605,0.0001,0.0001,2024-07-04T16:00:00+00:00,393.0,-16.64703422980556,0.23752043313055146,FLAT,False,False,False,
2024-07-04T09:28:00+00:00,ETHUSDT,LONG_SPOT_SHORT_PERP,3156.11,3155.5,-1.9327589976272288,0.0001,0.0001,2024-07-04T16:00:00+00:00,392.0,-16.93275899762723,0.23530255131228886,FLAT,False,False,False,
2024-07-04T09:29:00+00:00,ETHUSDT,LONG_SPOT_SHORT_PERP,3160.36,3159.43,-2.942702730069647,0.0001,0.0001,2024-07-04T16:00:00+00:00,391.0,-17.942702730069648,0.22785881641310854,FLAT,False,False,False,
2024-07-04T09:30:00+00:00,ETHUSDT,LONG_SPOT_SHORT_PERP,3164.82,3164.17,-2.053829285710059,0.0001,0.0001,2024-07-04T16:00:00+00:00,390.0,-17.05382928571006,0.23437791964096583,FLAT,False,False,False,
2024-07-04T09:31:00+00:00,ETHUSDT,LONG_SPOT_SHORT_PERP,3167.84,3167.35,-1.5467952926922963,0.0001,0.0001,2024-07-04T16:00:00+00:00,389.0,-16.546795292692295,0.2383105355889975,FLAT,False,False,False,
2024-07-04T09:32:00+00:00,ETHUSDT,LONG_SPOT_SHORT_PERP,3167.8,3166.76,-3.283035545173191,0.0001,0.0001,2024-07-04T16:00:00+00:00,388.0,-18.283035545173192,0.22548496639791982,FLAT,False,False,False,
2024-07-04T09:33:00+00:00,ETHUSDT,LONG_SPOT_SHORT_PERP,3164.5,3163.99,-1.6116290093228576,0.0001,0.0001,2024-07-04T16:00:00+00:00,387.0,-16.611629009322858,0.23779878651944392,FLAT,False,False,False,
2024-07-04T09:34:00+00:00,ETHUSDT,LONG_SPOT_SHORT_PERP,3167.17,3166.33,-2.6522100171451024,0.0001,0.0001,2024-07-04T16:00:00+00:00,386.0,-17.6522100171451,0.22993790550364643,FLAT,False,False,False,
2024-07-04T09:35:00+00:00,ETHUSDT,LONG_SPOT_SHORT_PERP,3164.78,3163.99,-2.496224066129141,0.0001,0.0001,2024-07-04T16:00:00+00:00,385.0,-17.49622406612914,0.23107473425961855,FLAT,False,False,False,
2024-07-04T09:36:00+00:00,ETHUSDT,LONG_SPOT_SHORT_PERP,3166.21,3165.81,-1.2633400816752236,0.0001,0.0001,2024-07-04T16:00:00+00:00,384.0,-16.263340081675224,0.24057899146677486,FLAT,False,False,False,
2024-07-04T09:37:00+00:00,ETHUSDT,LONG_SPOT_SHORT_PERP,3162.59,3162.03,-1.7707005966626892,0.0001,0.0001,2024-07-04T16:00:00+00:00,383.0,-16.77070059666269,0.23655429844268255,FLAT,False,False,False,
2024-07-04T09:38:00+00:00,ETHUSDT,LONG_SPOT_SHORT_PERP,3163.59,3162.99,-1.8965795188389258,0.0001,0.0001,2024-07-04T16:00:00+00:00,382.0,-16.896579518838927,0.23558060135416212,FLAT,False,False,False,
2024-07-04T09:39:00+00:00,ETHUSDT,LONG_SPOT_SHORT_PERP,3166.19,3165.64,-1.737103585066537,0.0001,0.0001,2024-07-04T16:00:00+00:00,381.0,-16.73710358506654,0.23681583323392724,FLAT,False,False,False,
2024-07-04T09:40:00+00:00,ETHUSDT,LONG_SPOT_SHORT_PERP,3168.43,3167.69,-2.3355415773735944,0.0001,0.0001,2024-07-04T16:00:00+00:00,380.0,-17.335541577373593,0.23226089260652677,FLAT,False,False,False,
2024-07-04T09:41:00+00:00,ETHUSDT,LONG_SPOT_SHORT_PERP,3170.8,3169.8,-3.1537782263151253,0.0001,0.0001,2024-07-04T16:00:00+00:00,379.0,-18.153778226315126,0.2263787551430243,FLAT,False,False,False,
2024-07-04T09:42:00+00:00,ETHUSDT,LONG_SPOT_SHORT_PERP,3169.38,3168.72,-2.0824262158539186,0.0001,0.0001,2024-07-04T16:00:00+00:00,378.0,-17.082426215853918,0.2341608265245646,FLAT,False,False,False,
2024-07-04T09:43:00+00:00,ETHUSDT,LONG_SPOT_SHORT_PERP,3167.18,3166.03,-3.6309903447219174,0.0001,0.0001,2024-07-04T16:00:00+00:00,377.0,-18.630990344721916,0.22312567651367876,FLAT,False,False,False,
2024-07-04T09:44:00+00:00,ETHUSDT,LONG_SPOT_SHORT_PERP,3168.96,3167.97,-3.1240533171773595,0.0001,0.0001,2024-07-04T16:00:00+00:00,376.0,-18.12405331717736,0.2265856415915095,FLAT,False,False,False,
2024-07-04T09:45:00+00:00,ETHUSDT,LONG_SPOT_SHORT_PERP,3171.47,3170.41,-3.342298681683716,0.0001,0.0001,2024-07-04T16:00:00+00:00,375.0,-18.342298681683715,0.22507833797947643,FLAT,False,False,False,
2024-07-04T09:46:00+00:00,ETHUSDT,LONG_SPOT_SHORT_PERP,3167.03,3165.9,-3.5680116702402853,0.0001,0.0001,2024-07-04T16:00:00+00:00,374.0,-18.568011670240285,0.22354769119032192,FLAT,False,False,False,
2024-07-04T09:47:00+00:00,ETHUSDT,LONG_SPOT_SHORT_PERP,3165.14,3164.28,-2.717099401605214,0.0001,0.0001,2024-07-04T16:00:00+00:00,373.0,-17.717099401605214,0.2294692117160486,FLAT,False,False,False,
2024-07-04T09:48:00+00:00,ETHUSDT,LONG_SPOT_SHORT_PERP,3163.95,3163.12,-2.623303149543853,0.0001,0.0001,2024-07-04T16:00:00+00:00,372.0,-17.62330314954385,0.2301474953577733,FLAT,False,False,False,
2024-07-04T09:49:00+00:00,ETHUSDT,LONG_SPOT_SHORT_PERP,3164.4,3163.54,-2.7177347996464647,0.0001,0.0001,2024-07-04T16:00:00+00:00,371.0,-17.717734799646465,0.22946463446608234,FLAT,False,False,False,
2024-07-04T09:50:00+00:00,ETHUSDT,LONG_SPOT_SHORT_PERP,3162.81,3162.3,-1.6124901590666638,0.0001,0.0001,2024-07-04T16:00:00+00:00,370.0,-16.612490159066663,0.23779200693516725,FLAT,False,False,False,
2024-07-04T09:51:00+00:00,ETHUSDT,LONG_SPOT_SHORT_PERP,3162.4,3161.79,-1.9289147482928388,0.0001,0.0001,2024-07-04T16:00:00+00:00,369.0,-16.92891474829284,0.2353320573576554,FLAT,False,False,False,
2024-07-04T09:52:00+00:00,ETHUSDT,LONG_SPOT_SHORT_PERP,3162.39,3161.96,-1.3597310894603016,0.0001,0.0001,2024-07-04T16:00:00+00:00,368.0,-16.3597310894603,0.23980188514587158,FLAT,False,False,False,
2024-07-04T09:53:00+00:00,ETHUSDT,LONG_SPOT_SHORT_PERP,3162.75,3162.0,-2.3713540431586435,0.0001,0.0001,2024-07-04T16:00:00+00:00,367.0,-17.371354043158643,0.23199519035752492,FLAT,False,False,False,
2024-07-04T09:54:00+00:00,ETHUSDT,LONG_SPOT_SHORT_PERP,3164.04,3163.16,-2.78125434571026,0.0001,0.0001,2024-07-04T16:00:00+00:00,366.0,-17.78125434571026,0.22900824721595797,FLAT,False,False,False,
2024-07-04T09:55:00+00:00,ETHUSDT,LONG_SPOT_SHORT_PERP,3164.32,3163.56,-2.4017798452755037,0.0001,0.0001,2024-07-04T16:00:00+00:00,365.0,-17.401779845275502,0.23177005578092114,FLAT,False,False,False,
2024-07-04T09:56:00+00:00,ETHUSDT,LONG_SPOT_SHORT_PERP,3162.8,3161.7,-3.47793094726307,0.0001,0.0001,2024-07-04T16:00:00+00:00,364.0,-18.47793094726307,0.22415514661017155,FLAT,False,False,False,
2024-07-04T09:57:00+00:00,ETHUSDT,LONG_SPOT_SHORT_PERP,3163.99,3162.83,-3.666256846576173,0.0001,0.0001,2024-07-04T16:00:00+00:00,363.0,-18.66625684657617,0.22289031790003735,FLAT,False,False,False,
2024-07-04T09:58:00+00:00,ETHUSDT,LONG_SPOT_SHORT_PERP,3163.63,3162.9,-2.307475905842397,0.0001,0.0001,2024-07-04T16:00:00+00:00,362.0,-17.307475905842395,0.2324696563447238,FLAT,False,False,False,
2024-07-04T09:59:00+00:00,ETHUSDT,LONG_SPOT_SHORT_PERP,3163.17,3162.18,-3.1297717163485888,0.0001,0.0001,2024-07-04T16:00:00+00:00,361.0,-18.12977171634859,0.2265458021418464,FLAT,False,False,False,
2024-07-04T10:00:00+00:00,ETHUSDT,LONG_SPOT_SHORT_PERP,3165.0,3164.11,-2.8120063191149214,0.0001,0.0001,2024-07-04T16:00:00+00:00,360.0,-17.81200631911492,0.22878814085604043,FLAT,False,False,False,
2024-07-04T10:01:00+00:00,ETHUSDT,LONG_SPOT_SHORT_PERP,3161.41,3160.49,-2.910093913791861,0.0001,0.0001,2024-07-04T16:00:00+00:00,359.0,-17.91009391379186,0.22808975632392786,FLAT,False,False,False,
2024-07-04T10:02:00+00:00,ETHUSDT,LONG_SPOT_SHORT_PERP,3157.8,3157.09,-2.248400785357009,0.0001,0.0001,2024-07-04T16:00:00+00:00,358.0,-17.24840078535701,0.23291062657671335,FLAT,False,False,False,
2024-07-04T10:03:00+00:00,ETHUSDT,LONG_SPOT_SHORT_PERP,3154.47,3153.65,-2.599485809025633,0.0001,0.0001,2024-07-04T16:00:00+00:00,357.0,-17.599485809025634,0.23032055327564221,FLAT,False,False,False,
2024-07-04T10:04:00+00:00,ETHUSDT,LONG_SPOT_SHORT_PERP,3152.36,3151.62,-2.347447626540866,0.0001,0.0001,2024-07-04T16:00:00+00:00,356.0,-17.347447626540866,0.2321724732540034,FLAT,False,False,False,
2024-07-04T10:05:00+00:00,ETHUSDT,LONG_SPOT_SHORT_PERP,3152.0,3150.86,-3.616751269035129,0.0001,0.0001,2024-07-04T16:00:00+00:00,355.0,-18.616751269035127,0.22322089900427458,FLAT,False,False,False,
2024-07-04T10:06:00+00:00,ETHUSDT,LONG_SPOT_SHORT_PERP,3146.75,3145.72,-3.273218399937078,0.0001,0.0001,2024-07-04T16:00:00+00:00,354.0,-18.27321839993708,0.2255525174197396,FLAT,False,False,False,
2024-07-04T10:07:00+00:00,ETHUSDT,LONG_SPOT_SHORT_PERP,3147.6,3146.62,-3.113483288855058,0.0001,0.0001,2024-07-04T16:00:00+00:00,353.0,-18.113483288855058,0.2266593309838954,FLAT,False,False,False,
2024-07-04T10:08:00+00:00,ETHUSDT,LONG_SPOT_SHORT_PERP,3145.6,3144.85,-2.3842828077314344,0.0001,0.0001,2024-07-04T16:00:00+00:00,352.0,-17.384282807731434,0.23189945687936867,FLAT,False,False,False,
2024-07-04T10:09:00+00:00,ETHUSDT,LONG_SPOT_SHORT_PERP,3147.68,3146.77,-2.8910181466980585,0.0001,0.0001,2024-07-04T16:00:00+00:00,351.0,-17.89101814669806,0.22822513868141325,FLAT,False,False,False,
2024-07-04T10:10:00+00:00,ETHUSDT,LONG_SPOT_SHORT_PERP,3146.51,3145.27,-3.9408741748802205,0.0001,0.0001,2024-07-04T16:00:00+00:00,350.0,-18.94087417488022,0.2210809721001314,FLAT,False,False,False,
2024-07-04T10:11:00+00:00,ETHUSDT,LONG_SPOT_SHORT_PERP,3147.41,3146.32,-3.4631649514988223,0.0001,0.0001,2024-07-04T16:00:00+00:00,349.0,-18.463164951498822,0.22425515229551596,FLAT,False,False,False,
2024-07-04T10:12:00+00:00,ETHUSDT,LONG_SPOT_SHORT_PERP,3149.54,3148.28,-4.000584212296918,0.0001,0.0001,2024-07-04T16:00:00+00:00,348.0,-19.000584212296918,0.22069300543785175,FLAT,False,False,False,
2024-07-04T10:13:00+00:00,ETHUSDT,LONG_SPOT_SHORT_PERP,3143.76,3142.56,-3.8170852736858816,0.0001,0.0001,2024-07-04T16:00:00+00:00,347.0,-18.817085273685883,0.22189146112223662,FLAT,False,False,False,
2024-07-04T10:14:00+00:00,ETHUSDT,LONG_SPOT_SHORT_PERP,3147.01,3145.92,-3.4636051363044458,0.0001,0.0001,2024-07-04T16:00:00+00:00,346.0,-18.463605136304444,0.22425216929226816,FLAT,False,False,False,
2024-07-04T10:15:00+00:00,ETHUSDT,LONG_SPOT_SHORT_PERP,3145.61,3144.2,-4.482437428671416,0.0001,0.0001,2024-07-04T16:00:00+00:00,345.0,-19.482437428671417,0.21763201440463834,FLAT,False,False,False,
2024-07-04T10:16:00+00:00,ETHUSDT,LONG_SPOT_SHORT_PERP,3148.75,3147.81,-2.9853116316000143,0.0001,0.0001,2024-07-04T16:00:00+00:00,344.0,-17.985311631600013,0.22755798014775808,FLAT,False,False,False,
2024-07-04T10:17:00+00:00,ETHUSDT,LONG_SPOT_SHORT_PERP,3142.42,3141.24,-3.755067750333472,0.0001,0.0001,2024-07-04T16:00:00+00:00,343.0,-18.755067750333474,0.22230065763558124,FLAT,False,False,False,
2024-07-04T10:18:00+00:00,ETHUSDT,LONG_SPOT_SHORT_PERP,3139.24,3138.45,-2.516532663956766,0.0001,0.0001,2024-07-04T16:00:00+00:00,342.0,-17.516532663956767,0.23092590997391615,FLAT,False,False,False,
2024-07-04T10:19:00+00:00,ETHUSDT,LONG_SPOT_SHORT_PERP,3138.64,3137.43,-3.8551729411466,0.0001,0.0001,2024-07-04T16:00:00+00:00,341.0,-18.8551729411466,0.22164119860921971,FLAT,False,False,False,
2024-07-04T10:20:00+00:00,ETHUSDT,LONG_SPOT_SHORT_PERP,3140.06,3138.57,-4.745132258618567,0.0001,0.0001,2024-07-04T16:00:00+00:00,340.0,-19.74513225861857,0.21601467563357335,FLAT,False,False,False,
2024-07-04T10:21:00+00:00,ETHUSDT,LONG_SPOT_SHORT_PERP,3141.5,3140.32,-3.756167435937725,0.0001,0.0001,2024-07-04T16:00:00+00:00,339.0,-18.756167435937726,0.22229338346005484,FLAT,False,False,False,
2024-07-04T10:22:00+00:00,ETHUSDT,LONG_SPOT_SHORT_PERP,3141.18,3139.99,-3.7883852564961407,0.0001,0.0001,2024-07-04T16:00:00+00:00,338.0,-18.78838525649614,0.22208056416880162,FLAT,False,False,False,
2024-07-04T10:23:00+00:00,ETHUSDT,LONG_SPOT_SHORT_PERP,3134.43,3132.82,-5.136500097305324,0.0001,0.0001,2024-07-04T16:00:00+00:00,337.0,-20.136500097305323,0.21367076853448036,FLAT,False,False,False,
2024-07-04T10:24:00+00:00,ETHUSDT,LONG_SPOT_SHORT_PERP,3142.25,3141.64,-1.9412841117038024,0.0001,0.0001,2024-07-04T16:00:00+00:00,336.0,-16.9412841117038,0.23523715022483932,FLAT,False,False,False,
2024-07-04T10:25:00+00:00,ETHUSDT,LONG_SPOT_SHORT_PERP,3138.0,3137.4,-1.9120458891010486,0.0001,0.0001,2024-07-04T16:00:00+00:00,335.0,-16.912045889101048,0.23546163934584535,FLAT,False,False,False,
2024-07-04T10:26:00+00:00,ETHUSDT,LONG_SPOT_SHORT_PERP,3142.57,3142.12,-1.4319490098876804,0.0001,0.0001,2024-07-04T16:00:00+00:00,334.0,-16.43194900988768,0.23922352103645378,FLAT,False,False,False,
2024-07-04T10:27:00+00:00,ETHUSDT,LONG_SPOT_SHORT_PERP,3147.6,3146.99,-1.9379844961244357,0.0001,0.0001,2024-07-04T16:00:00+00:00,333.0,-16.937984496124436,0.23526245820025987,FLAT,False,False,False,
2024-07-04T10:28:00+00:00,ETHUSDT,LONG_SPOT_SHORT_PERP,3147.77,3146.83,-2.9862410531902097,0.0001,0.0001,2024-07-04T16:00:00+00:00,332.0,-17.98624105319021,0.2275514297192217,FLAT,False,False,False,
2024-07-04T10:29:00+00:00,ETHUSDT,LONG_SPOT_SHORT_PERP,3147.1,3146.18,-2.923326236853207,0.0001,0.0001,2024-07-04T16:00:00+00:00,331.0,-17.923326236853207,0.22799596913894604,FLAT,False,False,False,
2024-07-04T10:30:00+00:00,ETHUSDT,LONG_SPOT_SHORT_PERP,3143.84,3143.08,-2.4174258231978034,0.0001,0.0001,2024-07-04T16:00:00+00:00,330.0,-17.417425823197803,0.2316544991343707,FLAT,False,False,False,
2024-07-04T10:31:00+00:00,ETHUSDT,LONG_SPOT_SHORT_PERP,3143.04,3142.03,-3.213449399306924,0.0001,0.0001,2024-07-04T16:00:00+00:00,329.0,-18.213449399306924,0.2259649615644027,FLAT,False,False,False,
2024-07-04T10:32:00+00:00,ETHUSDT,LONG_SPOT_SHORT_PERP,3140.19,3139.17,-3.248211095506902,0.0001,0.0001,2024-07-04T16:00:00+00:00,328.0,-18.248211095506903,0.2257248372916189,FLAT,False,False,False,
2024-07-04T10:33:00+00:00,ETHUSDT,LONG_SPOT_SHORT_PERP,3143.57,3142.52,-3.3401514838231114,0.0001,0.0001,2024-07-04T16:00:00+00:00,327.0,-18.34015148382311,0.22509303617365217,FLAT,False,False,False,
2024-07-04T10:34:00+00:00,ETHUSDT,LONG_SPOT_SHORT_PERP,3141.81,3140.38,-4.5515164825366154,0.0001,0.0001,2024-07-04T16:00:00+00:00,326.0,-19.551516482536616,0.21720323923373402,FLAT,False,False,False,
2024-07-04T10:35:00+00:00,ETHUSDT,LONG_SPOT_SHORT_PERP,3142.61,3141.38,-3.9139441419712218,0.0001,0.0001,2024-07-04T16:00:00+00:00,325.0,-18.91394414197122,0.22125658265498133,FLAT,False,False,False,
2024-07-04T10:36:00+00:00,ETHUSDT,LONG_SPOT_SHORT_PERP,3141.4,3140.18,-3.883618768702663,0.0001,0.0001,2024-07-04T16:00:00+00:00,324.0,-18.883618768702664,0.2214548059639746,FLAT,False,False,False,
2024-07-04T10:37:00+00:00,ETHUSDT,LONG_SPOT_SHORT_PERP,3143.7,3142.84,-2.735629990137967,0.0001,0.0001,2024-07-04T16:00:00+00:00,323.0,-17.735629990137966,0.2293358190225745,FLAT,False,False,False,
2024-07-04T10:38:00+00:00,ETHUSDT,LONG_SPOT_SHORT_PERP,3149.49,3148.65,-2.6670984826104887,0.0001,0.0001,2024-07-04T16:00:00+00:00,322.0,-17.667098482610488,0.22983014812139732,FLAT,False,False,False,
2024-07-04T10:39:00+00:00,ETHUSDT,LONG_SPOT_SHORT_PERP,3146.8,3145.65,-3.6545061649932973,0.0001,0.0001,2024-07-04T16:00:00+00:00,321.0,-18.654506164993297,0.22296866225311124,FLAT,False,False,False,
2024-07-04T10:40:00+00:00,ETHUSDT,LONG_SPOT_SHORT_PERP,3147.36,3146.42,-2.986630064562219,0.0001,0.0001,2024-07-04T16:00:00+00:00,320.0,-17.98663006456222,0.227548688171259,FLAT,False,False,False,
2024-07-04T10:41:00+00:00,ETHUSDT,LONG_SPOT_SHORT_PERP,3147.81,3146.94,-2.763826279222351,0.0001,0.0001,2024-07-04T16:00:00+00:00,319.0,-17.76382627922235,0.22913323297535998,FLAT,False,False,False,
2024-07-04T10:42:00+00:00,ETHUSDT,LONG_SPOT_SHORT_PERP,3150.88,3149.98,-2.8563448941251046,0.0001,0.0001,2024-07-04T16:00:00+00:00,318.0,-17.856344894125105,0.22847175792709729,FLAT,False,False,False,
2024-07-04T10:43:00+00:00,ETHUSDT,LONG_SPOT_SHORT_PERP,3156.64,3156.47,-0.538547316133841,0.0001,0.0001,2024-07-04T16:00:00+00:00,317.0,-15.53854731613384,0.24661394200897976,FLAT,False,False,False,
2024-07-04T10:44:00+00:00,ETHUSDT,LONG_SPOT_SHORT_PERP,3158.22,3157.42,-2.5330724268725016,0.0001,0.0001,2024-07-04T16:00:00+00:00,316.0,-17.5330724268725,0.2308048849000291,FLAT,False,False,False,
2024-07-04T10:45:00+00:00,ETHUSDT,LONG_SPOT_SHORT_PERP,3161.3,3160.46,-2.65713472305743,0.0001,0.0001,2024-07-04T16:00:00+00:00,315.0,-17.657134723057432,0.22990224782541996,FLAT,False,False,False,
2024-07-04T10:46:00+00:00,ETHUSDT,LONG_SPOT_SHORT_PERP,3160.33,3159.31,-3.227511051061066,0.0001,0.0001,2024-07-04T16:00:00+00:00,314.0,-18.227511051061065,0.22586774492842354,FLAT,False,False,False,
2024-07-04T10:47:00+00:00,ETHUSDT,LONG_SPOT_SHORT_PERP,3159.2,3158.15,-3.3236262344888807,0.0001,0.0001,2024-07-04T16:00:00+00:00,313.0,-18.32362623448888,0.22520624329897565,FLAT,False,False,False,
2024-07-04T10:48:00+00:00,ETHUSDT,LONG_SPOT_SHORT_PERP,3161.37,3160.38,-3.131553725124809,0.0001,0.0001,2024-07-04T16:00:00+00:00,312.0,-18.13155372512481,0.22653339090207353,FLAT,False,False,False,
2024-07-04T10:49:00+00:00,ETHUSDT,LONG_SPOT_SHORT_PERP,3161.2,3160.37,-2.6255852208019967,0.0001,0.0001,2024-07-04T16:00:00+00:00,311.0,-17.625585220801998,0.23013093126904813,FLAT,False,False,False,
2024-07-04T10:50:00+00:00,ETHUSDT,LONG_SPOT_SHORT_PERP,3164.96,3164.1,-2.7172539305398087,0.0001,0.0001,2024-07-04T16:00:00+00:00,310.0,-17.71725393053981,0.2294680985061529,FLAT,False,False,False,
2024-07-04T10:51:00+00:00,ETHUSDT,LONG_SPOT_SHORT_PERP,3162.88,3162.3,-1.833771752326763,0.0001,0.0001,2024-07-04T16:00:00+00:00,309.0,-16.83377175232676,0.23606520939288375,FLAT,False,False,False,
2024-07-04T10:52:00+00:00,ETHUSDT,LONG_SPOT_SHORT_PERP,3164.43,3163.76,-2.1172849454708054,0.0001,0.0001,2024-07-04T16:00:00+00:00,308.0,-17.117284945470807,0.23389686955656003,FLAT,False,False,False,
2024-07-04T10:53:00+00:00,ETHUSDT,LONG_SPOT_SHORT_PERP,3165.06,3164.16,-2.843547989611859,0.0001,0.0001,2024-07-04T16:00:00+00:00,307.0,-17.84354798961186,0.22856295434644086,FLAT,False,False,False,
2024-07-04T10:54:00+00:00,ETHUSDT,LONG_SPOT_SHORT_PERP,3163.12,3162.31,-2.560762791168041,0.0001,0.0001,2024-07-04T16:00:00+00:00,306.0,-17.56076279116804,0.23060263099913336,FLAT,False,False,False,
2024-07-04T10:55:00+00:00,ETHUSDT,LONG_SPOT_SHORT_PERP,3164.8,3164.15,-2.053842264914342,0.0001,0.0001,2024-07-04T16:00:00+00:00,305.0,-17.05384226491434,0.23437782099662396,FLAT,False,False,False,
2024-07-04T10:56:00+00:00,ETHUSDT,LONG_SPOT_SHORT_PERP,3165.43,3164.87,-1.769111937398538,0.0001,0.0001,2024-07-04T16:00:00+00:00,304.0,-16.769111937398538,0.2365666495558335,FLAT,False,False,False,
2024-07-04T10:57:00+00:00,ETHUSDT,LONG_SPOT_SHORT_PERP,3166.66,3165.89,-2.4315840664927144,0.0001,0.0001,2024-07-04T16:00:00+00:00,303.0,-17.431584066492714,0.23155005627780073,FLAT,False,False,False,
2024-07-04T10:58:00+00:00,ETHUSDT,LONG_SPOT_SHORT_PERP,3168.42,3167.42,-3.15614722795589,0.0001,0.0001,2024-07-04T16:00:00+00:00,302.0,-18.15614722795589,0.2263622884950225,FLAT,False,False,False,
2024-07-04T10:59:00+00:00,ETHUSDT,LONG_SPOT_SHORT_PERP,3169.83,3169.4,-1.356539625152883,0.0001,0.0001,2024-07-04T16:00:00+00:00,301.0,-16.356539625152884,0.23982752042001138,FLAT,False,False,False,
2024-07-04T11:00:00+00:00,ETHUSDT,LONG_SPOT_SHORT_PERP,3169.94,3169.38,-1.7665949513238275,0.0001,0.0001,2024-07-04T16:00:00+00:00,300.0,-16.766594951323828,0.23658622119260858,FLAT,False,False,False,
2024-07-04T11:01:00+00:00,ETHUSDT,LONG_SPOT_SHORT_PERP,3170.06,3169.38,-2.1450698094037217,0.0001,0.0001,2024-07-04T16:00:00+00:00,299.0,-17.145069809403722,0.23368700548516855,FLAT,False,False,False,
2024-07-04T11:02:00+00:00,ETHUSDT,LONG_SPOT_SHORT_PERP,3170.0,3169.2,-2.5236593059942645,0.0001,0.0001,2024-07-04T16:00:00+00:00,298.0,-17.523659305994265,0.23087374289668572,FLAT,False,False,False,
2024-07-04T11:03:00+00:00,ETHUSDT,LONG_SPOT_SHORT_PERP,3168.71,3167.78,-2.934948291259965,0.0001,0.0001,2024-07-04T16:00:00+00:00,297.0,-17.934948291259964,0.22791367864856948,FLAT,False,False,False,
2024-07-04T11:04:00+00:00,ETHUSDT,LONG_SPOT_SHORT_PERP,3166.68,3166.15,-1.6736771634637708,0.0001,0.0001,2024-07-04T16:00:00+00:00,296.0,-16.673677163463772,0.23731148361536733,FLAT,False,False,False,
2024-07-04T11:05:00+00:00,ETHUSDT,LONG_SPOT_SHORT_PERP,3167.59,3167.21,-1.1996502072557027,0.0001,0.0001,2024-07-04T16:00:00+00:00,295.0,-16.199650207255704,0.2410957048385032,FLAT,False,False,False,
2024-07-04T11:06:00+00:00,ETHUSDT,LONG_SPOT_SHORT_PERP,3169.39,3168.73,-2.0824196454202686,0.0001,0.0001,2024-07-04T16:00:00+00:00,294.0,-17.08241964542027,0.23416087634675212,FLAT,False,False,False,
2024-07-04T11:07:00+00:00,ETHUSDT,LONG_SPOT_SHORT_PERP,3173.8,3172.71,-3.434368895330977,0.0001,0.0001,2024-07-04T16:00:00+00:00,293.0,-18.434368895330977,0.22445053028360834,FLAT,False,False,False,
2024-07-04T11:08:00+00:00,ETHUSDT,LONG_SPOT_SHORT_PERP,3175.99,3175.31,-2.1410646758958194,0.0001,0.0001,2024-07-04T16:00:00+00:00,292.0,-17.14106467589582,0.23371722810684323,FLAT,False,False,False,
2024-07-04T11:09:00+00:00,ETHUSDT,LONG_SPOT_SHORT_PERP,3174.73,3174.29,-1.3859446315121429,0.0001,0.0001,2024-07-04T16:00:00+00:00,291.0,-16.385944631512142,0.23959157023553945,FLAT,False,False,False,
2024-07-04T11:10:00+00:00,ETHUSDT,LONG_SPOT_SHORT_PERP,3176.03,3175.03,-3.1485848685308384,0.0001,0.0001,2024-07-04T16:00:00+00:00,290.0,-18.14858486853084,0.2264148647520866,FLAT,False,False,False,
2024-07-04T11:11:00+00:00,ETHUSDT,LONG_SPOT_SHORT_PERP,3174.05,3173.52,-1.6697909610755974,0.0001,0.0001,2024-07-04T16:00:00+00:00,289.0,-16.6697909610756,0.23734193395317094,FLAT,False,False,False,
2024-07-04T11:12:00+00:00,ETHUSDT,LONG_SPOT_SHORT_PERP,3172.04,3171.71,-1.040339970491946,0.0001,0.0001,2024-07-04T16:00:00+00:00,288.0,-16.040339970491946,0.2423995524951641,FLAT,False,False,False,
2024-07-04T11:13:00+00:00,ETHUSDT,LONG_SPOT_SHORT_PERP,3170.63,3169.8,-2.617776277900377,0.0001,0.0001,2024-07-04T16:00:00+00:00,287.0,-17.617776277900376,0.23018762407865972,FLAT,False,False,False,
2024-07-04T11:14:00+00:00,ETHUSDT,LONG_SPOT_SHORT_PERP,3170.75,3169.89,-2.712292044469376,0.0001,0.0001,2024-07-04T16:00:00+00:00,286.0,-17.712292044469375,0.22950385038806462,FLAT,False,False,False,
2024-07-04T11:15:00+00:00,ETHUSDT,LONG_SPOT_SHORT_PERP,3169.96,3169.5,-1.4511224116393784,0.0001,0.0001,2024-07-04T16:00:00+00:00,285.0,-16.45112241163938,0.2390705223386474,FLAT,False,False,False,
2024-07-04T11:16:00+00:00,ETHUSDT,LONG_SPOT_SHORT_PERP,3167.21,3166.71,-1.5786765007688155,0.0001,0.0001,2024-07-04T16:00:00+00:00,284.0,-16.578676500768815,0.23805856035962833,FLAT,False,False,False,
2024-07-04T11:17:00+00:00,ETHUSDT,LONG_SPOT_SHORT_PERP,3166.21,3165.97,-0.7580040490057086,0.0001,0.0001,2024-07-04T16:00:00+00:00,283.0,-15.75800404900571,0.24475055323580808,FLAT,False,False,False,
2024-07-04T11:18:00+00:00,ETHUSDT,LONG_SPOT_SHORT_PERP,3164.21,3163.45,-2.4018633402973197,0.0001,0.0001,2024-07-04T16:00:00+00:00,282.0,-17.401863340297318,0.23176943872330397,FLAT,False,False,False,
2024-07-04T11:19:00+00:00,ETHUSDT,LONG_SPOT_SHORT_PERP,3163.63,3163.17,-1.4540259132706301,0.0001,0.0001,2024-07-04T16:00:00+00:00,281.0,-16.45402591327063,0.23904737336603737,FLAT,False,False,False,
2024-07-04T11:20:00+00:00,ETHUSDT,LONG_SPOT_SHORT_PERP,3163.93,3163.32,-1.9279819717872158,0.0001,0.0001,2024-07-04T16:00:00+00:00,280.0,-16.927981971787215,0.23533921813155745,FLAT,False,False,False,
2024-07-04T11:21:00+00:00,ETHUSDT,LONG_SPOT_SHORT_PERP,3163.41,3162.98,-1.3592926620319097,0.0001,0.0001,2024-07-04T16:00:00+00:00,279.0,-16.35929266203191,0.2398054064095014,FLAT,False,False,False,
2024-07-04T11:22:00+00:00,ETHUSDT,LONG_SPOT_SHORT_PERP,3163.85,3163.41,-1.3907106847671493,0.0001,0.0001,2024-07-04T16:00:00+00:00,278.0,-16.39071068476715,0.23955337823930012,FLAT,False,False,False,
2024-07-04T11:23:00+00:00,ETHUSDT,LONG_SPOT_SHORT_PERP,3165.71,3165.33,-1.2003626358703392,0.0001,0.0001,2024-07-04T16:00:00+00:00,277.0,-16.200362635870338,0.24108991061576845,FLAT,False,False,False,
2024-07-04T11:24:00+00:00,ETHUSDT,LONG_SPOT_SHORT_PERP,3161.94,3161.59,-1.1069153747380058,0.0001,0.0001,2024-07-04T16:00:00+00:00,276.0,-16.106915374738005,0.24185269586131763,FLAT,False,False,False,
2024-07-04T11:25:00+00:00,ETHUSDT,LONG_SPOT_SHORT_PERP,3159.45,3158.4,-3.3233632436016625,0.0001,0.0001,2024-07-04T16:00:00+00:00,275.0,-18.323363243601662,0.22520804617757084,FLAT,False,False,False,
2024-07-04T11:26:00+00:00,ETHUSDT,LONG_SPOT_SHORT_PERP,3158.13,3157.49,-2.0265156912487052,0.0001,0.0001,2024-07-04T16:00:00+00:00,274.0,-17.026515691248704,0.2345857354290892,FLAT,False,False,False,
2024-07-04T11:27:00+00:00,ETHUSDT,LONG_SPOT_SHORT_PERP,3159.15,3158.48,-2.120823639270287,0.0001,0.0001,2024-07-04T16:00:00+00:00,273.0,-17.120823639270288,0.23387011514647033,FLAT,False,False,False,
2024-07-04T11:28:00+00:00,ETHUSDT,LONG_SPOT_SHORT_PERP,3159.68,3159.0,-2.152116670042018,0.0001,0.0001,2024-07-04T16:00:00+00:00,272.0,-17.15211667004202,0.23363385367185988,FLAT,False,False,False,
2024-07-04T11:29:00+00:00,ETHUSDT,LONG_SPOT_SHORT_PERP,3158.36,3157.94,-1.3298040755331018,0.0001,0.0001,2024-07-04T16:00:00+00:00,271.0,-16.3298040755331,0.24004252592393976,FLAT,False,False,False,
2024-07-04T11:30:00+00:00,ETHUSDT,LONG_SPOT_SHORT_PERP,3157.37,3156.42,-3.008833301132962,0.0001,0.0001,2024-07-04T16:00:00+00:00,270.0,-18.008833301132963,0.22739235585270384,FLAT,False,False,False,
2024-07-04T11:31:00+00:00,ETHUSDT,LONG_SPOT_SHORT_PERP,3159.77,3158.98,-2.5001819752702366,0.0001,0.0001,2024-07-04T16:00:00+00:00,269.0,-17.500181975270237,0.23104571094498405,FLAT,False,False,False,
2024-07-04T11:32:00+00:00,ETHUSDT,LONG_SPOT_SHORT_PERP,3159.85,3159.3,-1.7405889520063522,0.0001,0.0001,2024-07-04T16:00:00+00:00,268.0,-16.74058895200635,0.2367886689883868,FLAT,False,False,False,
2024-07-04T11:33:00+00:00,ETHUSDT,LONG_SPOT_SHORT_PERP,3158.01,3156.86,-3.641533750685054,0.0001,0.0001,2024-07-04T16:00:00+00:00,267.0,-18.641533750685053,0.22305524076832967,FLAT,False,False,False,
2024-07-04T11:34:00+00:00,ETHUSDT,LONG_SPOT_SHORT_PERP,3156.42,3155.67,-2.376109643203376,0.0001,0.0001,2024-07-04T16:00:00+00:00,266.0,-17.376109643203375,0.2319599650031024,FLAT,False,False,False,
2024-07-04T11:35:00+00:00,ETHUSDT,LONG_SPOT_SHORT_PERP,3158.4,3157.15,-3.9577001013171222,0.0001,0.0001,2024-07-04T16:00:00+00:00,265.0,-18.957700101317123,0.2209714500729738,FLAT,False,False,False,
2024-07-04T11:36:00+00:00,ETHUSDT,LONG_SPOT_SHORT_PERP,3158.4,3157.83,-1.8047112462011263,0.0001,0.0001,2024-07-04T16:00:00+00:00,264.0,-16.804711246201126,0.23629025544749688,FLAT,False,False,False,
2024-07-04T11:37:00+00:00,ETHUSDT,LONG_SPOT_SHORT_PERP,3158.99,3158.24,-2.3741765564310113,0.0001,0.0001,2024-07-04T16:00:00+00:00,263.0,-17.37417655643101,0.23197428199989814,FLAT,False,False,False,
2024-07-04T11:38:00+00:00,ETHUSDT,LONG_SPOT_SHORT_PERP,3157.38,3156.27,-3.5155730384056634,0.0001,0.0001,2024-07-04T16:00:00+00:00,262.0,-18.515573038405662,0.2239007588323151,FLAT,False,False,False,
2024-07-04T11:39:00+00:00,ETHUSDT,LONG_SPOT_SHORT_PERP,3158.22,3157.18,-3.29299415493526,0.0001,0.0001,2024-07-04T16:00:00+00:00,261.0,-18.29299415493526,0.2254164976687542,FLAT,False,False,False,
2024-07-04T11:40:00+00:00,ETHUSDT,LONG_SPOT_SHORT_PERP,3157.27,3156.48,-2.5021616776517805,0.0001,0.0001,2024-07-04T16:00:00+00:00,260.0,-17.50216167765178,0.2310311972915391,FLAT,False,False,False,
2024-07-04T11:41:00+00:00,ETHUSDT,LONG_SPOT_SHORT_PERP,3160.22,3159.74,-1.5188815968509097,0.0001,0.0001,2024-07-04T16:00:00+00:00,259.0,-16.51888159685091,0.2385316764804002,FLAT,False,False,False,
2024-07-04T11:42:00+00:00,ETHUSDT,LONG_SPOT_SHORT_PERP,3159.68,3158.66,-3.2281750050637465,0.0001,0.0001,2024-07-04T16:00:00+00:00,258.0,-18.228175005063747,0.22586315739160906,FLAT,False,False,False,
2024-07-04T11:43:00+00:00,ETHUSDT,LONG_SPOT_SHORT_PERP,3158.61,3157.66,-3.007652100133517,0.0001,0.0001,2024-07-04T16:00:00+00:00,257.0,-18.007652100133516,0.2274006655064273,FLAT,False,False,False,
2024-07-04T11:44:00+00:00,ETHUSDT,LONG_SPOT_SHORT_PERP,3157.05,3156.07,-3.104163697122371,0.0001,0.0001,2024-07-04T16:00:00+00:00,256.0,-18.10416369712237,0.22672435588584658,FLAT,False,False,False,
2024-07-04T11:45:00+00:00,ETHUSDT,LONG_SPOT_SHORT_PERP,3159.2,3158.4,-2.5322866548484653,0.0001,0.0001,2024-07-04T16:00:00+00:00,255.0,-17.532286654848466,0.23081063089959653,FLAT,False,False,False,
2024-07-04T11:46:00+00:00,ETHUSDT,LONG_SPOT_SHORT_PERP,3155.39,3154.83,-1.774740998735324,0.0001,0.0001,2024-07-04T16:00:00+00:00,254.0,-16.774740998735325,0.23652289316874714,FLAT,False,False,False,
2024-07-04T11:47:00+00:00,ETHUSDT,LONG_SPOT_SHORT_PERP,3154.85,3153.87,-3.1063283515857116,0.0001,0.0001,2024-07-04T16:00:00+00:00,253.0,-18.106328351585713,0.22670924817309313,FLAT,False,False,False,
2024-07-04T11:48:00+00:00,ETHUSDT,LONG_SPOT_SHORT_PERP,3156.8,3155.77,-3.2627977698941972,0.0001,0.0001,2024-07-04T16:00:00+00:00,252.0,-18.2627977698942,0.22562428065665543,FLAT,False,False,False,
2024-07-04T11:49:00+00:00,ETHUSDT,LONG_SPOT_SHORT_PERP,3155.54,3154.49,-3.3274811918092686,0.0001,0.0001,2024-07-04T16:00:00+00:00,251.0,-18.32748119180927,0.22517982092957664,FLAT,False,False,False,
2024-07-04T11:50:00+00:00,ETHUSDT,LONG_SPOT_SHORT_PERP,3156.65,3155.92,-2.312578207910342,0.0001,0.0001,2024-07-04T16:00:00+00:00,250.0,-17.31257820791034,0.23243166823503103,FLAT,False,False,False,
2024-07-04T11:51:00+00:00,ETHUSDT,LONG_SPOT_SHORT_PERP,3161.27,3160.36,-2.8785899337919716,0.0001,0.0001,2024-07-04T16:00:00+00:00,249.0,-17.87858993379197,0.22831345621477211,FLAT,False,False,False,
2024-07-04T11:52:00+00:00,ETHUSDT,LONG_SPOT_SHORT_PERP,3160.82,3159.86,-3.037186552856652,0.0001,0.0001,2024-07-04T16:00:00+00:00,248.0,-18.037186552856653,0.22719313378222633,FLAT,False,False,False,
2024-07-04T11:53:00+00:00,ETHUSDT,LONG_SPOT_SHORT_PERP,3161.05,3160.12,-2.9420603913265873,0.0001,0.0001,2024-07-04T16:00:00+00:00,247.0,-17.94206039132659,0.2278633596051945,FLAT,False,False,False,
2024-07-04T11:54:00+00:00,ETHUSDT,LONG_SPOT_SHORT_PERP,3159.3,3158.37,-2.943690057925145,0.0001,0.0001,2024-07-04T16:00:00+00:00,246.0,-17.943690057925146,0.2278518336153033,FLAT,False,False,False,
2024-07-04T11:55:00+00:00,ETHUSDT,LONG_SPOT_SHORT_PERP,3158.73,3157.74,-3.134171011768136,0.0001,0.0001,2024-07-04T16:00:00+00:00,245.0,-18.134171011768135,0.22651516545084432,FLAT,False,False,False,
2024-07-04T11:56:00+00:00,ETHUSDT,LONG_SPOT_SHORT_PERP,3155.8,3155.21,-1.869573483744678,0.0001,0.0001,2024-07-04T16:00:00+00:00,244.0,-16.869573483744677,0.23578867509043097,FLAT,False,False,False,
2024-07-04T11:57:00+00:00,ETHUSDT,LONG_SPOT_SHORT_PERP,3157.6,3156.62,-3.1036230048138402,0.0001,0.0001,2024-07-04T16:00:00+00:00,243.0,-18.10362300481384,0.22672812994297561,FLAT,False,False,False,
2024-07-04T11:58:00+00:00,ETHUSDT,LONG_SPOT_SHORT_PERP,3158.61,3158.0,-1.931229243243475,0.0001,0.0001,2024-07-04T16:00:00+00:00,242.0,-16.931229243243475,0.23531429166091805,FLAT,False,False,False,
2024-07-04T11:59:00+00:00,ETHUSDT,LONG_SPOT_SHORT_PERP,3159.45,3158.9,-1.74080931807665,0.0001,0.0001,2024-07-04T16:00:00+00:00,241.0,-16.74080931807665,0.2367869517529939,FLAT,False,False,False,
2024-07-04T12:00:00+00:00,ETHUSDT,LONG_SPOT_SHORT_PERP,3155.79,3154.89,-2.8519007918780748,0.0001,0.0001,2024-07-04T16:00:00+00:00,240.0,-17.851900791878073,0.22850341778861574,FLAT,False,False,False,
2024-07-04T12:01:00+00:00,ETHUSDT,LONG_SPOT_SHORT_PERP,3152.84,3152.03,-2.5691122924092102,0.0001,0.0001,2024-07-04T16:00:00+00:00,239.0,-17.56911229240921,0.23054173418105833,FLAT,False,False,False,
2024-07-04T12:02:00+00:00,ETHUSDT,LONG_SPOT_SHORT_PERP,3156.03,3155.49,-1.7110103516139528,0.0001,0.0001,2024-07-04T16:00:00+00:00,238.0,-16.711010351613954,0.2370194380826972,FLAT,False,False,False,
2024-07-04T12:03:00+00:00,ETHUSDT,LONG_SPOT_SHORT_PERP,3156.93,3156.11,-2.5974601907540205,0.0001,0.0001,2024-07-04T16:00:00+00:00,237.0,-17.59746019075402,0.2303352869454849,FLAT,False,False,False,
2024-07-04T12:04:00+00:00,ETHUSDT,LONG_SPOT_SHORT_PERP,3154.54,3153.36,-3.7406404737294072,0.0001,0.0001,2024-07-04T16:00:00+00:00,236.0,-18.740640473729407,0.22239615236511176,FLAT,False,False,False,
2024-07-04T12:05:00+00:00,ETHUSDT,LONG_SPOT_SHORT_PERP,3154.13,3153.58,-1.7437455019297932,0.0001,0.0001,2024-07-04T16:00:00+00:00,235.0,-16.743745501929794,0.2367640739770202,FLAT,False,False,False,
2024-07-04T12:06:00+00:00,ETHUSDT,LONG_SPOT_SHORT_PERP,3153.79,3152.94,-2.695169938391298,0.0001,0.0001,2024-07-04T16:00:00+00:00,234.0,-17.6951699383913,0.22962733110467737,FLAT,False,False,False,
2024-07-04T12:07:00+00:00,ETHUSDT,LONG_SPOT_SHORT_PERP,3150.6,3149.62,-3.1105186313718596,0.0001,0.0001,2024-07-04T16:00:00+00:00,233.0,-18.11051863137186,0.22668001068411409,FLAT,False,False,False,
2024-07-04T12:08:00+00:00,ETHUSDT,LONG_SPOT_SHORT_PERP,3153.7,3152.5,-3.805054380568279,0.0001,0.0001,2024-07-04T16:00:00+00:00,232.0,-18.80505438056828,0.22197067722859004,FLAT,False,False,False,
2024-07-04T12:09:00+00:00,ETHUSDT,LONG_SPOT_SHORT_PERP,3152.62,3151.64,-3.108525607272739,0.0001,0.0001,2024-07-04T16:00:00+00:00,231.0,-18.10852560727274,0.22669391566816283,FLAT,False,False,False,
2024-07-04T12:10:00+00:00,ETHUSDT,LONG_SPOT_SHORT_PERP,3151.33,3150.59,-2.3482148807004717,0.0001,0.0001,2024-07-04T16:00:00+00:00,230.0,-17.34821488070047,0.23216677821211495,FLAT,False,False,False,
2024-07-04T12:11:00+00:00,ETHUSDT,LONG_SPOT_SHORT_PERP,3149.63,3148.96,-2.127233992564437,0.0001,0.0001,2024-07-04T16:00:00+00:00,229.0,-17.127233992564438,0.23382166880871352,FLAT,False,False,False,
2024-07-04T12:12:00+00:00,ETHUSDT,LONG_SPOT_SHORT_PERP,3147.64,3146.7,-2.986364387287157,0.0001,0.0001,2024-07-04T16:00:00+00:00,228.0,-17.986364387287157,0.22755056051580352,FLAT,False,False,False,
2024-07-04T12:13:00+00:00,ETHUSDT,LONG_SPOT_SHORT_PERP,3149.2,3148.67,-1.682967102755447,0.0001,0.0001,2024-07-04T16:00:00+00:00,227.0,-16.68296710275545,0.2372387303922452,FLAT,False,False,False,
2024-07-04T12:14:00+00:00,ETHUSDT,LONG_SPOT_SHORT_PERP,3147.0,3146.24,-2.4149984111859495,0.0001,0.0001,2024-07-04T16:00:00+00:00,226.0,-17.414998411185948,0.2316724177241108,FLAT,False,False,False,
2024-07-04T12:15:00+00:00,ETHUSDT,LONG_SPOT_SHORT_PERP,3146.39,3145.82,-1.8115999605888304,0.0001,0.0001,2024-07-04T16:00:00+00:00,225.0,-16.81159996058883,0.23623686173435293,FLAT,False,False,False,
2024-07-04T12:16:00+00:00,ETHUSDT,LONG_SPOT_SHORT_PERP,3143.42,3142.36,-3.3721233560896904,0.0001,0.0001,2024-07-04T16:00:00+00:00,224.0,-18.37212335608969,0.22487444793736971,FLAT,False,False,False,
2024-07-04T12:17:00+00:00,ETHUSDT,LONG_SPOT_SHORT_PERP,3147.59,3146.63,-3.0499525033439436,0.0001,0.0001,2024-07-04T16:00:00+00:00,223.0,-18.049952503343945,0.2271035855503572,FLAT,False,False,False,
2024-07-04T12:18:00+00:00,ETHUSDT,LONG_SPOT_SHORT_PERP,3143.59,3142.46,-3.594616346279601,0.0001,0.0001,2024-07-04T16:00:00+00:00,222.0,-18.5946163462796,0.22336914723664947,FLAT,False,False,False,
2024-07-04T12:19:00+00:00,ETHUSDT,LONG_SPOT_SHORT_PERP,3146.24,3145.17,-3.4008848657435826,0.0001,0.0001,2024-07-04T16:00:00+00:00,221.0,-18.40088486574358,0.22467829991840277,FLAT,False,False,False,
2024-07-04T12:20:00+00:00,ETHUSDT,LONG_SPOT_SHORT_PERP,3143.21,3142.04,-3.722309358904027,0.0001,0.0001,2024-07-04T16:00:00+00:00,220.0,-18.722309358904027,0.22251765175331698,FLAT,False,False,False,
2024-07-04T12:21:00+00:00,ETHUSDT,LONG_SPOT_SHORT_PERP,3142.01,3141.21,-2.5461408461468356,0.0001,0.0001,2024-07-04T16:00:00+00:00,219.0,-17.546140846146834,0.23070937498834443,FLAT,False,False,False,
2024-07-04T12:22:00+00:00,ETHUSDT,LONG_SPOT_SHORT_PERP,3138.04,3137.21,-2.6449630979844976,0.0001,0.0001,2024-07-04T16:00:00+00:00,218.0,-17.644963097984498,0.2299904032630521,FLAT,False,False,False,
2024-07-04T12:23:00+00:00,ETHUSDT,LONG_SPOT_SHORT_PERP,3139.38,3138.59,-2.516420439704539,0.0001,0.0001,2024-07-04T16:00:00+00:00,217.0,-17.51642043970454,0.23092673169709832,FLAT,False,False,False,
2024-07-04T12:24:00+00:00,ETHUSDT,LONG_SPOT_SHORT_PERP,3138.24,3137.34,-2.86784949525733,0.0001,0.0001,2024-07-04T16:00:00+00:00,216.0,-17.86784949525733,0.22838985222120925,FLAT,False,False,False,
2024-07-04T12:25:00+00:00,ETHUSDT,LONG_SPOT_SHORT_PERP,3142.4,3141.48,-2.927698574338317,0.0001,0.0001,2024-07-04T16:00:00+00:00,215.0,-17.927698574338315,0.2279650014385096,FLAT,False,False,False,
2024-07-04T12:26:00+00:00,ETHUSDT,LONG_SPOT_SHORT_PERP,3143.65,3142.95,-2.226710988819598,0.0001,0.0001,2024-07-04T16:00:00+00:00,214.0,-17.226710988819598,0.23307305866098024,FLAT,False,False,False,
2024-07-04T12:27:00+00:00,ETHUSDT,LONG_SPOT_SHORT_PERP,3142.18,3141.38,-2.54600309339289,0.0001,0.0001,2024-07-04T16:00:00+00:00,213.0,-17.54600309339289,0.23071038122054602,FLAT,False,False,False,
2024-07-04T12:28:00+00:00,ETHUSDT,LONG_SPOT_SHORT_PERP,3149.41,3148.49,-2.9211820626722873,0.0001,0.0001,2024-07-04T16:00:00+00:00,212.0,-17.921182062672287,0.22801115959730636,FLAT,False,False,False,
2024-07-04T12:29:00+00:00,ETHUSDT,LONG_SPOT_SHORT_PERP,3151.87,3151.01,-2.728538930855881,0.0001,0.0001,2024-07-04T16:00:00+00:00,211.0,-17.72853893085588,0.2293868403684538,FLAT,False,False,False,
2024-07-04T12:30:00+00:00,ETHUSDT,LONG_SPOT_SHORT_PERP,3153.21,3152.25,-3.0445165402876317,0.0001,0.0001,2024-07-04T16:00:00+00:00,210.0,-18.04451654028763,0.22714170530208938,FLAT,False,False,False,
2024-07-04T12:31:00+00:00,ETHUSDT,LONG_SPOT_SHORT_PERP,3151.7,3151.09,-1.935463400703343,0.0001,0.0001,2024-07-04T16:00:00+00:00,209.0,-16.935463400703345,0.23528179944321018,FLAT,False,False,False,
2024-07-04T12:32:00+00:00,ETHUSDT,LONG_SPOT_SHORT_PERP,3156.01,3155.34,-2.12293370426606,0.0001,0.0001,2024-07-04T16:00:00+00:00,208.0,-17.12293370426606,0.2338541655473282,FLAT,False,False,False,
2024-07-04T12:33:00+00:00,ETHUSDT,LONG_SPOT_SHORT_PERP,3156.43,3155.68,-2.37610211536451,0.0001,0.0001,2024-07-04T16:00:00+00:00,207.0,-17.37610211536451,0.23196002075211034,FLAT,False,False,False,
2024-07-04T12:34:00+00:00,ETHUSDT,LONG_SPOT_SHORT_PERP,3158.55,3157.5,-3.3243102056329072,0.0001,0.0001,2024-07-04T16:00:00+00:00,206.0,-18.32431020563291,0.22520155466168013,FLAT,False,False,False,
2024-07-04T12:35:00+00:00,ETHUSDT,LONG_SPOT_SHORT_PERP,3160.45,3159.49,-3.0375421221662626,0.0001,0.0001,2024-07-04T16:00:00+00:00,205.0,-18.03754212216626,0.22719063833340009,FLAT,False,False,False,
2024-07-04T12:36:00+00:00,ETHUSDT,LONG_SPOT_SHORT_PERP,3156.14,3155.47,-2.1228462615729113,0.0001,0.0001,2024-07-04T16:00:00+00:00,204.0,-17.12284626157291,0.23385482645715558,FLAT,False,False,False,
2024-07-04T12:37:00+00:00,ETHUSDT,LONG_SPOT_SHORT_PERP,3156.2,3155.55,-2.0594385653622593,0.0001,0.0001,2024-07-04T16:00:00+00:00,203.0,-17.05943856536226,0.2343352976425822,FLAT,False,False,False,
2024-07-04T12:38:00+00:00,ETHUSDT,LONG_SPOT_SHORT_PERP,3156.59,3155.71,-2.7878185003440707,0.0001,0.0001,2024-07-04T16:00:00+00:00,202.0,-17.78781850034407,0.22896121818863568,FLAT,False,False,False,
2024-07-04T12:39:00+00:00,ETHUSDT,LONG_SPOT_SHORT_PERP,3150.1,3149.44,-2.0951715818540824,0.0001,0.0001,2024-07-04T16:00:00+00:00,201.0,-17.095171581854082,0.23406423055710573,FLAT,False,False,False,
2024-07-04T12:40:00+00:00,ETHUSDT,LONG_SPOT_SHORT_PERP,3146.8,3145.82,-3.114274818863665,0.0001,0.0001,2024-07-04T16:00:00+00:00,200.0,-18.114274818863663,0.2266538105877265,FLAT,False,False,False,
2024-07-04T12:41:00+00:00,ETHUSDT,LONG_SPOT_SHORT_PERP,3144.99,3144.38,-1.9395928126947068,0.0001,0.0001,2024-07-04T16:00:00+00:00,199.0,-16.939592812694706,0.23525012161532066,FLAT,False,False,False,
2024-07-04T12:42:00+00:00,ETHUSDT,LONG_SPOT_SHORT_PERP,3141.79,3141.02,-2.4508321689227537,0.0001,0.0001,2024-07-04T16:00:00+00:00,198.0,-17.450832168922755,0.23140825796144365,FLAT,False,False,False,
2024-07-04T12:43:00+00:00,ETHUSDT,LONG_SPOT_SHORT_PERP,3146.46,3145.93,-1.6844326640103484,0.0001,0.0001,2024-07-04T16:00:00+00:00,197.0,-16.684432664010348,0.23722725790121005,FLAT,False,False,False,
2024-07-04T12:44:00+00:00,ETHUSDT,LONG_SPOT_SHORT_PERP,3146.31,3145.51,-2.5426610855247165,0.0001,0.0001,2024-07-04T16:00:00+00:00,196.0,-17.542661085524717,0.23073479677560105,FLAT,False,False,False,
2024-07-04T12:45:00+00:00,ETHUSDT,LONG_SPOT_SHORT_PERP,3140.61,3139.83,-2.4835939514941363,0.0001,0.0001,2024-07-04T16:00:00+00:00,195.0,-17.483593951494136,0.23116741296776072,FLAT,False,False,False,
2024-07-04T12:46:00+00:00,ETHUSDT,LONG_SPOT_SHORT_PERP,3140.13,3138.94,-3.7896520207763835,0.0001,0.0001,2024-07-04T16:00:00+00:00,194.0,-18.789652020776384,0.22207220800700705,FLAT,False,False,False,
2024-07-04T12:47:00+00:00,ETHUSDT,LONG_SPOT_SHORT_PERP,3139.44,3138.71,-2.3252554595724657,0.0001,0.0001,2024-07-04T16:00:00+00:00,193.0,-17.325255459572467,0.23233735005063672,FLAT,False,False,False,
2024-07-04T12:48:00+00:00,ETHUSDT,LONG_SPOT_SHORT_PERP,3135.21,3134.12,-3.476641118139281,0.0001,0.0001,2024-07-04T16:00:00+00:00,192.0,-18.47664111813928,0.22416387738034171,FLAT,False,False,False,
2024-07-04T12:49:00+00:00,ETHUSDT,LONG_SPOT_SHORT_PERP,3137.69,3136.01,-5.354257431421957,0.0001,0.0001,2024-07-04T16:00:00+00:00,191.0,-20.354257431421956,0.21239996115987597,FLAT,False,False,False,
2024-07-04T12:50:00+00:00,ETHUSDT,LONG_SPOT_SHORT_PERP,3139.87,3139.18,-2.1975432103878654,0.0001,0.0001,2024-07-04T16:00:00+00:00,190.0,-17.197543210387867,0.23329193971971388,FLAT,False,False,False,
2024-07-04T12:51:00+00:00,ETHUSDT,LONG_SPOT_SHORT_PERP,3138.23,3137.22,-3.2183746889176965,0.0001,0.0001,2024-07-04T16:00:00+00:00,189.0,-18.218374688917695,0.22593089730471094,FLAT,False,False,False,
2024-07-04T12:52:00+00:00,ETHUSDT,LONG_SPOT_SHORT_PERP,3136.62,3135.48,-3.6344855290085274,0.0001,0.0001,2024-07-04T16:00:00+00:00,188.0,-18.63448552900853,0.22310231994825383,FLAT,False,False,False,
2024-07-04T12:53:00+00:00,ETHUSDT,LONG_SPOT_SHORT_PERP,3133.6,3132.78,-2.616798570333511,0.0001,0.0001,2024-07-04T16:00:00+00:00,187.0,-17.61679857033351,0.23019472475161196,FLAT,False,False,False,
2024-07-04T12:54:00+00:00,ETHUSDT,LONG_SPOT_SHORT_PERP,3130.6,3129.91,-2.204050341787691,0.0001,0.0001,2024-07-04T16:00:00+00:00,186.0,-17.204050341787692,0.23324306435094572,FLAT,False,False,False,
2024-07-04T12:55:00+00:00,ETHUSDT,LONG_SPOT_SHORT_PERP,3137.37,3136.79,-1.8486821764724186,0.0001,0.0001,2024-07-04T16:00:00+00:00,185.0,-16.84868217647242,0.23594994457253493,FLAT,False,False,False,
2024-07-04T12:56:00+00:00,ETHUSDT,LONG_SPOT_SHORT_PERP,3139.52,3139.05,-1.497044134134517,0.0001,0.0001,2024-07-04T16:00:00+00:00,184.0,-16.497044134134516,0.23870502062874882,FLAT,False,False,False,
2024-07-04T12:57:00+00:00,ETHUSDT,LONG_SPOT_SHORT_PERP,3135.01,3134.01,-3.189782488732093,0.0001,0.0001,2024-07-04T16:00:00+00:00,183.0,-18.189782488732092,0.22612883880817922,FLAT,False,False,False,
2024-07-04T12:58:00+00:00,ETHUSDT,LONG_SPOT_SHORT_PERP,3131.52,3131.02,-1.596668710402616,0.0001,0.0001,2024-07-04T16:00:00+00:00,182.0,-16.596668710402618,0.23791663859567747,FLAT,False,False,False,
2024-07-04T12:59:00+00:00,ETHUSDT,LONG_SPOT_SHORT_PERP,3132.59,3131.81,-2.48995240360277,0.0001,0.0001,2024-07-04T16:00:00+00:00,181.0,-17.48995240360277,0.2311207433479986,FLAT,False,False,False,
2024-07-04T13:00:00+00:00,ETHUSDT,LONG_SPOT_SHORT_PERP,3129.33,3128.45,-2.812103549322408,0.0001,0.0001,2024-07-04T16:00:00+00:00,180.0,-17.81210354932241,0.22878744580752708,FLAT,False,False,False,
2024-07-04T13:01:00+00:00,ETHUSDT,LONG_SPOT_SHORT_PERP,3128.59,3127.6,-3.164364777744084,0.0001,0.0001,2024-07-04T16:00:00+00:00,179.0,-18.164364777744083,0.2263051940829378,FLAT,False,False,False,
2024-07-04T13:02:00+00:00,ETHUSDT,LONG_SPOT_SHORT_PERP,3138.8,3137.89,-2.899197145406873,0.0001,0.0001,2024-07-04T16:00:00+00:00,178.0,-17.899197145406873,0.22816706581416646,FLAT,False,False,False,
2024-07-04T13:03:00+00:00,ETHUSDT,LONG_SPOT_SHORT_PERP,3130.78,3130.12,-2.1081008566565176,0.0001,0.0001,2024-07-04T16:00:00+00:00,177.0,-17.108100856656517,0.2339663416207438,FLAT,False,False,False,
2024-07-04T13:04:00+00:00,ETHUSDT,LONG_SPOT_SHORT_PERP,3133.03,3132.4,-2.010832963617039,0.0001,0.0001,2024-07-04T16:00:00+00:00,176.0,-17.010832963617037,0.23470526328273378,FLAT,False,False,False,
2024-07-04T13:05:00+00:00,ETHUSDT,LONG_SPOT_SHORT_PERP,3128.5,3127.81,-2.205529806616764,0.0001,0.0001,2024-07-04T16:00:00+00:00,175.0,-17.205529806616763,0.23323195558905752,FLAT,False,False,False,
2024-07-04T13:06:00+00:00,ETHUSDT,LONG_SPOT_SHORT_PERP,3129.77,3128.89,-2.811708208590756,0.0001,0.0001,2024-07-04T16:00:00+00:00,174.0,-17.811708208590755,0.22879027192845605,FLAT,False,False,False,
2024-07-04T13:07:00+00:00,ETHUSDT,LONG_SPOT_SHORT_PERP,3132.4,3131.58,-2.617801047120941,0.0001,0.0001,2024-07-04T16:00:00+00:00,173.0,-17.617801047120942,0.230187444197693,FLAT,False,False,False,
2024-07-04T13:08:00+00:00,ETHUSDT,LONG_SPOT_SHORT_PERP,3139.05,3138.0,-3.3449610550968663,0.0001,0.0001,2024-07-04T16:00:00+00:00,172.0,-18.344961055096867,0.2250601168668103,FLAT,False,False,False,
2024-07-04T13:09:00+00:00,ETHUSDT,LONG_SPOT_SHORT_PERP,3144.39,3143.06,-4.2297552148427116,0.0001,0.0001,2024-07-04T16:00:00+00:00,171.0,-19.22975521484271,0.219221784181989,FLAT,False,False,False,
2024-07-04T13:10:00+00:00,ETHUSDT,LONG_SPOT_SHORT_PERP,3146.0,3144.85,-3.655435473617581,0.0001,0.0001,2024-07-04T16:00:00+00:00,170.0,-18.65543547361758,0.22296246357270436,FLAT,False,False,False,
2024-07-04T13:11:00+00:00,ETHUSDT,LONG_SPOT_SHORT_PERP,3143.11,3142.09,-3.245193454890162,0.0001,0.0001,2024-07-04T16:00:00+00:00,169.0,-18.245193454890163,0.225745655153353,FLAT,False,False,False,
2024-07-04T13:12:00+00:00,ETHUSDT,LONG_SPOT_SHORT_PERP,3143.2,3141.95,-3.976838890302876,0.0001,0.0001,2024-07-04T16:00:00+00:00,168.0,-18.976838890302876,0.22084705980776007,FLAT,False,False,False,
2024-07-04T13:13:00+00:00,ETHUSDT,LONG_SPOT_SHORT_PERP,3137.29,3136.14,-3.6655839912793877,0.0001,0.0001,2024-07-04T16:00:00+00:00,167.0,-18.665583991279387,0.2228948019146491,FLAT,False,False,False,
2024-07-04T13:14:00+00:00,ETHUSDT,LONG_SPOT_SHORT_PERP,3139.67,3138.61,-3.3761509967606322,0.0001,0.0001,2024-07-04T16:00:00+00:00,166.0,-18.376150996760632,0.22484695219638234,FLAT,False,False,False,
2024-07-04T13:15:00+00:00,ETHUSDT,LONG_SPOT_SHORT_PERP,3137.85,3137.35,-1.5934477428812723,0.0001,0.0001,2024-07-04T16:00:00+00:00,165.0,-16.593447742881274,0.23794203056871935,FLAT,False,False,False,
2024-07-04T13:16:00+00:00,ETHUSDT,LONG_SPOT_SHORT_PERP,3130.2,3129.28,-2.939109322086825,0.0001,0.0001,2024-07-04T16:00:00+00:00,164.0,-17.939109322086825,0.22788423526039553,FLAT,False,False,False,
2024-07-04T13:17:00+00:00,ETHUSDT,LONG_SPOT_SHORT_PERP,3127.15,3126.15,-3.197799913659402,0.0001,0.0001,2024-07-04T16:00:00+00:00,163.0,-18.197799913659402,0.22607328792935893,FLAT,False,False,False,
2024-07-04T13:18:00+00:00,ETHUSDT,LONG_SPOT_SHORT_PERP,3130.36,3129.11,-3.9931509474948568,0.0001,0.0001,2024-07-04T16:00:00+00:00,162.0,-18.993150947494858,0.22074119802728953,FLAT,False,False,False,
2024-07-04T13:19:00+00:00,ETHUSDT,LONG_SPOT_SHORT_PERP,3127.8,3127.48,-1.02308331734818,0.0001,0.0001,2024-07-04T16:00:00+00:00,161.0,-16.02308331734818,0.2425417660460734,FLAT,False,False,False,
2024-07-04T13:20:00+00:00,ETHUSDT,LONG_SPOT_SHORT_PERP,3121.32,3120.34,-3.139697307549428,0.0001,0.0001,2024-07-04T16:00:00+00:00,160.0,-18.13969730754943,0.22647669598753215,FLAT,False,False,False,
2024-07-04T13:21:00+00:00,ETHUSDT,LONG_SPOT_SHORT_PERP,3131.2,3130.67,-1.6926417986706226,0.0001,0.0001,2024-07-04T16:00:00+00:00,159.0,-16.69264179867062,0.23716302106176818,FLAT,False,False,False,
2024-07-04T13:22:00+00:00,ETHUSDT,LONG_SPOT_SHORT_PERP,3126.31,3125.64,-2.1431016118045645,0.0001,0.0001,2024-07-04T16:00:00+00:00,158.0,-17.143101611804564,0.233701856232639,FLAT,False,False,False,
2024-07-04T13:23:00+00:00,ETHUSDT,LONG_SPOT_SHORT_PERP,3120.9,3120.03,-2.7876574065170012,0.0001,0.0001,2024-07-04T16:00:00+00:00,157.0,-17.787657406517003,0.22896237204801384,FLAT,False,False,False,
2024-07-04T13:24:00+00:00,ETHUSDT,LONG_SPOT_SHORT_PERP,3117.55,3117.09,-1.475517634039667,0.0001,0.0001,2024-07-04T16:00:00+00:00,156.0,-16.47551763403967,0.23887618979487737,FLAT,False,False,False,
2024-07-04T13:25:00+00:00,ETHUSDT,LONG_SPOT_SHORT_PERP,3120.87,3120.53,-1.0894398036435058,0.0001,0.0001,2024-07-04T16:00:00+00:00,155.0,-16.089439803643504,0.24199596590991987,FLAT,False,False,False,
2024-07-04T13:26:00+00:00,ETHUSDT,LONG_SPOT_SHORT_PERP,3120.45,3119.55,-2.8841993943169615,0.0001,0.0001,2024-07-04T16:00:00+00:00,154.0,-17.884199394316962,0.22827358310336318,FLAT,False,False,False,
2024-07-04T13:27:00+00:00,ETHUSDT,LONG_SPOT_SHORT_PERP,3110.71,3109.75,-3.0861121737482327,0.0001,0.0001,2024-07-04T16:00:00+00:00,153.0,-18.086112173748234,0.2268504467832162,FLAT,False,False,False,
2024-07-04T13:28:00+00:00,ETHUSDT,LONG_SPOT_SHORT_PERP,3097.79,3096.56,-3.9705725694770084,0.0001,0.0001,2024-07-04T16:00:00+00:00,152.0,-18.970572569477007,0.22088776517103903,FLAT,False,False,False,
2024-07-04T13:29:00+00:00,ETHUSDT,LONG_SPOT_SHORT_PERP,3104.92,3104.21,-2.2866933769631306,0.0001,0.0001,2024-07-04T16:00:00+00:00,151.0,-17.28669337696313,0.23262454974656108,FLAT,False,False,False,
2024-07-04T13:30:00+00:00,ETHUSDT,LONG_SPOT_SHORT_PERP,3094.6,3093.11,-4.814838751372655,0.0001,0.0001,2024-07-04T16:00:00+00:00,150.0,-19.814838751372655,0.21559149643176878,FLAT,False,False,False,
2024-07-04T13:31:00+00:00,ETHUSDT,LONG_SPOT_SHORT_PERP,3101.39,3100.55,-2.7084629795017423,0.0001,0.0001,2024-07-04T16:00:00+00:00,149.0,-17.708462979501743,0.22953144981325438,FLAT,False,False,False,
2024-07-04T13:32:00+00:00,ETHUSDT,LONG_SPOT_SHORT_PERP,3090.69,3089.22,-4.7562194849702,0.0001,0.0001,2024-07-04T16:00:00+00:00,148.0,-19.7562194849702,0.21594719967569964,FLAT,False,False,False,
2024-07-04T13:33:00+00:00,ETHUSDT,LONG_SPOT_SHORT_PERP,3104.4,3103.68,-2.319288751450376,0.0001,0.0001,2024-07-04T16:00:00+00:00,147.0,-17.319288751450376,0.232381730084377,FLAT,False,False,False,
2024-07-04T13:34:00+00:00,ETHUSDT,LONG_SPOT_SHORT_PERP,3096.5,3095.69,-2.615856612304038,0.0001,0.0001,2024-07-04T16:00:00+00:00,146.0,-17.61585661230404,0.23020156632367067,FLAT,False,False,False,
2024-07-04T13:35:00+00:00,ETHUSDT,LONG_SPOT_SHORT_PERP,3103.01,3102.3,-2.288100908472858,0.0001,0.0001,2024-07-04T16:00:00+00:00,145.0,-17.288100908472856,0.2326140511418261,FLAT,False,False,False,
2024-07-04T13:36:00+00:00,ETHUSDT,LONG_SPOT_SHORT_PERP,3100.19,3099.13,-3.4191452781924507,0.0001,0.0001,2024-07-04T16:00:00+00:00,144.0,-18.419145278192453,0.22455400849106985,FLAT,False,False,False,
2024-07-04T13:37:00+00:00,ETHUSDT,LONG_SPOT_SHORT_PERP,3095.35,3094.01,-4.329074256545111,0.0001,0.0001,2024-07-04T16:00:00+00:00,143.0,-19.329074256545113,0.2185928881670739,FLAT,False,False,False,
2024-07-04T13:38:00+00:00,ETHUSDT,LONG_SPOT_SHORT_PERP,3102.62,3101.29,-4.286699628056054,0.0001,0.0001,2024-07-04T16:00:00+00:00,142.0,-19.286699628056056,0.218860567664122,FLAT,False,False,False,
2024-07-04T13:39:00+00:00,ETHUSDT,LONG_SPOT_SHORT_PERP,3095.08,3093.76,-4.264833219172716,0.0001,0.0001,2024-07-04T16:00:00+00:00,141.0,-19.264833219172715,0.2189990695218011,FLAT,False,False,False,
2024-07-04T13:40:00+00:00,ETHUSDT,LONG_SPOT_SHORT_PERP,3098.01,3097.0,-3.2601573268008113,0.0001,0.0001,2024-07-04T16:00:00+00:00,140.0,-18.26015732680081,0.22564247422992975,FLAT,False,False,False,
2024-07-04T13:41:00+00:00,ETHUSDT,LONG_SPOT_SHORT_PERP,3103.07,3102.59,-1.5468552111296818,0.0001,0.0001,2024-07-04T16:00:00+00:00,139.0,-16.54685521112968,0.23831006142236438,FLAT,False,False,False,
2024-07-04T13:42:00+00:00,ETHUSDT,LONG_SPOT_SHORT_PERP,3096.34,3095.34,-3.229619486232132,0.0001,0.0001,2024-07-04T16:00:00+00:00,138.0,-18.22961948623213,0.22585317772939414,FLAT,False,False,False,
2024-07-04T13:43:00+00:00,ETHUSDT,LONG_SPOT_SHORT_PERP,3098.82,3097.95,-2.807520281914876,0.0001,0.0001,2024-07-04T16:00:00+00:00,137.0,-17.807520281914876,0.22882021520508117,FLAT,False,False,False,
2024-07-04T13:44:00+00:00,ETHUSDT,LONG_SPOT_SHORT_PERP,3095.63,3094.99,-2.0674305391804815,0.0001,0.0001,2024-07-04T16:00:00+00:00,136.0,-17.06743053918048,0.2342746038846814,FLAT,False,False,False,
2024-07-04T13:45:00+00:00,ETHUSDT,LONG_SPOT_SHORT_PERP,3098.19,3097.64,-1.7752300536770884,0.0001,0.0001,2024-07-04T16:00:00+00:00,135.0,-16.775230053677088,0.2365190925236224,FLAT,False,False,False,
2024-07-04T13:46:00+00:00,ETHUSDT,LONG_SPOT_SHORT_PERP,3099.96,3099.54,-1.3548561916930306,0.0001,0.0001,2024-07-04T16:00:00+00:00,134.0,-16.35485619169303,0.2398410451129163,FLAT,False,False,False,
2024-07-04T13:47:00+00:00,ETHUSDT,LONG_SPOT_SHORT_PERP,3111.96,3111.44,-1.670972634609641,0.0001,0.0001,2024-07-04T16:00:00+00:00,133.0,-16.67097263460964,0.23733267395569246,FLAT,False,False,False,
2024-07-04T13:48:00+00:00,ETHUSDT,LONG_SPOT_SHORT_PERP,3117.64,3116.69,-3.0471767105881953,0.0001,0.0001,2024-07-04T16:00:00+00:00,132.0,-18.047176710588197,0.22712304870887481,FLAT,False,False,False,
2024-07-04T13:49:00+00:00,ETHUSDT,LONG_SPOT_SHORT_PERP,3120.82,3120.24,-1.8584859107554488,0.0001,0.0001,2024-07-04T16:00:00+00:00,131.0,-16.858485910755448,0.23587423161963672,FLAT,False,False,False,
2024-07-04T13:50:00+00:00,ETHUSDT,LONG_SPOT_SHORT_PERP,3122.88,3121.93,-3.042063736039402,0.0001,0.0001,2024-07-04T16:00:00+00:00,130.0,-18.042063736039402,0.22715891117322629,FLAT,False,False,False,
2024-07-04T13:51:00+00:00,ETHUSDT,LONG_SPOT_SHORT_PERP,3119.2,3118.95,-0.8014875609130547,0.0001,0.0001,2024-07-04T16:00:00+00:00,129.0,-15.801487560913055,0.24438508968473388,FLAT,False,False,False,
2024-07-04T13:52:00+00:00,ETHUSDT,LONG_SPOT_SHORT_PERP,3122.2,3121.77,-1.377234001664968,0.0001,0.0001,2024-07-04T16:00:00+00:00,128.0,-16.377234001664966,0.2396614085868393,FLAT,False,False,False,
2024-07-04T13:53:00+00:00,ETHUSDT,LONG_SPOT_SHORT_PERP,3122.21,3121.62,-1.8896871126546437,0.0001,0.0001,2024-07-04T16:00:00+00:00,127.0,-16.889687112654645,0.23563366272909841,FLAT,False,False,False,
2024-07-04T13:54:00+00:00,ETHUSDT,LONG_SPOT_SHORT_PERP,3124.59,3123.53,-3.3924450887954753,0.0001,0.0001,2024-07-04T16:00:00+00:00,126.0,-18.392445088795476,0.22473580940234011,FLAT,False,False,False,
2024-07-04T13:55:00+00:00,ETHUSDT,LONG_SPOT_SHORT_PERP,3126.41,3125.24,-3.7423114690653905,0.0001,0.0001,2024-07-04T16:00:00+00:00,125.0,-18.742311469065392,0.22238508612487645,FLAT,False,False,False,
2024-07-04T13:56:00+00:00,ETHUSDT,LONG_SPOT_SHORT_PERP,3125.44,3124.32,-3.583495443841158,0.0001,0.0001,2024-07-04T16:00:00+00:00,124.0,-18.58349544384116,0.22344373181101934,FLAT,False,False,False,
2024-07-04T13:57:00+00:00,ETHUSDT,LONG_SPOT_SHORT_PERP,3126.4,3125.49,-2.9106960081893205,0.0001,0.0001,2024-07-04T16:00:00+00:00,123.0,-17.91069600818932,0.22808548663868666,FLAT,False,False,False,
2024-07-04T13:58:00+00:00,ETHUSDT,LONG_SPOT_SHORT_PERP,3121.99,3121.19,-2.5624681693398355,0.0001,0.0001,2024-07-04T16:00:00+00:00,122.0,-17.562468169339837,0.23059018952959665,FLAT,False,False,False,
2024-07-04T13:59:00+00:00,ETHUSDT,LONG_SPOT_SHORT_PERP,3126.4,3125.3,-3.5184237461614285,0.0001,0.0001,2024-07-04T16:00:00+00:00,121.0,-18.518423746161428,0.2238815257544511,FLAT,False,False,False,
2024-07-04T14:00:00+00:00,ETHUSDT,LONG_SPOT_SHORT_PERP,3130.37,3129.4,-3.0986752364730044,0.0001,0.0001,2024-07-04T16:00:00+00:00,120.0,-18.098675236473003,0.22676267336031758,FLAT,False,False,False,
2024-07-04T14:01:00+00:00,ETHUSDT,LONG_SPOT_SHORT_PERP,3127.97,3127.4,-1.82226811638126,0.0001,0.0001,2024-07-04T16:00:00+00:00,119.0,-16.82226811638126,0.23615423179982378,FLAT,False,False,False,
2024-07-04T14:02:00+00:00,ETHUSDT,LONG_SPOT_SHORT_PERP,3123.93,3123.06,-2.784953568101369,0.0001,0.0001,2024-07-04T16:00:00+00:00,118.0,-17.78495356810137,0.2289817409665259,FLAT,False,False,False,
2024-07-04T14:03:00+00:00,ETHUSDT,LONG_SPOT_SHORT_PERP,3123.84,3123.0,-2.688998156116016,0.0001,0.0001,2024-07-04T16:00:00+00:00,117.0,-17.688998156116014,0.2296718827355121,FLAT,False,False,False,
2024-07-04T14:04:00+00:00,ETHUSDT,LONG_SPOT_SHORT_PERP,3121.54,3120.43,-3.555937133594724,0.0001,0.0001,2024-07-04T16:00:00+00:00,116.0,-18.555937133594725,0.22362885308943814,FLAT,False,False,False,
2024-07-04T14:05:00+00:00,ETHUSDT,LONG_SPOT_SHORT_PERP,3120.0,3119.0,-3.2051282051282053,0.0001,0.0001,2024-07-04T16:00:00+00:00,115.0,-18.205128205128204,0.22602254387255327,FLAT,False,False,False,
2024-07-04T14:06:00+00:00,ETHUSDT,LONG_SPOT_SHORT_PERP,3114.99,3114.48,-1.6372444213296464,0.0001,0.0001,2024-07-04T16:00:00+00:00,114.0,-16.637244421329648,0.2375973216930964,FLAT,False,False,False,
2024-07-04T14:07:00+00:00,ETHUSDT,LONG_SPOT_SHORT_PERP,3115.6,3114.91,-2.214661702400997,0.0001,0.0001,2024-07-04T16:00:00+00:00,113.0,-17.214661702400996,0.23316341676298885,FLAT,False,False,False,
2024-07-04T14:08:00+00:00,ETHUSDT,LONG_SPOT_SHORT_PERP,3113.41,3112.51,-2.890721106438395,0.0001,0.0001,2024-07-04T16:00:00+00:00,112.0,-17.890721106438395,0.22822724846846792,FLAT,False,False,False,
2024-07-04T14:09:00+00:00,ETHUSDT,LONG_SPOT_SHORT_PERP,3113.32,3112.61,-2.280523685326392,0.0001,0.0001,2024-07-04T16:00:00+00:00,111.0,-17.280523685326393,0.23267058276645103,FLAT,False,False,False,
2024-07-04T14:10:00+00:00,ETHUSDT,LONG_SPOT_SHORT_PERP,3108.53,3107.71,-2.637902802933102,0.0001,0.0001,2024-07-04T16:00:00+00:00,110.0,-17.6379028029331,0.23004157879974382,FLAT,False,False,False,
2024-07-04T14:11:00+00:00,ETHUSDT,LONG_SPOT_SHORT_PERP,3108.2,3107.32,-2.831220642171207,0.0001,0.0001,2024-07-04T16:00:00+00:00,109.0,-17.831220642171207,0.2286508944980808,FLAT,False,False,False,
2024-07-04T14:12:00+00:00,ETHUSDT,LONG_SPOT_SHORT_PERP,3109.45,3108.86,-1.897441669747675,0.0001,0.0001,2024-07-04T16:00:00+00:00,108.0,-16.897441669747675,0.23557396611705944,FLAT,False,False,False,
2024-07-04T14:13:00+00:00,ETHUSDT,LONG_SPOT_SHORT_PERP,3111.77,3111.37,-1.2854420474523855,0.0001,0.0001,2024-07-04T16:00:00+00:00,107.0,-16.285442047452385,0.24040028329924001,FLAT,False,False,False,
2024-07-04T14:14:00+00:00,ETHUSDT,LONG_SPOT_SHORT_PERP,3113.08,3112.67,-1.3170236550292782,0.0001,0.0001,2024-07-04T16:00:00+00:00,106.0,-16.317023655029278,0.24014546538723205,FLAT,False,False,False,
2024-07-04T14:15:00+00:00,ETHUSDT,LONG_SPOT_SHORT_PERP,3114.9,3114.09,-2.6004045073676374,0.0001,0.0001,2024-07-04T16:00:00+00:00,105.0,-17.60040450736764,0.23031387176893614,FLAT,False,False,False,
2024-07-04T14:16:00+00:00,ETHUSDT,LONG_SPOT_SHORT_PERP,3118.01,3117.27,-2.3733086167146236,0.0001,0.0001,2024-07-04T16:00:00+00:00,104.0,-17.373308616714624,0.23198071093782313,FLAT,False,False,False,
2024-07-04T14:17:00+00:00,ETHUSDT,LONG_SPOT_SHORT_PERP,3115.51,3114.63,-2.8245776774913547,0.0001,0.0001,2024-07-04T16:00:00+00:00,103.0,-17.824577677491355,0.22869832035853432,FLAT,False,False,False,
2024-07-04T14:18:00+00:00,ETHUSDT,LONG_SPOT_SHORT_PERP,3116.49,3115.65,-2.6953399497501707,0.0001,0.0001,2024-07-04T16:00:00+00:00,102.0,-17.69533994975017,0.22962610417678672,FLAT,False,False,False,
2024-07-04T14:19:00+00:00,ETHUSDT,LONG_SPOT_SHORT_PERP,3116.49,3115.77,-2.310291385500354,0.0001,0.0001,2024-07-04T16:00:00+00:00,101.0,-17.310291385500353,0.23244869235524876,FLAT,False,False,False,
2024-07-04T14:20:00+00:00,ETHUSDT,LONG_SPOT_SHORT_PERP,3118.36,3117.35,-3.2388819764242043,0.0001,0.0001,2024-07-04T16:00:00+00:00,100.0,-18.238881976424203,0.2257892129780431,FLAT,False,False,False,
2024-07-04T14:21:00+00:00,ETHUSDT,LONG_SPOT_SHORT_PERP,3119.68,3118.68,-3.2054569699456357,0.0001,0.0001,2024-07-04T16:00:00+00:00,99.0,-18.205456969945637,0.226020268087416,FLAT,False,False,False,
2024-07-04T14:22:00+00:00,ETHUSDT,LONG_SPOT_SHORT_PERP,3118.5,3117.45,-3.3670033670039503,0.0001,0.0001,2024-07-04T16:00:00+00:00,98.0,-18.36700336700395,0.22490941405294587,FLAT,False,False,False,
2024-07-04T14:23:00+00:00,ETHUSDT,LONG_SPOT_SHORT_PERP,3107.37,3106.15,-3.926149766522171,0.0001,0.0001,2024-07-04T16:00:00+00:00,97.0,-18.926149766522173,0.2211769410766768,FLAT,False,False,False,
2024-07-04T14:24:00+00:00,ETHUSDT,LONG_SPOT_SHORT_PERP,3108.4,3107.58,-2.6380131257243713,0.0001,0.0001,2024-07-04T16:00:00+00:00,96.0,-17.63801312572437,0.23004077891522592,FLAT,False,False,False,
2024-07-04T14:25:00+00:00,ETHUSDT,LONG_SPOT_SHORT_PERP,3114.8,3113.76,-3.3388981636058928,0.0001,0.0001,2024-07-04T16:00:00+00:00,95.0,-18.338898163605894,0.2251016167163018,FLAT,False,False,False,
2024-07-04T14:26:00+00:00,ETHUSDT,LONG_SPOT_SHORT_PERP,3113.09,3112.37,-2.3128145990005256,0.0001,0.0001,2024-07-04T16:00:00+00:00,94.0,-17.312814599000525,0.23242990861386353,FLAT,False,False,False,
2024-07-04T14:27:00+00:00,ETHUSDT,LONG_SPOT_SHORT_PERP,3105.62,3105.0,-1.9963807548891714,0.0001,0.0001,2024-07-04T16:00:00+00:00,93.0,-16.99638075488917,0.23481554555304224,FLAT,False,False,False,
2024-07-04T14:28:00+00:00,ETHUSDT,LONG_SPOT_SHORT_PERP,3093.26,3091.75,-4.881581244383654,0.0001,0.0001,2024-07-04T16:00:00+00:00,92.0,-19.881581244383653,0.21518864229381443,FLAT,False,False,False,
2024-07-04T14:29:00+00:00,ETHUSDT,LONG_SPOT_SHORT_PERP,3100.32,3099.03,-4.160860814367432,0.0001,0.0001,2024-07-04T16:00:00+00:00,91.0,-19.16086081436743,0.21966111120863827,FLAT,False,False,False,
2024-07-04T14:30:00+00:00,ETHUSDT,LONG_SPOT_SHORT_PERP,3098.6,3097.37,-3.9695346285419806,0.0001,0.0001,2024-07-04T16:00:00+00:00,90.0,-18.96953462854198,0.22089450957854592,FLAT,False,False,False,
2024-07-04T14:31:00+00:00,ETHUSDT,LONG_SPOT_SHORT_PERP,3098.72,3097.99,-2.355811431817067,0.0001,0.0001,2024-07-04T16:00:00+00:00,89.0,-17.355811431817067,0.2321104108604958,FLAT,False,False,False,
2024-07-04T14:32:00+00:00,ETHUSDT,LONG_SPOT_SHORT_PERP,3098.65,3097.5,-3.7112936278704947,0.0001,0.0001,2024-07-04T16:00:00+00:00,88.0,-18.711293627870496,0.2225907533827591,FLAT,False,False,False,
2024-07-04T14:33:00+00:00,ETHUSDT,LONG_SPOT_SHORT_PERP,3105.78,3104.86,-2.962218830696549,0.0001,0.0001,2024-07-04T16:00:00+00:00,87.0,-17.96221883069655,0.22772089474938137,FLAT,False,False,False,
2024-07-04T14:34:00+00:00,ETHUSDT,LONG_SPOT_SHORT_PERP,3098.37,3097.55,-2.646552864892537,0.0001,0.0001,2024-07-04T16:00:00+00:00,86.0,-17.646552864892538,0.22997888411057377,FLAT,False,False,False,
2024-07-04T14:35:00+00:00,ETHUSDT,LONG_SPOT_SHORT_PERP,3104.72,3103.86,-2.7699760364853274,0.0001,0.0001,2024-07-04T16:00:00+00:00,85.0,-17.76997603648533,0.22908910961248738,FLAT,False,False,False,
2024-07-04T14:36:00+00:00,ETHUSDT,LONG_SPOT_SHORT_PERP,3118.86,3118.02,-2.693291779689199,0.0001,0.0001,2024-07-04T16:00:00+00:00,84.0,-17.693291779689197,0.22964088641704253,FLAT,False,False,False,
2024-07-04T14:37:00+00:00,ETHUSDT,LONG_SPOT_SHORT_PERP,3113.29,3112.43,-2.762351081974783,0.0001,0.0001,2024-07-04T16:00:00+00:00,83.0,-17.762351081974785,0.2291438205252287,FLAT,False,False,False,
2024-07-04T14:38:00+00:00,ETHUSDT,LONG_SPOT_SHORT_PERP,3114.53,3113.46,-3.4355103338229642,0.0001,0.0001,2024-07-04T16:00:00+00:00,82.0,-18.435510333822965,0.22444277691476408,FLAT,False,False,False,
2024-07-04T14:39:00+00:00,ETHUSDT,LONG_SPOT_SHORT_PERP,3114.97,3113.71,-4.044982776719403,0.0001,0.0001,2024-07-04T16:00:00+00:00,81.0,-19.0449827767194,0.22040577443429687,FLAT,False,False,False,
2024-07-04T14:40:00+00:00,ETHUSDT,LONG_SPOT_SHORT_PERP,3118.0,3117.67,-1.0583707504808444,0.0001,0.0001,2024-07-04T16:00:00+00:00,80.0,-16.058370750480844,0.24225116433181382,FLAT,False,False,False,
2024-07-04T14:41:00+00:00,ETHUSDT,LONG_SPOT_SHORT_PERP,3120.2,3119.47,-2.339593615793918,0.0001,0.0001,2024-07-04T16:00:00+00:00,79.0,-17.339593615793916,0.23223079092534676,FLAT,False,False,False,
2024-07-04T14:42:00+00:00,ETHUSDT,LONG_SPOT_SHORT_PERP,3117.8,3117.18,-1.9885816922199806,0.0001,0.0001,2024-07-04T16:00:00+00:00,78.0,-16.98858169221998,0.2348751118550153,FLAT,False,False,False,
2024-07-04T14:43:00+00:00,ETHUSDT,LONG_SPOT_SHORT_PERP,3116.97,3116.01,-3.0799141473917993,0.0001,0.0001,2024-07-04T16:00:00+00:00,77.0,-18.0799141473918,0.22689378336476326,FLAT,False,False,False,
2024-07-04T14:44:00+00:00,ETHUSDT,LONG_SPOT_SHORT_PERP,3115.83,3115.45,-1.2195787318310343,0.0001,0.0001,2024-07-04T16:00:00+00:00,76.0,-16.219578731831035,0.24093374731239592,FLAT,False,False,False,
2024-07-04T14:45:00+00:00,ETHUSDT,LONG_SPOT_SHORT_PERP,3113.18,3112.58,-1.92728978086686,0.0001,0.0001,2024-07-04T16:00:00+00:00,75.0,-16.92728978086686,0.2353445323140127,FLAT,False,False,False,
2024-07-04T14:46:00+00:00,ETHUSDT,LONG_SPOT_SHORT_PERP,3116.37,3115.8,-1.8290511075376448,0.0001,0.0001,2024-07-04T16:00:00+00:00,74.0,-16.829051107537644,0.2361017308472806,FLAT,False,False,False,
2024-07-04T14:47:00+00:00,ETHUSDT,LONG_SPOT_SHORT_PERP,3119.18,3119.1,-0.25647766400120303,0.0001,0.0001,2024-07-04T16:00:00+00:00,73.0,-15.256477664001203,0.249055822224302,FLAT,False,False,False,
2024-07-04T14:48:00+00:00,ETHUSDT,LONG_SPOT_SHORT_PERP,3121.91,3121.2,-2.274248777191003,0.0001,0.0001,2024-07-04T16:00:00+00:00,72.0,-17.274248777191005,0.2327174242936769,FLAT,False,False,False,
2024-07-04T14:49:00+00:00,ETHUSDT,LONG_SPOT_SHORT_PERP,3123.04,3122.47,-1.8251447307756665,0.0001,0.0001,2024-07-04T16:00:00+00:00,71.0,-16.825144730775666,0.23613196308198464,FLAT,False,False,False,
2024-07-04T14:50:00+00:00,ETHUSDT,LONG_SPOT_SHORT_PERP,3119.69,3119.09,-1.9232680170142196,0.0001,0.0001,2024-07-04T16:00:00+00:00,70.0,-16.92326801701422,0.23537541456412417,FLAT,False,False,False,
2024-07-04T14:51:00+00:00,ETHUSDT,LONG_SPOT_SHORT_PERP,3127.36,3126.81,-1.7586718510186925,0.0001,0.0001,2024-07-04T16:00:00+00:00,69.0,-16.758671851018693,0.23664785542679778,FLAT,False,False,False,
2024-07-04T14:52:00+00:00,ETHUSDT,LONG_SPOT_SHORT_PERP,3127.4,3127.02,-1.215066828675926,0.0001,0.0001,2024-07-04T16:00:00+00:00,68.0,-16.215066828675926,0.2409703929790593,FLAT,False,False,False,
2024-07-04T14:53:00+00:00,ETHUSDT,LONG_SPOT_SHORT_PERP,3126.01,3125.43,-1.8554003346130752,0.0001,0.0001,2024-07-04T16:00:00+00:00,67.0,-16.855400334613076,0.23589805473291514,FLAT,False,False,False,
2024-07-04T14:54:00+00:00,ETHUSDT,LONG_SPOT_SHORT_PERP,3125.28,3124.33,-3.0397276404042928,0.0001,0.0001,2024-07-04T16:00:00+00:00,66.0,-18.039727640404294,0.22717530157141538,FLAT,False,False,False,
2024-07-04T14:55:00+00:00,ETHUSDT,LONG_SPOT_SHORT_PERP,3124.47,3123.87,-1.9203256872362642,0.0001,0.0001,2024-07-04T16:00:00+00:00,65.0,-16.920325687236264,0.23539801436235808,FLAT,False,False,False,
2024-07-04T14:56:00+00:00,ETHUSDT,LONG_SPOT_SHORT_PERP,3122.41,3121.25,-3.7150790575224093,0.0001,0.0001,2024-07-04T16:00:00+00:00,64.0,-18.71507905752241,0.2225656253146776,FLAT,False,False,False,
2024-07-04T14:57:00+00:00,ETHUSDT,LONG_SPOT_SHORT_PERP,3124.05,3123.24,-2.5927882076163957,0.0001,0.0001,2024-07-04T16:00:00+00:00,63.0,-17.592788207616394,0.23036927861847595,FLAT,False,False,False,
2024-07-04T14:58:00+00:00,ETHUSDT,LONG_SPOT_SHORT_PERP,3124.09,3122.92,-3.745090570374326,0.0001,0.0001,2024-07-04T16:00:00+00:00,62.0,-18.745090570374327,0.22236668480136101,FLAT,False,False,False,
2024-07-04T14:59:00+00:00,ETHUSDT,LONG_SPOT_SHORT_PERP,3123.01,3121.91,-3.5222429643208435,0.0001,0.0001,2024-07-04T16:00:00+00:00,61.0,-18.522242964320842,0.22385576545532693,FLAT,False,False,False,
2024-07-04T15:00:00+00:00,ETHUSDT,LONG_SPOT_SHORT_PERP,3121.04,3120.0,-3.3322225924690603,0.0001,0.0001,2024-07-04T16:00:00+00:00,60.0,-18.33222259246906,0.22514733425976485,FLAT,False,False,False,
2024-07-04T15:01:00+00:00,ETHUSDT,LONG_SPOT_SHORT_PERP,3118.4,3117.83,-1.827860441252449,0.0001,0.0001,2024-07-04T16:00:00+00:00,59.0,-16.827860441252447,0.23611094465522567,FLAT,False,False,False,
2024-07-04T15:02:00+00:00,ETHUSDT,LONG_SPOT_SHORT_PERP,3116.76,3116.17,-1.8929914398290066,0.0001,0.0001,2024-07-04T16:00:00+00:00,58.0,-16.892991439829007,0.23560822063271308,FLAT,False,False,False,
2024-07-04T15:03:00+00:00,ETHUSDT,LONG_SPOT_SHORT_PERP,3119.14,3118.29,-2.725110126508939,0.0001,0.0001,2024-07-04T16:00:00+00:00,57.0,-17.725110126508937,0.22941152173856816,FLAT,False,False,False,
2024-07-04T15:04:00+00:00,ETHUSDT,LONG_SPOT_SHORT_PERP,3116.25,3115.5,-2.4067388688327314,0.0001,0.0001,2024-07-04T16:00:00+00:00,56.0,-17.406738868832733,0.23173341406484507,FLAT,False,False,False,
2024-07-04T15:05:00+00:00,ETHUSDT,LONG_SPOT_SHORT_PERP,3118.15,3117.16,-3.1749595112494156,0.0001,0.0001,2024-07-04T16:00:00+00:00,55.0,-18.174959511249416,0.22623164010953245,FLAT,False,False,False,
2024-07-04T15:06:00+00:00,ETHUSDT,LONG_SPOT_SHORT_PERP,3117.56,3117.14,-1.3472074314530362,0.0001,0.0001,2024-07-04T16:00:00+00:00,54.0,-16.347207431453036,0.23990251781630711,FLAT,False,False,False,
2024-07-04T15:07:00+00:00,ETHUSDT,LONG_SPOT_SHORT_PERP,3122.87,3122.07,-2.5617460861314343,0.0001,0.0001,2024-07-04T16:00:00+00:00,53.0,-17.561746086131436,0.23059545722826036,FLAT,False,False,False,
2024-07-04T15:08:00+00:00,ETHUSDT,LONG_SPOT_SHORT_PERP,3123.94,3123.26,-2.176738349647677,0.0001,0.0001,2024-07-04T16:00:00+00:00,52.0,-17.176738349647678,0.2334483776713708,FLAT,False,False,False,
2024-07-04T15:09:00+00:00,ETHUSDT,LONG_SPOT_SHORT_PERP,3124.01,3123.22,-2.5288011241974844,0.0001,0.0001,2024-07-04T16:00:00+00:00,51.0,-17.528801124197486,0.23083612343593102,FLAT,False,False,False,
2024-07-04T15:10:00+00:00,ETHUSDT,LONG_SPOT_SHORT_PERP,3122.01,3121.28,-2.338237225377299,0.0001,0.0001,2024-07-04T16:00:00+00:00,50.0,-17.3382372253773,0.23224086614910958,FLAT,False,False,False,
2024-07-04T15:11:00+00:00,ETHUSDT,LONG_SPOT_SHORT_PERP,3123.0,3122.01,-3.170028818443105,0.0001,0.0001,2024-07-04T16:00:00+00:00,49.0,-18.170028818443104,0.22626586350649452,FLAT,False,False,False,
2024-07-04T15:12:00+00:00,ETHUSDT,LONG_SPOT_SHORT_PERP,3121.8,3121.17,-2.018066500096448,0.0001,0.0001,2024-07-04T16:00:00+00:00,48.0,-17.01806650009645,0.23465011333510039,FLAT,False,False,False,
2024-07-04T15:13:00+00:00,ETHUSDT,LONG_SPOT_SHORT_PERP,3122.71,3122.33,-1.2168917382661506,0.0001,0.0001,2024-07-04T16:00:00+00:00,47.0,-16.21689173826615,0.2409555695025413,FLAT,False,False,False,
2024-07-04T15:14:00+00:00,ETHUSDT,LONG_SPOT_SHORT_PERP,3128.42,3127.85,-1.8220059966378035,0.0001,0.0001,2024-07-04T16:00:00+00:00,46.0,-16.822005996637802,0.23615626119973876,FLAT,False,False,False,
2024-07-04T15:15:00+00:00,ETHUSDT,LONG_SPOT_SHORT_PERP,3124.32,3123.52,-2.5605571772423503,0.0001,0.0001,2024-07-04T16:00:00+00:00,45.0,-17.56055717724235,0.23060413115758227,FLAT,False,False,False,
2024-07-04T15:16:00+00:00,ETHUSDT,LONG_SPOT_SHORT_PERP,3121.11,3120.7,-1.3136352131142741,0.0001,0.0001,2024-07-04T16:00:00+00:00,44.0,-16.313635213114274,0.24017277486758987,FLAT,False,False,False,
2024-07-04T15:17:00+00:00,ETHUSDT,LONG_SPOT_SHORT_PERP,3120.01,3119.56,-1.4423030695423182,0.0001,0.0001,2024-07-04T16:00:00+00:00,43.0,-16.44230306954232,0.23914086957534791,FLAT,False,False,False,
2024-07-04T15:18:00+00:00,ETHUSDT,LONG_SPOT_SHORT_PERP,3119.65,3118.83,-2.628499991986805,0.0001,0.0001,2024-07-04T16:00:00+00:00,42.0,-17.628499991986804,0.23010977927853127,FLAT,False,False,False,
2024-07-04T15:19:00+00:00,ETHUSDT,LONG_SPOT_SHORT_PERP,3117.99,3117.14,-2.726115221664948,0.0001,0.0001,2024-07-04T16:00:00+00:00,41.0,-17.726115221664948,0.22940428610547328,FLAT,False,False,False,
2024-07-04T15:20:00+00:00,ETHUSDT,LONG_SPOT_SHORT_PERP,3116.73,3115.4,-4.267292964099961,0.0001,0.0001,2024-07-04T16:00:00+00:00,40.0,-19.267292964099962,0.21898347682650074,FLAT,False,False,False,
2024-07-04T15:21:00+00:00,ETHUSDT,LONG_SPOT_SHORT_PERP,3108.62,3107.27,-4.342763026680357,0.0001,0.0001,2024-07-04T16:00:00+00:00,39.0,-19.34276302668036,0.21850661958013556,FLAT,False,False,False,
2024-07-04T15:22:00+00:00,ETHUSDT,LONG_SPOT_SHORT_PERP,3110.69,3109.71,-3.150426432720773,0.0001,0.0001,2024-07-04T16:00:00+00:00,38.0,-18.150426432720774,0.22640205852786988,FLAT,False,False,False,
2024-07-04T15:23:00+00:00,ETHUSDT,LONG_SPOT_SHORT_PERP,3110.34,3109.43,-2.9257251618804028,0.0001,0.0001,2024-07-04T16:00:00+00:00,37.0,-17.925725161880404,0.22797897704329098,FLAT,False,False,False,
2024-07-04T15:24:00+00:00,ETHUSDT,LONG_SPOT_SHORT_PERP,3110.17,3109.16,-3.247410913230525,0.0001,0.0001,2024-07-04T16:00:00+00:00,36.0,-18.247410913230524,0.22573035702319838,FLAT,False,False,False,
2024-07-04T15:25:00+00:00,ETHUSDT,LONG_SPOT_SHORT_PERP,3114.5,3113.3,-3.852945898217428,0.0001,0.0001,2024-07-04T16:00:00+00:00,35.0,-18.852945898217428,0.22165581003359913,FLAT,False,False,False,
2024-07-04T15:26:00+00:00,ETHUSDT,LONG_SPOT_SHORT_PERP,3112.72,3112.19,-1.702690894136785,0.0001,0.0001,2024-07-04T16:00:00+00:00,34.0,-16.702690894136786,0.23708444349138247,FLAT,False,False,False,
2024-07-04T15:27:00+00:00,ETHUSDT,LONG_SPOT_SHORT_PERP,3115.51,3114.75,-2.439407994197477,0.0001,0.0001,2024-07-04T16:00:00+00:00,33.0,-17.439407994197477,0.23149239178769293,FLAT,False,False,False,
2024-07-04T15:28:00+00:00,ETHUSDT,LONG_SPOT_SHORT_PERP,3116.2,3115.06,-3.6583017778058937,0.0001,0.0001,2024-07-04T16:00:00+00:00,32.0,-18.658301777805892,0.22294334773717403,FLAT,False,False,False,
2024-07-04T15:29:00+00:00,ETHUSDT,LONG_SPOT_SHORT_PERP,3116.21,3115.46,-2.406769761986516,0.0001,0.0001,2024-07-04T16:00:00+00:00,31.0,-17.406769761986517,0.23173318584449676,FLAT,False,False,False,
2024-07-04T15:30:00+00:00,ETHUSDT,LONG_SPOT_SHORT_PERP,3119.0,3118.0,-3.2061558191728117,0.0001,0.0001,2024-07-04T16:00:00+00:00,30.0,-18.20615581917281,0.22601543069758306,FLAT,False,False,False,
2024-07-04T15:31:00+00:00,ETHUSDT,LONG_SPOT_SHORT_PERP,3120.59,3119.65,-3.0122508884539605,0.0001,0.0001,2024-07-04T16:00:00+00:00,29.0,-18.01225088845396,0.22736831792283413,FLAT,False,False,False,
2024-07-04T15:32:00+00:00,ETHUSDT,LONG_SPOT_SHORT_PERP,3117.2,3116.27,-2.9834466829200443,0.0001,0.0001,2024-07-04T16:00:00+00:00,28.0,-17.983446682920043,0.2275711255369048,FLAT,False,False,False,
2024-07-04T15:33:00+00:00,ETHUSDT,LONG_SPOT_SHORT_PERP,3114.01,3113.02,-3.179180542131324,0.0001,0.0001,2024-07-04T16:00:00+00:00,27.0,-18.179180542131324,0.22620235339751518,FLAT,False,False,False,
2024-07-04T15:34:00+00:00,ETHUSDT,LONG_SPOT_SHORT_PERP,3115.21,3114.35,-2.7606485598085757,0.0001,0.0001,2024-07-04T16:00:00+00:00,26.0,-17.760648559808576,0.2291560411751693,FLAT,False,False,False,
2024-07-04T15:35:00+00:00,ETHUSDT,LONG_SPOT_SHORT_PERP,3112.85,3111.75,-3.5337391779234757,0.0001,0.0001,2024-07-04T16:00:00+00:00,25.0,-18.533739177923476,0.22377827352421759,FLAT,False,False,False,
2024-07-04T15:36:00+00:00,ETHUSDT,LONG_SPOT_SHORT_PERP,3116.0,3115.35,-2.086007702182577,0.0001,0.0001,2024-07-04T16:00:00+00:00,24.0,-17.086007702182577,0.23413367278985808,FLAT,False,False,False,
2024-07-04T15:37:00+00:00,ETHUSDT,LONG_SPOT_SHORT_PERP,3118.8,3117.74,-3.3987431063242277,0.0001,0.0001,2024-07-04T16:00:00+00:00,23.0,-18.39874310632423,0.22469289029351167,FLAT,False,False,False,
2024-07-04T15:38:00+00:00,ETHUSDT,LONG_SPOT_SHORT_PERP,3117.21,3116.63,-1.86063819890199,0.0001,0.0001,2024-07-04T16:00:00+00:00,22.0,-16.86063819890199,0.23585761770767477,FLAT,False,False,False,
2024-07-04T15:39:00+00:00,ETHUSDT,LONG_SPOT_SHORT_PERP,3118.73,3117.94,-2.533082376480053,0.0001,0.0001,2024-07-04T16:00:00+00:00,21.0,-17.533082376480053,0.23080481214534088,FLAT,False,False,False,
2024-07-04T15:40:00+00:00,ETHUSDT,LONG_SPOT_SHORT_PERP,3122.71,3122.04,-2.145572275363619,0.0001,0.0001,2024-07-04T16:00:00+00:00,20.0,-17.14557227536362,0.23368321457777563,FLAT,False,False,False,
2024-07-04T15:41:00+00:00,ETHUSDT,LONG_SPOT_SHORT_PERP,3125.4,3124.44,-3.0716068343253227,0.0001,0.0001,2024-07-04T16:00:00+00:00,19.0,-18.071606834325323,0.22695190258791198,FLAT,False,False,False,
2024-07-04T15:42:00+00:00,ETHUSDT,LONG_SPOT_SHORT_PERP,3126.82,3126.2,-1.9828451909618896,0.0001,0.0001,2024-07-04T16:00:00+00:00,18.0,-16.98284519096189,0.23491894882675987,FLAT,False,False,False,
2024-07-04T15:43:00+00:00,ETHUSDT,LONG_SPOT_SHORT_PERP,3128.6,3127.84,-2.429201559802351,0.0001,0.0001,2024-07-04T16:00:00+00:00,17.0,-17.42920155980235,0.23156762324780192,FLAT,False,False,False,
2024-07-04T15:44:00+00:00,ETHUSDT,LONG_SPOT_SHORT_PERP,3130.18,3129.3,-2.811339922942625,0.0001,0.0001,2024-07-04T16:00:00+00:00,16.0,-17.811339922942626,0.22879290472611064,FLAT,False,False,False,
2024-07-04T15:45:00+00:00,ETHUSDT,LONG_SPOT_SHORT_PERP,3129.61,3128.45,-3.706532123811942,0.0001,0.0001,2024-07-04T16:00:00+00:00,15.0,-18.706532123811943,0.22262237193451298,FLAT,False,False,False,
2024-07-04T15:46:00+00:00,ETHUSDT,LONG_SPOT_SHORT_PERP,3129.87,3128.81,-3.3867221322289596,0.0001,0.0001,2024-07-04T16:00:00+00:00,14.0,-18.38672213222896,0.2247748289661698,FLAT,False,False,False,
2024-07-04T15:47:00+00:00,ETHUSDT,LONG_SPOT_SHORT_PERP,3132.34,3130.99,-4.309876960995179,0.0001,0.0001,2024-07-04T16:00:00+00:00,13.0,-19.30987696099518,0.21871403921248836,FLAT,False,False,False,
2024-07-04T15:48:00+00:00,ETHUSDT,LONG_SPOT_SHORT_PERP,3132.37,3130.88,-4.7567816062591,0.0001,0.0001,2024-07-04T16:00:00+00:00,12.0,-19.7567816062591,0.21594378033430028,FLAT,False,False,False,
2024-07-04T15:49:00+00:00,ETHUSDT,LONG_SPOT_SHORT_PERP,3133.59,3132.33,-4.020947220281588,0.0001,0.0001,2024-07-04T16:00:00+00:00,11.0,-19.020947220281588,0.22056113744218264,FLAT,False,False,False,
2024-07-04T15:50:00+00:00,ETHUSDT,LONG_SPOT_SHORT_PERP,3133.39,3131.92,-4.691404517151711,0.0001,0.0001,2024-07-04T16:00:00+00:00,10.0,-19.69140451715171,0.21634255464891672,FLAT,False,False,False,
2024-07-04T15:51:00+00:00,ETHUSDT,LONG_SPOT_SHORT_PERP,3135.94,3134.36,-5.038361703348684,0.0001,0.0001,2024-07-04T16:00:00+00:00,9.0,-20.038361703348684,0.19925123429999764,FLAT,False,False,False,
2024-07-04T15:52:00+00:00,ETHUSDT,LONG_SPOT_SHORT_PERP,3135.39,3133.99,-4.465154255132826,0.0001,0.0001,2024-07-04T16:00:00+00:00,8.0,-19.465154255132827,0.18773968163508875,FLAT,False,False,False,
2024-07-04T15:53:00+00:00,ETHUSDT,LONG_SPOT_SHORT_PERP,3146.2,3144.83,-4.354459347784283,0.0001,0.0001,2024-07-04T16:00:00+00:00,7.0,-19.35445934778428,0.17343298612848718,FLAT,False,False,False,
2024-07-04T15:54:00+00:00,ETHUSDT,LONG_SPOT_SHORT_PERP,3143.25,3141.99,-4.008589835362184,0.0001,0.0001,2024-07-04T16:00:00+00:00,6.0,-19.008589835362184,0.16064113543054617,FLAT,False,False,False,
2024-07-04T15:55:00+00:00,ETHUSDT,LONG_SPOT_SHORT_PERP,3139.38,3137.92,-4.6505997999606175,0.0001,0.0001,2024-07-04T16:00:00+00:00,5.0,-19.650599799960617,0.1415925648278053,FLAT,False,False,False,
2024-07-04T15:56:00+00:00,ETHUSDT,LONG_SPOT_SHORT_PERP,3140.0,3138.24,-5.605095541401969,0.0001,0.0001,2024-07-04T16:00:00+00:00,4.0,-20.60509554140197,0.12096506772180274,FLAT,False,False,False,
2024-07-04T15:57:00+00:00,ETHUSDT,LONG_SPOT_SHORT_PERP,3137.13,3135.78,-4.3032963249846485,0.0001,0.0001,2024-07-04T16:00:00+00:00,3.0,-19.30329632498465,0.11375561344463028,FLAT,False,False,False,
2024-07-04T15:58:00+00:00,ETHUSDT,LONG_SPOT_SHORT_PERP,3139.46,3138.56,-2.8667350436065147,0.0001,0.0001,2024-07-04T16:00:00+00:00,2.0,-17.866735043606514,0.10839778307272392,FLAT,False,False,False,
2024-07-04T15:59:00+00:00,ETHUSDT,LONG_SPOT_SHORT_PERP,3138.79,3137.87,-2.9310657928694583,0.0001,0.0001,2024-07-04T16:00:00+00:00,1.0,-17.931065792869457,0.09294116017037828,FLAT,False,False,False,
2024-07-04T16:00:00+00:00,ETHUSDT,LONG_SPOT_SHORT_PERP,3133.0,3131.61,-4.436642195977889,0.0001,0.0001,2024-07-05T00:00:00+00:00,480.0,-19.43664219597789,0.21791764252815155,FLAT,False,False,False,
2024-07-04T16:01:00+00:00,ETHUSDT,LONG_SPOT_SHORT_PERP,3134.4,3132.53,-5.966054109239059,0.0001,0.0001,2024-07-05T00:00:00+00:00,479.0,-20.96605410923906,0.20895362859696068,FLAT,False,False,False,
2024-07-04T16:02:00+00:00,ETHUSDT,LONG_SPOT_SHORT_PERP,3132.2,3131.12,-3.4480556797137067,0.0001,0.0001,2024-07-05T00:00:00+00:00,478.0,-18.448055679713708,0.22435760911546782,FLAT,False,False,False,
2024-07-04T16:03:00+00:00,ETHUSDT,LONG_SPOT_SHORT_PERP,3131.0,3129.69,-4.183966783774977,0.0001,0.0001,2024-07-05T00:00:00+00:00,477.0,-19.183966783774977,0.21951348637332832,FLAT,False,False,False,
2024-07-04T16:04:00+00:00,ETHUSDT,LONG_SPOT_SHORT_PERP,3129.75,3128.58,-3.738317757009578,0.0001,0.0001,2024-07-05T00:00:00+00:00,476.0,-18.73831775700958,0.22241153720752854,FLAT,False,False,False,
2024-07-04T16:05:00+00:00,ETHUSDT,LONG_SPOT_SHORT_PERP,3125.99,3124.82,-3.742814276436003,0.0001,0.0001,2024-07-05T00:00:00+00:00,475.0,-18.742814276436004,0.22238175656117937,FLAT,False,False,False,
2024-07-04T16:06:00+00:00,ETHUSDT,LONG_SPOT_SHORT_PERP,3128.69,3127.57,-3.5797730040364844,0.0001,0.0001,2024-07-05T00:00:00+00:00,474.0,-18.579773004036483,0.2234687124352685,FLAT,False,False,False,
2024-07-04T16:07:00+00:00,ETHUSDT,LONG_SPOT_SHORT_PERP,3126.89,3125.55,-4.285408185128644,0.0001,0.0001,2024-07-05T00:00:00+00:00,473.0,-19.285408185128645,0.2188687406162006,FLAT,False,False,False,
2024-07-04T16:08:00+00:00,ETHUSDT,LONG_SPOT_SHORT_PERP,3124.11,3122.59,-4.865385661836433,0.0001,0.0001,2024-07-05T00:00:00+00:00,472.0,-19.865385661836434,0.2152861890002698,FLAT,False,False,False,
2024-07-04T16:09:00+00:00,ETHUSDT,LONG_SPOT_SHORT_PERP,3123.38,3122.07,-4.194174259936176,0.0001,0.0001,2024-07-05T00:00:00+00:00,471.0,-19.194174259936176,0.21944836125499606,FLAT,False,False,False,
2024-07-04T16:10:00+00:00,ETHUSDT,LONG_SPOT_SHORT_PERP,3126.73,3125.37,-4.349592065832763,0.0001,0.0001,2024-07-05T00:00:00+00:00,470.0,-19.349592065832763,0.21846361901808475,FLAT,False,False,False,
2024-07-04T16:11:00+00:00,ETHUSDT,LONG_SPOT_SHORT_PERP,3123.87,3122.25,-5.185875212476483,0.0001,0.0001,2024-07-05T00:00:00+00:00,469.0,-20.185875212476482,0.21338055193997868,FLAT,False,False,False,
2024-07-04T16:12:00+00:00,ETHUSDT,LONG_SPOT_SHORT_PERP,3125.4,3124.42,-3.1355986433737066,0.0001,0.0001,2024-07-05T00:00:00+00:00,468.0,-18.135598643373708,0.22650522579989335,FLAT,False,False,False,
2024-07-04T16:13:00+00:00,ETHUSDT,LONG_SPOT_SHORT_PERP,3123.46,3122.26,-3.841893285010271,0.0001,0.0001,2024-07-05T00:00:00+00:00,467.0,-18.841893285010272,0.22172836525719328,FLAT,False,False,False,
2024-07-04T16:14:00+00:00,ETHUSDT,LONG_SPOT_SHORT_PERP,3122.3,3121.01,-4.131569676200121,0.0001,0.0001,2024-07-05T00:00:00+00:00,466.0,-19.131569676200122,0.21984866367541162,FLAT,False,False,False,
2024-07-04T16:15:00+00:00,ETHUSDT,LONG_SPOT_SHORT_PERP,3124.65,3123.29,-4.352487478598011,0.0001,0.0001,2024-07-05T00:00:00+00:00,465.0,-19.35248747859801,0.21844539484353773,FLAT,False,False,False,
2024-07-04T16:16:00+00:00,ETHUSDT,LONG_SPOT_SHORT_PERP,3124.47,3123.01,-4.672792505607612,0.0001,0.0001,2024-07-05T00:00:00+00:00,464.0,-19.67279250560761,0.21645648355228975,FLAT,False,False,False,
2024-07-04T16:17:00+00:00,ETHUSDT,LONG_SPOT_SHORT_PERP,3127.2,3125.85,-4.316960859554583,0.0001,0.0001,2024-07-05T00:00:00+00:00,463.0,-19.316960859554584,0.21866931116368798,FLAT,False,False,False,
2024-07-04T16:18:00+00:00,ETHUSDT,LONG_SPOT_SHORT_PERP,3127.58,3126.24,-4.284462747556084,0.0001,0.0001,2024-07-05T00:00:00+00:00,462.0,-19.284462747556084,0.21887472441929573,FLAT,False,False,False,
2024-07-04T16:19:00+00:00,ETHUSDT,LONG_SPOT_SHORT_PERP,3129.95,3128.52,-4.568763079281894,0.0001,0.0001,2024-07-05T00:00:00+00:00,461.0,-19.568763079281894,0.21709657755116052,FLAT,False,False,False,
2024-07-04T16:20:00+00:00,ETHUSDT,LONG_SPOT_SHORT_PERP,3129.54,3128.02,-4.856943832000811,0.0001,0.0001,2024-07-05T00:00:00+00:00,460.0,-19.85694383200081,0.21533708755336842,FLAT,False,False,False,
2024-07-04T16:21:00+00:00,ETHUSDT,LONG_SPOT_SHORT_PERP,3126.9,3125.16,-5.564616713039229,0.0001,0.0001,2024-07-05T00:00:00+00:00,459.0,-20.56461671303923,0.21119454477113261,FLAT,False,False,False,
2024-07-04T16:22:00+00:00,ETHUSDT,LONG_SPOT_SHORT_PERP,3124.6,3123.56,-3.328426038532816,0.0001,0.0001,2024-07-05T00:00:00+00:00,458.0,-18.328426038532815,0.2251733461087102,FLAT,False,False,False,
2024-07-04T16:23:00+00:00,ETHUSDT,LONG_SPOT_SHORT_PERP,3124.39,3122.8,-5.088993371505128,0.0001,0.0001,2024-07-05T00:00:00+00:00,457.0,-20.08899337150513,0.21395115548889915,FLAT,False,False,False,
2024-07-04T16:24:00+00:00,ETHUSDT,LONG_SPOT_SHORT_PERP,3125.93,3124.74,-3.806867076358251,0.0001,0.0001,2024-07-05T00:00:00+00:00,456.0,-18.80686707635825,0.2219587366641021,FLAT,False,False,False,
2024-07-04T16:25:00+00:00,ETHUSDT,LONG_SPOT_SHORT_PERP,3127.0,3125.68,-4.2212983690443355,0.0001,0.0001,2024-07-05T00:00:00+00:00,455.0,-19.221298369044334,0.219275575686599,FLAT,False,False,False,
2024-07-04T16:26:00+00:00,ETHUSDT,LONG_SPOT_SHORT_PERP,3125.01,3123.35,-5.311983001655383,0.0001,0.0001,2024-07-05T00:00:00+00:00,454.0,-20.311983001655385,0.2126448292177714,FLAT,False,False,False,
2024-07-04T16:27:00+00:00,ETHUSDT,LONG_SPOT_SHORT_PERP,3125.11,3124.08,-3.295883984884372,0.0001,0.0001,2024-07-05T00:00:00+00:00,453.0,-18.295883984884373,0.22539663963026,FLAT,False,False,False,
2024-07-04T16:28:00+00:00,ETHUSDT,LONG_SPOT_SHORT_PERP,3124.62,3123.0,-5.1846304510625005,0.0001,0.0001,2024-07-05T00:00:00+00:00,452.0,-20.1846304510625,0.21338785341975602,FLAT,False,False,False,
2024-07-04T16:29:00+00:00,ETHUSDT,LONG_SPOT_SHORT_PERP,3124.03,3122.42,-5.153599677340254,0.0001,0.0001,2024-07-05T00:00:00+00:00,451.0,-20.153599677340253,0.2135701228042512,FLAT,False,False,False,
2024-07-04T16:30:00+00:00,ETHUSDT,LONG_SPOT_SHORT_PERP,3118.6,3117.22,-4.425062528057812,0.0001,0.0001,2024-07-05T00:00:00+00:00,450.0,-19.42506252805781,0.2179900400232256,FLAT,False,False,False,
2024-07-04T16:31:00+00:00,ETHUSDT,LONG_SPOT_SHORT_PERP,3116.98,3115.31,-5.357750129933694,0.0001,0.0001,2024-07-05T00:00:00+00:00,449.0,-20.357750129933695,0.21237976970956218,FLAT,False,False,False,
2024-07-04T16:32:00+00:00,ETHUSDT,LONG_SPOT_SHORT_PERP,3114.87,3113.78,-3.499343471797188,0.0001,0.0001,2024-07-05T00:00:00+00:00,448.0,-18.49934347179719,0.2240103423648062,FLAT,False,False,False,
2024-07-04T16:33:00+00:00,ETHUSDT,LONG_SPOT_SHORT_PERP,3115.8,3114.38,-4.557417035753491,0.0001,0.0001,2024-07-05T00:00:00+00:00,447.0,-19.55741703575349,0.21716672979429702,FLAT,False,False,False,
2024-07-04T16:34:00+00:00,ETHUSDT,LONG_SPOT_SHORT_PERP,3116.16,3114.98,-3.7867118504821202,0.0001,0.0001,2024-07-05T00:00:00+00:00,446.0,-18.78671185048212,0.22209160407475642,FLAT,False,False,False,
2024-07-04T16:35:00+00:00,ETHUSDT,LONG_SPOT_SHORT_PERP,3118.71,3117.46,-4.008067438139487,0.0001,0.0001,2024-07-05T00:00:00+00:00,445.0,-19.008067438139488,0.2206445190891838,FLAT,False,False,False,
2024-07-04T16:36:00+00:00,ETHUSDT,LONG_SPOT_SHORT_PERP,3121.0,3120.01,-3.172060237102793,0.0001,0.0001,2024-07-05T00:00:00+00:00,444.0,-18.172060237102794,0.22625176197552255,FLAT,False,False,False,
2024-07-04T16:37:00+00:00,ETHUSDT,LONG_SPOT_SHORT_PERP,3122.33,3120.65,-5.380597182231975,0.0001,0.0001,2024-07-05T00:00:00+00:00,443.0,-20.380597182231973,0.21224783817987383,FLAT,False,False,False,
2024-07-04T16:38:00+00:00,ETHUSDT,LONG_SPOT_SHORT_PERP,3123.91,3122.79,-3.5852505353863933,0.0001,0.0001,2024-07-05T00:00:00+00:00,442.0,-18.585250535386393,0.22343195637522767,FLAT,False,False,False,
2024-07-04T16:39:00+00:00,ETHUSDT,LONG_SPOT_SHORT_PERP,3126.23,3125.06,-3.7425269413960995,0.0001,0.0001,2024-07-05T00:00:00+00:00,441.0,-18.7425269413961,0.22238365926154138,FLAT,False,False,False,
2024-07-04T16:40:00+00:00,ETHUSDT,LONG_SPOT_SHORT_PERP,3131.7,3130.36,-4.278826196633428,0.0001,0.0001,2024-07-05T00:00:00+00:00,440.0,-19.27882619663343,0.21891040875659024,FLAT,False,False,False,
2024-07-04T16:41:00+00:00,ETHUSDT,LONG_SPOT_SHORT_PERP,3130.82,3129.44,-4.407790930171997,0.0001,0.0001,2024-07-05T00:00:00+00:00,439.0,-19.407790930172,0.21809815509207323,FLAT,False,False,False,
2024-07-04T16:42:00+00:00,ETHUSDT,LONG_SPOT_SHORT_PERP,3133.9,3132.41,-4.7544592999146,0.0001,0.0001,2024-07-05T00:00:00+00:00,438.0,-19.7544592999146,0.21595790779901408,FLAT,False,False,False,
2024-07-04T16:43:00+00:00,ETHUSDT,LONG_SPOT_SHORT_PERP,3131.07,3129.92,-3.672865825420993,0.0001,0.0001,2024-07-05T00:00:00+00:00,437.0,-18.672865825420992,0.22284628789837502,FLAT,False,False,False,
2024-07-04T16:44:00+00:00,ETHUSDT,LONG_SPOT_SHORT_PERP,3132.43,3130.99,-4.59707000635307,0.0001,0.0001,2024-07-05T00:00:00+00:00,436.0,-19.59707000635307,0.21692184865093297,FLAT,False,False,False,
2024-07-04T16:45:00+00:00,ETHUSDT,LONG_SPOT_SHORT_PERP,3128.69,3127.49,-3.8354710757546218,0.0001,0.0001,2024-07-05T00:00:00+00:00,435.0,-18.835471075754622,0.2217705546798513,FLAT,False,False,False,
2024-07-04T16:46:00+00:00,ETHUSDT,LONG_SPOT_SHORT_PERP,3127.23,3125.48,-5.596006689626283,0.0001,0.0001,2024-07-05T00:00:00+00:00,434.0,-20.596006689626282,0.21101652377128655,FLAT,False,False,False,
2024-07-04T16:47:00+00:00,ETHUSDT,LONG_SPOT_SHORT_PERP,3127.4,3125.92,-4.732365543262832,0.0001,0.0001,2024-07-05T00:00:00+00:00,433.0,-19.73236554326283,0.2160924511395879,FLAT,False,False,False,
2024-07-04T16:48:00+00:00,ETHUSDT,LONG_SPOT_SHORT_PERP,3125.65,3124.48,-3.743221409946964,0.0001,0.0001,2024-07-05T00:00:00+00:00,432.0,-18.743221409946965,0.2223790606464668,FLAT,False,False,False,
2024-07-04T16:49:00+00:00,ETHUSDT,LONG_SPOT_SHORT_PERP,3130.87,3129.5,-4.3757805338448765,0.0001,0.0001,2024-07-05T00:00:00+00:00,431.0,-19.375780533844875,0.2182989457264317,FLAT,False,False,False,
2024-07-04T16:50:00+00:00,ETHUSDT,LONG_SPOT_SHORT_PERP,3135.52,3133.92,-5.10282186048856,0.0001,0.0001,2024-07-05T00:00:00+00:00,430.0,-20.10282186048856,0.2138694222630301,FLAT,False,False,False,
2024-07-04T16:51:00+00:00,ETHUSDT,LONG_SPOT_SHORT_PERP,3133.91,3132.47,-4.5948990239032215,0.0001,0.0001,2024-07-05T00:00:00+00:00,429.0,-19.59489902390322,0.21693523463002917,FLAT,False,False,False,
2024-07-04T16:52:00+00:00,ETHUSDT,LONG_SPOT_SHORT_PERP,3133.8,3132.27,-4.88225157955262,0.0001,0.0001,2024-07-05T00:00:00+00:00,428.0,-19.88225157955262,0.21518460771715808,FLAT,False,False,False,
2024-07-04T16:53:00+00:00,ETHUSDT,LONG_SPOT_SHORT_PERP,3133.4,3131.94,-4.659475330312237,0.0001,0.0001,2024-07-05T00:00:00+00:00,427.0,-19.659475330312237,0.21653811126631434,FLAT,False,False,False,
2024-07-04T16:54:00+00:00,ETHUSDT,LONG_SPOT_SHORT_PERP,3136.6,3135.31,-4.112733533124924,0.0001,0.0001,2024-07-05T00:00:00+00:00,426.0,-19.112733533124924,0.21996951511230634,FLAT,False,False,False,
2024-07-04T16:55:00+00:00,ETHUSDT,LONG_SPOT_SHORT_PERP,3140.61,3139.49,-3.5661861867609974,0.0001,0.0001,2024-07-05T00:00:00+00:00,425.0,-18.566186186760998,0.22355995641733625,FLAT,False,False,False,
2024-07-04T16:56:00+00:00,ETHUSDT,LONG_SPOT_SHORT_PERP,3142.89,3141.76,-3.5954169570034407,0.0001,0.0001,2024-07-05T00:00:00+00:00,424.0,-18.59541695700344,0.22336378042684701,FLAT,False,False,False,
2024-07-04T16:57:00+00:00,ETHUSDT,LONG_SPOT_SHORT_PERP,3139.66,3139.0,-2.1021384481117527,0.0001,0.0001,2024-07-05T00:00:00+00:00,423.0,-17.102138448111752,0.23401147104373987,FLAT,False,False,False,
2024-07-04T16:58:00+00:00,ETHUSDT,LONG_SPOT_SHORT_PERP,3139.73,3139.01,-2.2931908157701457,0.0001,0.0001,2024-07-05T00:00:00+00:00,422.0,-17.293190815770146,0.2325760960831303,FLAT,False,False,False,
2024-07-04T16:59:00+00:00,ETHUSDT,LONG_SPOT_SHORT_PERP,3140.94,3139.72,-3.884187536216084,0.0001,0.0001,2024-07-05T00:00:00+00:00,421.0,-18.884187536216082,0.22145108358269716,FLAT,False,False,False,
2024-07-04T17:00:00+00:00,ETHUSDT,LONG_SPOT_SHORT_PERP,3144.9,3143.35,-4.928614582340239,0.0001,0.0001,2024-07-05T00:00:00+00:00,420.0,-19.928614582340238,0.21490611559781325,FLAT,False,False,False,
2024-07-04T17:01:00+00:00,ETHUSDT,LONG_SPOT_SHORT_PERP,3141.82,3140.7,-3.5648127518455723,0.0001,0.0001,2024-07-05T00:00:00+00:00,419.0,-18.564812751845572,0.22356918559929567,FLAT,False,False,False,
2024-07-04T17:02:00+00:00,ETHUSDT,LONG_SPOT_SHORT_PERP,3138.29,3137.38,-2.8996682906928757,0.0001,0.0001,2024-07-05T00:00:00+00:00,418.0,-17.899668290692876,0.22816372174931315,FLAT,False,False,False,
2024-07-04T17:03:00+00:00,ETHUSDT,LONG_SPOT_SHORT_PERP,3136.53,3135.5,-3.2838837823971074,0.0001,0.0001,2024-07-05T00:00:00+00:00,417.0,-18.28388378239711,0.22547913230191358,FLAT,False,False,False,
2024-07-04T17:04:00+00:00,ETHUSDT,LONG_SPOT_SHORT_PERP,3138.18,3137.06,-3.5689476065741634,0.0001,0.0001,2024-07-05T00:00:00+00:00,416.0,-18.568947606574163,0.22354140345279105,FLAT,False,False,False,
2024-07-04T17:05:00+00:00,ETHUSDT,LONG_SPOT_SHORT_PERP,3139.65,3138.34,-4.172439603140304,0.0001,0.0001,2024-07-05T00:00:00+00:00,415.0,-19.172439603140305,0.21958709827168177,FLAT,False,False,False,
2024-07-04T17:06:00+00:00,ETHUSDT,LONG_SPOT_SHORT_PERP,3142.4,3141.13,-4.041496945010126,0.0001,0.0001,2024-07-05T00:00:00+00:00,414.0,-19.041496945010124,0.2204282871319408,FLAT,False,False,False,
2024-07-04T17:07:00+00:00,ETHUSDT,LONG_SPOT_SHORT_PERP,3138.79,3137.57,-3.8868481166302935,0.0001,0.0001,2024-07-05T00:00:00+00:00,413.0,-18.886848116630294,0.22143367336797845,FLAT,False,False,False,
2024-07-04T17:08:00+00:00,ETHUSDT,LONG_SPOT_SHORT_PERP,3140.05,3138.68,-4.362987850513035,0.0001,0.0001,2024-07-05T00:00:00+00:00,412.0,-19.362987850513036,0.2183793410102306,FLAT,False,False,False,
2024-07-04T17:09:00+00:00,ETHUSDT,LONG_SPOT_SHORT_PERP,3136.19,3135.67,-1.6580628086945681,0.0001,0.0001,2024-07-05T00:00:00+00:00,411.0,-16.658062808694567,0.23743388690577255,FLAT,False,False,False,
2024-07-04T17:10:00+00:00,ETHUSDT,LONG_SPOT_SHORT_PERP,3138.8,3138.07,-2.325729578182803,0.0001,0.0001,2024-07-05T00:00:00+00:00,410.0,-17.325729578182802,0.23233382449905887,FLAT,False,False,False,
2024-07-04T17:11:00+00:00,ETHUSDT,LONG_SPOT_SHORT_PERP,3138.19,3137.42,-2.453643660836284,0.0001,0.0001,2024-07-05T00:00:00+00:00,409.0,-17.453643660836285,0.2313875645195536,FLAT,False,False,False,
2024-07-04T17:12:00+00:00,ETHUSDT,LONG_SPOT_SHORT_PERP,3137.67,3136.62,-3.346432225186785,0.0001,0.0001,2024-07-05T00:00:00+00:00,408.0,-18.346432225186785,0.22505004998647404,FLAT,False,False,False,
2024-07-04T17:13:00+00:00,ETHUSDT,LONG_SPOT_SHORT_PERP,3139.33,3138.14,-3.7906177432766057,0.0001,0.0001,2024-07-05T00:00:00+00:00,407.0,-18.790617743276606,0.22206583824619372,FLAT,False,False,False,
2024-07-04T17:14:00+00:00,ETHUSDT,LONG_SPOT_SHORT_PERP,3137.64,3136.64,-3.187108782396961,0.0001,0.0001,2024-07-05T00:00:00+00:00,406.0,-18.18710878239696,0.22614737243040903,FLAT,False,False,False,
2024-07-04T17:15:00+00:00,ETHUSDT,LONG_SPOT_SHORT_PERP,3134.52,3133.97,-1.7546546201657092,0.0001,0.0001,2024-07-05T00:00:00+00:00,405.0,-16.75465462016571,0.23667912054392112,FLAT,False,False,False,
2024-07-04T17:16:00+00:00,ETHUSDT,LONG_SPOT_SHORT_PERP,3137.99,3137.68,-0.9878935241984373,0.0001,0.0001,2024-07-05T00:00:00+00:00,404.0,-15.987893524198437,0.24283236361373683,FLAT,False,False,False,
2024-07-04T17:17:00+00:00,ETHUSDT,LONG_SPOT_SHORT_PERP,3137.13,3136.25,-2.805111678509048,0.0001,0.0001,2024-07-05T00:00:00+00:00,403.0,-17.80511167850905,0.22883744111713683,FLAT,False,False,False,
2024-07-04T17:18:00+00:00,ETHUSDT,LONG_SPOT_SHORT_PERP,3136.47,3135.62,-2.710053021389999,0.0001,0.0001,2024-07-05T00:00:00+00:00,402.0,-17.71005302139,0.2295199879456109,FLAT,False,False,False,
2024-07-04T17:19:00+00:00,ETHUSDT,LONG_SPOT_SHORT_PERP,3138.95,3137.93,-3.2494942576338643,0.0001,0.0001,2024-07-05T00:00:00+00:00,401.0,-18.249494257633863,0.22571598667792936,FLAT,False,False,False,
2024-07-04T17:20:00+00:00,ETHUSDT,LONG_SPOT_SHORT_PERP,3135.24,3134.1,-3.6360852757679565,0.0001,0.0001,2024-07-05T00:00:00+00:00,400.0,-18.636085275767957,0.2230916318968257,FLAT,False,False,False,
2024-07-04T17:21:00+00:00,ETHUSDT,LONG_SPOT_SHORT_PERP,3137.37,3136.59,-2.4861587890486154,0.0001,0.0001,2024-07-05T00:00:00+00:00,399.0,-17.486158789048616,0.23114858474330946,FLAT,False,False,False,
2024-07-04T17:22:00+00:00,ETHUSDT,LONG_SPOT_SHORT_PERP,3139.32,3138.88,-1.401577411668943,0.0001,0.0001,2024-07-05T00:00:00+00:00,398.0,-16.401577411668942,0.2394663531883361,FLAT,False,False,False,
2024-07-04T17:23:00+00:00,ETHUSDT,LONG_SPOT_SHORT_PERP,3136.71,3135.8,-2.901128889823587,0.0001,0.0001,2024-07-05T00:00:00+00:00,397.0,-17.90112888982359,0.22815335561942107,FLAT,False,False,False,
2024-07-04T17:24:00+00:00,ETHUSDT,LONG_SPOT_SHORT_PERP,3137.93,3137.31,-1.9758248271946504,0.0001,0.0001,2024-07-05T00:00:00+00:00,396.0,-16.97582482719465,0.23497262415765846,FLAT,False,False,False,
2024-07-04T17:25:00+00:00,ETHUSDT,LONG_SPOT_SHORT_PERP,3138.65,3138.0,-2.0709540726111255,0.0001,0.0001,2024-07-05T00:00:00+00:00,395.0,-17.070954072611126,0.2342478573266763,FLAT,False,False,False,
2024-07-04T17:26:00+00:00,ETHUSDT,LONG_SPOT_SHORT_PERP,3140.18,3139.2,-3.1208402066124177,0.0001,0.0001,2024-07-05T00:00:00+00:00,394.0,-18.120840206612417,0.2266080351715162,FLAT,False,False,False,
2024-07-04T17:27:00+00:00,ETHUSDT,LONG_SPOT_SHORT_PERP,3141.74,3140.64,-3.5012445332838147,0.0001,0.0001,2024-07-05T00:00:00+00:00,393.0,-18.501244533283813,0.2239974986252055,FLAT,False,False,False,
2024-07-04T17:28:00+00:00,ETHUSDT,LONG_SPOT_SHORT_PERP,3144.02,3142.7,-4.198446574767857,0.0001,0.0001,2024-07-05T00:00:00+00:00,392.0,-19.198446574767857,0.2194211197966633,FLAT,False,False,False,
2024-07-04T17:29:00+00:00,ETHUSDT,LONG_SPOT_SHORT_PERP,3142.58,3141.37,-3.8503395299404835,0.0001,0.0001,2024-07-05T00:00:00+00:00,391.0,-18.850339529940484,0.22167291361297398,FLAT,False,False,False,
2024-07-04T17:30:00+00:00,ETHUSDT,LONG_SPOT_SHORT_PERP,3139.85,3138.81,-3.3122601398154807,0.0001,0.0001,2024-07-05T00:00:00+00:00,390.0,-18.312260139815482,0.2252841967755945,FLAT,False,False,False,
2024-07-04T17:31:00+00:00,ETHUSDT,LONG_SPOT_SHORT_PERP,3139.36,3138.6,-2.4208755924781427,0.0001,0.0001,2024-07-05T00:00:00+00:00,389.0,-17.420875592478144,0.23162903978632526,FLAT,False,False,False,
2024-07-04T17:32:00+00:00,ETHUSDT,LONG_SPOT_SHORT_PERP,3138.16,3137.0,-3.6964335789120204,0.0001,0.0001,2024-07-05T00:00:00+00:00,388.0,-18.69643357891202,0.2226894721878419,FLAT,False,False,False,
2024-07-04T17:33:00+00:00,ETHUSDT,LONG_SPOT_SHORT_PERP,3137.5,3136.24,-4.015936254980775,0.0001,0.0001,2024-07-05T00:00:00+00:00,387.0,-19.015936254980776,0.22059356698640603,FLAT,False,False,False,
2024-07-04T17:34:00+00:00,ETHUSDT,LONG_SPOT_SHORT_PERP,3138.6,3137.32,-4.078251449690134,0.0001,0.0001,2024-07-05T00:00:00+00:00,386.0,-19.078251449690136,0.22019124310677013,FLAT,False,False,False,
2024-07-04T17:35:00+00:00,ETHUSDT,LONG_SPOT_SHORT_PERP,3138.71,3137.3,-4.4922914190857215,0.0001,0.0001,2024-07-05T00:00:00+00:00,385.0,-19.49229141908572,0.21757069800021106,FLAT,False,False,False,
2024-07-04T17:36:00+00:00,ETHUSDT,LONG_SPOT_SHORT_PERP,3137.6,3136.45,-3.665221825599474,0.0001,0.0001,2024-07-05T00:00:00+00:00,384.0,-18.665221825599474,0.2228972155477686,FLAT,False,False,False,
2024-07-04T17:37:00+00:00,ETHUSDT,LONG_SPOT_SHORT_PERP,3137.34,3136.35,-3.155539405994366,0.0001,0.0001,2024-07-05T00:00:00+00:00,383.0,-18.155539405994368,0.22636651308783734,FLAT,False,False,False,
2024-07-04T17:38:00+00:00,ETHUSDT,LONG_SPOT_SHORT_PERP,3134.51,3133.54,-3.094582566334944,0.0001,0.0001,2024-07-05T00:00:00+00:00,382.0,-18.094582566334942,0.22679125739553835,FLAT,False,False,False,
2024-07-04T17:39:00+00:00,ETHUSDT,LONG_SPOT_SHORT_PERP,3134.51,3133.51,-3.190291305499105,0.0001,0.0001,2024-07-05T00:00:00+00:00,381.0,-18.190291305499105,0.22612531224809962,FLAT,False,False,False,
2024-07-04T17:40:00+00:00,ETHUSDT,LONG_SPOT_SHORT_PERP,3136.34,3135.02,-4.208727370119833,0.0001,0.0001,2024-07-05T00:00:00+00:00,380.0,-19.20872737011983,0.21935560650469477,FLAT,False,False,False,
2024-07-04T17:41:00+00:00,ETHUSDT,LONG_SPOT_SHORT_PERP,3135.9,3134.74,-3.699097547754422,0.0001,0.0001,2024-07-05T00:00:00+00:00,379.0,-18.699097547754423,0.22267176586709636,FLAT,False,False,False,
2024-07-04T17:42:00+00:00,ETHUSDT,LONG_SPOT_SHORT_PERP,3137.8,3136.85,-3.0275989546824933,0.0001,0.0001,2024-07-05T00:00:00+00:00,378.0,-18.027598954682492,0.22726044863815428,FLAT,False,False,False,
2024-07-04T17:43:00+00:00,ETHUSDT,LONG_SPOT_SHORT_PERP,3137.49,3136.52,-3.0916433199780715,0.0001,0.0001,2024-07-05T00:00:00+00:00,377.0,-18.091643319978072,0.22681179160039397,FLAT,False,False,False,
2024-07-04T17:44:00+00:00,ETHUSDT,LONG_SPOT_SHORT_PERP,3136.96,3136.08,-2.805263694787658,0.0001,0.0001,2024-07-05T00:00:00+00:00,376.0,-17.80526369478766,0.22883635382327144,FLAT,False,False,False,
2024-07-04T17:45:00+00:00,ETHUSDT,LONG_SPOT_SHORT_PERP,3135.33,3134.03,-4.146294010517959,0.0001,0.0001,2024-07-05T00:00:00+00:00,375.0,-19.14629401051796,0.2197543257069553,FLAT,False,False,False,
2024-07-04T17:46:00+00:00,ETHUSDT,LONG_SPOT_SHORT_PERP,3136.58,3135.57,-3.2200677170668803,0.0001,0.0001,2024-07-05T00:00:00+00:00,374.0,-18.22006771706688,0.22591919117525067,FLAT,False,False,False,
2024-07-04T17:47:00+00:00,ETHUSDT,LONG_SPOT_SHORT_PERP,3135.57,3134.14,-4.560574313443141,0.0001,0.0001,2024-07-05T00:00:00+00:00,373.0,-19.56057431344314,0.21714720171141597,FLAT,False,False,False,
2024-07-04T17:48:00+00:00,ETHUSDT,LONG_SPOT_SHORT_PERP,3136.82,3135.58,-3.953047991278545,0.0001,0.0001,2024-07-05T00:00:00+00:00,372.0,-18.953047991278545,0.22100171587981415,FLAT,False,False,False,
2024-07-04T17:49:00+00:00,ETHUSDT,LONG_SPOT_SHORT_PERP,3136.58,3135.39,-3.7939411715947133,0.0001,0.0001,2024-07-05T00:00:00+00:00,371.0,-18.793941171594714,0.22204392131490103,FLAT,False,False,False,
2024-07-04T17:50:00+00:00,ETHUSDT,LONG_SPOT_SHORT_PERP,3135.55,3134.35,-3.8270797786680895,0.0001,0.0001,2024-07-05T00:00:00+00:00,370.0,-18.82707977866809,0.22182571357743708,FLAT,False,False,False,
2024-07-04T17:51:00+00:00,ETHUSDT,LONG_SPOT_SHORT_PERP,3136.89,3135.74,-3.666051407604637,0.0001,0.0001,2024-07-05T00:00:00+00:00,369.0,-18.666051407604638,0.22289168695147848,FLAT,False,False,False,
2024-07-04T17:52:00+00:00,ETHUSDT,LONG_SPOT_SHORT_PERP,3137.99,3136.93,-3.3779585020983034,0.0001,0.0001,2024-07-05T00:00:00+00:00,368.0,-18.377958502098302,0.22483461575484753,FLAT,False,False,False,
2024-07-04T17:53:00+00:00,ETHUSDT,LONG_SPOT_SHORT_PERP,3140.22,3139.0,-3.8850781155454075,0.0001,0.0001,2024-07-05T00:00:00+00:00,367.0,-18.885078115545408,0.22144525541121374,FLAT,False,False,False,
2024-07-04T17:54:00+00:00,ETHUSDT,LONG_SPOT_SHORT_PERP,3139.61,3138.53,-3.4399176967837635,0.0001,0.0001,2024-07-05T00:00:00+00:00,366.0,-18.439917696783763,0.22441284618106255,FLAT,False,False,False,
2024-07-04T17:55:00+00:00,ETHUSDT,LONG_SPOT_SHORT_PERP,3142.85,3142.0,-2.7045516012533497,0.0001,0.0001,2024-07-05T00:00:00+00:00,365.0,-17.70455160125335,0.22955965141311913,FLAT,False,False,False,
2024-07-04T17:56:00+00:00,ETHUSDT,LONG_SPOT_SHORT_PERP,3144.27,3143.14,-3.593838951489882,0.0001,0.0001,2024-07-05T00:00:00+00:00,364.0,-18.593838951489882,0.22337435876107312,FLAT,False,False,False,
2024-07-04T17:57:00+00:00,ETHUSDT,LONG_SPOT_SHORT_PERP,3144.61,3143.79,-2.607636559065079,0.0001,0.0001,2024-07-05T00:00:00+00:00,363.0,-17.607636559065078,0.23026129190557154,FLAT,False,False,False,
2024-07-04T17:58:00+00:00,ETHUSDT,LONG_SPOT_SHORT_PERP,3143.0,3142.01,-3.1498568246890923,0.0001,0.0001,2024-07-05T00:00:00+00:00,362.0,-18.149856824689092,0.2264060193714294,FLAT,False,False,False,
2024-07-04T17:59:00+00:00,ETHUSDT,LONG_SPOT_SHORT_PERP,3143.61,3142.24,-4.358046958752344,0.0001,0.0001,2024-07-05T00:00:00+00:00,361.0,-19.358046958752343,0.21841041502611716,FLAT,False,False,False,
2024-07-04T18:00:00+00:00,ETHUSDT,LONG_SPOT_SHORT_PERP,3141.77,3140.35,-4.519745239148864,0.0001,0.0001,2024-07-05T00:00:00+00:00,360.0,-19.519745239148865,0.21740013453308552,FLAT,False,False,False,
2024-07-04T18:01:00+00:00,ETHUSDT,LONG_SPOT_SHORT_PERP,3143.6,3142.56,-3.3083089451583017,0.0001,0.0001,2024-07-05T00:00:00+00:00,359.0,-18.308308945158302,0.22531131282005196,FLAT,False,False,False,
2024-07-04T18:02:00+00:00,ETHUSDT,LONG_SPOT_SHORT_PERP,3142.63,3141.11,-4.836713198817493,0.0001,0.0001,2024-07-05T00:00:00+00:00,358.0,-19.836713198817492,0.21545921273569674,FLAT,False,False,False,
2024-07-04T18:03:00+00:00,ETHUSDT,LONG_SPOT_SHORT_PERP,3144.79,3143.95,-2.6710845557259644,0.0001,0.0001,2024-07-05T00:00:00+00:00,357.0,-17.671084555725965,0.2298013204551031,FLAT,False,False,False,
2024-07-04T18:04:00+00:00,ETHUSDT,LONG_SPOT_SHORT_PERP,3146.33,3145.12,-3.8457504457575538,0.0001,0.0001,2024-07-05T00:00:00+00:00,356.0,-18.845750445757552,0.22170303723214677,FLAT,False,False,False,
2024-07-04T18:05:00+00:00,ETHUSDT,LONG_SPOT_SHORT_PERP,3141.51,3140.41,-3.5015008706016015,0.0001,0.0001,2024-07-05T00:00:00+00:00,355.0,-18.501500870601603,0.22399576694188705,FLAT,False,False,False,
2024-07-04T18:06:00+00:00,ETHUSDT,LONG_SPOT_SHORT_PERP,3144.79,3143.62,-3.7204392026178943,0.0001,0.0001,2024-07-05T00:00:00+00:00,354.0,-18.720439202617893,0.2225300576147647,FLAT,False,False,False,
2024-07-04T18:07:00+00:00,ETHUSDT,LONG_SPOT_SHORT_PERP,3143.6,3141.94,-5.280570047079318,0.0001,0.0001,2024-07-05T00:00:00+00:00,353.0,-20.28057004707932,0.21282735633098748,FLAT,False,False,False,
2024-07-04T18:08:00+00:00,ETHUSDT,LONG_SPOT_SHORT_PERP,3142.01,3140.59,-4.519400001909837,0.0001,0.0001,2024-07-05T00:00:00+00:00,352.0,-19.519400001909837,0.2174022769576993,FLAT,False,False,False,
2024-07-04T18:09:00+00:00,ETHUSDT,LONG_SPOT_SHORT_PERP,3137.01,3135.64,-4.367215915793528,0.0001,0.0001,2024-07-05T00:00:00+00:00,351.0,-19.36721591579353,0.21835276029516607,FLAT,False,False,False,
2024-07-04T18:10:00+00:00,ETHUSDT,LONG_SPOT_SHORT_PERP,3131.8,3130.45,-4.310620090683836,0.0001,0.0001,2024-07-05T00:00:00+00:00,350.0,-19.310620090683834,0.218709345811534,FLAT,False,False,False,
2024-07-04T18:11:00+00:00,ETHUSDT,LONG_SPOT_SHORT_PERP,3130.32,3129.27,-3.3542896572880148,0.0001,0.0001,2024-07-05T00:00:00+00:00,349.0,-18.354289657288014,0.2249963040221153,FLAT,False,False,False,
2024-07-04T18:12:00+00:00,ETHUSDT,LONG_SPOT_SHORT_PERP,3128.8,3127.8,-3.1961135259524416,0.0001,0.0001,2024-07-05T00:00:00+00:00,348.0,-18.19611352595244,0.22608496948253867,FLAT,False,False,False,
2024-07-04T18:13:00+00:00,ETHUSDT,LONG_SPOT_SHORT_PERP,3131.6,3130.34,-4.02350236300857,0.0001,0.0001,2024-07-05T00:00:00+00:00,347.0,-19.023502363008568,0.22054460650045268,FLAT,False,False,False,
2024-07-04T18:14:00+00:00,ETHUSDT,LONG_SPOT_SHORT_PERP,3131.95,3130.65,-4.150768690431607,0.0001,0.0001,2024-07-05T00:00:00+00:00,346.0,-19.150768690431608,0.21972567968338955,FLAT,False,False,False,
2024-07-04T18:15:00+00:00,ETHUSDT,LONG_SPOT_SHORT_PERP,3130.99,3129.76,-3.928469908877267,0.0001,0.0001,2024-07-05T00:00:00+00:00,345.0,-18.92846990887727,0.22116181132207044,FLAT,False,False,False,
2024-07-04T18:16:00+00:00,ETHUSDT,LONG_SPOT_SHORT_PERP,3129.42,3127.87,-4.952994484601561,0.0001,0.0001,2024-07-05T00:00:00+00:00,344.0,-19.95299448460156,0.21476010925861916,FLAT,False,False,False,
2024-07-04T18:17:00+00:00,ETHUSDT,LONG_SPOT_SHORT_PERP,3126.55,3125.11,-4.605715565079895,0.0001,0.0001,2024-07-05T00:00:00+00:00,343.0,-19.605715565079894,0.21686856560994122,FLAT,False,False,False,
2024-07-04T18:18:00+00:00,ETHUSDT,LONG_SPOT_SHORT_PERP,3130.61,3129.35,-4.024774724415428,0.0001,0.0001,2024-07-05T00:00:00+00:00,342.0,-19.02477472441543,0.22053637605007437,FLAT,False,False,False,
2024-07-04T18:19:00+00:00,ETHUSDT,LONG_SPOT_SHORT_PERP,3129.2,3128.06,-3.643103668668902,0.0001,0.0001,2024-07-05T00:00:00+00:00,341.0,-18.643103668668903,0.22304475811251884,FLAT,False,False,False,
2024-07-04T18:20:00+00:00,ETHUSDT,LONG_SPOT_SHORT_PERP,3131.08,3129.85,-3.9283569886429546,0.0001,0.0001,2024-07-05T00:00:00+00:00,340.0,-18.928356988642953,0.22116254761243714,FLAT,False,False,False,
2024-07-04T18:21:00+00:00,ETHUSDT,LONG_SPOT_SHORT_PERP,3131.4,3130.24,-3.704413361436767,0.0001,0.0001,2024-07-05T00:00:00+00:00,339.0,-18.704413361436767,0.2226364454935909,FLAT,False,False,False,
2024-07-04T18:22:00+00:00,ETHUSDT,LONG_SPOT_SHORT_PERP,3131.96,3130.57,-4.438115429315421,0.0001,0.0001,2024-07-05T00:00:00+00:00,338.0,-19.43811542931542,0.21790843674319987,FLAT,False,False,False,
2024-07-04T18:23:00+00:00,ETHUSDT,LONG_SPOT_SHORT_PERP,3130.63,3129.44,-3.801151844836517,0.0001,0.0001,2024-07-05T00:00:00+00:00,337.0,-18.801151844836518,0.22199639006040436,FLAT,False,False,False,
2024-07-04T18:24:00+00:00,ETHUSDT,LONG_SPOT_SHORT_PERP,3129.41,3128.08,-4.250002396617661,0.0001,0.0001,2024-07-05T00:00:00+00:00,336.0,-19.25000239661766,0.21909315245856342,FLAT,False,False,False,
2024-07-04T18:25:00+00:00,ETHUSDT,LONG_SPOT_SHORT_PERP,3131.19,3129.64,-4.950194654429089,0.0001,0.0001,2024-07-05T00:00:00+00:00,335.0,-19.95019465442909,0.21477686155022296,FLAT,False,False,False,
2024-07-04T18:26:00+00:00,ETHUSDT,LONG_SPOT_SHORT_PERP,3131.18,3129.73,-4.6308420467677305,0.0001,0.0001,2024-07-05T00:00:00+00:00,334.0,-19.630842046767732,0.21671392994523692,FLAT,False,False,False,
2024-07-04T18:27:00+00:00,ETHUSDT,LONG_SPOT_SHORT_PERP,3131.16,3130.21,-3.034019341074292,0.0001,0.0001,2024-07-05T00:00:00+00:00,333.0,-18.03401934107429,0.22721536504368267,FLAT,False,False,False,
2024-07-04T18:28:00+00:00,ETHUSDT,LONG_SPOT_SHORT_PERP,3131.87,3130.81,-3.384559384648614,0.0001,0.0001,2024-07-05T00:00:00+00:00,332.0,-18.384559384648615,0.224789579539592,FLAT,False,False,False,
2024-07-04T18:29:00+00:00,ETHUSDT,LONG_SPOT_SHORT_PERP,3134.31,3133.43,-2.807635492341565,0.0001,0.0001,2024-07-05T00:00:00+00:00,331.0,-17.807635492341564,0.2288193913248644,FLAT,False,False,False,
2024-07-04T18:30:00+00:00,ETHUSDT,LONG_SPOT_SHORT_PERP,3140.7,3139.64,-3.37504378004886,0.0001,0.0001,2024-07-05T00:00:00+00:00,330.0,-18.37504378004886,0.22485450999115086,FLAT,False,False,False,
2024-07-04T18:31:00+00:00,ETHUSDT,LONG_SPOT_SHORT_PERP,3143.69,3142.84,-2.703828939876098,0.0001,0.0001,2024-07-05T00:00:00+00:00,329.0,-17.703828939876097,0.22956486288698402,FLAT,False,False,False,
2024-07-04T18:32:00+00:00,ETHUSDT,LONG_SPOT_SHORT_PERP,3144.44,3143.15,-4.10247929679041,0.0001,0.0001,2024-07-05T00:00:00+00:00,328.0,-19.10247929679041,0.22003538559532815,FLAT,False,False,False,
2024-07-04T18:33:00+00:00,ETHUSDT,LONG_SPOT_SHORT_PERP,3141.46,3140.4,-3.3742272701226352,0.0001,0.0001,2024-07-05T00:00:00+00:00,327.0,-18.374227270122635,0.2248600838805493,FLAT,False,False,False,
2024-07-04T18:34:00+00:00,ETHUSDT,LONG_SPOT_SHORT_PERP,3140.41,3139.27,-3.6300992545555286,0.0001,0.0001,2024-07-05T00:00:00+00:00,326.0,-18.630099254555528,0.22313163230414917,FLAT,False,False,False,
2024-07-04T18:35:00+00:00,ETHUSDT,LONG_SPOT_SHORT_PERP,3141.24,3140.15,-3.4699672740691283,0.0001,0.0001,2024-07-05T00:00:00+00:00,325.0,-18.469967274069127,0.2242090670519289,FLAT,False,False,False,
2024-07-04T18:36:00+00:00,ETHUSDT,LONG_SPOT_SHORT_PERP,3140.46,3139.32,-3.6300414588941514,0.0001,0.0001,2024-07-05T00:00:00+00:00,324.0,-18.63004145889415,0.22313201860890655,FLAT,False,False,False,
2024-07-04T18:37:00+00:00,ETHUSDT,LONG_SPOT_SHORT_PERP,3141.98,3140.49,-4.742232604918671,0.0001,0.0001,2024-07-05T00:00:00+00:00,323.0,-19.74223260491867,0.21603233311752473,FLAT,False,False,False,
2024-07-04T18:38:00+00:00,ETHUSDT,LONG_SPOT_SHORT_PERP,3138.64,3137.51,-3.600285473962144,0.0001,0.0001,2024-07-05T00:00:00+00:00,322.0,-18.600285473962145,0.22333115248832158,FLAT,False,False,False,
2024-07-04T18:39:00+00:00,ETHUSDT,LONG_SPOT_SHORT_PERP,3138.13,3137.02,-3.537138359469261,0.0001,0.0001,2024-07-05T00:00:00+00:00,321.0,-18.53713835946926,0.2237553749354077,FLAT,False,False,False,
2024-07-04T18:40:00+00:00,ETHUSDT,LONG_SPOT_SHORT_PERP,3136.07,3134.87,-3.8264452005225422,0.0001,0.0001,2024-07-05T00:00:00+00:00,320.0,-18.826445200522542,0.2218298864436587,FLAT,False,False,False,
2024-07-04T18:41:00+00:00,ETHUSDT,LONG_SPOT_SHORT_PERP,3134.77,3133.27,-4.785040050785225,0.0001,0.0001,2024-07-05T00:00:00+00:00,319.0,-19.785040050785227,0.2157720954822293,FLAT,False,False,False,
2024-07-04T18:42:00+00:00,ETHUSDT,LONG_SPOT_SHORT_PERP,3134.2,3133.0,-3.8287282241076452,0.0001,0.0001,2024-07-05T00:00:00+00:00,318.0,-18.828728224107646,0.22181487473929087,FLAT,False,False,False,
2024-07-04T18:43:00+00:00,ETHUSDT,LONG_SPOT_SHORT_PERP,3135.71,3134.72,-3.157179713686012,0.0001,0.0001,2024-07-05T00:00:00+00:00,317.0,-18.157179713686013,0.22635511281098614,FLAT,False,False,False,
2024-07-04T18:44:00+00:00,ETHUSDT,LONG_SPOT_SHORT_PERP,3134.08,3133.14,-2.9992852767001947,0.0001,0.0001,2024-07-05T00:00:00+00:00,316.0,-17.999285276700196,0.22745954842097243,FLAT,False,False,False,
2024-07-04T18:45:00+00:00,ETHUSDT,LONG_SPOT_SHORT_PERP,3131.66,3131.0,-2.107508477931367,0.0001,0.0001,2024-07-05T00:00:00+00:00,315.0,-17.10750847793137,0.2339708243646915,FLAT,False,False,False,
2024-07-04T18:46:00+00:00,ETHUSDT,LONG_SPOT_SHORT_PERP,3130.05,3129.19,-2.7475599431323054,0.0001,0.0001,2024-07-05T00:00:00+00:00,314.0,-17.747559943132305,0.22925004740646893,FLAT,False,False,False,
2024-07-04T18:47:00+00:00,ETHUSDT,LONG_SPOT_SHORT_PERP,3129.42,3128.2,-3.8984859814286823,0.0001,0.0001,2024-07-05T00:00:00+00:00,313.0,-18.89848598142868,0.22135756318843453,FLAT,False,False,False,
2024-07-04T18:48:00+00:00,ETHUSDT,LONG_SPOT_SHORT_PERP,3129.91,3128.88,-3.290829448769279,0.0001,0.0001,2024-07-05T00:00:00+00:00,312.0,-18.29082944876928,0.22543137596822818,FLAT,False,False,False,
2024-07-04T18:49:00+00:00,ETHUSDT,LONG_SPOT_SHORT_PERP,3129.97,3129.14,-2.651782604944863,0.0001,0.0001,2024-07-05T00:00:00+00:00,311.0,-17.651782604944863,0.22994100088409808,FLAT,False,False,False,
2024-07-04T18:50:00+00:00,ETHUSDT,LONG_SPOT_SHORT_PERP,3128.29,3127.22,-3.4203990039291874,0.0001,0.0001,2024-07-05T00:00:00+00:00,310.0,-18.420399003929187,0.22454548173731556,FLAT,False,False,False,
2024-07-04T18:51:00+00:00,ETHUSDT,LONG_SPOT_SHORT_PERP,3128.4,3127.01,-4.4431658355704915,0.0001,0.0001,2024-07-05T00:00:00+00:00,309.0,-19.44316583557049,0.21787688694554513,FLAT,False,False,False,
2024-07-04T18:52:00+00:00,ETHUSDT,LONG_SPOT_SHORT_PERP,3127.37,3126.36,-3.229550708741734,0.0001,0.0001,2024-07-05T00:00:00+00:00,308.0,-18.229550708741733,0.22585365287393194,FLAT,False,False,False,
2024-07-04T18:53:00+00:00,ETHUSDT,LONG_SPOT_SHORT_PERP,3127.71,3126.68,-3.293144185363093,0.0001,0.0001,2024-07-05T00:00:00+00:00,307.0,-18.293144185363094,0.22541546658879658,FLAT,False,False,False,
2024-07-04T18:54:00+00:00,ETHUSDT,LONG_SPOT_SHORT_PERP,3129.34,3128.41,-2.971872663246215,0.0001,0.0001,2024-07-05T00:00:00+00:00,306.0,-17.971872663246216,0.22765275169161733,FLAT,False,False,False,
2024-07-04T18:55:00+00:00,ETHUSDT,LONG_SPOT_SHORT_PERP,3133.09,3131.8,-4.117341027547767,0.0001,0.0001,2024-07-05T00:00:00+00:00,305.0,-19.117341027547766,0.2199399361622325,FLAT,False,False,False,
2024-07-04T18:56:00+00:00,ETHUSDT,LONG_SPOT_SHORT_PERP,3130.68,3129.59,-3.4816717134925663,0.0001,0.0001,2024-07-05T00:00:00+00:00,304.0,-18.481671713492567,0.22412983086192753,FLAT,False,False,False,
2024-07-04T18:57:00+00:00,ETHUSDT,LONG_SPOT_SHORT_PERP,3131.74,3130.58,-3.7040111886678155,0.0001,0.0001,2024-07-05T00:00:00+00:00,303.0,-18.704011188667817,0.22263911714465195,FLAT,False,False,False,
2024-07-04T18:58:00+00:00,ETHUSDT,LONG_SPOT_SHORT_PERP,3130.99,3130.12,-2.7786738379869975,0.0001,0.0001,2024-07-05T00:00:00+00:00,302.0,-17.778673837986997,0.229026742202308,FLAT,False,False,False,
2024-07-04T18:59:00+00:00,ETHUSDT,LONG_SPOT_SHORT_PERP,3130.96,3129.92,-3.3216649206631943,0.0001,0.0001,2024-07-05T00:00:00+00:00,301.0,-18.321664920663196,0.22521968961223715,FLAT,False,False,False,
2024-07-04T19:00:00+00:00,ETHUSDT,LONG_SPOT_SHORT_PERP,3133.2,3131.99,-3.8618664624027716,0.0001,0.0001,2024-07-05T00:00:00+00:00,300.0,-18.861866462402773,0.22159729931291405,FLAT,False,False,False,
2024-07-04T19:01:00+00:00,ETHUSDT,LONG_SPOT_SHORT_PERP,3131.63,3130.87,-2.426851192510668,0.0001,0.0001,2024-07-05T00:00:00+00:00,299.0,-17.426851192510668,0.23158495655818911,FLAT,False,False,False,
2024-07-04T19:02:00+00:00,ETHUSDT,LONG_SPOT_SHORT_PERP,3129.2,3128.5,-2.236993480761275,0.0001,0.0001,2024-07-05T00:00:00+00:00,298.0,-17.236993480761274,0.23299601906281991,FLAT,False,False,False,
2024-07-04T19:03:00+00:00,ETHUSDT,LONG_SPOT_SHORT_PERP,3128.97,3127.69,-4.090803043812326,0.0001,0.0001,2024-07-05T00:00:00+00:00,297.0,-19.090803043812326,0.22011045945796254,FLAT,False,False,False,
2024-07-04T19:04:00+00:00,ETHUSDT,LONG_SPOT_SHORT_PERP,3129.93,3128.65,-4.089548328556055,0.0001,0.0001,2024-07-05T00:00:00+00:00,296.0,-19.089548328556056,0.2201185311561238,FLAT,False,False,False,
2024-07-04T19:05:00+00:00,ETHUSDT,LONG_SPOT_SHORT_PERP,3133.7,3132.87,-2.6486262245905077,0.0001,0.0001,2024-07-05T00:00:00+00:00,295.0,-17.648626224590508,0.22996386316916628,FLAT,False,False,False,
2024-07-04T19:06:00+00:00,ETHUSDT,LONG_SPOT_SHORT_PERP,3134.61,3133.45,-3.7006198538265025,0.0001,0.0001,2024-07-05T00:00:00+00:00,294.0,-18.700619853826502,0.22266164947145697,FLAT,False,False,False,
2024-07-04T19:07:00+00:00,ETHUSDT,LONG_SPOT_SHORT_PERP,3132.75,3131.84,-2.904796105657504,0.0001,0.0001,2024-07-05T00:00:00+00:00,293.0,-17.904796105657503,0.2281273341865917,FLAT,False,False,False,
2024-07-04T19:08:00+00:00,ETHUSDT,LONG_SPOT_SHORT_PERP,3136.58,3135.77,-2.582430545370899,0.0001,0.0001,2024-07-05T00:00:00+00:00,292.0,-17.582430545370897,0.2304446831881204,FLAT,False,False,False,
2024-07-04T19:09:00+00:00,ETHUSDT,LONG_SPOT_SHORT_PERP,3140.54,3139.53,-3.21600743821051,0.0001,0.0001,2024-07-05T00:00:00+00:00,291.0,-18.21600743821051,0.22594726795059938,FLAT,False,False,False,
2024-07-04T19:10:00+00:00,ETHUSDT,LONG_SPOT_SHORT_PERP,3142.24,3141.39,-2.7050766332295084,0.0001,0.0001,2024-07-05T00:00:00+00:00,290.0,-17.70507663322951,0.22955586533603026,FLAT,False,False,False,
2024-07-04T19:11:00+00:00,ETHUSDT,LONG_SPOT_SHORT_PERP,3141.08,3140.17,-2.8970927197010408,0.0001,0.0001,2024-07-05T00:00:00+00:00,289.0,-17.897092719701043,0.2281820040420633,FLAT,False,False,False,
2024-07-04T19:12:00+00:00,ETHUSDT,LONG_SPOT_SHORT_PERP,3139.99,3138.97,-3.2484179885922626,0.0001,0.0001,2024-07-05T00:00:00+00:00,288.0,-18.248417988592262,0.2257234101829793,FLAT,False,False,False,
2024-07-04T19:13:00+00:00,ETHUSDT,LONG_SPOT_SHORT_PERP,3139.59,3138.21,-4.395478390490825,0.0001,0.0001,2024-07-05T00:00:00+00:00,287.0,-19.395478390490826,0.21817532372883308,FLAT,False,False,False,
2024-07-04T19:14:00+00:00,ETHUSDT,LONG_SPOT_SHORT_PERP,3141.12,3140.17,-3.0243989405047182,0.0001,0.0001,2024-07-05T00:00:00+00:00,286.0,-18.024398940504717,0.2272829278044048,FLAT,False,False,False,
2024-07-04T19:15:00+00:00,ETHUSDT,LONG_SPOT_SHORT_PERP,3139.4,3137.87,-4.87354271516914,0.0001,0.0001,2024-07-05T00:00:00+00:00,285.0,-19.87354271516914,0.21523704199343488,FLAT,False,False,False,
2024-07-04T19:16:00+00:00,ETHUSDT,LONG_SPOT_SHORT_PERP,3138.01,3136.49,-4.843834149669493,0.0001,0.0001,2024-07-05T00:00:00+00:00,284.0,-19.843834149669494,0.2154162022293345,FLAT,False,False,False,
2024-07-04T19:17:00+00:00,ETHUSDT,LONG_SPOT_SHORT_PERP,3136.74,3135.55,-3.793747648831589,0.0001,0.0001,2024-07-05T00:00:00+00:00,283.0,-18.79374764883159,0.22204519736886894,FLAT,False,False,False,
2024-07-04T19:18:00+00:00,ETHUSDT,LONG_SPOT_SHORT_PERP,3140.3,3139.01,-4.107887781422041,0.0001,0.0001,2024-07-05T00:00:00+00:00,282.0,-19.10788778142204,0.2200006358994141,FLAT,False,False,False,
2024-07-04T19:19:00+00:00,ETHUSDT,LONG_SPOT_SHORT_PERP,3139.58,3138.64,-2.9940310487391772,0.0001,0.0001,2024-07-05T00:00:00+00:00,281.0,-17.994031048739178,0.2274965465255,FLAT,False,False,False,
2024-07-04T19:20:00+00:00,ETHUSDT,LONG_SPOT_SHORT_PERP,3146.05,3145.32,-2.32036998776249,0.0001,0.0001,2024-07-05T00:00:00+00:00,280.0,-17.32036998776249,0.2323736863266731,FLAT,False,False,False,
2024-07-04T19:21:00+00:00,ETHUSDT,LONG_SPOT_SHORT_PERP,3147.56,3146.34,-3.876018249055776,0.0001,0.0001,2024-07-05T00:00:00+00:00,279.0,-18.876018249055775,0.22150456556941936,FLAT,False,False,False,
2024-07-04T19:22:00+00:00,ETHUSDT,LONG_SPOT_SHORT_PERP,3148.65,3147.66,-3.1442046591403825,0.0001,0.0001,2024-07-05T00:00:00+00:00,278.0,-18.14420465914038,0.22644533246988968,FLAT,False,False,False,
2024-07-04T19:23:00+00:00,ETHUSDT,LONG_SPOT_SHORT_PERP,3146.76,3145.68,-3.432101590208284,0.0001,0.0001,2024-07-05T00:00:00+00:00,277.0,-18.432101590208283,0.22446593341263804,FLAT,False,False,False,
2024-07-04T19:24:00+00:00,ETHUSDT,LONG_SPOT_SHORT_PERP,3147.82,3146.76,-3.3674098264829166,0.0001,0.0001,2024-07-05T00:00:00+00:00,276.0,-18.367409826482916,0.2249066376664587,FLAT,False,False,False,
2024-07-04T19:25:00+00:00,ETHUSDT,LONG_SPOT_SHORT_PERP,3146.21,3144.9,-4.163739864789526,0.0001,0.0001,2024-07-05T00:00:00+00:00,275.0,-19.163739864789527,0.21964270129617391,FLAT,False,False,False,
2024-07-04T19:26:00+00:00,ETHUSDT,LONG_SPOT_SHORT_PERP,3143.86,3142.23,-5.184709242778333,0.0001,0.0001,2024-07-05T00:00:00+00:00,274.0,-20.184709242778332,0.21338739122302453,FLAT,False,False,False,
2024-07-04T19:27:00+00:00,ETHUSDT,LONG_SPOT_SHORT_PERP,3144.17,3143.16,-3.2122945006161188,0.0001,0.0001,2024-07-05T00:00:00+00:00,273.0,-18.212294500616117,0.22597295106257959,FLAT,False,False,False,
2024-07-04T19:28:00+00:00,ETHUSDT,LONG_SPOT_SHORT_PERP,3145.37,3143.9,-4.673536022788416,0.0001,0.0001,2024-07-05T00:00:00+00:00,272.0,-19.673536022788415,0.21645192886105863,FLAT,False,False,False,
2024-07-04T19:29:00+00:00,ETHUSDT,LONG_SPOT_SHORT_PERP,3145.38,3144.2,-3.7515339958933134,0.0001,0.0001,2024-07-05T00:00:00+00:00,271.0,-18.751533995893315,0.22232403712925147,FLAT,False,False,False,
2024-07-04T19:30:00+00:00,ETHUSDT,LONG_SPOT_SHORT_PERP,3148.07,3146.92,-3.6530318576146366,0.0001,0.0001,2024-07-05T00:00:00+00:00,270.0,-18.653031857614636,0.222978497166727,FLAT,False,False,False,
2024-07-04T19:31:00+00:00,ETHUSDT,LONG_SPOT_SHORT_PERP,3149.45,3147.97,-4.699233199447581,0.0001,0.0001,2024-07-05T00:00:00+00:00,269.0,-19.69923319944758,0.21629468670885213,FLAT,False,False,False,
2024-07-04T19:32:00+00:00,ETHUSDT,LONG_SPOT_SHORT_PERP,3147.6,3146.42,-3.748888041682032,0.0001,0.0001,2024-07-05T00:00:00+00:00,268.0,-18.748888041682033,0.22234154738194087,FLAT,False,False,False,
2024-07-04T19:33:00+00:00,ETHUSDT,LONG_SPOT_SHORT_PERP,3148.39,3146.98,-4.478479476811495,0.0001,0.0001,2024-07-05T00:00:00+00:00,267.0,-19.478479476811493,0.2176566570453461,FLAT,False,False,False,
2024-07-04T19:34:00+00:00,ETHUSDT,LONG_SPOT_SHORT_PERP,3149.02,3147.54,-4.699874881709288,0.0001,0.0001,2024-07-05T00:00:00+00:00,266.0,-19.699874881709288,0.21629076458899105,FLAT,False,False,False,
2024-07-04T19:35:00+00:00,ETHUSDT,LONG_SPOT_SHORT_PERP,3151.79,3150.37,-4.505376309970121,0.0001,0.0001,2024-07-05T00:00:00+00:00,265.0,-19.50537630997012,0.21748935583381873,FLAT,False,False,False,
2024-07-04T19:36:00+00:00,ETHUSDT,LONG_SPOT_SHORT_PERP,3151.6,3150.08,-4.822947074501783,0.0001,0.0001,2024-07-05T00:00:00+00:00,264.0,-19.822947074501784,0.21554243354933,FLAT,False,False,False,
2024-07-04T19:37:00+00:00,ETHUSDT,LONG_SPOT_SHORT_PERP,3151.48,3149.75,-5.489484305786545,0.0001,0.0001,2024-07-05T00:00:00+00:00,263.0,-20.489484305786544,0.21162258812692966,FLAT,False,False,False,
2024-07-04T19:38:00+00:00,ETHUSDT,LONG_SPOT_SHORT_PERP,3150.42,3148.76,-5.26913871801174,0.0001,0.0001,2024-07-05T00:00:00+00:00,262.0,-20.26913871801174,0.21289390021048682,FLAT,False,False,False,
2024-07-04T19:39:00+00:00,ETHUSDT,LONG_SPOT_SHORT_PERP,3148.21,3146.86,-4.288151044561541,0.0001,0.0001,2024-07-05T00:00:00+00:00,261.0,-19.28815104456154,0.21885138336791995,FLAT,False,False,False,
2024-07-04T19:40:00+00:00,ETHUSDT,LONG_SPOT_SHORT_PERP,3149.76,3148.59,-3.714568729046253,0.0001,0.0001,2024-07-05T00:00:00+00:00,260.0,-18.714568729046253,0.22256901246715638,FLAT,False,False,False,
2024-07-04T19:41:00+00:00,ETHUSDT,LONG_SPOT_SHORT_PERP,3148.4,3146.7,-5.399568034558102,0.0001,0.0001,2024-07-05T00:00:00+00:00,259.0,-20.3995680345581,0.21213848530729548,FLAT,False,False,False,
2024-07-04T19:42:00+00:00,ETHUSDT,LONG_SPOT_SHORT_PERP,3144.0,3142.69,-4.166666666666493,0.0001,0.0001,2024-07-05T00:00:00+00:00,258.0,-19.166666666666494,0.2196239905820275,FLAT,False,False,False,
2024-07-04T19:43:00+00:00,ETHUSDT,LONG_SPOT_SHORT_PERP,3141.45,3140.06,-4.424708335322455,0.0001,0.0001,2024-07-05T00:00:00+00:00,257.0,-19.424708335322457,0.21799225558960242,FLAT,False,False,False,
2024-07-04T19:44:00+00:00,ETHUSDT,LONG_SPOT_SHORT_PERP,3140.41,3139.2,-3.8530000859761513,0.0001,0.0001,2024-07-05T00:00:00+00:00,256.0,-18.853000085976152,0.22165545448057067,FLAT,False,False,False,
2024-07-04T19:45:00+00:00,ETHUSDT,LONG_SPOT_SHORT_PERP,3138.15,3136.49,-5.289740770837305,0.0001,0.0001,2024-07-05T00:00:00+00:00,255.0,-20.289740770837305,0.21277401869462348,FLAT,False,False,False,
2024-07-04T19:46:00+00:00,ETHUSDT,LONG_SPOT_SHORT_PERP,3138.7,3137.32,-4.3967247586569425,0.0001,0.0001,2024-07-05T00:00:00+00:00,254.0,-19.396724758656944,0.2181675085075045,FLAT,False,False,False,
2024-07-04T19:47:00+00:00,ETHUSDT,LONG_SPOT_SHORT_PERP,3138.62,3137.24,-4.396836826376271,0.0001,0.0001,2024-07-05T00:00:00+00:00,253.0,-19.396836826376273,0.21816680583865522,FLAT,False,False,False,
2024-07-04T19:48:00+00:00,ETHUSDT,LONG_SPOT_SHORT_PERP,3137.4,3136.29,-3.537961369287076,0.0001,0.0001,2024-07-05T00:00:00+00:00,252.0,-18.537961369287075,0.22374983169643878,FLAT,False,False,False,
2024-07-04T19:49:00+00:00,ETHUSDT,LONG_SPOT_SHORT_PERP,3138.09,3136.68,-4.493178971923396,0.0001,0.0001,2024-07-05T00:00:00+00:00,251.0,-19.493178971923395,0.21756517770130473,FLAT,False,False,False,
2024-07-04T19:50:00+00:00,ETHUSDT,LONG_SPOT_SHORT_PERP,3136.61,3135.02,-5.0691670306482015,0.0001,0.0001,2024-07-05T00:00:00+00:00,250.0,-20.069167030648202,0.2140685066321863,FLAT,False,False,False,
2024-07-04T19:51:00+00:00,ETHUSDT,LONG_SPOT_SHORT_PERP,3138.56,3137.04,-4.842985318107609,0.0001,0.0001,2024-07-05T00:00:00+00:00,249.0,-19.84298531810761,0.21542132780738915,FLAT,False,False,False,
2024-07-04T19:52:00+00:00,ETHUSDT,LONG_SPOT_SHORT_PERP,3137.5,3136.17,-4.239043824700963,0.0001,0.0001,2024-07-05T00:00:00+00:00,248.0,-19.239043824700964,0.21916274593864787,FLAT,False,False,False,
2024-07-04T19:53:00+00:00,ETHUSDT,LONG_SPOT_SHORT_PERP,3138.2,3136.71,-4.747944681663953,0.0001,0.0001,2024-07-05T00:00:00+00:00,247.0,-19.747944681663952,0.21599755347305097,FLAT,False,False,False,
2024-07-04T19:54:00+00:00,ETHUSDT,LONG_SPOT_SHORT_PERP,3135.77,3134.12,-5.261865506717939,0.0001,0.0001,2024-07-05T00:00:00+00:00,246.0,-20.26186550671794,0.2129362726676458,FLAT,False,False,False,
2024-07-04T19:55:00+00:00,ETHUSDT,LONG_SPOT_SHORT_PERP,3133.36,3132.13,-3.925498506395748,0.0001,0.0001,2024-07-05T00:00:00+00:00,245.0,-18.925498506395748,0.22118118849912527,FLAT,False,False,False,
2024-07-04T19:56:00+00:00,ETHUSDT,LONG_SPOT_SHORT_PERP,3135.05,3133.58,-4.68892043189185,0.0001,0.0001,2024-07-05T00:00:00+00:00,244.0,-19.68892043189185,0.21635775002832058,FLAT,False,False,False,
2024-07-04T19:57:00+00:00,ETHUSDT,LONG_SPOT_SHORT_PERP,3135.2,3133.88,-4.21025771880489,0.0001,0.0001,2024-07-05T00:00:00+00:00,243.0,-19.21025771880489,0.21934585933605966,FLAT,False,False,False,
2024-07-04T19:58:00+00:00,ETHUSDT,LONG_SPOT_SHORT_PERP,3134.52,3133.09,-4.562102012428813,0.0001,0.0001,2024-07-05T00:00:00+00:00,242.0,-19.562102012428813,0.2171377546016998,FLAT,False,False,False,
2024-07-04T19:59:00+00:00,ETHUSDT,LONG_SPOT_SHORT_PERP,3133.82,3132.59,-3.9249222993025064,0.0001,0.0001,2024-07-05T00:00:00+00:00,241.0,-18.924922299302505,0.22118494662877952,FLAT,False,False,False,
2024-07-04T20:00:00+00:00,ETHUSDT,LONG_SPOT_SHORT_PERP,3132.12,3130.67,-4.629452255979395,0.0001,0.0001,2024-07-05T00:00:00+00:00,240.0,-19.629452255979395,0.2167224745675802,FLAT,False,False,False,
2024-07-04T20:01:00+00:00,ETHUSDT,LONG_SPOT_SHORT_PERP,3132.06,3130.8,-4.0229114384774345,0.0001,0.0001,2024-07-05T00:00:00+00:00,239.0,-19.022911438477436,0.22054842927668578,FLAT,False,False,False,
2024-07-04T20:02:00+00:00,ETHUSDT,LONG_SPOT_SHORT_PERP,3131.54,3130.0,-4.917708220236572,0.0001,0.0001,2024-07-05T00:00:00+00:00,238.0,-19.917708220236573,0.21497152932022434,FLAT,False,False,False,
2024-07-04T20:03:00+00:00,ETHUSDT,LONG_SPOT_SHORT_PERP,3130.99,3129.59,-4.471429164576176,0.0001,0.0001,2024-07-05T00:00:00+00:00,237.0,-19.471429164576175,0.21770057337909832,FLAT,False,False,False,
2024-07-04T20:04:00+00:00,ETHUSDT,LONG_SPOT_SHORT_PERP,3129.37,3127.59,-5.688045836701142,0.0001,0.0001,2024-07-05T00:00:00+00:00,236.0,-20.688045836701143,0.21049729628933656,FLAT,False,False,False,
2024-07-04T20:05:00+00:00,ETHUSDT,LONG_SPOT_SHORT_PERP,3130.39,3128.92,-4.695900510798335,0.0001,0.0001,2024-07-05T00:00:00+00:00,235.0,-19.695900510798335,0.21631506033865086,FLAT,False,False,False,
2024-07-04T20:06:00+00:00,ETHUSDT,LONG_SPOT_SHORT_PERP,3130.0,3128.87,-3.6102236421728726,0.0001,0.0001,2024-07-05T00:00:00+00:00,234.0,-18.610223642172873,0.2232645894333683,FLAT,False,False,False,
2024-07-04T20:07:00+00:00,ETHUSDT,LONG_SPOT_SHORT_PERP,3129.55,3128.2,-4.313719224809841,0.0001,0.0001,2024-07-05T00:00:00+00:00,233.0,-19.31371922480984,0.21868977569225692,FLAT,False,False,False,
2024-07-04T20:08:00+00:00,ETHUSDT,LONG_SPOT_SHORT_PERP,3129.55,3128.17,-4.409579652026998,0.0001,0.0001,2024-07-05T00:00:00+00:00,232.0,-19.409579652027,0.21808695094363933,FLAT,False,False,False,
2024-07-04T20:09:00+00:00,ETHUSDT,LONG_SPOT_SHORT_PERP,3130.0,3128.83,-3.738019169329306,0.0001,0.0001,2024-07-05T00:00:00+00:00,231.0,-18.738019169329306,0.22241351516028157,FLAT,False,False,False,
2024-07-04T20:10:00+00:00,ETHUSDT,LONG_SPOT_SHORT_PERP,3129.03,3128.07,-3.0680434511654933,0.0001,0.0001,2024-07-05T00:00:00+00:00,230.0,-18.068043451165494,0.22697684467795534,FLAT,False,False,False,
2024-07-04T20:11:00+00:00,ETHUSDT,LONG_SPOT_SHORT_PERP,3130.41,3129.1,-4.184755351535248,0.0001,0.0001,2024-07-05T00:00:00+00:00,229.0,-19.184755351535248,0.21950845321905116,FLAT,False,False,False,
2024-07-04T20:12:00+00:00,ETHUSDT,LONG_SPOT_SHORT_PERP,3131.41,3130.31,-3.5127945558068383,0.0001,0.0001,2024-07-05T00:00:00+00:00,228.0,-18.51279455580684,0.22391950898269042,FLAT,False,False,False,
2024-07-04T20:13:00+00:00,ETHUSDT,LONG_SPOT_SHORT_PERP,3132.18,3131.05,-3.607710923381333,0.0001,0.0001,2024-07-05T00:00:00+00:00,227.0,-18.607710923381333,0.22328141374654364,FLAT,False,False,False,
2024-07-04T20:14:00+00:00,ETHUSDT,LONG_SPOT_SHORT_PERP,3132.55,3131.37,-3.76689917160234,0.0001,0.0001,2024-07-05T00:00:00+00:00,226.0,-18.76689917160234,0.22222243025943345,FLAT,False,False,False,
2024-07-04T20:15:00+00:00,ETHUSDT,LONG_SPOT_SHORT_PERP,3132.62,3131.42,-3.8306593203127672,0.0001,0.0001,2024-07-05T00:00:00+00:00,225.0,-18.83065932031277,0.22180217930769822,FLAT,False,False,False,
2024-07-04T20:16:00+00:00,ETHUSDT,LONG_SPOT_SHORT_PERP,3130.31,3129.07,-3.9612690116946303,0.0001,0.0001,2024-07-05T00:00:00+00:00,224.0,-18.96126901169463,0.22094823932088659,FLAT,False,False,False,
2024-07-04T20:17:00+00:00,ETHUSDT,LONG_SPOT_SHORT_PERP,3130.18,3129.05,-3.6100160374152748,0.0001,0.0001,2024-07-05T00:00:00+00:00,223.0,-18.610016037415274,0.223265979351857,FLAT,False,False,False,
2024-07-04T20:18:00+00:00,ETHUSDT,LONG_SPOT_SHORT_PERP,3133.87,3132.99,-2.808029688532419,0.0001,0.0001,2024-07-05T00:00:00+00:00,222.0,-17.808029688532418,0.22881657245061254,FLAT,False,False,False,
2024-07-04T20:19:00+00:00,ETHUSDT,LONG_SPOT_SHORT_PERP,3134.08,3132.7,-4.4032060445173995,0.0001,0.0001,2024-07-05T00:00:00+00:00,221.0,-19.4032060445174,0.21812688146371628,FLAT,False,False,False,
2024-07-04T20:20:00+00:00,ETHUSDT,LONG_SPOT_SHORT_PERP,3134.86,3133.75,-3.540827979559302,0.0001,0.0001,2024-07-05T00:00:00+00:00,220.0,-18.540827979559303,0.22373052708688654,FLAT,False,False,False,
2024-07-04T20:21:00+00:00,ETHUSDT,LONG_SPOT_SHORT_PERP,3134.01,3132.74,-4.052316361468012,0.0001,0.0001,2024-07-05T00:00:00+00:00,219.0,-19.052316361468012,0.2203584329992952,FLAT,False,False,False,
2024-07-04T20:22:00+00:00,ETHUSDT,LONG_SPOT_SHORT_PERP,3133.69,3132.64,-3.3506824223205927,0.0001,0.0001,2024-07-05T00:00:00+00:00,218.0,-18.35068242232059,0.22502097370966595,FLAT,False,False,False,
2024-07-04T20:23:00+00:00,ETHUSDT,LONG_SPOT_SHORT_PERP,3134.03,3133.08,-3.0312409262204665,0.0001,0.0001,2024-07-05T00:00:00+00:00,217.0,-18.031240926220466,0.22723487201049186,FLAT,False,False,False,
2024-07-04T20:24:00+00:00,ETHUSDT,LONG_SPOT_SHORT_PERP,3135.74,3134.69,-3.348491903026805,0.0001,0.0001,2024-07-05T00:00:00+00:00,216.0,-18.348491903026805,0.22503595813088867,FLAT,False,False,False,
2024-07-04T20:25:00+00:00,ETHUSDT,LONG_SPOT_SHORT_PERP,3137.26,3136.19,-3.4106194577439024,0.0001,0.0001,2024-07-05T00:00:00+00:00,215.0,-18.410619457743902,0.22461201710257628,FLAT,False,False,False,
2024-07-04T20:26:00+00:00,ETHUSDT,LONG_SPOT_SHORT_PERP,3135.32,3134.1,-3.891149866681087,0.0001,0.0001,2024-07-05T00:00:00+00:00,214.0,-18.891149866681086,0.22140553187486642,FLAT,False,False,False,
2024-07-04T20:27:00+00:00,ETHUSDT,LONG_SPOT_SHORT_PERP,3135.4,3134.51,-2.838553294635047,0.0001,0.0001,2024-07-05T00:00:00+00:00,213.0,-17.838553294635048,0.22859857457913021,FLAT,False,False,False,
2024-07-04T20:28:00+00:00,ETHUSDT,LONG_SPOT_SHORT_PERP,3135.21,3134.43,-2.4878716258247455,0.0001,0.0001,2024-07-05T00:00:00+00:00,212.0,-17.487871625824745,0.2311360131498199,FLAT,False,False,False,
2024-07-04T20:29:00+00:00,ETHUSDT,LONG_SPOT_SHORT_PERP,3134.75,3133.97,-2.488236701491985,0.0001,0.0001,2024-07-05T00:00:00+00:00,211.0,-17.488236701491985,0.23113333385360413,FLAT,False,False,False,
2024-07-04T20:30:00+00:00,ETHUSDT,LONG_SPOT_SHORT_PERP,3136.2,3134.98,-3.8900580320126266,0.0001,0.0001,2024-07-05T00:00:00+00:00,210.0,-18.890058032012625,0.22141267356251923,FLAT,False,False,False,
2024-07-04T20:31:00+00:00,ETHUSDT,LONG_SPOT_SHORT_PERP,3137.58,3136.44,-3.6333734916715197,0.0001,0.0001,2024-07-05T00:00:00+00:00,209.0,-18.63337349167152,0.2231097504034835,FLAT,False,False,False,
2024-07-04T20:32:00+00:00,ETHUSDT,LONG_SPOT_SHORT_PERP,3136.61,3135.78,-2.6461689531051906,0.0001,0.0001,2024-07-05T00:00:00+00:00,208.0,-17.64616895310519,0.2299816657271376,FLAT,False,False,False,
2024-07-04T20:33:00+00:00,ETHUSDT,LONG_SPOT_SHORT_PERP,3135.6,3134.51,-3.476208700088311,0.0001,0.0001,2024-07-05T00:00:00+00:00,207.0,-18.47620870008831,0.22416680459832136,FLAT,False,False,False,
2024-07-04T20:34:00+00:00,ETHUSDT,LONG_SPOT_SHORT_PERP,3136.49,3135.66,-2.6462701937513824,0.0001,0.0001,2024-07-05T00:00:00+00:00,206.0,-17.646270193751384,0.22998093218391535,FLAT,False,False,False,
2024-07-04T20:35:00+00:00,ETHUSDT,LONG_SPOT_SHORT_PERP,3136.04,3135.2,-2.678537263555776,0.0001,0.0001,2024-07-05T00:00:00+00:00,205.0,-17.678537263555775,0.2297474467839714,FLAT,False,False,False,
2024-07-04T20:36:00+00:00,ETHUSDT,LONG_SPOT_SHORT_PERP,3134.23,3133.27,-3.0629532612476953,0.0001,0.0001,2024-07-05T00:00:00+00:00,204.0,-18.062953261247696,0.22701248635915242,FLAT,False,False,False,
2024-07-04T20:37:00+00:00,ETHUSDT,LONG_SPOT_SHORT_PERP,3135.0,3134.15,-2.711323763955053,0.0001,0.0001,2024-07-05T00:00:00+00:00,203.0,-17.711323763955054,0.22951082882236395,FLAT,False,False,False,
2024-07-04T20:38:00+00:00,ETHUSDT,LONG_SPOT_SHORT_PERP,3133.85,3133.04,-2.584680185713884,0.0001,0.0001,2024-07-05T00:00:00+00:00,202.0,-17.584680185713886,0.2304283002515142,FLAT,False,False,False,
2024-07-04T20:39:00+00:00,ETHUSDT,LONG_SPOT_SHORT_PERP,3133.91,3133.24,-2.1379044069551227,0.0001,0.0001,2024-07-05T00:00:00+00:00,201.0,-17.137904406955123,0.23374108226671414,FLAT,False,False,False,
2024-07-04T20:40:00+00:00,ETHUSDT,LONG_SPOT_SHORT_PERP,3133.2,3132.46,-2.361802629898448,0.0001,0.0001,2024-07-05T00:00:00+00:00,200.0,-17.36180262989845,0.23206597978816018,FLAT,False,False,False,
2024-07-04T20:41:00+00:00,ETHUSDT,LONG_SPOT_SHORT_PERP,3132.2,3131.0,-3.831172977459352,0.0001,0.0001,2024-07-05T00:00:00+00:00,199.0,-18.831172977459353,0.22179880276088018,FLAT,False,False,False,
2024-07-04T20:42:00+00:00,ETHUSDT,LONG_SPOT_SHORT_PERP,3134.18,3133.43,-2.392970410123222,0.0001,0.0001,2024-07-05T00:00:00+00:00,198.0,-17.392970410123223,0.23183518399229408,FLAT,False,False,False,
2024-07-04T20:43:00+00:00,ETHUSDT,LONG_SPOT_SHORT_PERP,3135.75,3134.77,-3.125249142948316,0.0001,0.0001,2024-07-05T00:00:00+00:00,197.0,-18.125249142948316,0.22657730886207195,FLAT,False,False,False,
2024-07-04T20:44:00+00:00,ETHUSDT,LONG_SPOT_SHORT_PERP,3136.46,3135.78,-2.1680493294983396,0.0001,0.0001,2024-07-05T00:00:00+00:00,196.0,-17.168049329498338,0.2335137904827963,FLAT,False,False,False,
2024-07-04T20:45:00+00:00,ETHUSDT,LONG_SPOT_SHORT_PERP,3134.43,3133.62,-2.584201912309241,0.0001,0.0001,2024-07-05T00:00:00+00:00,195.0,-17.58420191230924,0.23043178301277656,FLAT,False,False,False,
2024-07-04T20:46:00+00:00,ETHUSDT,LONG_SPOT_SHORT_PERP,3135.9,3135.0,-2.8699894767055416,0.0001,0.0001,2024-07-05T00:00:00+00:00,194.0,-17.86998947670554,0.22837462533995317,FLAT,False,False,False,
2024-07-04T20:47:00+00:00,ETHUSDT,LONG_SPOT_SHORT_PERP,3137.64,3136.64,-3.187108782396961,0.0001,0.0001,2024-07-05T00:00:00+00:00,193.0,-18.18710878239696,0.22614737243040903,FLAT,False,False,False,
2024-07-04T20:48:00+00:00,ETHUSDT,LONG_SPOT_SHORT_PERP,3134.62,3133.57,-3.3496883194764506,0.0001,0.0001,2024-07-05T00:00:00+00:00,192.0,-18.34968831947645,0.22502777361415272,FLAT,False,False,False,
2024-07-04T20:49:00+00:00,ETHUSDT,LONG_SPOT_SHORT_PERP,3132.79,3131.63,-3.702769735602624,0.0001,0.0001,2024-07-05T00:00:00+00:00,191.0,-18.702769735602622,0.22264736473287475,FLAT,False,False,False,
2024-07-04T20:50:00+00:00,ETHUSDT,LONG_SPOT_SHORT_PERP,3133.07,3132.29,-2.4895709320257766,0.0001,0.0001,2024-07-05T00:00:00+00:00,190.0,-17.489570932025778,0.2311235425873029,FLAT,False,False,False,
2024-07-04T20:51:00+00:00,ETHUSDT,LONG_SPOT_SHORT_PERP,3133.23,3132.51,-2.297948123820466,0.0001,0.0001,2024-07-05T00:00:00+00:00,189.0,-17.297948123820465,0.23254063526216529,FLAT,False,False,False,
2024-07-04T20:52:00+00:00,ETHUSDT,LONG_SPOT_SHORT_PERP,3136.99,3135.81,-3.7615676173651695,0.0001,0.0001,2024-07-05T00:00:00+00:00,188.0,-18.76156761736517,0.2222576720948058,FLAT,False,False,False,
2024-07-04T20:53:00+00:00,ETHUSDT,LONG_SPOT_SHORT_PERP,3139.5,3138.18,-4.204491161013422,0.0001,0.0001,2024-07-05T00:00:00+00:00,187.0,-19.204491161013422,0.21938259447723601,FLAT,False,False,False,
2024-07-04T20:54:00+00:00,ETHUSDT,LONG_SPOT_SHORT_PERP,3139.99,3139.0,-3.152876283044792,0.0001,0.0001,2024-07-05T00:00:00+00:00,186.0,-18.15287628304479,0.22638502528429447,FLAT,False,False,False,
2024-07-04T20:55:00+00:00,ETHUSDT,LONG_SPOT_SHORT_PERP,3140.0,3138.59,-4.490445859872148,0.0001,0.0001,2024-07-05T00:00:00+00:00,185.0,-19.490445859872146,0.21758217811614644,FLAT,False,False,False,
2024-07-04T20:56:00+00:00,ETHUSDT,LONG_SPOT_SHORT_PERP,3140.13,3138.7,-4.553951587992507,0.0001,0.0001,2024-07-05T00:00:00+00:00,184.0,-19.553951587992508,0.21718816991709428,FLAT,False,False,False,
2024-07-04T20:57:00+00:00,ETHUSDT,LONG_SPOT_SHORT_PERP,3139.0,3137.71,-4.1095890410957745,0.0001,0.0001,2024-07-05T00:00:00+00:00,183.0,-19.109589041095774,0.21998970849394395,FLAT,False,False,False,
2024-07-04T20:58:00+00:00,ETHUSDT,LONG_SPOT_SHORT_PERP,3142.79,3141.96,-2.640965511535697,0.0001,0.0001,2024-07-05T00:00:00+00:00,182.0,-17.640965511535697,0.2300193755935685,FLAT,False,False,False,
2024-07-04T20:59:00+00:00,ETHUSDT,LONG_SPOT_SHORT_PERP,3144.19,3143.49,-2.226328561569984,0.0001,0.0001,2024-07-05T00:00:00+00:00,181.0,-17.226328561569986,0.23307592515328895,FLAT,False,False,False,
2024-07-04T21:00:00+00:00,ETHUSDT,LONG_SPOT_SHORT_PERP,3142.59,3141.93,-2.1001785151747736,0.0001,0.0001,2024-07-05T00:00:00+00:00,180.0,-17.100178515174775,0.23402631047605682,FLAT,False,False,False,
2024-07-04T21:01:00+00:00,ETHUSDT,LONG_SPOT_SHORT_PERP,3141.88,3140.76,-3.564744675162294,0.0001,0.0001,2024-07-05T00:00:00+00:00,179.0,-18.564744675162295,0.22356964308696892,FLAT,False,False,False,
2024-07-04T21:02:00+00:00,ETHUSDT,LONG_SPOT_SHORT_PERP,3142.23,3141.15,-3.437049483964978,0.0001,0.0001,2024-07-05T00:00:00+00:00,178.0,-18.437049483964977,0.2244323231937616,FLAT,False,False,False,
2024-07-04T21:03:00+00:00,ETHUSDT,LONG_SPOT_SHORT_PERP,3140.03,3139.0,-3.2802234373563306,0.0001,0.0001,2024-07-05T00:00:00+00:00,177.0,-18.28022343735633,0.22550431072284657,FLAT,False,False,False,
2024-07-04T21:04:00+00:00,ETHUSDT,LONG_SPOT_SHORT_PERP,3142.19,3141.13,-3.37344336275001,0.0001,0.0001,2024-07-05T00:00:00+00:00,176.0,-18.37344336275001,0.22486543556204164,FLAT,False,False,False,
2024-07-04T21:05:00+00:00,ETHUSDT,LONG_SPOT_SHORT_PERP,3141.2,3140.32,-2.8014771424922147,0.0001,0.0001,2024-07-05T00:00:00+00:00,175.0,-17.801477142492214,0.22886344108369056,FLAT,False,False,False,
2024-07-04T21:06:00+00:00,ETHUSDT,LONG_SPOT_SHORT_PERP,3139.88,3139.02,-2.738958176746013,0.0001,0.0001,2024-07-05T00:00:00+00:00,174.0,-17.738958176746014,0.22931188231318794,FLAT,False,False,False,
2024-07-04T21:07:00+00:00,ETHUSDT,LONG_SPOT_SHORT_PERP,3140.71,3139.99,-2.2924752683318568,0.0001,0.0001,2024-07-05T00:00:00+00:00,173.0,-17.292475268331856,0.23258143092675815,FLAT,False,False,False,
2024-07-04T21:08:00+00:00,ETHUSDT,LONG_SPOT_SHORT_PERP,3141.0,3139.88,-3.5657433938232757,0.0001,0.0001,2024-07-05T00:00:00+00:00,172.0,-18.565743393823276,0.2235629317744528,FLAT,False,False,False,
2024-07-04T21:09:00+00:00,ETHUSDT,LONG_SPOT_SHORT_PERP,3141.68,3140.52,-3.692292022102361,0.0001,0.0001,2024-07-05T00:00:00+00:00,171.0,-18.69229202210236,0.222717007202612,FLAT,False,False,False,
2024-07-04T21:10:00+00:00,ETHUSDT,LONG_SPOT_SHORT_PERP,3146.56,3145.81,-2.3835553747584663,0.0001,0.0001,2024-07-05T00:00:00+00:00,170.0,-17.383555374758465,0.23190484064199174,FLAT,False,False,False,
2024-07-04T21:11:00+00:00,ETHUSDT,LONG_SPOT_SHORT_PERP,3148.13,3147.16,-3.0811942327675625,0.0001,0.0001,2024-07-05T00:00:00+00:00,169.0,-18.08119423276756,0.22688483120883554,FLAT,False,False,False,
2024-07-04T21:12:00+00:00,ETHUSDT,LONG_SPOT_SHORT_PERP,3149.1,3148.28,-2.603918579910797,0.0001,0.0001,2024-07-05T00:00:00+00:00,168.0,-17.603918579910797,0.23028831922567777,FLAT,False,False,False,
2024-07-04T21:13:00+00:00,ETHUSDT,LONG_SPOT_SHORT_PERP,3147.81,3146.68,-3.5897973511746555,0.0001,0.0001,2024-07-05T00:00:00+00:00,167.0,-18.589797351174656,0.22340145837424868,FLAT,False,False,False,
2024-07-04T21:14:00+00:00,ETHUSDT,LONG_SPOT_SHORT_PERP,3150.81,3150.34,-1.4916799172269986,0.0001,0.0001,2024-07-05T00:00:00+00:00,166.0,-16.491679917227,0.23874764723347158,FLAT,False,False,False,
2024-07-04T21:15:00+00:00,ETHUSDT,LONG_SPOT_SHORT_PERP,3151.13,3150.21,-2.9195875765204,0.0001,0.0001,2024-07-05T00:00:00+00:00,165.0,-17.9195875765204,0.2280224575005313,FLAT,False,False,False,
2024-07-04T21:16:00+00:00,ETHUSDT,LONG_SPOT_SHORT_PERP,3150.99,3150.1,-2.824509122529341,0.0001,0.0001,2024-07-05T00:00:00+00:00,164.0,-17.824509122529342,0.22869880992416636,FLAT,False,False,False,
2024-07-04T21:17:00+00:00,ETHUSDT,LONG_SPOT_SHORT_PERP,3149.01,3147.9,-3.5249173549786352,0.0001,0.0001,2024-07-05T00:00:00+00:00,163.0,-18.524917354978633,0.2238377317579091,FLAT,False,False,False,
2024-07-04T21:18:00+00:00,ETHUSDT,LONG_SPOT_SHORT_PERP,3151.2,3150.36,-2.6656511805016847,0.0001,0.0001,2024-07-05T00:00:00+00:00,162.0,-17.665651180501683,0.22984061745992565,FLAT,False,False,False,
2024-07-04T21:19:00+00:00,ETHUSDT,LONG_SPOT_SHORT_PERP,3152.66,3151.95,-2.252066508916396,0.0001,0.0001,2024-07-05T00:00:00+00:00,161.0,-17.252066508916396,0.23288320244556845,FLAT,False,False,False,
2024-07-04T21:20:00+00:00,ETHUSDT,LONG_SPOT_SHORT_PERP,3154.61,3153.82,-2.5042715264326287,0.0001,0.0001,2024-07-05T00:00:00+00:00,160.0,-17.50427152643263,0.23101573206448622,FLAT,False,False,False,
2024-07-04T21:21:00+00:00,ETHUSDT,LONG_SPOT_SHORT_PERP,3155.34,3154.95,-1.2359999239395039,0.0001,0.0001,2024-07-05T00:00:00+00:00,159.0,-16.235999923939502,0.24080048411344995,FLAT,False,False,False,
2024-07-04T21:22:00+00:00,ETHUSDT,LONG_SPOT_SHORT_PERP,3161.75,3161.01,-2.3404760022132733,0.0001,0.0001,2024-07-05T00:00:00+00:00,158.0,-17.340476002213272,0.23222423717951302,FLAT,False,False,False,
2024-07-04T21:23:00+00:00,ETHUSDT,LONG_SPOT_SHORT_PERP,3161.59,3161.0,-1.8661496272449796,0.0001,0.0001,2024-07-05T00:00:00+00:00,157.0,-16.86614962724498,0.23581508697550282,FLAT,False,False,False,
2024-07-04T21:24:00+00:00,ETHUSDT,LONG_SPOT_SHORT_PERP,3168.35,3167.85,-1.5781084791768587,0.0001,0.0001,2024-07-05T00:00:00+00:00,156.0,-16.57810847917686,0.2380630441868876,FLAT,False,False,False,
2024-07-04T21:25:00+00:00,ETHUSDT,LONG_SPOT_SHORT_PERP,3165.0,3164.13,-2.7488151658764326,0.0001,0.0001,2024-07-05T00:00:00+00:00,155.0,-17.748815165876433,0.22924102769308558,FLAT,False,False,False,
2024-07-04T21:26:00+00:00,ETHUSDT,LONG_SPOT_SHORT_PERP,3165.11,3164.41,-2.2116134984258773,0.0001,0.0001,2024-07-05T00:00:00+00:00,154.0,-17.211613498425876,0.23318628925504797,FLAT,False,False,False,
2024-07-04T21:27:00+00:00,ETHUSDT,LONG_SPOT_SHORT_PERP,3161.77,3160.99,-2.466972613441838,0.0001,0.0001,2024-07-05T00:00:00+00:00,153.0,-17.46697261344184,0.23128952333534375,FLAT,False,False,False,
2024-07-04T21:28:00+00:00,ETHUSDT,LONG_SPOT_SHORT_PERP,3160.6,3159.64,-3.0373979624123155,0.0001,0.0001,2024-07-05T00:00:00+00:00,152.0,-18.037397962412314,0.22719165006351028,FLAT,False,False,False,
2024-07-04T21:29:00+00:00,ETHUSDT,LONG_SPOT_SHORT_PERP,3158.56,3157.75,-2.564459753811691,0.0001,0.0001,2024-07-05T00:00:00+00:00,151.0,-17.56445975381169,0.2305756622379198,FLAT,False,False,False,
2024-07-04T21:30:00+00:00,ETHUSDT,LONG_SPOT_SHORT_PERP,3158.62,3157.69,-2.9443237869697407,0.0001,0.0001,2024-07-05T00:00:00+00:00,150.0,-17.94432378696974,0.22784735191371458,FLAT,False,False,False,
2024-07-04T21:31:00+00:00,ETHUSDT,LONG_SPOT_SHORT_PERP,3159.19,3158.28,-2.8804851876584014,0.0001,0.0001,2024-07-05T00:00:00+00:00,149.0,-17.8804851876584,0.2282999823491212,FLAT,False,False,False,
2024-07-04T21:32:00+00:00,ETHUSDT,LONG_SPOT_SHORT_PERP,3156.38,3155.4,-3.104822613246878,0.0001,0.0001,2024-07-05T00:00:00+00:00,148.0,-18.104822613246878,0.22671975684711482,FLAT,False,False,False,
2024-07-04T21:33:00+00:00,ETHUSDT,LONG_SPOT_SHORT_PERP,3155.0,3153.73,-4.025356576862066,0.0001,0.0001,2024-07-05T00:00:00+00:00,147.0,-19.025356576862066,0.22053261254594586,FLAT,False,False,False,
2024-07-04T21:34:00+00:00,ETHUSDT,LONG_SPOT_SHORT_PERP,3156.23,3155.37,-2.7247697411155944,0.0001,0.0001,2024-07-05T00:00:00+00:00,146.0,-17.724769741115594,0.22941397229117144,FLAT,False,False,False,
2024-07-04T21:35:00+00:00,ETHUSDT,LONG_SPOT_SHORT_PERP,3155.22,3154.36,-2.7256419520656965,0.0001,0.0001,2024-07-05T00:00:00+00:00,145.0,-17.725641952065697,0.22940769307754866,FLAT,False,False,False,
2024-07-04T21:36:00+00:00,ETHUSDT,LONG_SPOT_SHORT_PERP,3157.63,3156.49,-3.6103026637076776,0.0001,0.0001,2024-07-05T00:00:00+00:00,144.0,-18.610302663707678,0.2232640603887029,FLAT,False,False,False,
2024-07-04T21:37:00+00:00,ETHUSDT,LONG_SPOT_SHORT_PERP,3156.86,3155.71,-3.6428603105620487,0.0001,0.0001,2024-07-05T00:00:00+00:00,143.0,-18.64286031056205,0.22304638297393126,FLAT,False,False,False,
2024-07-04T21:38:00+00:00,ETHUSDT,LONG_SPOT_SHORT_PERP,3156.24,3155.2,-3.2950599447442643,0.0001,0.0001,2024-07-05T00:00:00+00:00,142.0,-18.295059944744263,0.22540230170408712,FLAT,False,False,False,
2024-07-04T21:39:00+00:00,ETHUSDT,LONG_SPOT_SHORT_PERP,3154.48,3153.2,-4.057721082397733,0.0001,0.0001,2024-07-05T00:00:00+00:00,141.0,-19.057721082397734,0.220323561745691,FLAT,False,False,False,
2024-07-04T21:40:00+00:00,ETHUSDT,LONG_SPOT_SHORT_PERP,3153.71,3152.57,-3.6147901994789398,0.0001,0.0001,2024-07-05T00:00:00+00:00,140.0,-18.61479019947894,0.22323402226958242,FLAT,False,False,False,
2024-07-04T21:41:00+00:00,ETHUSDT,LONG_SPOT_SHORT_PERP,3155.99,3154.98,-3.2002636256761385,0.0001,0.0001,2024-07-05T00:00:00+00:00,139.0,-18.20026362567614,0.22605622478295725,FLAT,False,False,False,
2024-07-04T21:42:00+00:00,ETHUSDT,LONG_SPOT_SHORT_PERP,3156.68,3155.5,-3.7381045908987804,0.0001,0.0001,2024-07-05T00:00:00+00:00,138.0,-18.73810459089878,0.22241294929191638,FLAT,False,False,False,
2024-07-04T21:43:00+00:00,ETHUSDT,LONG_SPOT_SHORT_PERP,3156.58,3155.22,-4.308460422356244,0.0001,0.0001,2024-07-05T00:00:00+00:00,137.0,-19.308460422356244,0.21872298648746824,FLAT,False,False,False,
2024-07-04T21:44:00+00:00,ETHUSDT,LONG_SPOT_SHORT_PERP,3154.59,3153.31,-4.057579590375294,0.0001,0.0001,2024-07-05T00:00:00+00:00,136.0,-19.057579590375294,0.22032447445159847,FLAT,False,False,False,
2024-07-04T21:45:00+00:00,ETHUSDT,LONG_SPOT_SHORT_PERP,3155.7,3154.28,-4.499794023511798,0.0001,0.0001,2024-07-05T00:00:00+00:00,135.0,-19.499794023511797,0.21752404714376314,FLAT,False,False,False,
2024-07-04T21:46:00+00:00,ETHUSDT,LONG_SPOT_SHORT_PERP,3155.71,3154.29,-4.499779764300499,0.0001,0.0001,2024-07-05T00:00:00+00:00,134.0,-19.4997797643005,0.21752413577897833,FLAT,False,False,False,
2024-07-04T21:47:00+00:00,ETHUSDT,LONG_SPOT_SHORT_PERP,3155.71,3154.28,-4.5314683541891885,0.0001,0.0001,2024-07-05T00:00:00+00:00,133.0,-19.531468354189187,0.21732742180430828,FLAT,False,False,False,
2024-07-04T21:48:00+00:00,ETHUSDT,LONG_SPOT_SHORT_PERP,3155.66,3154.1,-4.943498348998135,0.0001,0.0001,2024-07-05T00:00:00+00:00,132.0,-19.943498348998133,0.21481694384401456,FLAT,False,False,False,
2024-07-04T21:49:00+00:00,ETHUSDT,LONG_SPOT_SHORT_PERP,3155.7,3154.09,-5.101879139334134,0.0001,0.0001,2024-07-05T00:00:00+00:00,131.0,-20.101879139334134,0.21387499116276054,FLAT,False,False,False,
2024-07-04T21:50:00+00:00,ETHUSDT,LONG_SPOT_SHORT_PERP,3155.48,3153.93,-4.912089444395724,0.0001,0.0001,2024-07-05T00:00:00+00:00,130.0,-19.912089444395725,0.21500525297513612,FLAT,False,False,False,
2024-07-04T21:51:00+00:00,ETHUSDT,LONG_SPOT_SHORT_PERP,3155.48,3154.22,-3.9930533547993274,0.0001,0.0001,2024-07-05T00:00:00+00:00,129.0,-18.99305335479933,0.22074183095524924,FLAT,False,False,False,
2024-07-04T21:52:00+00:00,ETHUSDT,LONG_SPOT_SHORT_PERP,3156.55,3155.0,-4.91042435570538,0.0001,0.0001,2024-07-05T00:00:00+00:00,128.0,-19.91042435570538,0.21501524985044712,FLAT,False,False,False,
2024-07-04T21:53:00+00:00,ETHUSDT,LONG_SPOT_SHORT_PERP,3156.54,3155.0,-4.878759654558357,0.0001,0.0001,2024-07-05T00:00:00+00:00,127.0,-19.87875965455836,0.21520562723481546,FLAT,False,False,False,
2024-07-04T21:54:00+00:00,ETHUSDT,LONG_SPOT_SHORT_PERP,3157.62,3156.44,-3.736991784951439,0.0001,0.0001,2024-07-05T00:00:00+00:00,126.0,-18.73699178495144,0.22242032130021056,FLAT,False,False,False,
2024-07-04T21:55:00+00:00,ETHUSDT,LONG_SPOT_SHORT_PERP,3159.67,3158.78,-2.8167498504586637,0.0001,0.0001,2024-07-05T00:00:00+00:00,125.0,-17.816749850458663,0.2287542382181032,FLAT,False,False,False,
2024-07-04T21:56:00+00:00,ETHUSDT,LONG_SPOT_SHORT_PERP,3160.19,3158.95,-3.923814707344294,0.0001,0.0001,2024-07-05T00:00:00+00:00,124.0,-18.923814707344295,0.22119217105552527,FLAT,False,False,False,
2024-07-04T21:57:00+00:00,ETHUSDT,LONG_SPOT_SHORT_PERP,3160.0,3158.46,-4.873417721518872,0.0001,0.0001,2024-07-05T00:00:00+00:00,123.0,-19.873417721518873,0.21523779483585032,FLAT,False,False,False,
2024-07-04T21:58:00+00:00,ETHUSDT,LONG_SPOT_SHORT_PERP,3159.76,3158.47,-4.082588551030516,0.0001,0.0001,2024-07-05T00:00:00+00:00,122.0,-19.082588551030515,0.220163319400464,FLAT,False,False,False,
2024-07-04T21:59:00+00:00,ETHUSDT,LONG_SPOT_SHORT_PERP,3163.0,3161.99,-3.193171040152445,0.0001,0.0001,2024-07-05T00:00:00+00:00,121.0,-18.193171040152446,0.226105355859885,FLAT,False,False,False,
2024-07-04T22:00:00+00:00,ETHUSDT,LONG_SPOT_SHORT_PERP,3160.18,3159.3,-2.784651507191535,0.0001,0.0001,2024-07-05T00:00:00+00:00,120.0,-17.784651507191533,0.22898390504151717,FLAT,False,False,False,
2024-07-04T22:01:00+00:00,ETHUSDT,LONG_SPOT_SHORT_PERP,3162.39,3161.32,-3.3835168970294904,0.0001,0.0001,2024-07-05T00:00:00+00:00,119.0,-18.38351689702949,0.22479669055021562,FLAT,False,False,False,
2024-07-04T22:02:00+00:00,ETHUSDT,LONG_SPOT_SHORT_PERP,3162.28,3161.43,-2.6879340222888666,0.0001,0.0001,2024-07-05T00:00:00+00:00,118.0,-17.687934022288868,0.229679566551026,FLAT,False,False,False,
2024-07-04T22:03:00+00:00,ETHUSDT,LONG_SPOT_SHORT_PERP,3163.3,3162.0,-4.109632345968393,0.0001,0.0001,2024-07-05T00:00:00+00:00,117.0,-19.109632345968393,0.21998943036155133,FLAT,False,False,False,
2024-07-04T22:04:00+00:00,ETHUSDT,LONG_SPOT_SHORT_PERP,3164.73,3163.77,-3.033434131821787,0.0001,0.0001,2024-07-05T00:00:00+00:00,116.0,-18.033434131821785,0.227219473369367,FLAT,False,False,False,
2024-07-04T22:05:00+00:00,ETHUSDT,LONG_SPOT_SHORT_PERP,3167.66,3166.99,-2.115125992057458,0.0001,0.0001,2024-07-05T00:00:00+00:00,115.0,-17.115125992057457,0.23391319612695144,FLAT,False,False,False,
2024-07-04T22:06:00+00:00,ETHUSDT,LONG_SPOT_SHORT_PERP,3169.38,3168.32,-3.3445027103091,0.0001,0.0001,2024-07-05T00:00:00+00:00,114.0,-18.3445027103091,0.2250632534644801,FLAT,False,False,False,
2024-07-04T22:07:00+00:00,ETHUSDT,LONG_SPOT_SHORT_PERP,3167.4,3166.32,-3.409736692555178,0.0001,0.0001,2024-07-05T00:00:00+00:00,113.0,-18.409736692555178,0.22461802565595615,FLAT,False,False,False,
2024-07-04T22:08:00+00:00,ETHUSDT,LONG_SPOT_SHORT_PERP,3166.72,3165.49,-3.8841451091350616,0.0001,0.0001,2024-07-05T00:00:00+00:00,112.0,-18.884145109135062,0.22145136124678816,FLAT,False,False,False,
2024-07-04T22:09:00+00:00,ETHUSDT,LONG_SPOT_SHORT_PERP,3162.9,3161.6,-4.110152075627373,0.0001,0.0001,2024-07-05T00:00:00+00:00,111.0,-19.110152075627372,0.21998609239412226,FLAT,False,False,False,
2024-07-04T22:10:00+00:00,ETHUSDT,LONG_SPOT_SHORT_PERP,3160.8,3159.37,-4.524171095926003,0.0001,0.0001,2024-07-05T00:00:00+00:00,110.0,-19.524171095926004,0.21737267468704333,FLAT,False,False,False,
2024-07-04T22:11:00+00:00,ETHUSDT,LONG_SPOT_SHORT_PERP,3163.19,3161.97,-3.8568660118432807,0.0001,0.0001,2024-07-05T00:00:00+00:00,109.0,-18.85686601184328,0.22163009233776548,FLAT,False,False,False,
2024-07-04T22:12:00+00:00,ETHUSDT,LONG_SPOT_SHORT_PERP,3160.72,3159.36,-4.302817079651702,0.0001,0.0001,2024-07-05T00:00:00+00:00,108.0,-19.302817079651703,0.2187586420505072,FLAT,False,False,False,
2024-07-04T22:13:00+00:00,ETHUSDT,LONG_SPOT_SHORT_PERP,3159.6,3158.51,-3.449803772628468,0.0001,0.0001,2024-07-05T00:00:00+00:00,107.0,-18.449803772628467,0.2243457486639574,FLAT,False,False,False,
2024-07-04T22:14:00+00:00,ETHUSDT,LONG_SPOT_SHORT_PERP,3160.03,3159.3,-2.3101046509052705,0.0001,0.0001,2024-07-05T00:00:00+00:00,106.0,-17.31010465090527,0.23245008262897301,FLAT,False,False,False,
2024-07-04T22:15:00+00:00,ETHUSDT,LONG_SPOT_SHORT_PERP,3159.8,3158.65,-3.639470852585894,0.0001,0.0001,2024-07-05T00:00:00+00:00,105.0,-18.639470852585895,0.22306901722286096,FLAT,False,False,False,
2024-07-04T22:16:00+00:00,ETHUSDT,LONG_SPOT_SHORT_PERP,3157.02,3156.18,-2.6607370241561523,0.0001,0.0001,2024-07-05T00:00:00+00:00,104.0,-17.660737024156152,0.22987617414002512,FLAT,False,False,False,
2024-07-04T22:17:00+00:00,ETHUSDT,LONG_SPOT_SHORT_PERP,3156.8,3155.53,-4.023061327926957,0.0001,0.0001,2024-07-05T00:00:00+00:00,103.0,-19.023061327926957,0.22054745960233113,FLAT,False,False,False,
2024-07-04T22:18:00+00:00,ETHUSDT,LONG_SPOT_SHORT_PERP,3155.77,3155.0,-2.4399750298658707,0.0001,0.0001,2024-07-05T00:00:00+00:00,102.0,-17.43997502986587,0.23148821399643915,FLAT,False,False,False,
2024-07-04T22:19:00+00:00,ETHUSDT,LONG_SPOT_SHORT_PERP,3154.8,3153.59,-3.8354253835426535,0.0001,0.0001,2024-07-05T00:00:00+00:00,101.0,-18.835425383542653,0.2217708549264134,FLAT,False,False,False,
2024-07-04T22:20:00+00:00,ETHUSDT,LONG_SPOT_SHORT_PERP,3152.95,3151.99,-3.044767598598254,0.0001,0.0001,2024-07-05T00:00:00+00:00,100.0,-18.044767598598256,0.22713994437926835,FLAT,False,False,False,
2024-07-04T22:21:00+00:00,ETHUSDT,LONG_SPOT_SHORT_PERP,3152.8,3151.72,-3.4255265161138735,0.0001,0.0001,2024-07-05T00:00:00+00:00,99.0,-18.425526516113873,0.22451061802581834,FLAT,False,False,False,
2024-07-04T22:22:00+00:00,ETHUSDT,LONG_SPOT_SHORT_PERP,3150.04,3148.87,-3.7142385493519856,0.0001,0.0001,2024-07-05T00:00:00+00:00,98.0,-18.714238549351986,0.22257120401240116,FLAT,False,False,False,
2024-07-04T22:23:00+00:00,ETHUSDT,LONG_SPOT_SHORT_PERP,3149.6,3148.13,-4.667259334518034,0.0001,0.0001,2024-07-05T00:00:00+00:00,97.0,-19.667259334518036,0.21649038802670878,FLAT,False,False,False,
2024-07-04T22:24:00+00:00,ETHUSDT,LONG_SPOT_SHORT_PERP,3148.34,3147.15,-3.7797696563905245,0.0001,0.0001,2024-07-05T00:00:00+00:00,96.0,-18.779769656390524,0.22213741996725825,FLAT,False,False,False,
2024-07-04T22:25:00+00:00,ETHUSDT,LONG_SPOT_SHORT_PERP,3149.81,3148.52,-4.095485124499457,0.0001,0.0001,2024-07-05T00:00:00+00:00,95.0,-19.095485124499458,0.22008034666907722,FLAT,False,False,False,
2024-07-04T22:26:00+00:00,ETHUSDT,LONG_SPOT_SHORT_PERP,3146.51,3145.03,-4.703624015178779,0.0001,0.0001,2024-07-05T00:00:00+00:00,94.0,-19.70362401517878,0.21626785320859038,FLAT,False,False,False,
2024-07-04T22:27:00+00:00,ETHUSDT,LONG_SPOT_SHORT_PERP,3145.17,3143.9,-4.037937535967791,0.0001,0.0001,2024-07-05T00:00:00+00:00,93.0,-19.037937535967792,0.2204512817740997,FLAT,False,False,False,
2024-07-04T22:28:00+00:00,ETHUSDT,LONG_SPOT_SHORT_PERP,3144.54,3143.15,-4.420360370673843,0.0001,0.0001,2024-07-05T00:00:00+00:00,92.0,-19.420360370673844,0.21801945859527283,FLAT,False,False,False,
2024-07-04T22:29:00+00:00,ETHUSDT,LONG_SPOT_SHORT_PERP,3143.3,3141.87,-4.549358953966503,0.0001,0.0001,2024-07-05T00:00:00+00:00,91.0,-19.549358953966504,0.21721659338521787,FLAT,False,False,False,
2024-07-04T22:30:00+00:00,ETHUSDT,LONG_SPOT_SHORT_PERP,3143.96,3142.63,-4.230333719258283,0.0001,0.0001,2024-07-05T00:00:00+00:00,90.0,-19.230333719258283,0.21921810587719512,FLAT,False,False,False,
2024-07-04T22:31:00+00:00,ETHUSDT,LONG_SPOT_SHORT_PERP,3142.0,3140.69,-4.1693189051557775,0.0001,0.0001,2024-07-05T00:00:00+00:00,89.0,-19.169318905155777,0.21960703907510273,FLAT,False,False,False,
2024-07-04T22:32:00+00:00,ETHUSDT,LONG_SPOT_SHORT_PERP,3140.1,3138.95,-3.662303748288561,0.0001,0.0001,2024-07-05T00:00:00+00:00,88.0,-18.66230374828856,0.22291666555512152,FLAT,False,False,False,
2024-07-04T22:33:00+00:00,ETHUSDT,LONG_SPOT_SHORT_PERP,3140.46,3139.21,-3.980308617208944,0.0001,0.0001,2024-07-05T00:00:00+00:00,87.0,-18.980308617208944,0.2208245299666297,FLAT,False,False,False,
2024-07-04T22:34:00+00:00,ETHUSDT,LONG_SPOT_SHORT_PERP,3135.19,3133.81,-4.401647109106973,0.0001,0.0001,2024-07-05T00:00:00+00:00,86.0,-19.401647109106975,0.21813665141533511,FLAT,False,False,False,
2024-07-04T22:35:00+00:00,ETHUSDT,LONG_SPOT_SHORT_PERP,3137.41,3136.0,-4.494152820319482,0.0001,0.0001,2024-07-05T00:00:00+00:00,85.0,-19.49415282031948,0.21755912114531412,FLAT,False,False,False,
2024-07-04T22:36:00+00:00,ETHUSDT,LONG_SPOT_SHORT_PERP,3136.52,3135.24,-4.08095596393519,0.0001,0.0001,2024-07-05T00:00:00+00:00,84.0,-19.08095596393519,0.22017382935453794,FLAT,False,False,False,
2024-07-04T22:37:00+00:00,ETHUSDT,LONG_SPOT_SHORT_PERP,3137.6,3136.56,-3.3146353901069725,0.0001,0.0001,2024-07-05T00:00:00+00:00,83.0,-18.31463539010697,0.22526790027903687,FLAT,False,False,False,
2024-07-04T22:38:00+00:00,ETHUSDT,LONG_SPOT_SHORT_PERP,3134.59,3133.46,-3.6049371688166842,0.0001,0.0001,2024-07-05T00:00:00+00:00,82.0,-18.604937168816683,0.223299989929804,FLAT,False,False,False,
2024-07-04T22:39:00+00:00,ETHUSDT,LONG_SPOT_SHORT_PERP,3134.75,3133.8,-3.0305447005337527,0.0001,0.0001,2024-07-05T00:00:00+00:00,81.0,-18.030544700533753,0.2272397608348477,FLAT,False,False,False,
2024-07-04T22:40:00+00:00,ETHUSDT,LONG_SPOT_SHORT_PERP,3135.6,3134.69,-2.90215588723005,0.0001,0.0001,2024-07-05T00:00:00+00:00,80.0,-17.90215588723005,0.22814606757734535,FLAT,False,False,False,
2024-07-04T22:41:00+00:00,ETHUSDT,LONG_SPOT_SHORT_PERP,3136.24,3134.88,-4.336402826313269,0.0001,0.0001,2024-07-05T00:00:00+00:00,79.0,-19.336402826313268,0.2185466901540008,FLAT,False,False,False,
2024-07-04T22:42:00+00:00,ETHUSDT,LONG_SPOT_SHORT_PERP,3137.0,3135.87,-3.602167676124033,0.0001,0.0001,2024-07-05T00:00:00+00:00,78.0,-18.602167676124033,0.22331854182534644,FLAT,False,False,False,
2024-07-04T22:43:00+00:00,ETHUSDT,LONG_SPOT_SHORT_PERP,3139.01,3137.77,-3.9502900596055333,0.0001,0.0001,2024-07-05T00:00:00+00:00,77.0,-18.950290059605532,0.22101966403454593,FLAT,False,False,False,
2024-07-04T22:44:00+00:00,ETHUSDT,LONG_SPOT_SHORT_PERP,3137.61,3136.54,-3.410239003573305,0.0001,0.0001,2024-07-05T00:00:00+00:00,76.0,-18.410239003573306,0.22461460661549326,FLAT,False,False,False,
2024-07-04T22:45:00+00:00,ETHUSDT,LONG_SPOT_SHORT_PERP,3135.66,3134.64,-3.252903694915845,0.0001,0.0001,2024-07-05T00:00:00+00:00,75.0,-18.252903694915844,0.22569247461077396,FLAT,False,False,False,
2024-07-04T22:46:00+00:00,ETHUSDT,LONG_SPOT_SHORT_PERP,3134.83,3133.87,-3.062367018307329,0.0001,0.0001,2024-07-05T00:00:00+00:00,74.0,-18.062367018307327,0.2270165922060129,FLAT,False,False,False,
2024-07-04T22:47:00+00:00,ETHUSDT,LONG_SPOT_SHORT_PERP,3132.17,3131.21,-3.0649677380219984,0.0001,0.0001,2024-07-05T00:00:00+00:00,73.0,-18.064967738022,0.2269983791486993,FLAT,False,False,False,
2024-07-04T22:48:00+00:00,ETHUSDT,LONG_SPOT_SHORT_PERP,3132.45,3131.26,-3.7989433191259234,0.0001,0.0001,2024-07-05T00:00:00+00:00,72.0,-18.798943319125925,0.22201094517739384,FLAT,False,False,False,
2024-07-04T22:49:00+00:00,ETHUSDT,LONG_SPOT_SHORT_PERP,3131.71,3130.87,-2.682240692784918,0.0001,0.0001,2024-07-05T00:00:00+00:00,71.0,-17.68224069278492,0.22972068779323995,FLAT,False,False,False,
2024-07-04T22:50:00+00:00,ETHUSDT,LONG_SPOT_SHORT_PERP,3133.45,3132.41,-3.319025355438777,0.0001,0.0001,2024-07-05T00:00:00+00:00,70.0,-18.319025355438775,0.22523778928644572,FLAT,False,False,False,
2024-07-04T22:51:00+00:00,ETHUSDT,LONG_SPOT_SHORT_PERP,3131.7,3130.74,-3.065427722962086,0.0001,0.0001,2024-07-05T00:00:00+00:00,69.0,-18.065427722962085,0.2269951582393923,FLAT,False,False,False,
2024-07-04T22:52:00+00:00,ETHUSDT,LONG_SPOT_SHORT_PERP,3129.6,3128.72,-2.811860940695645,0.0001,0.0001,2024-07-05T00:00:00+00:00,68.0,-17.811860940695645,0.22878918010151056,FLAT,False,False,False,
2024-07-04T22:53:00+00:00,ETHUSDT,LONG_SPOT_SHORT_PERP,3130.4,3129.59,-2.5875287503192737,0.0001,0.0001,2024-07-05T00:00:00+00:00,67.0,-17.587528750319272,0.23040755995423423,FLAT,False,False,False,
2024-07-04T22:54:00+00:00,ETHUSDT,LONG_SPOT_SHORT_PERP,3130.79,3129.68,-3.5454310253965526,0.0001,0.0001,2024-07-05T00:00:00+00:00,66.0,-18.545431025396553,0.2236995383690994,FLAT,False,False,False,
2024-07-04T22:55:00+00:00,ETHUSDT,LONG_SPOT_SHORT_PERP,3130.2,3129.56,-2.044597789278234,0.0001,0.0001,2024-07-05T00:00:00+00:00,65.0,-17.044597789278235,0.2344481067094748,FLAT,False,False,False,
2024-07-04T22:56:00+00:00,ETHUSDT,LONG_SPOT_SHORT_PERP,3129.42,3128.51,-2.907887084507207,0.0001,0.0001,2024-07-05T00:00:00+00:00,64.0,-17.90788708450721,0.22810540760174183,FLAT,False,False,False,
2024-07-04T22:57:00+00:00,ETHUSDT,LONG_SPOT_SHORT_PERP,3129.47,3128.76,-2.2687547731711177,0.0001,0.0001,2024-07-05T00:00:00+00:00,63.0,-17.268754773171118,0.23275845589503633,FLAT,False,False,False,
2024-07-04T22:58:00+00:00,ETHUSDT,LONG_SPOT_SHORT_PERP,3127.99,3126.9,-3.484665871692975,0.0001,0.0001,2024-07-05T00:00:00+00:00,62.0,-18.484665871692975,0.22410957343857985,FLAT,False,False,False,
2024-07-04T22:59:00+00:00,ETHUSDT,LONG_SPOT_SHORT_PERP,3128.09,3127.33,-2.4295976138800937,0.0001,0.0001,2024-07-05T00:00:00+00:00,61.0,-17.429597613880095,0.2315647027823266,FLAT,False,False,False,
2024-07-04T23:00:00+00:00,ETHUSDT,LONG_SPOT_SHORT_PERP,3125.57,3124.29,-4.095253025848725,0.0001,0.0001,2024-07-05T00:00:00+00:00,60.0,-19.095253025848727,0.22008183913356028,FLAT,False,False,False,
2024-07-04T23:01:00+00:00,ETHUSDT,LONG_SPOT_SHORT_PERP,3121.61,3120.42,-3.8121354044869618,0.0001,0.0001,2024-07-05T00:00:00+00:00,59.0,-18.812135404486963,0.22192404341128952,FLAT,False,False,False,
2024-07-04T23:02:00+00:00,ETHUSDT,LONG_SPOT_SHORT_PERP,3119.18,3117.95,-3.943344084022141,0.0001,0.0001,2024-07-05T00:00:00+00:00,58.0,-18.94334408402214,0.22106488554467554,FLAT,False,False,False,
2024-07-04T23:03:00+00:00,ETHUSDT,LONG_SPOT_SHORT_PERP,3119.4,3118.71,-2.211963839200021,0.0001,0.0001,2024-07-05T00:00:00+00:00,57.0,-17.21196383920002,0.23318366015409578,FLAT,False,False,False,
2024-07-04T23:04:00+00:00,ETHUSDT,LONG_SPOT_SHORT_PERP,3118.43,3117.55,-2.8219328315840166,0.0001,0.0001,2024-07-05T00:00:00+00:00,56.0,-17.821932831584018,0.22871720975084592,FLAT,False,False,False,
2024-07-04T23:05:00+00:00,ETHUSDT,LONG_SPOT_SHORT_PERP,3121.61,3120.67,-3.0112666220317545,0.0001,0.0001,2024-07-05T00:00:00+00:00,55.0,-18.011266622031755,0.22737524016667626,FLAT,False,False,False,
2024-07-04T23:06:00+00:00,ETHUSDT,LONG_SPOT_SHORT_PERP,3111.72,3110.1,-5.206123944313405,0.0001,0.0001,2024-07-05T00:00:00+00:00,54.0,-20.206123944313404,0.21326188616255037,FLAT,False,False,False,
2024-07-04T23:07:00+00:00,ETHUSDT,LONG_SPOT_SHORT_PERP,3118.56,3117.49,-3.4310707506033675,0.0001,0.0001,2024-07-05T00:00:00+00:00,53.0,-18.431070750603368,0.22447293746121927,FLAT,False,False,False,
2024-07-04T23:08:00+00:00,ETHUSDT,LONG_SPOT_SHORT_PERP,3119.75,3118.98,-2.4681464860965843,0.0001,0.0001,2024-07-05T00:00:00+00:00,52.0,-17.468146486096586,0.23128089397067256,FLAT,False,False,False,
2024-07-04T23:09:00+00:00,ETHUSDT,LONG_SPOT_SHORT_PERP,3120.63,3119.67,-3.076301900577884,0.0001,0.0001,2024-07-05T00:00:00+00:00,51.0,-18.076301900577885,0.22691905033295046,FLAT,False,False,False,
2024-07-04T23:10:00+00:00,ETHUSDT,LONG_SPOT_SHORT_PERP,3120.64,3119.77,-2.787889663658387,0.0001,0.0001,2024-07-05T00:00:00+00:00,50.0,-17.787889663658387,0.22896070847524247,FLAT,False,False,False,
2024-07-04T23:11:00+00:00,ETHUSDT,LONG_SPOT_SHORT_PERP,3119.47,3118.29,-3.782693855045365,0.0001,0.0001,2024-07-05T00:00:00+00:00,49.0,-18.782693855045366,0.22211811812721105,FLAT,False,False,False,
2024-07-04T23:12:00+00:00,ETHUSDT,LONG_SPOT_SHORT_PERP,3120.48,3119.48,-3.204635184330616,0.0001,0.0001,2024-07-05T00:00:00+00:00,48.0,-18.204635184330616,0.22602595679023954,FLAT,False,False,False,
2024-07-04T23:13:00+00:00,ETHUSDT,LONG_SPOT_SHORT_PERP,3121.88,3121.19,-2.2102066703398418,0.0001,0.0001,2024-07-05T00:00:00+00:00,47.0,-17.210206670339844,0.2331968474164114,FLAT,False,False,False,
2024-07-04T23:14:00+00:00,ETHUSDT,LONG_SPOT_SHORT_PERP,3119.4,3118.74,-2.1157914983660615,0.0001,0.0001,2024-07-05T00:00:00+00:00,46.0,-17.11579149836606,0.23390816309256549,FLAT,False,False,False,
2024-07-04T23:15:00+00:00,ETHUSDT,LONG_SPOT_SHORT_PERP,3116.1,3115.53,-1.8292095889082796,0.0001,0.0001,2024-07-05T00:00:00+00:00,45.0,-16.82920958890828,0.23610050452687018,FLAT,False,False,False,
2024-07-04T23:16:00+00:00,ETHUSDT,LONG_SPOT_SHORT_PERP,3110.96,3110.37,-1.8965206881481778,0.0001,0.0001,2024-07-05T00:00:00+00:00,44.0,-16.89652068814818,0.23558105414025116,FLAT,False,False,False,
2024-07-04T23:17:00+00:00,ETHUSDT,LONG_SPOT_SHORT_PERP,3111.2,3110.15,-3.374903574182718,0.0001,0.0001,2024-07-05T00:00:00+00:00,43.0,-18.374903574182717,0.22485546707715093,FLAT,False,False,False,
2024-07-04T23:18:00+00:00,ETHUSDT,LONG_SPOT_SHORT_PERP,3111.76,3111.14,-1.9924415764723038,0.0001,0.0001,2024-07-05T00:00:00+00:00,42.0,-16.992441576472302,0.23484562686625443,FLAT,False,False,False,
2024-07-04T23:19:00+00:00,ETHUSDT,LONG_SPOT_SHORT_PERP,3110.98,3110.31,-2.1536621900496717,0.0001,0.0001,2024-07-05T00:00:00+00:00,41.0,-17.153662190049673,0.23362220041900308,FLAT,False,False,False,
2024-07-04T23:20:00+00:00,ETHUSDT,LONG_SPOT_SHORT_PERP,3111.52,3110.92,-1.928317992492123,0.0001,0.0001,2024-07-05T00:00:00+00:00,40.0,-16.928317992492122,0.2353366384936067,FLAT,False,False,False,
2024-07-04T23:21:00+00:00,ETHUSDT,LONG_SPOT_SHORT_PERP,3105.79,3104.75,-3.3485844181350433,0.0001,0.0001,2024-07-05T00:00:00+00:00,39.0,-18.348584418135044,0.22503532521927405,FLAT,False,False,False,
2024-07-04T23:22:00+00:00,ETHUSDT,LONG_SPOT_SHORT_PERP,3104.15,3103.15,-3.2214938066781564,0.0001,0.0001,2024-07-05T00:00:00+00:00,38.0,-18.221493806678158,0.22590933200586405,FLAT,False,False,False,
2024-07-04T23:23:00+00:00,ETHUSDT,LONG_SPOT_SHORT_PERP,3101.86,3100.63,-3.9653627178532176,0.0001,0.0001,2024-07-05T00:00:00+00:00,37.0,-18.965362717853218,0.2209216240051528,FLAT,False,False,False,
2024-07-04T23:24:00+00:00,ETHUSDT,LONG_SPOT_SHORT_PERP,3104.2,3103.08,-3.6080149474901453,0.0001,0.0001,2024-07-05T00:00:00+00:00,36.0,-18.608014947490144,0.22327937791812885,FLAT,False,False,False,
2024-07-04T23:25:00+00:00,ETHUSDT,LONG_SPOT_SHORT_PERP,3103.0,3101.56,-4.640670319046261,0.0001,0.0001,2024-07-05T00:00:00+00:00,35.0,-19.64067031904626,0.2166535329592126,FLAT,False,False,False,
2024-07-04T23:26:00+00:00,ETHUSDT,LONG_SPOT_SHORT_PERP,3101.1,3099.67,-4.6112669697843875,0.0001,0.0001,2024-07-05T00:00:00+00:00,34.0,-19.61126696978439,0.216834372464981,FLAT,False,False,False,
2024-07-04T23:27:00+00:00,ETHUSDT,LONG_SPOT_SHORT_PERP,3103.22,3102.51,-2.2879460689206104,0.0001,0.0001,2024-07-05T00:00:00+00:00,33.0,-17.28794606892061,0.23261520601276195,FLAT,False,False,False,
2024-07-04T23:28:00+00:00,ETHUSDT,LONG_SPOT_SHORT_PERP,3101.4,3100.21,-3.8369768491650693,0.0001,0.0001,2024-07-05T00:00:00+00:00,32.0,-18.83697684916507,0.2217606607805916,FLAT,False,False,False,
2024-07-04T23:29:00+00:00,ETHUSDT,LONG_SPOT_SHORT_PERP,3099.3,3097.84,-4.710741135095138,0.0001,0.0001,2024-07-05T00:00:00+00:00,31.0,-19.710741135095137,0.21622437962186583,FLAT,False,False,False,
2024-07-04T23:30:00+00:00,ETHUSDT,LONG_SPOT_SHORT_PERP,3100.82,3100.12,-2.257467379597245,0.0001,0.0001,2024-07-05T00:00:00+00:00,30.0,-17.257467379597244,0.23284281201699944,FLAT,False,False,False,
2024-07-04T23:31:00+00:00,ETHUSDT,LONG_SPOT_SHORT_PERP,3101.0,3100.18,-2.644308287649673,0.0001,0.0001,2024-07-05T00:00:00+00:00,29.0,-17.64430828764967,0.22999514832805756,FLAT,False,False,False,
2024-07-04T23:32:00+00:00,ETHUSDT,LONG_SPOT_SHORT_PERP,3103.99,3102.97,-3.286093060866761,0.0001,0.0001,2024-07-05T00:00:00+00:00,28.0,-18.28609306086676,0.22546393900227577,FLAT,False,False,False,
2024-07-04T23:33:00+00:00,ETHUSDT,LONG_SPOT_SHORT_PERP,3100.23,3099.21,-3.290078478048344,0.0001,0.0001,2024-07-05T00:00:00+00:00,27.0,-18.290078478048343,0.22543653810399722,FLAT,False,False,False,
2024-07-04T23:34:00+00:00,ETHUSDT,LONG_SPOT_SHORT_PERP,3090.05,3088.79,-4.077603922267336,0.0001,0.0001,2024-07-05T00:00:00+00:00,26.0,-19.077603922267336,0.22019541297201373,FLAT,False,False,False,
2024-07-04T23:35:00+00:00,ETHUSDT,LONG_SPOT_SHORT_PERP,3095.62,3094.87,-2.4227779895465207,0.0001,0.0001,2024-07-05T00:00:00+00:00,25.0,-17.42277798954652,0.23161500310315725,FLAT,False,False,False,
2024-07-04T23:36:00+00:00,ETHUSDT,LONG_SPOT_SHORT_PERP,3091.4,3090.35,-3.3965193763349353,0.0001,0.0001,2024-07-05T00:00:00+00:00,24.0,-18.396519376334936,0.2247080418050258,FLAT,False,False,False,
2024-07-04T23:37:00+00:00,ETHUSDT,LONG_SPOT_SHORT_PERP,3090.85,3090.02,-2.685345455133466,0.0001,0.0001,2024-07-05T00:00:00+00:00,23.0,-17.685345455133465,0.2296982606511036,FLAT,False,False,False,
2024-07-04T23:38:00+00:00,ETHUSDT,LONG_SPOT_SHORT_PERP,3092.64,3092.28,-1.164054012105103,0.0001,0.0001,2024-07-05T00:00:00+00:00,22.0,-16.164054012105105,0.24138562392873225,FLAT,False,False,False,
2024-07-04T23:39:00+00:00,ETHUSDT,LONG_SPOT_SHORT_PERP,3087.97,3087.05,-2.979303555408952,0.0001,0.0001,2024-07-05T00:00:00+00:00,21.0,-17.97930355540895,0.22760033620653355,FLAT,False,False,False,
2024-07-04T23:40:00+00:00,ETHUSDT,LONG_SPOT_SHORT_PERP,3079.0,3078.57,-1.396557323805899,0.0001,0.0001,2024-07-05T00:00:00+00:00,20.0,-16.3965573238059,0.23950654676202238,FLAT,False,False,False,
2024-07-04T23:41:00+00:00,ETHUSDT,LONG_SPOT_SHORT_PERP,3060.83,3059.71,-3.659138207609997,0.0001,0.0001,2024-07-05T00:00:00+00:00,19.0,-18.65913820761,0.22293777031007678,FLAT,False,False,False,
2024-07-04T23:42:00+00:00,ETHUSDT,LONG_SPOT_SHORT_PERP,3068.7,3067.76,-3.0631863655606604,0.0001,0.0001,2024-07-05T00:00:00+00:00,18.0,-18.06318636556066,0.22701085383031205,FLAT,False,False,False,
2024-07-04T23:43:00+00:00,ETHUSDT,LONG_SPOT_SHORT_PERP,3065.6,3064.57,-3.359864300625474,0.0001,0.0001,2024-07-05T00:00:00+00:00,17.0,-18.359864300625475,0.22495819374515197,FLAT,False,False,False,
2024-07-04T23:44:00+00:00,ETHUSDT,LONG_SPOT_SHORT_PERP,3071.57,3070.55,-3.3207773223464927,0.0001,0.0001,2024-07-05T00:00:00+00:00,16.0,-18.320777322346494,0.22522577549412265,FLAT,False,False,False,
2024-07-04T23:45:00+00:00,ETHUSDT,LONG_SPOT_SHORT_PERP,3079.6,3078.82,-2.532796467072819,0.0001,0.0001,2024-07-05T00:00:00+00:00,15.0,-17.53279646707282,0.23080690282902988,FLAT,False,False,False,
2024-07-04T23:46:00+00:00,ETHUSDT,LONG_SPOT_SHORT_PERP,3075.6,3074.96,-2.080894784757032,0.0001,0.0001,2024-07-05T00:00:00+00:00,14.0,-17.08089478475703,0.23417243974779772,FLAT,False,False,False,
2024-07-04T23:47:00+00:00,ETHUSDT,LONG_SPOT_SHORT_PERP,3072.67,3071.92,-2.4408738979454347,0.0001,0.0001,2024-07-05T00:00:00+00:00,13.0,-17.440873897945433,0.23148159173095,FLAT,False,False,False,
2024-07-04T23:48:00+00:00,ETHUSDT,LONG_SPOT_SHORT_PERP,3070.36,3069.34,-3.322086009458115,0.0001,0.0001,2024-07-05T00:00:00+00:00,12.0,-18.322086009458115,0.22521680254202198,FLAT,False,False,False,
2024-07-04T23:49:00+00:00,ETHUSDT,LONG_SPOT_SHORT_PERP,3068.94,3068.11,-2.7045168690164267,0.0001,0.0001,2024-07-05T00:00:00+00:00,11.0,-17.704516869016427,0.22955990187770775,FLAT,False,False,False,
2024-07-04T23:50:00+00:00,ETHUSDT,LONG_SPOT_SHORT_PERP,3062.73,3061.94,-2.579398118671785,0.0001,0.0001,2024-07-05T00:00:00+00:00,10.0,-17.579398118671786,0.2304667714711801,FLAT,False,False,False,
2024-07-04T23:51:00+00:00,ETHUSDT,LONG_SPOT_SHORT_PERP,3068.41,3067.56,-2.7701643522212125,0.0001,0.0001,2024-07-05T00:00:00+00:00,9.0,-17.77016435222121,0.2140877588306116,FLAT,False,False,False,
2024-07-04T23:52:00+00:00,ETHUSDT,LONG_SPOT_SHORT_PERP,3069.6,3068.94,-2.1501172791238417,0.0001,0.0001,2024-07-05T00:00:00+00:00,8.0,-17.15011727912384,0.20364893126716543,FLAT,False,False,False,
2024-07-04T23:53:00+00:00,ETHUSDT,LONG_SPOT_SHORT_PERP,3074.56,3073.72,-2.732098251457592,0.0001,0.0001,2024-07-05T00:00:00+00:00,7.0,-17.732098251457593,0.18436122678936973,FLAT,False,False,False,
2024-07-04T23:54:00+00:00,ETHUSDT,LONG_SPOT_SHORT_PERP,3069.4,3068.72,-2.215416693817329,0.0001,0.0001,2024-07-05T00:00:00+00:00,6.0,-17.21541669381733,0.17315775247860815,FLAT,False,False,False,
2024-07-04T23:55:00+00:00,ETHUSDT,LONG_SPOT_SHORT_PERP,3071.49,3071.05,-1.432529488943802,0.0001,0.0001,2024-07-05T00:00:00+00:00,5.0,-16.432529488943803,0.16421888556292558,FLAT,False,False,False,
2024-07-04T23:56:00+00:00,ETHUSDT,LONG_SPOT_SHORT_PERP,3063.35,3062.59,-2.480944064503774,0.0001,0.0001,2024-07-05T00:00:00+00:00,4.0,-17.480944064503774,0.14118686963565755,FLAT,False,False,False,
2024-07-04T23:57:00+00:00,ETHUSDT,LONG_SPOT_SHORT_PERP,3063.59,3062.46,-3.688483119477832,0.0001,0.0001,2024-07-05T00:00:00+00:00,3.0,-18.68848311947783,0.11774233892173529,FLAT,False,False,False,
2024-07-04T23:58:00+00:00,ETHUSDT,LONG_SPOT_SHORT_PERP,3055.51,3054.82,-2.2582154861219714,0.0001,0.0001,2024-07-05T00:00:00+00:00,2.0,-17.258215486121973,0.11283721868460136,FLAT,False,False,False,
2024-07-04T23:59:00+00:00,ETHUSDT,LONG_SPOT_SHORT_PERP,3059.7,3059.31,-1.274634768114105,0.0001,0.0001,2024-07-05T00:00:00+00:00,1.0,-16.274634768114105,0.10548762804671082,FLAT,False,False,False,
