timestamp_utc,spot_price,perp_price,basis_bps,funding_rate_last,funding_rate_next,next_funding_time,minutes_to_next_funding,expected_edge_bps,state,signal_flag,entry_flag,exit_flag,note
2024-02-27T00:00:00+00:00,3176.76,3179.29,7.964089197798213,0.00028561,0.00066751,2024-02-27T08:00:00+00:00,480.0,-19.360810802201787,FLAT,False,False,False,
2024-02-27T00:01:00+00:00,3176.51,3178.97,7.744348357157954,0.00028561,0.00066751,2024-02-27T08:00:00+00:00,479.0,-19.580551642842046,FLAT,False,False,False,
2024-02-27T00:02:00+00:00,3176.61,3179.51,9.12922895791454,0.00028561,0.00066751,2024-02-27T08:00:00+00:00,478.0,-18.19567104208546,FLAT,False,False,False,
2024-02-27T00:03:00+00:00,3177.69,3180.4,8.528207597342838,0.00028561,0.00066751,2024-02-27T08:00:00+00:00,477.0,-18.79669240265716,FLAT,False,False,False,
2024-02-27T00:04:00+00:00,3175.63,3178.53,9.132046239644072,0.00028561,0.00066751,2024-02-27T08:00:00+00:00,476.0,-18.192853760355927,FLAT,False,False,False,
2024-02-27T00:05:00+00:00,3177.14,3180.18,9.568353928375721,0.00028561,0.00066751,2024-02-27T08:00:00+00:00,475.0,-17.75654607162428,FLAT,False,False,False,
2024-02-27T00:06:00+00:00,3177.65,3180.67,9.503878652463241,0.00028561,0.00066751,2024-02-27T08:00:00+00:00,474.0,-17.82102134753676,FLAT,False,False,False,
2024-02-27T00:07:00+00:00,3176.95,3179.76,8.84496136231417,0.00028561,0.00066751,2024-02-27T08:00:00+00:00,473.0,-18.47993863768583,FLAT,False,False,False,
2024-02-27T00:08:00+00:00,3175.8,3178.78,9.383462434662189,0.00028561,0.00066751,2024-02-27T08:00:00+00:00,472.0,-17.94143756533781,FLAT,False,False,False,
2024-02-27T00:09:00+00:00,3175.81,3178.62,8.848136380954609,0.00028561,0.00066751,2024-02-27T08:00:00+00:00,471.0,-18.476763619045393,FLAT,False,False,False,
2024-02-27T00:10:00+00:00,3175.9,3178.4,7.8717843760823705,0.00028561,0.00066751,2024-02-27T08:00:00+00:00,470.0,-19.45311562391763,FLAT,False,False,False,
2024-02-27T00:11:00+00:00,3177.14,3180.0,9.001806656301351,0.00028561,0.00066751,2024-02-27T08:00:00+00:00,469.0,-18.32309334369865,FLAT,False,False,False,
2024-02-27T00:12:00+00:00,3178.4,3180.96,8.054366977095222,0.00028561,0.00066751,2024-02-27T08:00:00+00:00,468.0,-19.27053302290478,FLAT,False,False,False,
2024-02-27T00:13:00+00:00,3178.41,3180.79,7.488020739930057,0.00028561,0.00066751,2024-02-27T08:00:00+00:00,467.0,-19.836879260069942,FLAT,False,False,False,
2024-02-27T00:14:00+00:00,3177.49,3179.94,7.710488467313109,0.00028561,0.00066751,2024-02-27T08:00:00+00:00,466.0,-19.61441153268689,FLAT,False,False,False,
2024-02-27T00:15:00+00:00,3178.4,3180.69,7.2048829599797495,0.00028561,0.00066751,2024-02-27T08:00:00+00:00,465.0,-20.12001704002025,FLAT,False,False,False,
2024-02-27T00:16:00+00:00,3177.17,3179.51,7.365044992871472,0.00028561,0.00066751,2024-02-27T08:00:00+00:00,464.0,-19.959855007128528,FLAT,False,False,False,
2024-02-27T00:17:00+00:00,3175.12,3177.66,7.999697649222592,0.00028561,0.00066751,2024-02-27T08:00:00+00:00,463.0,-19.32520235077741,FLAT,False,False,False,
2024-02-27T00:18:00+00:00,3174.01,3176.75,8.63261300373906,0.00028561,0.00066751,2024-02-27T08:00:00+00:00,462.0,-18.69228699626094,FLAT,False,False,False,
2024-02-27T00:19:00+00:00,3173.07,3175.41,7.374561544496941,0.00028561,0.00066751,2024-02-27T08:00:00+00:00,461.0,-19.950338455503058,FLAT,False,False,False,
2024-02-27T00:20:00+00:00,3173.8,3176.39,8.160564622848606,0.00028561,0.00066751,2024-02-27T08:00:00+00:00,460.0,-19.164335377151396,FLAT,False,False,False,
2024-02-27T00:21:00+00:00,3173.59,3175.99,7.562413544281512,0.00028561,0.00066751,2024-02-27T08:00:00+00:00,459.0,-19.762486455718488,FLAT,False,False,False,
2024-02-27T00:22:00+00:00,3169.87,3172.85,9.40101644546943,0.00028561,0.00066751,2024-02-27T08:00:00+00:00,458.0,-17.92388355453057,FLAT,False,False,False,
2024-02-27T00:23:00+00:00,3171.27,3174.26,9.428399347896068,0.00028561,0.00066751,2024-02-27T08:00:00+00:00,457.0,-17.89650065210393,FLAT,False,False,False,
2024-02-27T00:24:00+00:00,3173.77,3176.37,8.192150029775028,0.00028561,0.00066751,2024-02-27T08:00:00+00:00,456.0,-19.13274997022497,FLAT,False,False,False,
2024-02-27T00:25:00+00:00,3172.32,3175.03,8.542643869471037,0.00028561,0.00066751,2024-02-27T08:00:00+00:00,455.0,-18.782256130528964,FLAT,False,False,False,
2024-02-27T00:26:00+00:00,3171.82,3174.63,8.859266919307984,0.00028561,0.00066751,2024-02-27T08:00:00+00:00,454.0,-18.465633080692015,FLAT,False,False,False,
2024-02-27T00:27:00+00:00,3174.37,3177.04,8.41111779660239,0.00028561,0.00066751,2024-02-27T08:00:00+00:00,453.0,-18.91378220339761,FLAT,False,False,False,
2024-02-27T00:28:00+00:00,3174.14,3176.7,8.065176709281713,0.00028561,0.00066751,2024-02-27T08:00:00+00:00,452.0,-19.259723290718288,FLAT,False,False,False,
2024-02-27T00:29:00+00:00,3173.79,3176.45,8.38114683076024,0.00028561,0.00066751,2024-02-27T08:00:00+00:00,451.0,-18.94375316923976,FLAT,False,False,False,
2024-02-27T00:30:00+00:00,3171.45,3174.21,8.702643901055412,0.00028561,0.00066751,2024-02-27T08:00:00+00:00,450.0,-18.62225609894459,FLAT,False,False,False,
2024-02-27T00:31:00+00:00,3169.7,3172.39,8.48660756538491,0.00028561,0.00066751,2024-02-27T08:00:00+00:00,449.0,-18.83829243461509,FLAT,False,False,False,
2024-02-27T00:32:00+00:00,3168.64,3171.13,7.858260957383093,0.00028561,0.00066751,2024-02-27T08:00:00+00:00,448.0,-19.466639042616908,FLAT,False,False,False,
2024-02-27T00:33:00+00:00,3168.08,3170.5,7.638695992525671,0.00028561,0.00066751,2024-02-27T08:00:00+00:00,447.0,-19.68620400747433,FLAT,False,False,False,
2024-02-27T00:34:00+00:00,3168.7,3171.22,7.952788209675836,0.00028561,0.00066751,2024-02-27T08:00:00+00:00,446.0,-19.372111790324166,FLAT,False,False,False,
2024-02-27T00:35:00+00:00,3168.68,3171.68,9.467664768925863,0.00028561,0.00066751,2024-02-27T08:00:00+00:00,445.0,-17.85723523107414,FLAT,False,False,False,
2024-02-27T00:36:00+00:00,3167.4,3170.05,8.36648355117791,0.00028561,0.00066751,2024-02-27T08:00:00+00:00,444.0,-18.958416448822092,FLAT,False,False,False,
2024-02-27T00:37:00+00:00,3166.56,3169.36,8.84240311252647,0.00028561,0.00066751,2024-02-27T08:00:00+00:00,443.0,-18.48249688747353,FLAT,False,False,False,
2024-02-27T00:38:00+00:00,3166.0,3168.51,7.927984838914145,0.00028561,0.00066751,2024-02-27T08:00:00+00:00,442.0,-19.396915161085857,FLAT,False,False,False,
2024-02-27T00:39:00+00:00,3166.73,3169.89,9.978747793464724,0.00028561,0.00066751,2024-02-27T08:00:00+00:00,441.0,-17.346152206535276,FLAT,False,False,False,
2024-02-27T00:40:00+00:00,3167.41,3170.43,9.53460398243354,0.00028561,0.00066751,2024-02-27T08:00:00+00:00,440.0,-17.79029601756646,FLAT,False,False,False,
2024-02-27T00:41:00+00:00,3166.52,3169.28,8.716193171052822,0.00028561,0.00066751,2024-02-27T08:00:00+00:00,439.0,-18.608706828947177,FLAT,False,False,False,
2024-02-27T00:42:00+00:00,3166.19,3169.13,9.285608254716408,0.00028561,0.00066751,2024-02-27T08:00:00+00:00,438.0,-18.03929174528359,FLAT,False,False,False,
2024-02-27T00:43:00+00:00,3166.11,3168.72,8.243554393244937,0.00028561,0.00066751,2024-02-27T08:00:00+00:00,437.0,-19.081345606755065,FLAT,False,False,False,
2024-02-27T00:44:00+00:00,3166.55,3169.43,9.09507192370136,0.00028561,0.00066751,2024-02-27T08:00:00+00:00,436.0,-18.22982807629864,FLAT,False,False,False,
2024-02-27T00:45:00+00:00,3171.0,3174.62,11.415957111321005,0.00028561,0.00066751,2024-02-27T08:00:00+00:00,435.0,-15.908942888678997,FLAT,False,False,False,
2024-02-27T00:46:00+00:00,3169.78,3173.18,10.726296462213893,0.00028561,0.00066751,2024-02-27T08:00:00+00:00,434.0,-16.598603537786108,FLAT,False,False,False,
2024-02-27T00:47:00+00:00,3171.88,3175.37,11.00293832049063,0.00028561,0.00066751,2024-02-27T08:00:00+00:00,433.0,-16.32196167950937,FLAT,False,False,False,
2024-02-27T00:48:00+00:00,3169.79,3172.74,9.306610217080053,0.00028561,0.00066751,2024-02-27T08:00:00+00:00,432.0,-18.018289782919947,FLAT,False,False,False,
2024-02-27T00:49:00+00:00,3166.82,3170.42,11.367870608370255,0.00028561,0.00066751,2024-02-27T08:00:00+00:00,431.0,-15.957029391629746,FLAT,False,False,False,
2024-02-27T00:50:00+00:00,3167.12,3170.65,11.145772815681756,0.00028561,0.00066751,2024-02-27T08:00:00+00:00,430.0,-16.179127184318244,FLAT,False,False,False,
2024-02-27T00:51:00+00:00,3167.75,3171.44,11.648646515665865,0.00028561,0.00066751,2024-02-27T08:00:00+00:00,429.0,-15.676253484334136,FLAT,False,False,False,
2024-02-27T00:52:00+00:00,3167.09,3170.59,11.05115421412085,0.00028561,0.00066751,2024-02-27T08:00:00+00:00,428.0,-16.27374578587915,FLAT,False,False,False,
2024-02-27T00:53:00+00:00,3167.59,3170.91,10.481154442335367,0.00028561,0.00066751,2024-02-27T08:00:00+00:00,427.0,-16.843745557664633,FLAT,False,False,False,
2024-02-27T00:54:00+00:00,3166.85,3170.26,10.767797653821018,0.00028561,0.00066751,2024-02-27T08:00:00+00:00,426.0,-16.557102346178983,FLAT,False,False,False,
2024-02-27T00:55:00+00:00,3166.94,3170.2,10.293848320460013,0.00028561,0.00066751,2024-02-27T08:00:00+00:00,425.0,-17.03105167953999,FLAT,False,False,False,
2024-02-27T00:56:00+00:00,3166.61,3170.18,11.273885953747728,0.00028561,0.00066751,2024-02-27T08:00:00+00:00,424.0,-16.051014046252273,FLAT,False,False,False,
2024-02-27T00:57:00+00:00,3166.45,3170.03,11.306036728830021,0.00028561,0.00066751,2024-02-27T08:00:00+00:00,423.0,-16.01886327116998,FLAT,False,False,False,
2024-02-27T00:58:00+00:00,3167.32,3170.82,11.050351716908931,0.00028561,0.00066751,2024-02-27T08:00:00+00:00,422.0,-16.274548283091068,FLAT,False,False,False,
2024-02-27T00:59:00+00:00,3167.61,3171.83,13.322347132379933,0.00028561,0.00066751,2024-02-27T08:00:00+00:00,421.0,-14.002552867620068,FLAT,False,False,False,
2024-02-27T01:00:00+00:00,3168.55,3172.38,12.087547932019147,0.00028561,0.00066751,2024-02-27T08:00:00+00:00,420.0,-15.237352067980854,FLAT,False,False,False,
2024-02-27T01:01:00+00:00,3170.12,3173.86,11.797660656379684,0.00028561,0.00066751,2024-02-27T08:00:00+00:00,419.0,-15.527239343620316,FLAT,False,False,False,
2024-02-27T01:02:00+00:00,3168.49,3172.22,11.772169077383923,0.00028561,0.00066751,2024-02-27T08:00:00+00:00,418.0,-15.552730922616078,FLAT,False,False,False,
2024-02-27T01:03:00+00:00,3166.41,3170.19,11.937809696154952,0.00028561,0.00066751,2024-02-27T08:00:00+00:00,417.0,-15.38709030384505,FLAT,False,False,False,
2024-02-27T01:04:00+00:00,3169.06,3172.98,12.36959855603893,0.00028561,0.00066751,2024-02-27T08:00:00+00:00,416.0,-14.95530144396107,FLAT,False,False,False,
2024-02-27T01:05:00+00:00,3169.94,3173.35,10.757301400026039,0.00028561,0.00066751,2024-02-27T08:00:00+00:00,415.0,-16.567598599973962,FLAT,False,False,False,
2024-02-27T01:06:00+00:00,3172.74,3176.16,10.779326386656559,0.00028561,0.00066751,2024-02-27T08:00:00+00:00,414.0,-16.545573613343443,FLAT,False,False,False,
2024-02-27T01:07:00+00:00,3173.57,3177.01,10.839527724298044,0.00028561,0.00066751,2024-02-27T08:00:00+00:00,413.0,-16.485372275701955,FLAT,False,False,False,
2024-02-27T01:08:00+00:00,3171.32,3175.23,12.329250911291998,0.00028561,0.00066751,2024-02-27T08:00:00+00:00,412.0,-14.995649088708003,FLAT,False,False,False,
2024-02-27T01:09:00+00:00,3173.29,3177.0,11.691336121186643,0.00028561,0.00066751,2024-02-27T08:00:00+00:00,411.0,-15.633563878813359,FLAT,False,False,False,
2024-02-27T01:10:00+00:00,3173.51,3177.01,11.028797766510898,0.00028561,0.00066751,2024-02-27T08:00:00+00:00,410.0,-16.2961022334891,FLAT,False,False,False,
2024-02-27T01:11:00+00:00,3174.79,3178.74,12.441767801964282,0.00028561,0.00066751,2024-02-27T08:00:00+00:00,409.0,-14.883132198035717,FLAT,False,False,False,
2024-02-27T01:12:00+00:00,3175.06,3178.67,11.36986387658856,0.00028561,0.00066751,2024-02-27T08:00:00+00:00,408.0,-15.955036123411439,FLAT,False,False,False,
2024-02-27T01:13:00+00:00,3174.48,3178.02,11.151432675587698,0.00028561,0.00066751,2024-02-27T08:00:00+00:00,407.0,-16.173467324412304,FLAT,False,False,False,
2024-02-27T01:14:00+00:00,3175.59,3179.19,11.336476056417577,0.00028561,0.00066751,2024-02-27T08:00:00+00:00,406.0,-15.988423943582422,FLAT,False,False,False,
2024-02-27T01:15:00+00:00,3176.87,3180.55,11.583728638566548,0.00028561,0.00066751,2024-02-27T08:00:00+00:00,405.0,-15.741171361433452,FLAT,False,False,False,
2024-02-27T01:16:00+00:00,3177.5,3181.75,13.375295043273013,0.00028561,0.00066751,2024-02-27T08:00:00+00:00,404.0,-13.949604956726986,FLAT,False,False,False,
2024-02-27T01:17:00+00:00,3176.31,3179.75,10.83017715525265,0.00028561,0.00066751,2024-02-27T08:00:00+00:00,403.0,-16.49472284474735,FLAT,False,False,False,
2024-02-27T01:18:00+00:00,3177.61,3181.07,10.888686780316137,0.00028561,0.00066751,2024-02-27T08:00:00+00:00,402.0,-16.436213219683864,FLAT,False,False,False,
2024-02-27T01:19:00+00:00,3176.6,3179.93,10.482906251967282,0.00028561,0.00066751,2024-02-27T08:00:00+00:00,401.0,-16.841993748032717,FLAT,False,False,False,
2024-02-27T01:20:00+00:00,3180.27,3183.92,11.477012958019575,0.00028561,0.00066751,2024-02-27T08:00:00+00:00,400.0,-15.847887041980425,FLAT,False,False,False,
2024-02-27T01:21:00+00:00,3180.07,3184.09,12.641231167867316,0.00028561,0.00066751,2024-02-27T08:00:00+00:00,399.0,-14.683668832132685,FLAT,False,False,False,
2024-02-27T01:22:00+00:00,3179.97,3184.17,13.20767177048926,0.00028561,0.00066751,2024-02-27T08:00:00+00:00,398.0,-14.11722822951074,FLAT,False,False,False,
2024-02-27T01:23:00+00:00,3180.2,3184.17,12.483491604302417,0.00028561,0.00066751,2024-02-27T08:00:00+00:00,397.0,-14.841408395697584,FLAT,False,False,False,
2024-02-27T01:24:00+00:00,3179.12,3183.26,13.02247162736961,0.00028561,0.00066751,2024-02-27T08:00:00+00:00,396.0,-14.302428372630391,FLAT,False,False,False,
2024-02-27T01:25:00+00:00,3179.94,3183.97,12.67319509173049,0.00028561,0.00066751,2024-02-27T08:00:00+00:00,395.0,-14.651704908269512,FLAT,False,False,False,
2024-02-27T01:26:00+00:00,3181.49,3185.25,11.818361836750135,0.00028561,0.00066751,2024-02-27T08:00:00+00:00,394.0,-15.506538163249864,FLAT,False,False,False,
2024-02-27T01:27:00+00:00,3181.6,3185.78,13.138043751572452,0.00028561,0.00066751,2024-02-27T08:00:00+00:00,393.0,-14.18685624842755,FLAT,False,False,False,
2024-02-27T01:28:00+00:00,3181.71,3185.93,13.263308095331753,0.00028561,0.00066751,2024-02-27T08:00:00+00:00,392.0,-14.061591904668248,FLAT,False,False,False,
2024-02-27T01:29:00+00:00,3181.71,3185.4,11.597537173406923,0.00028561,0.00066751,2024-02-27T08:00:00+00:00,391.0,-15.727362826593076,FLAT,False,False,False,
2024-02-27T01:30:00+00:00,3181.76,3185.78,12.634516745449002,0.00028561,0.00066751,2024-02-27T08:00:00+00:00,390.0,-14.690383254550998,FLAT,False,False,False,
2024-02-27T01:31:00+00:00,3180.61,3184.0,10.65833283552486,0.00028561,0.00066751,2024-02-27T08:00:00+00:00,389.0,-16.66656716447514,FLAT,False,False,False,
2024-02-27T01:32:00+00:00,3180.1,3183.48,10.628596585013394,0.00028561,0.00066751,2024-02-27T08:00:00+00:00,388.0,-16.696303414986605,FLAT,False,False,False,
2024-02-27T01:33:00+00:00,3177.69,3181.08,10.668126846860055,0.00028561,0.00066751,2024-02-27T08:00:00+00:00,387.0,-16.656773153139945,FLAT,False,False,False,
2024-02-27T01:34:00+00:00,3177.33,3180.47,9.882511416818122,0.00028561,0.00066751,2024-02-27T08:00:00+00:00,386.0,-17.442388583181877,FLAT,False,False,False,
2024-02-27T01:35:00+00:00,3177.01,3180.48,10.92221931942235,0.00028561,0.00066751,2024-02-27T08:00:00+00:00,385.0,-16.40268068057765,FLAT,False,False,False,
2024-02-27T01:36:00+00:00,3177.58,3180.66,9.692910957395021,0.00028561,0.00066751,2024-02-27T08:00:00+00:00,384.0,-17.631989042604978,FLAT,False,False,False,
2024-02-27T01:37:00+00:00,3178.52,3181.5,9.37543259126895,0.00028561,0.00066751,2024-02-27T08:00:00+00:00,383.0,-17.94946740873105,FLAT,False,False,False,
2024-02-27T01:38:00+00:00,3179.08,3182.51,10.789284950363914,0.00028561,0.00066751,2024-02-27T08:00:00+00:00,382.0,-16.535615049636085,FLAT,False,False,False,
2024-02-27T01:39:00+00:00,3179.89,3182.7,8.836783662327772,0.00028561,0.00066751,2024-02-27T08:00:00+00:00,381.0,-18.488116337672228,FLAT,False,False,False,
2024-02-27T01:40:00+00:00,3181.33,3184.87,11.127421550106288,0.00028561,0.00066751,2024-02-27T08:00:00+00:00,380.0,-16.197478449893712,FLAT,False,False,False,
2024-02-27T01:41:00+00:00,3181.44,3184.48,9.555421444377274,0.00028561,0.00066751,2024-02-27T08:00:00+00:00,379.0,-17.769478555622726,FLAT,False,False,False,
2024-02-27T01:42:00+00:00,3183.07,3186.24,9.958939011707622,0.00028561,0.00066751,2024-02-27T08:00:00+00:00,378.0,-17.36596098829238,FLAT,False,False,False,
2024-02-27T01:43:00+00:00,3187.49,3191.17,11.54513425924565,0.00028561,0.00066751,2024-02-27T08:00:00+00:00,377.0,-15.77976574075435,FLAT,False,False,False,
2024-02-27T01:44:00+00:00,3192.3,3195.69,10.619302697114533,0.00028561,0.00066751,2024-02-27T08:00:00+00:00,376.0,-16.70559730288547,FLAT,False,False,False,
2024-02-27T01:45:00+00:00,3189.74,3193.31,11.192134782145766,0.00028561,0.00066751,2024-02-27T08:00:00+00:00,375.0,-16.132765217854235,FLAT,False,False,False,
2024-02-27T01:46:00+00:00,3192.54,3195.82,10.273951148615835,0.00028561,0.00066751,2024-02-27T08:00:00+00:00,374.0,-17.050948851384167,FLAT,False,False,False,
2024-02-27T01:47:00+00:00,3196.09,3200.32,13.234921419609641,0.00028561,0.00066751,2024-02-27T08:00:00+00:00,373.0,-14.089978580390358,FLAT,False,False,False,
2024-02-27T01:48:00+00:00,3209.0,3216.01,21.84481146774764,0.00028561,0.00066751,2024-02-27T08:00:00+00:00,372.0,-5.48008853225236,FLAT,False,False,False,
2024-02-27T01:49:00+00:00,3219.94,3229.1,28.447735050963228,0.00028561,0.00066751,2024-02-27T08:00:00+00:00,371.0,1.122835050963225,FLAT,False,False,False,
2024-02-27T01:50:00+00:00,3220.46,3228.68,25.524303981418182,0.00028561,0.00066751,2024-02-27T08:00:00+00:00,370.0,-1.800596018581821,FLAT,False,False,False,
2024-02-27T01:51:00+00:00,3225.88,3233.38,23.249469912086006,0.00028561,0.00066751,2024-02-27T08:00:00+00:00,369.0,-4.075430087913993,FLAT,False,False,False,
2024-02-27T01:52:00+00:00,3216.4,3222.79,19.866931973634724,0.00028561,0.00066751,2024-02-27T08:00:00+00:00,368.0,-7.4579680263652754,FLAT,False,False,False,
2024-02-27T01:53:00+00:00,3217.31,3223.81,20.203213243361688,0.00028561,0.00066751,2024-02-27T08:00:00+00:00,367.0,-7.1216867566383115,FLAT,False,False,False,
2024-02-27T01:54:00+00:00,3223.98,3231.34,22.82892573775311,0.00028561,0.00066751,2024-02-27T08:00:00+00:00,366.0,-4.4959742622468895,FLAT,False,False,False,
2024-02-27T01:55:00+00:00,3220.64,3226.76,19.002434298773988,0.00028561,0.00066751,2024-02-27T08:00:00+00:00,365.0,-8.322465701226012,FLAT,False,False,False,
2024-02-27T01:56:00+00:00,3221.12,3227.97,21.265895092389943,0.00028561,0.00066751,2024-02-27T08:00:00+00:00,364.0,-6.059004907610056,FLAT,False,False,False,
2024-02-27T01:57:00+00:00,3217.26,3223.01,17.872351006757302,0.00028561,0.00066751,2024-02-27T08:00:00+00:00,363.0,-9.452548993242697,FLAT,False,False,False,
2024-02-27T01:58:00+00:00,3218.45,3224.09,17.523963398531368,0.00028561,0.00066751,2024-02-27T08:00:00+00:00,362.0,-9.800936601468631,FLAT,False,False,False,
2024-02-27T01:59:00+00:00,3221.62,3226.66,15.64430317666256,0.00028561,0.00066751,2024-02-27T08:00:00+00:00,361.0,-11.680596823337439,FLAT,False,False,False,
2024-02-27T02:00:00+00:00,3213.39,3218.6,16.213407024979965,0.00028561,0.00066751,2024-02-27T08:00:00+00:00,360.0,-11.111492975020035,FLAT,False,False,False,
2024-02-27T02:01:00+00:00,3217.34,3222.0,14.484014745099536,0.00028561,0.00066751,2024-02-27T08:00:00+00:00,359.0,-12.840885254900464,FLAT,False,False,False,
2024-02-27T02:02:00+00:00,3219.9,3224.85,15.373148234416652,0.00028561,0.00066751,2024-02-27T08:00:00+00:00,358.0,-11.95175176558335,FLAT,False,False,False,
2024-02-27T02:03:00+00:00,3218.81,3223.75,15.347286730189277,0.00028561,0.00066751,2024-02-27T08:00:00+00:00,357.0,-11.977613269810725,FLAT,False,False,False,
2024-02-27T02:04:00+00:00,3217.3,3221.66,13.551735927640172,0.00028561,0.00066751,2024-02-27T08:00:00+00:00,356.0,-13.77316407235983,FLAT,False,False,False,
2024-02-27T02:05:00+00:00,3224.72,3229.75,15.598253491776653,0.00028561,0.00066751,2024-02-27T08:00:00+00:00,355.0,-11.726646508223347,FLAT,False,False,False,
2024-02-27T02:06:00+00:00,3240.99,3250.8,30.268529060566063,0.00028561,0.00066751,2024-02-27T08:00:00+00:00,354.0,2.94362906056606,FLAT,False,False,False,
2024-02-27T02:07:00+00:00,3248.6,3261.63,40.109585667672846,0.00028561,0.00066751,2024-02-27T08:00:00+00:00,353.0,12.784685667672846,FLAT,False,False,False,
2024-02-27T02:08:00+00:00,3254.84,3271.26,50.4479482862447,0.00028561,0.00066751,2024-02-27T08:00:00+00:00,352.0,23.123048286244703,OPEN,True,True,False,entry
2024-02-27T02:09:00+00:00,3264.78,3279.18,44.107106757575195,0.00028561,0.00066751,2024-02-27T08:00:00+00:00,351.0,16.782206757575196,OPEN,True,False,False,
2024-02-27T02:10:00+00:00,3253.31,3263.37,30.922352926711394,0.00028561,0.00066751,2024-02-27T08:00:00+00:00,350.0,3.597452926711391,OPEN,False,False,False,
2024-02-27T02:11:00+00:00,3228.26,3234.64,19.76296828632035,0.00028561,0.00066751,2024-02-27T08:00:00+00:00,349.0,-7.561931713679648,FLAT,False,False,True,exit:funding_decay
2024-02-27T02:12:00+00:00,3236.25,3243.33,21.87717265353396,0.00028561,0.00066751,2024-02-27T08:00:00+00:00,348.0,-5.4477273464660385,FLAT,False,False,False,
2024-02-27T02:13:00+00:00,3240.43,3247.3,21.200890005339865,0.00028561,0.00066751,2024-02-27T08:00:00+00:00,347.0,-6.124009994660135,FLAT,False,False,False,
2024-02-27T02:14:00+00:00,3233.16,3239.27,18.897920300882504,0.00028561,0.00066751,2024-02-27T08:00:00+00:00,346.0,-8.426979699117496,FLAT,False,False,False,
2024-02-27T02:15:00+00:00,3230.4,3235.7,16.4066369489838,0.00028561,0.00066751,2024-02-27T08:00:00+00:00,345.0,-10.9182630510162,FLAT,False,False,False,
2024-02-27T02:16:00+00:00,3239.44,3245.03,17.25606895018937,0.00028561,0.00066751,2024-02-27T08:00:00+00:00,344.0,-10.06883104981063,FLAT,False,False,False,
2024-02-27T02:17:00+00:00,3243.71,3250.55,21.086965234253817,0.00028561,0.00066751,2024-02-27T08:00:00+00:00,343.0,-6.237934765746182,FLAT,False,False,False,
2024-02-27T02:18:00+00:00,3230.01,3235.84,18.049479722972766,0.00028561,0.00066751,2024-02-27T08:00:00+00:00,342.0,-9.275420277027234,FLAT,False,False,False,
2024-02-27T02:19:00+00:00,3226.1,3232.56,20.02417779982033,0.00028561,0.00066751,2024-02-27T08:00:00+00:00,341.0,-7.3007222001796706,FLAT,False,False,False,
2024-02-27T02:20:00+00:00,3231.99,3239.39,22.896110445886567,0.00028561,0.00066751,2024-02-27T08:00:00+00:00,340.0,-4.428789554113433,FLAT,False,False,False,
2024-02-27T02:21:00+00:00,3238.65,3245.18,20.16272212187098,0.00028561,0.00066751,2024-02-27T08:00:00+00:00,339.0,-7.162177878129018,FLAT,False,False,False,
2024-02-27T02:22:00+00:00,3235.01,3240.25,16.197786096487434,0.00028561,0.00066751,2024-02-27T08:00:00+00:00,338.0,-11.127113903512566,FLAT,False,False,False,
2024-02-27T02:23:00+00:00,3238.55,3245.0,19.916320575565663,0.00028561,0.00066751,2024-02-27T08:00:00+00:00,337.0,-7.408579424434336,FLAT,False,False,False,
2024-02-27T02:24:00+00:00,3240.47,3246.58,18.85528951047264,0.00028561,0.00066751,2024-02-27T08:00:00+00:00,336.0,-8.469610489527359,FLAT,False,False,False,
2024-02-27T02:25:00+00:00,3235.39,3241.03,17.432210645394612,0.00028561,0.00066751,2024-02-27T08:00:00+00:00,335.0,-9.892689354605388,FLAT,False,False,False,
2024-02-27T02:26:00+00:00,3230.37,3235.79,16.778263790216208,0.00028561,0.00066751,2024-02-27T08:00:00+00:00,334.0,-10.546636209783792,FLAT,False,False,False,
2024-02-27T02:27:00+00:00,3230.01,3235.45,16.842053120577333,0.00028561,0.00066751,2024-02-27T08:00:00+00:00,333.0,-10.482846879422667,FLAT,False,False,False,
2024-02-27T02:28:00+00:00,3234.19,3239.26,15.676258970561914,0.00028561,0.00066751,2024-02-27T08:00:00+00:00,332.0,-11.648641029438085,FLAT,False,False,False,
2024-02-27T02:29:00+00:00,3233.17,3238.48,16.423510053600477,0.00028561,0.00066751,2024-02-27T08:00:00+00:00,331.0,-10.901389946399522,FLAT,False,False,False,
2024-02-27T02:30:00+00:00,3231.41,3236.31,15.163659207590777,0.00028561,0.00066751,2024-02-27T08:00:00+00:00,330.0,-12.161240792409224,FLAT,False,False,False,
2024-02-27T02:31:00+00:00,3226.18,3230.97,14.847280684896578,0.00028561,0.00066751,2024-02-27T08:00:00+00:00,329.0,-12.477619315103421,FLAT,False,False,False,
2024-02-27T02:32:00+00:00,3226.33,3231.19,15.063555184993872,0.00028561,0.00066751,2024-02-27T08:00:00+00:00,328.0,-12.26134481500613,FLAT,False,False,False,
2024-02-27T02:33:00+00:00,3229.53,3234.97,16.844556328628624,0.00028561,0.00066751,2024-02-27T08:00:00+00:00,327.0,-10.480343671371376,FLAT,False,False,False,
2024-02-27T02:34:00+00:00,3234.09,3239.88,17.903026817435393,0.00028561,0.00066751,2024-02-27T08:00:00+00:00,326.0,-9.421873182564607,FLAT,False,False,False,
2024-02-27T02:35:00+00:00,3232.08,3237.46,16.645627583475996,0.00028561,0.00066751,2024-02-27T08:00:00+00:00,325.0,-10.679272416524004,FLAT,False,False,False,
2024-02-27T02:36:00+00:00,3233.96,3239.6,17.439918861086323,0.00028561,0.00066751,2024-02-27T08:00:00+00:00,324.0,-9.884981138913677,FLAT,False,False,False,
2024-02-27T02:37:00+00:00,3234.99,3241.09,18.85631794843373,0.00028561,0.00066751,2024-02-27T08:00:00+00:00,323.0,-8.468582051566269,FLAT,False,False,False,
2024-02-27T02:38:00+00:00,3239.32,3246.0,20.621611943246844,0.00028561,0.00066751,2024-02-27T08:00:00+00:00,322.0,-6.703288056753156,FLAT,False,False,False,
2024-02-27T02:39:00+00:00,3237.67,3244.12,19.92173383945806,0.00028561,0.00066751,2024-02-27T08:00:00+00:00,321.0,-7.403166160541939,FLAT,False,False,False,
2024-02-27T02:40:00+00:00,3238.0,3244.52,20.13588634959846,0.00028561,0.00066751,2024-02-27T08:00:00+00:00,320.0,-7.189013650401538,FLAT,False,False,False,
2024-02-27T02:41:00+00:00,3239.86,3246.68,21.05029229657982,0.00028561,0.00066751,2024-02-27T08:00:00+00:00,319.0,-6.27460770342018,FLAT,False,False,False,
2024-02-27T02:42:00+00:00,3249.79,3257.54,23.847694774123866,0.00028561,0.00066751,2024-02-27T08:00:00+00:00,318.0,-3.4772052258761335,FLAT,False,False,False,
2024-02-27T02:43:00+00:00,3253.18,3260.01,20.994841970012057,0.00028561,0.00066751,2024-02-27T08:00:00+00:00,317.0,-6.330058029987942,FLAT,False,False,False,
2024-02-27T02:44:00+00:00,3253.59,3260.96,22.65190143810342,0.00028561,0.00066751,2024-02-27T08:00:00+00:00,316.0,-4.672998561896581,FLAT,False,False,False,
2024-02-27T02:45:00+00:00,3251.32,3258.74,22.821500190690603,0.00028561,0.00066751,2024-02-27T08:00:00+00:00,315.0,-4.503399809309396,FLAT,False,False,False,
2024-02-27T02:46:00+00:00,3252.35,3260.01,23.552200716406013,0.00028561,0.00066751,2024-02-27T08:00:00+00:00,314.0,-3.7726992835939868,FLAT,False,False,False,
2024-02-27T02:47:00+00:00,3249.19,3256.56,22.68257627285536,0.00028561,0.00066751,2024-02-27T08:00:00+00:00,313.0,-4.642323727144639,FLAT,False,False,False,
2024-02-27T02:48:00+00:00,3245.41,3252.49,21.815425477828462,0.00028561,0.00066751,2024-02-27T08:00:00+00:00,312.0,-5.509474522171537,FLAT,False,False,False,
2024-02-27T02:49:00+00:00,3242.93,3249.3,19.642730493721253,0.00028561,0.00066751,2024-02-27T08:00:00+00:00,311.0,-7.682169506278747,FLAT,False,False,False,
2024-02-27T02:50:00+00:00,3244.05,3250.84,20.930626839906793,0.00028561,0.00066751,2024-02-27T08:00:00+00:00,310.0,-6.394273160093206,FLAT,False,False,False,
2024-02-27T02:51:00+00:00,3243.79,3250.96,22.103773672155327,0.00028561,0.00066751,2024-02-27T08:00:00+00:00,309.0,-5.221126327844672,FLAT,False,False,False,
2024-02-27T02:52:00+00:00,3243.6,3250.38,20.902700702923298,0.00028561,0.00066751,2024-02-27T08:00:00+00:00,308.0,-6.422199297076702,FLAT,False,False,False,
2024-02-27T02:53:00+00:00,3241.43,3248.35,21.34860231441084,0.00028561,0.00066751,2024-02-27T08:00:00+00:00,307.0,-5.976297685589159,FLAT,False,False,False,
2024-02-27T02:54:00+00:00,3238.86,3245.25,19.729163965098437,0.00028561,0.00066751,2024-02-27T08:00:00+00:00,306.0,-7.595736034901563,FLAT,False,False,False,
2024-02-27T02:55:00+00:00,3236.59,3243.54,21.473217182280788,0.00028561,0.00066751,2024-02-27T08:00:00+00:00,305.0,-5.851682817719212,FLAT,False,False,False,
2024-02-27T02:56:00+00:00,3238.22,3244.75,20.16539950960775,0.00028561,0.00066751,2024-02-27T08:00:00+00:00,304.0,-7.159500490392251,FLAT,False,False,False,
2024-02-27T02:57:00+00:00,3237.94,3244.92,21.55691581684657,0.00028561,0.00066751,2024-02-27T08:00:00+00:00,303.0,-5.76798418315343,FLAT,False,False,False,
2024-02-27T02:58:00+00:00,3239.52,3247.26,23.892428507927832,0.00028561,0.00066751,2024-02-27T08:00:00+00:00,302.0,-3.4324714920721675,FLAT,False,False,False,
2024-02-27T02:59:00+00:00,3239.94,3247.42,23.086847287295498,0.00028561,0.00066751,2024-02-27T08:00:00+00:00,301.0,-4.238052712704501,FLAT,False,False,False,
2024-02-27T03:00:00+00:00,3242.8,3250.73,24.45417540397137,0.00028561,0.00066751,2024-02-27T08:00:00+00:00,300.0,-2.87072459602863,FLAT,False,False,False,
2024-02-27T03:01:00+00:00,3244.0,3252.0,24.66091245376079,0.00028561,0.00066751,2024-02-27T08:00:00+00:00,299.0,-2.663987546239209,FLAT,False,False,False,
2024-02-27T03:02:00+00:00,3238.41,3245.43,21.67730460318484,0.00028561,0.00066751,2024-02-27T08:00:00+00:00,298.0,-5.647595396815159,FLAT,False,False,False,
2024-02-27T03:03:00+00:00,3239.12,3246.05,21.39469979500695,0.00028561,0.00066751,2024-02-27T08:00:00+00:00,297.0,-5.930200204993049,FLAT,False,False,False,
2024-02-27T03:04:00+00:00,3238.35,3245.33,21.554186545617426,0.00028561,0.00066751,2024-02-27T08:00:00+00:00,296.0,-5.770713454382573,FLAT,False,False,False,
2024-02-27T03:05:00+00:00,3236.5,3243.46,21.504711880117522,0.00028561,0.00066751,2024-02-27T08:00:00+00:00,295.0,-5.820188119882477,FLAT,False,False,False,
2024-02-27T03:06:00+00:00,3235.82,3242.99,22.158216464449872,0.00028561,0.00066751,2024-02-27T08:00:00+00:00,294.0,-5.166683535550128,FLAT,False,False,False,
2024-02-27T03:07:00+00:00,3234.61,3241.42,21.053542776408733,0.00028561,0.00066751,2024-02-27T08:00:00+00:00,293.0,-6.2713572235912665,FLAT,False,False,False,
2024-02-27T03:08:00+00:00,3237.2,3244.08,21.252934634869977,0.00028561,0.00066751,2024-02-27T08:00:00+00:00,292.0,-6.071965365130023,FLAT,False,False,False,
2024-02-27T03:09:00+00:00,3236.3,3243.81,23.205512467941052,0.00028561,0.00066751,2024-02-27T08:00:00+00:00,291.0,-4.119387532058948,FLAT,False,False,False,
2024-02-27T03:10:00+00:00,3235.79,3242.61,21.076769506056213,0.00028561,0.00066751,2024-02-27T08:00:00+00:00,290.0,-6.248130493943787,FLAT,False,False,False,
2024-02-27T03:11:00+00:00,3235.02,3241.97,21.48363843191021,0.00028561,0.00066751,2024-02-27T08:00:00+00:00,289.0,-5.841261568089788,FLAT,False,False,False,
2024-02-27T03:12:00+00:00,3235.41,3242.72,22.593736187994555,0.00028561,0.00066751,2024-02-27T08:00:00+00:00,288.0,-4.731163812005445,FLAT,False,False,False,
2024-02-27T03:13:00+00:00,3233.61,3240.36,20.874502491023964,0.00028561,0.00066751,2024-02-27T08:00:00+00:00,287.0,-6.450397508976035,FLAT,False,False,False,
2024-02-27T03:14:00+00:00,3237.11,3243.43,19.52358739739987,0.00028561,0.00066751,2024-02-27T08:00:00+00:00,286.0,-7.801312602600131,FLAT,False,False,False,
2024-02-27T03:15:00+00:00,3239.31,3246.0,20.6525463756172,0.00028561,0.00066751,2024-02-27T08:00:00+00:00,285.0,-6.672353624382801,FLAT,False,False,False,
2024-02-27T03:16:00+00:00,3241.65,3248.4,20.82272916570265,0.00028561,0.00066751,2024-02-27T08:00:00+00:00,284.0,-6.502170834297349,FLAT,False,False,False,
2024-02-27T03:17:00+00:00,3237.0,3243.58,20.327463700957452,0.00028561,0.00066751,2024-02-27T08:00:00+00:00,283.0,-6.997436299042548,FLAT,False,False,False,
2024-02-27T03:18:00+00:00,3233.99,3240.17,19.10952105603385,0.00028561,0.00066751,2024-02-27T08:00:00+00:00,282.0,-8.21537894396615,FLAT,False,False,False,
2024-02-27T03:19:00+00:00,3231.65,3237.75,18.875806476567416,0.00028561,0.00066751,2024-02-27T08:00:00+00:00,281.0,-8.449093523432584,FLAT,False,False,False,
2024-02-27T03:20:00+00:00,3237.67,3243.85,19.087800795015664,0.00028561,0.00066751,2024-02-27T08:00:00+00:00,280.0,-8.237099204984336,FLAT,False,False,False,
2024-02-27T03:21:00+00:00,3235.72,3241.7,18.481203565203476,0.00028561,0.00066751,2024-02-27T08:00:00+00:00,279.0,-8.843696434796524,FLAT,False,False,False,
2024-02-27T03:22:00+00:00,3234.33,3240.29,18.42730952005527,0.00028561,0.00066751,2024-02-27T08:00:00+00:00,278.0,-8.897590479944729,FLAT,False,False,False,
2024-02-27T03:23:00+00:00,3232.57,3238.74,19.086980328344374,0.00028561,0.00066751,2024-02-27T08:00:00+00:00,277.0,-8.237919671655625,FLAT,False,False,False,
2024-02-27T03:24:00+00:00,3235.76,3241.94,19.099067916037765,0.00028561,0.00066751,2024-02-27T08:00:00+00:00,276.0,-8.225832083962235,FLAT,False,False,False,
2024-02-27T03:25:00+00:00,3235.37,3241.42,18.699561410287483,0.00028561,0.00066751,2024-02-27T08:00:00+00:00,275.0,-8.625338589712516,FLAT,False,False,False,
2024-02-27T03:26:00+00:00,3232.75,3238.93,19.11685097826877,0.00028561,0.00066751,2024-02-27T08:00:00+00:00,274.0,-8.208049021731231,FLAT,False,False,False,
2024-02-27T03:27:00+00:00,3234.81,3241.62,21.052241089893826,0.00028561,0.00066751,2024-02-27T08:00:00+00:00,273.0,-6.272658910106173,FLAT,False,False,False,
2024-02-27T03:28:00+00:00,3235.78,3242.78,21.633114735859667,0.00028561,0.00066751,2024-02-27T08:00:00+00:00,272.0,-5.691785264140332,FLAT,False,False,False,
2024-02-27T03:29:00+00:00,3236.79,3243.82,21.719048810705054,0.00028561,0.00066751,2024-02-27T08:00:00+00:00,271.0,-5.605851189294945,FLAT,False,False,False,
2024-02-27T03:30:00+00:00,3236.81,3243.35,20.205078456875636,0.00028561,0.00066751,2024-02-27T08:00:00+00:00,270.0,-7.119821543124363,FLAT,False,False,False,
2024-02-27T03:31:00+00:00,3237.11,3244.18,21.840468813230654,0.00028561,0.00066751,2024-02-27T08:00:00+00:00,269.0,-5.484431186769346,FLAT,False,False,False,
2024-02-27T03:32:00+00:00,3237.57,3244.71,22.053577219951606,0.00028561,0.00066751,2024-02-27T08:00:00+00:00,268.0,-5.2713227800483935,FLAT,False,False,False,
2024-02-27T03:33:00+00:00,3239.29,3246.22,21.393576987549235,0.00028561,0.00066751,2024-02-27T08:00:00+00:00,267.0,-5.931323012450765,FLAT,False,False,False,
2024-02-27T03:34:00+00:00,3240.2,3246.93,20.770322819579096,0.00028561,0.00066751,2024-02-27T08:00:00+00:00,266.0,-6.554577180420903,FLAT,False,False,False,
2024-02-27T03:35:00+00:00,3245.0,3250.64,17.380585516178343,0.00028561,0.00066751,2024-02-27T08:00:00+00:00,265.0,-9.944314483821657,FLAT,False,False,False,
2024-02-27T03:36:00+00:00,3242.95,3248.91,18.37832837385725,0.00028561,0.00066751,2024-02-27T08:00:00+00:00,264.0,-8.946571626142749,FLAT,False,False,False,
2024-02-27T03:37:00+00:00,3245.81,3251.65,17.992427159938956,0.00028561,0.00066751,2024-02-27T08:00:00+00:00,263.0,-9.332472840061044,FLAT,False,False,False,
2024-02-27T03:38:00+00:00,3246.99,3252.96,18.386259273974527,0.00028561,0.00066751,2024-02-27T08:00:00+00:00,262.0,-8.938640726025472,FLAT,False,False,False,
2024-02-27T03:39:00+00:00,3245.75,3251.97,19.16352152815158,0.00028561,0.00066751,2024-02-27T08:00:00+00:00,261.0,-8.161378471848419,FLAT,False,False,False,
2024-02-27T03:40:00+00:00,3246.9,3253.45,20.173088176413586,0.00028561,0.00066751,2024-02-27T08:00:00+00:00,260.0,-7.151811823586414,FLAT,False,False,False,
2024-02-27T03:41:00+00:00,3247.59,3253.83,19.21424810397797,0.00028561,0.00066751,2024-02-27T08:00:00+00:00,259.0,-8.11065189602203,FLAT,False,False,False,
2024-02-27T03:42:00+00:00,3249.27,3255.95,20.5584639011219,0.00028561,0.00066751,2024-02-27T08:00:00+00:00,258.0,-6.766436098878099,FLAT,False,False,False,
2024-02-27T03:43:00+00:00,3250.46,3256.9,19.812580373239648,0.00028561,0.00066751,2024-02-27T08:00:00+00:00,257.0,-7.512319626760352,FLAT,False,False,False,
2024-02-27T03:44:00+00:00,3251.73,3257.39,17.406119204238525,0.00028561,0.00066751,2024-02-27T08:00:00+00:00,256.0,-9.918780795761474,FLAT,False,False,False,
2024-02-27T03:45:00+00:00,3242.8,3248.26,16.837301097816813,0.00028561,0.00066751,2024-02-27T08:00:00+00:00,255.0,-10.487598902183187,FLAT,False,False,False,
2024-02-27T03:46:00+00:00,3239.22,3244.72,16.97939627441174,0.00028561,0.00066751,2024-02-27T08:00:00+00:00,254.0,-10.345503725588259,FLAT,False,False,False,
2024-02-27T03:47:00+00:00,3237.52,3242.95,16.772097160789233,0.00028561,0.00066751,2024-02-27T08:00:00+00:00,253.0,-10.552802839210766,FLAT,False,False,False,
2024-02-27T03:48:00+00:00,3238.31,3244.0,17.570893459860404,0.00028561,0.00066751,2024-02-27T08:00:00+00:00,252.0,-9.754006540139596,FLAT,False,False,False,
2024-02-27T03:49:00+00:00,3237.48,3242.97,16.95763371511108,0.00028561,0.00066751,2024-02-27T08:00:00+00:00,251.0,-10.36726628488892,FLAT,False,False,False,
2024-02-27T03:50:00+00:00,3236.21,3241.77,17.18059087636447,0.00028561,0.00066751,2024-02-27T08:00:00+00:00,250.0,-10.14430912363553,FLAT,False,False,False,
2024-02-27T03:51:00+00:00,3231.32,3236.6,16.34007154970645,0.00028561,0.00066751,2024-02-27T08:00:00+00:00,249.0,-10.984828450293548,FLAT,False,False,False,
2024-02-27T03:52:00+00:00,3224.49,3229.32,14.979112976006693,0.00028561,0.00066751,2024-02-27T08:00:00+00:00,248.0,-12.345787023993307,FLAT,False,False,False,
2024-02-27T03:53:00+00:00,3217.95,3222.87,15.289236936559217,0.00028561,0.00066751,2024-02-27T08:00:00+00:00,247.0,-12.035663063440783,FLAT,False,False,False,
2024-02-27T03:54:00+00:00,3229.01,3234.56,17.187930666054694,0.00028561,0.00066751,2024-02-27T08:00:00+00:00,246.0,-10.136969333945306,FLAT,False,False,False,
2024-02-27T03:55:00+00:00,3222.53,3227.71,16.074326693622204,0.00028561,0.00066751,2024-02-27T08:00:00+00:00,245.0,-11.250573306377795,FLAT,False,False,False,
2024-02-27T03:56:00+00:00,3216.38,3221.31,15.327790870481213,0.00028561,0.00066751,2024-02-27T08:00:00+00:00,244.0,-11.997109129518787,FLAT,False,False,False,
2024-02-27T03:57:00+00:00,3215.71,3221.15,16.916948356661685,0.00028561,0.00066751,2024-02-27T08:00:00+00:00,243.0,-10.407951643338315,FLAT,False,False,False,
2024-02-27T03:58:00+00:00,3206.18,3211.15,15.501313089097478,0.00028561,0.00066751,2024-02-27T08:00:00+00:00,242.0,-11.823586910902524,FLAT,False,False,False,
2024-02-27T03:59:00+00:00,3216.56,3222.13,17.316636406596377,0.00028561,0.00066751,2024-02-27T08:00:00+00:00,241.0,-10.008263593403623,FLAT,False,False,False,
2024-02-27T04:00:00+00:00,3208.06,3213.5,16.957288828762724,0.00028561,0.00066751,2024-02-27T08:00:00+00:00,240.0,-10.367611171237275,FLAT,False,False,False,
2024-02-27T04:01:00+00:00,3221.5,3227.8,19.556107403384082,0.00028561,0.00066751,2024-02-27T08:00:00+00:00,239.0,-7.768792596615917,FLAT,False,False,False,
2024-02-27T04:02:00+00:00,3226.55,3232.38,18.0688351335015,0.00028561,0.00066751,2024-02-27T08:00:00+00:00,238.0,-9.256064866498498,FLAT,False,False,False,
2024-02-27T04:03:00+00:00,3221.59,3227.16,17.289599235159372,0.00028561,0.00066751,2024-02-27T08:00:00+00:00,237.0,-10.035300764840628,FLAT,False,False,False,
2024-02-27T04:04:00+00:00,3225.88,3231.37,17.01861197564628,0.00028561,0.00066751,2024-02-27T08:00:00+00:00,236.0,-10.30628802435372,FLAT,False,False,False,
2024-02-27T04:05:00+00:00,3224.81,3230.01,16.124981006633796,0.00028561,0.00066751,2024-02-27T08:00:00+00:00,235.0,-11.199918993366204,FLAT,False,False,False,
2024-02-27T04:06:00+00:00,3217.47,3223.28,18.057666427349442,0.00028561,0.00066751,2024-02-27T08:00:00+00:00,234.0,-9.267233572650557,FLAT,False,False,False,
2024-02-27T04:07:00+00:00,3220.81,3226.88,18.846190865031357,0.00028561,0.00066751,2024-02-27T08:00:00+00:00,233.0,-8.478709134968643,FLAT,False,False,False,
2024-02-27T04:08:00+00:00,3223.98,3229.55,17.276782114033473,0.00028561,0.00066751,2024-02-27T08:00:00+00:00,232.0,-10.048117885966526,FLAT,False,False,False,
2024-02-27T04:09:00+00:00,3225.5,3230.89,16.710587505812658,0.00028561,0.00066751,2024-02-27T08:00:00+00:00,231.0,-10.614312494187342,FLAT,False,False,False,
2024-02-27T04:10:00+00:00,3220.01,3224.93,15.279455653863241,0.00028561,0.00066751,2024-02-27T08:00:00+00:00,230.0,-12.045444346136758,FLAT,False,False,False,
2024-02-27T04:11:00+00:00,3220.2,3225.33,15.930687534936059,0.00028561,0.00066751,2024-02-27T08:00:00+00:00,229.0,-11.39421246506394,FLAT,False,False,False,
2024-02-27T04:12:00+00:00,3221.36,3226.55,16.111207688678242,0.00028561,0.00066751,2024-02-27T08:00:00+00:00,228.0,-11.213692311321758,FLAT,False,False,False,
2024-02-27T04:13:00+00:00,3222.05,3227.21,16.014649058828553,0.00028561,0.00066751,2024-02-27T08:00:00+00:00,227.0,-11.310250941171446,FLAT,False,False,False,
2024-02-27T04:14:00+00:00,3220.63,3225.56,15.307564048027361,0.00028561,0.00066751,2024-02-27T08:00:00+00:00,226.0,-12.01733595197264,FLAT,False,False,False,
2024-02-27T04:15:00+00:00,3217.47,3222.59,15.913124287096215,0.00028561,0.00066751,2024-02-27T08:00:00+00:00,225.0,-11.411775712903786,FLAT,False,False,False,
2024-02-27T04:16:00+00:00,3221.21,3226.3,15.80151557954975,0.00028561,0.00066751,2024-02-27T08:00:00+00:00,224.0,-11.523384420450249,FLAT,False,False,False,
2024-02-27T04:17:00+00:00,3217.78,3222.55,14.823884790134757,0.00028561,0.00066751,2024-02-27T08:00:00+00:00,223.0,-12.501015209865244,FLAT,False,False,False,
2024-02-27T04:18:00+00:00,3215.81,3220.44,14.397616774623218,0.00028561,0.00066751,2024-02-27T08:00:00+00:00,222.0,-12.927283225376783,FLAT,False,False,False,
2024-02-27T04:19:00+00:00,3218.48,3223.11,14.38567273992726,0.00028561,0.00066751,2024-02-27T08:00:00+00:00,221.0,-12.939227260072741,FLAT,False,False,False,
2024-02-27T04:20:00+00:00,3221.31,3226.03,14.652424013833672,0.00028561,0.00066751,2024-02-27T08:00:00+00:00,220.0,-12.67247598616633,FLAT,False,False,False,
2024-02-27T04:21:00+00:00,3225.05,3229.78,14.666439280011218,0.00028561,0.00066751,2024-02-27T08:00:00+00:00,219.0,-12.658460719988781,FLAT,False,False,False,
2024-02-27T04:22:00+00:00,3225.11,3229.87,14.759186508366422,0.00028561,0.00066751,2024-02-27T08:00:00+00:00,218.0,-12.565713491633577,FLAT,False,False,False,
2024-02-27T04:23:00+00:00,3223.99,3228.78,14.857366182898888,0.00028561,0.00066751,2024-02-27T08:00:00+00:00,217.0,-12.467533817101113,FLAT,False,False,False,
2024-02-27T04:24:00+00:00,3226.01,3230.87,15.065049395382136,0.00028561,0.00066751,2024-02-27T08:00:00+00:00,216.0,-12.259850604617863,FLAT,False,False,False,
2024-02-27T04:25:00+00:00,3225.4,3229.69,13.300675885161418,0.00028561,0.00066751,2024-02-27T08:00:00+00:00,215.0,-14.024224114838582,FLAT,False,False,False,
2024-02-27T04:26:00+00:00,3226.87,3231.63,14.75113655028005,0.00028561,0.00066751,2024-02-27T08:00:00+00:00,214.0,-12.573763449719952,FLAT,False,False,False,
2024-02-27T04:27:00+00:00,3226.06,3230.32,13.204962089980404,0.00028561,0.00066751,2024-02-27T08:00:00+00:00,213.0,-14.119937910019598,FLAT,False,False,False,
2024-02-27T04:28:00+00:00,3222.57,3227.23,14.460508227904604,0.00028561,0.00066751,2024-02-27T08:00:00+00:00,212.0,-12.864391772095395,FLAT,False,False,False,
2024-02-27T04:29:00+00:00,3225.72,3230.02,13.330357253574961,0.00028561,0.00066751,2024-02-27T08:00:00+00:00,211.0,-13.99454274642504,FLAT,False,False,False,
2024-02-27T04:30:00+00:00,3227.64,3232.09,13.787163376337737,0.00028561,0.00066751,2024-02-27T08:00:00+00:00,210.0,-13.537736623662262,FLAT,False,False,False,
2024-02-27T04:31:00+00:00,3227.58,3231.92,13.446607055441369,0.00028561,0.00066751,2024-02-27T08:00:00+00:00,209.0,-13.87829294455863,FLAT,False,False,False,
2024-02-27T04:32:00+00:00,3227.56,3231.97,13.663572481998335,0.00028561,0.00066751,2024-02-27T08:00:00+00:00,208.0,-13.661327518001666,FLAT,False,False,False,
2024-02-27T04:33:00+00:00,3226.93,3231.08,12.860520680647214,0.00028561,0.00066751,2024-02-27T08:00:00+00:00,207.0,-14.464379319352787,FLAT,False,False,False,
2024-02-27T04:34:00+00:00,3221.13,3225.57,13.783982639632844,0.00028561,0.00066751,2024-02-27T08:00:00+00:00,206.0,-13.540917360367157,FLAT,False,False,False,
2024-02-27T04:35:00+00:00,3218.43,3223.07,14.416967279078083,0.00028561,0.00066751,2024-02-27T08:00:00+00:00,205.0,-12.907932720921917,FLAT,False,False,False,
2024-02-27T04:36:00+00:00,3221.44,3225.99,14.124118406674429,0.00028561,0.00066751,2024-02-27T08:00:00+00:00,204.0,-13.200781593325573,FLAT,False,False,False,
2024-02-27T04:37:00+00:00,3218.84,3223.28,13.79378906686898,0.00028561,0.00066751,2024-02-27T08:00:00+00:00,203.0,-13.531110933131021,FLAT,False,False,False,
2024-02-27T04:38:00+00:00,3216.01,3220.28,13.277321898874634,0.00028561,0.00066751,2024-02-27T08:00:00+00:00,202.0,-14.047578101125367,FLAT,False,False,False,
2024-02-27T04:39:00+00:00,3216.41,3220.5,12.716040554531748,0.00028561,0.00066751,2024-02-27T08:00:00+00:00,201.0,-14.608859445468251,FLAT,False,False,False,
2024-02-27T04:40:00+00:00,3219.67,3224.08,13.697055909456108,0.00028561,0.00066751,2024-02-27T08:00:00+00:00,200.0,-13.627844090543892,FLAT,False,False,False,
2024-02-27T04:41:00+00:00,3218.6,3223.13,14.074442304107997,0.00028561,0.00066751,2024-02-27T08:00:00+00:00,199.0,-13.250457695892003,FLAT,False,False,False,
2024-02-27T04:42:00+00:00,3219.92,3224.4,13.913389152525584,0.00028561,0.00066751,2024-02-27T08:00:00+00:00,198.0,-13.411510847474418,FLAT,False,False,False,
2024-02-27T04:43:00+00:00,3219.37,3223.92,14.133199973908503,0.00028561,0.00066751,2024-02-27T08:00:00+00:00,197.0,-13.191700026091496,FLAT,False,False,False,
2024-02-27T04:44:00+00:00,3219.42,3224.3,15.15800982785753,0.00028561,0.00066751,2024-02-27T08:00:00+00:00,196.0,-12.16689017214247,FLAT,False,False,False,
2024-02-27T04:45:00+00:00,3217.6,3221.96,13.55047240179055,0.00028561,0.00066751,2024-02-27T08:00:00+00:00,195.0,-13.77442759820945,FLAT,False,False,False,
2024-02-27T04:46:00+00:00,3217.69,3222.32,14.389204677890378,0.00028561,0.00066751,2024-02-27T08:00:00+00:00,194.0,-12.935695322109623,FLAT,False,False,False,
2024-02-27T04:47:00+00:00,3220.11,3224.39,13.291471409361002,0.00028561,0.00066751,2024-02-27T08:00:00+00:00,193.0,-14.033428590638998,FLAT,False,False,False,
2024-02-27T04:48:00+00:00,3218.82,3223.16,13.483201918714594,0.00028561,0.00066751,2024-02-27T08:00:00+00:00,192.0,-13.841698081285408,FLAT,False,False,False,
2024-02-27T04:49:00+00:00,3219.75,3223.96,13.075549343893272,0.00028561,0.00066751,2024-02-27T08:00:00+00:00,191.0,-14.249350656106728,FLAT,False,False,False,
2024-02-27T04:50:00+00:00,3219.0,3223.0,12.426219322771047,0.00028561,0.00066751,2024-02-27T08:00:00+00:00,190.0,-14.898680677228953,FLAT,False,False,False,
2024-02-27T04:51:00+00:00,3216.65,3220.76,12.777268276001825,0.00028561,0.00066751,2024-02-27T08:00:00+00:00,189.0,-14.547631723998176,FLAT,False,False,False,
2024-02-27T04:52:00+00:00,3212.5,3216.83,13.478599221789656,0.00028561,0.00066751,2024-02-27T08:00:00+00:00,188.0,-13.846300778210345,FLAT,False,False,False,
2024-02-27T04:53:00+00:00,3217.11,3221.8,14.578301643400613,0.00028561,0.00066751,2024-02-27T08:00:00+00:00,187.0,-12.746598356599389,FLAT,False,False,False,
2024-02-27T04:54:00+00:00,3216.25,3220.78,14.084726000777923,0.00028561,0.00066751,2024-02-27T08:00:00+00:00,186.0,-13.240173999222076,FLAT,False,False,False,
2024-02-27T04:55:00+00:00,3213.66,3218.46,14.936240921566633,0.00028561,0.00066751,2024-02-27T08:00:00+00:00,185.0,-12.388659078433367,FLAT,False,False,False,
2024-02-27T04:56:00+00:00,3207.55,3212.24,14.621751804335394,0.00028561,0.00066751,2024-02-27T08:00:00+00:00,184.0,-12.703148195664607,FLAT,False,False,False,
2024-02-27T04:57:00+00:00,3205.59,3210.12,14.131563924268995,0.00028561,0.00066751,2024-02-27T08:00:00+00:00,183.0,-13.193336075731004,FLAT,False,False,False,
2024-02-27T04:58:00+00:00,3207.66,3212.26,14.340672016361971,0.00028561,0.00066751,2024-02-27T08:00:00+00:00,182.0,-12.984227983638029,FLAT,False,False,False,
2024-02-27T04:59:00+00:00,3211.63,3215.95,13.451113608976465,0.00028561,0.00066751,2024-02-27T08:00:00+00:00,181.0,-13.873786391023536,FLAT,False,False,False,
2024-02-27T05:00:00+00:00,3209.03,3213.2,12.99458091697372,0.00028561,0.00066751,2024-02-27T08:00:00+00:00,180.0,-14.330319083026282,FLAT,False,False,False,
2024-02-27T05:01:00+00:00,3208.39,3212.7,13.433528966241466,0.00028561,0.00066751,2024-02-27T08:00:00+00:00,179.0,-13.891371033758535,FLAT,False,False,False,
2024-02-27T05:02:00+00:00,3209.46,3213.68,13.148629364440746,0.00028561,0.00066751,2024-02-27T08:00:00+00:00,178.0,-14.176270635559256,FLAT,False,False,False,
2024-02-27T05:03:00+00:00,3207.96,3212.13,12.998915198444097,0.00028561,0.00066751,2024-02-27T08:00:00+00:00,177.0,-14.325984801555904,FLAT,False,False,False,
2024-02-27T05:04:00+00:00,3210.19,3214.38,13.052186942206083,0.00028561,0.00066751,2024-02-27T08:00:00+00:00,176.0,-14.272713057793919,FLAT,False,False,False,
2024-02-27T05:05:00+00:00,3210.77,3215.09,13.454716469881566,0.00028561,0.00066751,2024-02-27T08:00:00+00:00,175.0,-13.870183530118435,FLAT,False,False,False,
2024-02-27T05:06:00+00:00,3210.87,3215.19,13.45429743340641,0.00028561,0.00066751,2024-02-27T08:00:00+00:00,174.0,-13.87060256659359,FLAT,False,False,False,
2024-02-27T05:07:00+00:00,3214.19,3218.92,14.71599376514773,0.00028561,0.00066751,2024-02-27T08:00:00+00:00,173.0,-12.60890623485227,FLAT,False,False,False,
2024-02-27T05:08:00+00:00,3217.27,3222.17,15.230303953352037,0.00028561,0.00066751,2024-02-27T08:00:00+00:00,172.0,-12.094596046647965,FLAT,False,False,False,
2024-02-27T05:09:00+00:00,3216.6,3220.89,13.337063980600522,0.00028561,0.00066751,2024-02-27T08:00:00+00:00,171.0,-13.987836019399477,FLAT,False,False,False,
2024-02-27T05:10:00+00:00,3215.09,3219.72,14.400841033997972,0.00028561,0.00066751,2024-02-27T08:00:00+00:00,170.0,-12.924058966002029,FLAT,False,False,False,
2024-02-27T05:11:00+00:00,3214.8,3219.49,14.588776906804776,0.00028561,0.00066751,2024-02-27T08:00:00+00:00,169.0,-12.736123093195225,FLAT,False,False,False,
2024-02-27T05:12:00+00:00,3213.0,3217.24,13.196389666977222,0.00028561,0.00066751,2024-02-27T08:00:00+00:00,168.0,-14.128510333022778,FLAT,False,False,False,
2024-02-27T05:13:00+00:00,3213.76,3218.22,13.877825350989436,0.00028561,0.00066751,2024-02-27T08:00:00+00:00,167.0,-13.447074649010563,FLAT,False,False,False,
2024-02-27T05:14:00+00:00,3213.45,3217.51,12.63439605408642,0.00028561,0.00066751,2024-02-27T08:00:00+00:00,166.0,-14.69050394591358,FLAT,False,False,False,
2024-02-27T05:15:00+00:00,3214.49,3218.26,11.728143500214458,0.00028561,0.00066751,2024-02-27T08:00:00+00:00,165.0,-15.596756499785542,FLAT,False,False,False,
2024-02-27T05:16:00+00:00,3212.99,3217.2,13.103059766759424,0.00028561,0.00066751,2024-02-27T08:00:00+00:00,164.0,-14.221840233240577,FLAT,False,False,False,
2024-02-27T05:17:00+00:00,3215.75,3219.59,11.941226774469861,0.00028561,0.00066751,2024-02-27T08:00:00+00:00,163.0,-15.383673225530138,FLAT,False,False,False,
2024-02-27T05:18:00+00:00,3216.23,3219.85,11.255413947385264,0.00028561,0.00066751,2024-02-27T08:00:00+00:00,162.0,-16.069486052614735,FLAT,False,False,False,
2024-02-27T05:19:00+00:00,3215.77,3219.82,12.594184285568252,0.00028561,0.00066751,2024-02-27T08:00:00+00:00,161.0,-14.73071571443175,FLAT,False,False,False,
2024-02-27T05:20:00+00:00,3215.61,3219.12,10.915502812840375,0.00028561,0.00066751,2024-02-27T08:00:00+00:00,160.0,-16.409397187159627,FLAT,False,False,False,
2024-02-27T05:21:00+00:00,3215.01,3218.28,10.171041458657925,0.00028561,0.00066751,2024-02-27T08:00:00+00:00,159.0,-17.153858541342075,FLAT,False,False,False,
2024-02-27T05:22:00+00:00,3215.52,3219.54,12.501865950141756,0.00028561,0.00066751,2024-02-27T08:00:00+00:00,158.0,-14.823034049858244,FLAT,False,False,False,
2024-02-27T05:23:00+00:00,3216.33,3220.44,12.778539515535183,0.00028561,0.00066751,2024-02-27T08:00:00+00:00,157.0,-14.546360484464817,FLAT,False,False,False,
2024-02-27T05:24:00+00:00,3216.35,3220.33,12.374275187712836,0.00028561,0.00066751,2024-02-27T08:00:00+00:00,156.0,-14.950624812287163,FLAT,False,False,False,
2024-02-27T05:25:00+00:00,3217.12,3221.13,12.464564579500355,0.00028561,0.00066751,2024-02-27T08:00:00+00:00,155.0,-14.860335420499645,FLAT,False,False,False,
2024-02-27T05:26:00+00:00,3216.19,3219.98,11.78412966895601,0.00028561,0.00066751,2024-02-27T08:00:00+00:00,154.0,-15.54077033104399,FLAT,False,False,False,
2024-02-27T05:27:00+00:00,3216.15,3219.88,11.59771776813898,0.00028561,0.00066751,2024-02-27T08:00:00+00:00,153.0,-15.727182231861022,FLAT,False,False,False,
2024-02-27T05:28:00+00:00,3217.58,3221.36,11.747959646691614,0.00028561,0.00066751,2024-02-27T08:00:00+00:00,152.0,-15.576940353308387,FLAT,False,False,False,
2024-02-27T05:29:00+00:00,3218.59,3222.73,12.862775314656021,0.00028561,0.00066751,2024-02-27T08:00:00+00:00,151.0,-14.46212468534398,FLAT,False,False,False,
2024-02-27T05:30:00+00:00,3215.75,3219.67,12.19000233227108,0.00028561,0.00066751,2024-02-27T08:00:00+00:00,150.0,-15.134897667728922,FLAT,False,False,False,
2024-02-27T05:31:00+00:00,3215.39,3218.94,11.040651367330812,0.00028561,0.00066751,2024-02-27T08:00:00+00:00,149.0,-16.28424863266919,FLAT,False,False,False,
2024-02-27T05:32:00+00:00,3215.03,3218.96,12.22383616949091,0.00028561,0.00066751,2024-02-27T08:00:00+00:00,148.0,-15.10106383050909,FLAT,False,False,False,
2024-02-27T05:33:00+00:00,3214.81,3218.7,12.100248537238196,0.00028561,0.00066751,2024-02-27T08:00:00+00:00,147.0,-15.224651462761805,FLAT,False,False,False,
2024-02-27T05:34:00+00:00,3215.99,3220.0,12.468944244230293,0.00028561,0.00066751,2024-02-27T08:00:00+00:00,146.0,-14.855955755769706,FLAT,False,False,False,
2024-02-27T05:35:00+00:00,3215.56,3219.66,12.750500690392682,0.00028561,0.00066751,2024-02-27T08:00:00+00:00,145.0,-14.574399309607319,FLAT,False,False,False,
2024-02-27T05:36:00+00:00,3215.39,3219.31,12.191367143643767,0.00028561,0.00066751,2024-02-27T08:00:00+00:00,144.0,-15.133532856356233,FLAT,False,False,False,
2024-02-27T05:37:00+00:00,3213.83,3217.47,11.326050226676188,0.00028561,0.00066751,2024-02-27T08:00:00+00:00,143.0,-15.998849773323812,FLAT,False,False,False,
2024-02-27T05:38:00+00:00,3215.92,3219.58,11.380880121395602,0.00028561,0.00066751,2024-02-27T08:00:00+00:00,142.0,-15.944019878604397,FLAT,False,False,False,
2024-02-27T05:39:00+00:00,3218.17,3222.0,11.901173648377577,0.00028561,0.00066751,2024-02-27T08:00:00+00:00,141.0,-15.423726351622424,FLAT,False,False,False,
2024-02-27T05:40:00+00:00,3219.71,3223.5,11.77124647872002,0.00028561,0.00066751,2024-02-27T08:00:00+00:00,140.0,-15.55365352127998,FLAT,False,False,False,
2024-02-27T05:41:00+00:00,3218.47,3222.34,12.02434697232022,0.00028561,0.00066751,2024-02-27T08:00:00+00:00,139.0,-15.30055302767978,FLAT,False,False,False,
2024-02-27T05:42:00+00:00,3219.52,3223.26,11.61663850511951,0.00028561,0.00066751,2024-02-27T08:00:00+00:00,138.0,-15.708261494880489,FLAT,False,False,False,
2024-02-27T05:43:00+00:00,3216.91,3220.29,10.506977192399257,0.00028561,0.00066751,2024-02-27T08:00:00+00:00,137.0,-16.817922807600745,FLAT,False,False,False,
2024-02-27T05:44:00+00:00,3217.96,3221.85,12.088403833484172,0.00028561,0.00066751,2024-02-27T08:00:00+00:00,136.0,-15.236496166515828,FLAT,False,False,False,
2024-02-27T05:45:00+00:00,3219.29,3222.68,10.530272202876635,0.00028561,0.00066751,2024-02-27T08:00:00+00:00,135.0,-16.794627797123365,FLAT,False,False,False,
2024-02-27T05:46:00+00:00,3217.36,3220.95,11.158216674539656,0.00028561,0.00066751,2024-02-27T08:00:00+00:00,134.0,-16.166683325460344,FLAT,False,False,False,
2024-02-27T05:47:00+00:00,3215.2,3218.65,10.730281164469623,0.00028561,0.00066751,2024-02-27T08:00:00+00:00,133.0,-16.594618835530376,FLAT,False,False,False,
2024-02-27T05:48:00+00:00,3217.32,3220.74,10.62996531274358,0.00028561,0.00066751,2024-02-27T08:00:00+00:00,132.0,-16.69493468725642,FLAT,False,False,False,
2024-02-27T05:49:00+00:00,3218.51,3222.0,10.843526973661046,0.00028561,0.00066751,2024-02-27T08:00:00+00:00,131.0,-16.481373026338954,FLAT,False,False,False,
2024-02-27T05:50:00+00:00,3217.6,3221.03,10.660119343611049,0.00028561,0.00066751,2024-02-27T08:00:00+00:00,130.0,-16.664780656388952,FLAT,False,False,False,
2024-02-27T05:51:00+00:00,3218.51,3221.52,9.352153636309234,0.00028561,0.00066751,2024-02-27T08:00:00+00:00,129.0,-17.972746363690767,FLAT,False,False,False,
2024-02-27T05:52:00+00:00,3217.83,3220.66,8.794746770338792,0.00028561,0.00066751,2024-02-27T08:00:00+00:00,128.0,-18.53015322966121,FLAT,False,False,False,
2024-02-27T05:53:00+00:00,3217.86,3221.34,10.814640786112564,0.00028561,0.00066751,2024-02-27T08:00:00+00:00,127.0,-16.510259213887437,FLAT,False,False,False,
2024-02-27T05:54:00+00:00,3220.59,3224.28,11.457527968477994,0.00028561,0.00066751,2024-02-27T08:00:00+00:00,126.0,-15.867372031522006,FLAT,False,False,False,
2024-02-27T05:55:00+00:00,3220.53,3224.1,11.085131950330252,0.00028561,0.00066751,2024-02-27T08:00:00+00:00,125.0,-16.23976804966975,FLAT,False,False,False,
2024-02-27T05:56:00+00:00,3220.69,3224.35,11.36402447922605,0.00028561,0.00066751,2024-02-27T08:00:00+00:00,124.0,-15.96087552077395,FLAT,False,False,False,
2024-02-27T05:57:00+00:00,3220.66,3223.77,9.656405829861356,0.00028561,0.00066751,2024-02-27T08:00:00+00:00,123.0,-17.668494170138644,FLAT,False,False,False,
2024-02-27T05:58:00+00:00,3221.32,3224.67,10.399463573938352,0.00028561,0.00066751,2024-02-27T08:00:00+00:00,122.0,-16.925436426061648,FLAT,False,False,False,
2024-02-27T05:59:00+00:00,3221.49,3224.68,9.902250200994121,0.00028561,0.00066751,2024-02-27T08:00:00+00:00,121.0,-17.422649799005878,FLAT,False,False,False,
2024-02-27T06:00:00+00:00,3223.04,3226.21,9.835434868943832,0.00028561,0.00066751,2024-02-27T08:00:00+00:00,120.0,-17.489465131056168,FLAT,False,False,False,
2024-02-27T06:01:00+00:00,3223.94,3227.11,9.832689193967855,0.00028561,0.00066751,2024-02-27T08:00:00+00:00,119.0,-17.492210806032144,FLAT,False,False,False,
2024-02-27T06:02:00+00:00,3224.59,3227.97,10.481952744378832,0.00028561,0.00066751,2024-02-27T08:00:00+00:00,118.0,-16.84294725562117,FLAT,False,False,False,
2024-02-27T06:03:00+00:00,3225.14,3228.52,10.480165202131099,0.00028561,0.00066751,2024-02-27T08:00:00+00:00,117.0,-16.844734797868902,FLAT,False,False,False,
2024-02-27T06:04:00+00:00,3225.42,3228.49,9.518140273203828,0.00028561,0.00066751,2024-02-27T08:00:00+00:00,116.0,-17.806759726796173,FLAT,False,False,False,
2024-02-27T06:05:00+00:00,3225.58,3228.48,8.990631142306471,0.00028561,0.00066751,2024-02-27T08:00:00+00:00,115.0,-18.33426885769353,FLAT,False,False,False,
2024-02-27T06:06:00+00:00,3227.01,3229.85,8.800716452690542,0.00028561,0.00066751,2024-02-27T08:00:00+00:00,114.0,-18.52418354730946,FLAT,False,False,False,
2024-02-27T06:07:00+00:00,3227.6,3230.53,9.077952658322875,0.00028561,0.00066751,2024-02-27T08:00:00+00:00,113.0,-18.246947341677124,FLAT,False,False,False,
2024-02-27T06:08:00+00:00,3227.58,3230.05,7.652792494687211,0.00028561,0.00066751,2024-02-27T08:00:00+00:00,112.0,-19.672107505312788,FLAT,False,False,False,
2024-02-27T06:09:00+00:00,3227.69,3230.46,8.581988976636485,0.00028561,0.00066751,2024-02-27T08:00:00+00:00,111.0,-18.742911023363515,FLAT,False,False,False,
2024-02-27T06:10:00+00:00,3227.74,3230.29,7.900264581410466,0.00028561,0.00066751,2024-02-27T08:00:00+00:00,110.0,-19.424635418589535,FLAT,False,False,False,
2024-02-27T06:11:00+00:00,3228.49,3231.33,8.7966820402112,0.00028561,0.00066751,2024-02-27T08:00:00+00:00,109.0,-18.5282179597888,FLAT,False,False,False,
2024-02-27T06:12:00+00:00,3229.0,3231.66,8.237844533910977,0.00028561,0.00066751,2024-02-27T08:00:00+00:00,108.0,-19.087055466089023,FLAT,False,False,False,
2024-02-27T06:13:00+00:00,3228.9,3231.35,7.587723373284455,0.00028561,0.00066751,2024-02-27T08:00:00+00:00,107.0,-19.737176626715545,FLAT,False,False,False,
2024-02-27T06:14:00+00:00,3228.01,3230.31,7.125132821768603,0.00028561,0.00066751,2024-02-27T08:00:00+00:00,106.0,-20.199767178231397,FLAT,False,False,False,
2024-02-27T06:15:00+00:00,3227.45,3230.12,8.272785016034558,0.00028561,0.00066751,2024-02-27T08:00:00+00:00,105.0,-19.052114983965442,FLAT,False,False,False,
2024-02-27T06:16:00+00:00,3225.98,3228.18,6.819633103738455,0.00028561,0.00066751,2024-02-27T08:00:00+00:00,104.0,-20.505266896261546,FLAT,False,False,False,
2024-02-27T06:17:00+00:00,3224.62,3227.12,7.7528514987812525,0.00028561,0.00066751,2024-02-27T08:00:00+00:00,103.0,-19.57204850121875,FLAT,False,False,False,
2024-02-27T06:18:00+00:00,3226.48,3229.01,7.841362723463962,0.00028561,0.00066751,2024-02-27T08:00:00+00:00,102.0,-19.48353727653604,FLAT,False,False,False,
2024-02-27T06:19:00+00:00,3227.37,3230.03,8.242005100128926,0.00028561,0.00066751,2024-02-27T08:00:00+00:00,101.0,-19.082894899871075,FLAT,False,False,False,
2024-02-27T06:20:00+00:00,3227.81,3230.33,7.807150978527181,0.00028561,0.00066751,2024-02-27T08:00:00+00:00,100.0,-19.51774902147282,FLAT,False,False,False,
2024-02-27T06:21:00+00:00,3230.26,3232.8,7.8631441431957905,0.00028561,0.00066751,2024-02-27T08:00:00+00:00,99.0,-19.46175585680421,FLAT,False,False,False,
2024-02-27T06:22:00+00:00,3230.85,3233.12,7.026014825819775,0.00028561,0.00066751,2024-02-27T08:00:00+00:00,98.0,-20.298885174180224,FLAT,False,False,False,
2024-02-27T06:23:00+00:00,3228.64,3231.0,7.3095792655735154,0.00028561,0.00066751,2024-02-27T08:00:00+00:00,97.0,-20.015320734426485,FLAT,False,False,False,
2024-02-27T06:24:00+00:00,3230.42,3232.71,7.088861510267902,0.00028561,0.00066751,2024-02-27T08:00:00+00:00,96.0,-20.2360384897321,FLAT,False,False,False,
2024-02-27T06:25:00+00:00,3226.48,3229.19,8.399246237385746,0.00028561,0.00066751,2024-02-27T08:00:00+00:00,95.0,-18.925653762614253,FLAT,False,False,False,
2024-02-27T06:26:00+00:00,3226.05,3228.54,7.718417259496231,0.00028561,0.00066751,2024-02-27T08:00:00+00:00,94.0,-19.60648274050377,FLAT,False,False,False,
2024-02-27T06:27:00+00:00,3225.87,3228.33,7.62584977075963,0.00028561,0.00066751,2024-02-27T08:00:00+00:00,93.0,-19.69905022924037,FLAT,False,False,False,
2024-02-27T06:28:00+00:00,3229.34,3231.83,7.710553859301844,0.00028561,0.00066751,2024-02-27T08:00:00+00:00,92.0,-19.614346140698157,FLAT,False,False,False,
2024-02-27T06:29:00+00:00,3229.65,3231.83,6.7499574257267385,0.00028561,0.00066751,2024-02-27T08:00:00+00:00,91.0,-20.574942574273262,FLAT,False,False,False,
2024-02-27T06:30:00+00:00,3231.09,3233.19,6.499354706925245,0.00028561,0.00066751,2024-02-27T08:00:00+00:00,90.0,-20.825545293074754,FLAT,False,False,False,
2024-02-27T06:31:00+00:00,3228.78,3230.9,6.5659475095853255,0.00028561,0.00066751,2024-02-27T08:00:00+00:00,89.0,-20.758952490414675,FLAT,False,False,False,
2024-02-27T06:32:00+00:00,3230.41,3232.42,6.222120411960767,0.00028561,0.00066751,2024-02-27T08:00:00+00:00,88.0,-21.102779588039233,FLAT,False,False,False,
2024-02-27T06:33:00+00:00,3229.54,3231.75,6.843079819417119,0.00028561,0.00066751,2024-02-27T08:00:00+00:00,87.0,-20.48182018058288,FLAT,False,False,False,
2024-02-27T06:34:00+00:00,3228.97,3231.0,6.286834501405093,0.00028561,0.00066751,2024-02-27T08:00:00+00:00,86.0,-21.038065498594907,FLAT,False,False,False,
2024-02-27T06:35:00+00:00,3228.97,3230.87,5.884229336290183,0.00028561,0.00066751,2024-02-27T08:00:00+00:00,85.0,-21.440670663709817,FLAT,False,False,False,
2024-02-27T06:36:00+00:00,3230.7,3232.64,6.004890580988809,0.00028561,0.00066751,2024-02-27T08:00:00+00:00,84.0,-21.320009419011193,FLAT,False,False,False,
2024-02-27T06:37:00+00:00,3234.3,3236.9,8.038833750734035,0.00028561,0.00066751,2024-02-27T08:00:00+00:00,83.0,-19.286066249265964,FLAT,False,False,False,
2024-02-27T06:38:00+00:00,3233.83,3235.86,6.277386257163178,0.00028561,0.00066751,2024-02-27T08:00:00+00:00,82.0,-21.047513742836824,FLAT,False,False,False,
2024-02-27T06:39:00+00:00,3234.48,3236.5,6.245207885038652,0.00028561,0.00066751,2024-02-27T08:00:00+00:00,81.0,-21.079692114961347,FLAT,False,False,False,
2024-02-27T06:40:00+00:00,3233.6,3235.52,5.9376546264227885,0.00028561,0.00066751,2024-02-27T08:00:00+00:00,80.0,-21.387245373577212,FLAT,False,False,False,
2024-02-27T06:41:00+00:00,3237.89,3239.64,5.404754330752434,0.00028561,0.00066751,2024-02-27T08:00:00+00:00,79.0,-21.920145669247567,FLAT,False,False,False,
2024-02-27T06:42:00+00:00,3236.08,3237.88,5.562285233987361,0.00028561,0.00066751,2024-02-27T08:00:00+00:00,78.0,-21.76261476601264,FLAT,False,False,False,
2024-02-27T06:43:00+00:00,3236.73,3238.5,5.468482079135367,0.00028561,0.00066751,2024-02-27T08:00:00+00:00,77.0,-21.856417920864633,FLAT,False,False,False,
2024-02-27T06:44:00+00:00,3236.83,3238.86,6.271568170092962,0.00028561,0.00066751,2024-02-27T08:00:00+00:00,76.0,-21.053331829907037,FLAT,False,False,False,
2024-02-27T06:45:00+00:00,3236.26,3238.09,5.654675458708284,0.00028561,0.00066751,2024-02-27T08:00:00+00:00,75.0,-21.670224541291716,FLAT,False,False,False,
2024-02-27T06:46:00+00:00,3234.82,3236.95,6.584601307026834,0.00028561,0.00066751,2024-02-27T08:00:00+00:00,74.0,-20.740298692973166,FLAT,False,False,False,
2024-02-27T06:47:00+00:00,3233.23,3235.52,7.082700581152481,0.00028561,0.00066751,2024-02-27T08:00:00+00:00,73.0,-20.24219941884752,FLAT,False,False,False,
2024-02-27T06:48:00+00:00,3230.32,3232.18,5.757943485474109,0.00028561,0.00066751,2024-02-27T08:00:00+00:00,72.0,-21.56695651452589,FLAT,False,False,False,
2024-02-27T06:49:00+00:00,3233.03,3234.94,5.907770729006085,0.00028561,0.00066751,2024-02-27T08:00:00+00:00,71.0,-21.417129270993915,FLAT,False,False,False,
2024-02-27T06:50:00+00:00,3232.74,3234.77,6.279502836603625,0.00028561,0.00066751,2024-02-27T08:00:00+00:00,70.0,-21.045397163396373,FLAT,False,False,False,
2024-02-27T06:51:00+00:00,3233.21,3235.02,5.598151682074302,0.00028561,0.00066751,2024-02-27T08:00:00+00:00,69.0,-21.726748317925697,FLAT,False,False,False,
2024-02-27T06:52:00+00:00,3233.05,3235.16,6.526345092094686,0.00028561,0.00066751,2024-02-27T08:00:00+00:00,68.0,-20.798554907905313,FLAT,False,False,False,
2024-02-27T06:53:00+00:00,3236.2,3238.31,6.5199925838950845,0.00028561,0.00066751,2024-02-27T08:00:00+00:00,67.0,-20.804907416104918,FLAT,False,False,False,
2024-02-27T06:54:00+00:00,3235.37,3237.49,6.55257358509194,0.00028561,0.00066751,2024-02-27T08:00:00+00:00,66.0,-20.77232641490806,FLAT,False,False,False,
2024-02-27T06:55:00+00:00,3233.51,3235.55,6.308933635584746,0.00028561,0.00066751,2024-02-27T08:00:00+00:00,65.0,-21.015966364415256,FLAT,False,False,False,
2024-02-27T06:56:00+00:00,3232.4,3234.54,6.620467763890213,0.00028561,0.00066751,2024-02-27T08:00:00+00:00,64.0,-20.70443223610979,FLAT,False,False,False,
2024-02-27T06:57:00+00:00,3232.39,3235.0,8.074520710681965,0.00028561,0.00066751,2024-02-27T08:00:00+00:00,63.0,-19.250379289318037,FLAT,False,False,False,
2024-02-27T06:58:00+00:00,3232.4,3235.43,9.373839871302268,0.00028561,0.00066751,2024-02-27T08:00:00+00:00,62.0,-17.951060128697733,FLAT,False,False,False,
2024-02-27T06:59:00+00:00,3231.0,3233.51,7.768492726710673,0.00028561,0.00066751,2024-02-27T08:00:00+00:00,61.0,-19.556407273289327,FLAT,False,False,False,
2024-02-27T07:00:00+00:00,3230.36,3232.73,7.336643593902508,0.00028561,0.00066751,2024-02-27T08:00:00+00:00,60.0,-19.98825640609749,FLAT,False,False,False,
2024-02-27T07:01:00+00:00,3230.01,3232.53,7.8018334308561945,0.00028561,0.00066751,2024-02-27T08:00:00+00:00,59.0,-19.523066569143808,FLAT,False,False,False,
2024-02-27T07:02:00+00:00,3228.49,3230.77,7.062125018197982,0.00028561,0.00066751,2024-02-27T08:00:00+00:00,58.0,-20.262774981802018,FLAT,False,False,False,
2024-02-27T07:03:00+00:00,3224.64,3226.81,6.729433363104325,0.00028561,0.00066751,2024-02-27T08:00:00+00:00,57.0,-20.595466636895676,FLAT,False,False,False,
2024-02-27T07:04:00+00:00,3228.09,3230.49,7.434736949712171,0.00028561,0.00066751,2024-02-27T08:00:00+00:00,56.0,-19.89016305028783,FLAT,False,False,False,
2024-02-27T07:05:00+00:00,3222.12,3224.16,6.331235335741573,0.00028561,0.00066751,2024-02-27T08:00:00+00:00,55.0,-20.99366466425843,FLAT,False,False,False,
2024-02-27T07:06:00+00:00,3221.98,3224.06,6.455657701164896,0.00028561,0.00066751,2024-02-27T08:00:00+00:00,54.0,-20.869242298835104,FLAT,False,False,False,
2024-02-27T07:07:00+00:00,3222.75,3224.53,5.523233263517803,0.00028561,0.00066751,2024-02-27T08:00:00+00:00,53.0,-21.801666736482197,FLAT,False,False,False,
2024-02-27T07:08:00+00:00,3224.11,3225.56,4.497365164339362,0.00028561,0.00066751,2024-02-27T08:00:00+00:00,52.0,-22.82753483566064,FLAT,False,False,False,
2024-02-27T07:09:00+00:00,3228.73,3230.0,3.9334351277436697,0.00028561,0.00066751,2024-02-27T08:00:00+00:00,51.0,-23.39146487225633,FLAT,False,False,False,
2024-02-27T07:10:00+00:00,3227.61,3229.26,5.112141801519053,0.00028561,0.00066751,2024-02-27T08:00:00+00:00,50.0,-22.212758198480948,FLAT,False,False,False,
2024-02-27T07:11:00+00:00,3225.12,3226.68,4.837029319839093,0.00028561,0.00066751,2024-02-27T08:00:00+00:00,49.0,-22.487870680160906,FLAT,False,False,False,
2024-02-27T07:12:00+00:00,3228.6,3229.92,4.08845939416516,0.00028561,0.00066751,2024-02-27T08:00:00+00:00,48.0,-23.23644060583484,FLAT,False,False,False,
2024-02-27T07:13:00+00:00,3229.41,3230.92,4.675776689860434,0.00028561,0.00066751,2024-02-27T08:00:00+00:00,47.0,-22.649123310139565,FLAT,False,False,False,
2024-02-27T07:14:00+00:00,3229.45,3231.32,5.790459675797259,0.00028561,0.00066751,2024-02-27T08:00:00+00:00,46.0,-21.53444032420274,FLAT,False,False,False,
2024-02-27T07:15:00+00:00,3227.76,3229.35,4.926016804222404,0.00028561,0.00066751,2024-02-27T08:00:00+00:00,45.0,-22.398883195777596,FLAT,False,False,False,
2024-02-27T07:16:00+00:00,3225.56,3227.3,5.394412133087702,0.00028561,0.00066751,2024-02-27T08:00:00+00:00,44.0,-21.930487866912298,FLAT,False,False,False,
2024-02-27T07:17:00+00:00,3227.47,3229.24,5.484171812596188,0.00028561,0.00066751,2024-02-27T08:00:00+00:00,43.0,-21.840728187403812,FLAT,False,False,False,
2024-02-27T07:18:00+00:00,3228.79,3230.59,5.574843826945023,0.00028561,0.00066751,2024-02-27T08:00:00+00:00,42.0,-21.75005617305498,FLAT,False,False,False,
2024-02-27T07:19:00+00:00,3230.31,3232.16,5.7270045289768134,0.00028561,0.00066751,2024-02-27T08:00:00+00:00,41.0,-21.597895471023186,FLAT,False,False,False,
2024-02-27T07:20:00+00:00,3231.18,3233.06,5.818307862762549,0.00028561,0.00066751,2024-02-27T08:00:00+00:00,40.0,-21.50659213723745,FLAT,False,False,False,
2024-02-27T07:21:00+00:00,3225.78,3228.46,8.308068126158126,0.00028561,0.00066751,2024-02-27T08:00:00+00:00,39.0,-19.016831873841873,FLAT,False,False,False,
2024-02-27T07:22:00+00:00,3224.37,3227.01,8.187645958746446,0.00028561,0.00066751,2024-02-27T08:00:00+00:00,38.0,-19.137254041253556,FLAT,False,False,False,
2024-02-27T07:23:00+00:00,3222.82,3225.35,7.850267777907997,0.00028561,0.00066751,2024-02-27T08:00:00+00:00,37.0,-19.474632222092005,FLAT,False,False,False,
2024-02-27T07:24:00+00:00,3224.61,3226.99,7.380737515543443,0.00028561,0.00066751,2024-02-27T08:00:00+00:00,36.0,-19.944162484456555,FLAT,False,False,False,
2024-02-27T07:25:00+00:00,3220.48,3222.07,4.937152225755619,0.00028561,0.00066751,2024-02-27T08:00:00+00:00,35.0,-22.38774777424438,FLAT,False,False,False,
2024-02-27T07:26:00+00:00,3220.0,3221.53,4.751552795031677,0.00028561,0.00066751,2024-02-27T08:00:00+00:00,34.0,-22.57334720496832,FLAT,False,False,False,
2024-02-27T07:27:00+00:00,3215.9,3217.35,4.508846668117224,0.00028561,0.00066751,2024-02-27T08:00:00+00:00,33.0,-22.816053331882777,FLAT,False,False,False,
2024-02-27T07:28:00+00:00,3220.76,3221.99,3.818974403555569,0.00028561,0.00066751,2024-02-27T08:00:00+00:00,32.0,-23.50592559644443,FLAT,False,False,False,
2024-02-27T07:29:00+00:00,3224.11,3225.82,5.303789262773405,0.00028561,0.00066751,2024-02-27T08:00:00+00:00,31.0,-22.021110737226596,FLAT,False,False,False,
2024-02-27T07:30:00+00:00,3225.34,3226.73,4.309623171510205,0.00028561,0.00066751,2024-02-27T08:00:00+00:00,30.0,-23.015276828489796,FLAT,False,False,False,
2024-02-27T07:31:00+00:00,3221.09,3222.76,5.184580374966464,0.00028561,0.00066751,2024-02-27T08:00:00+00:00,29.0,-22.140319625033538,FLAT,False,False,False,
2024-02-27T07:32:00+00:00,3219.15,3221.07,5.964307348213263,0.00028561,0.00066751,2024-02-27T08:00:00+00:00,28.0,-21.36059265178674,FLAT,False,False,False,
2024-02-27T07:33:00+00:00,3217.98,3219.72,5.407118751514247,0.00028561,0.00066751,2024-02-27T08:00:00+00:00,27.0,-21.917781248485753,FLAT,False,False,False,
2024-02-27T07:34:00+00:00,3214.29,3216.21,5.973325368899735,0.00028561,0.00066751,2024-02-27T08:00:00+00:00,26.0,-21.351574631100267,FLAT,False,False,False,
2024-02-27T07:35:00+00:00,3211.4,3214.26,8.905773183035834,0.00028561,0.00066751,2024-02-27T08:00:00+00:00,25.0,-18.419126816964166,FLAT,False,False,False,
2024-02-27T07:36:00+00:00,3210.88,3213.04,6.727127765596516,0.00028561,0.00066751,2024-02-27T08:00:00+00:00,24.0,-20.597772234403486,FLAT,False,False,False,
2024-02-27T07:37:00+00:00,3214.07,3216.31,6.969356610154046,0.00028561,0.00066751,2024-02-27T08:00:00+00:00,23.0,-20.355543389845955,FLAT,False,False,False,
2024-02-27T07:38:00+00:00,3215.76,3218.24,7.712018309822758,0.00028561,0.00066751,2024-02-27T08:00:00+00:00,22.0,-19.612881690177243,FLAT,False,False,False,
2024-02-27T07:39:00+00:00,3216.65,3219.11,7.647708019212647,0.00028561,0.00066751,2024-02-27T08:00:00+00:00,21.0,-19.677191980787352,FLAT,False,False,False,
2024-02-27T07:40:00+00:00,3220.05,3222.49,7.5775220881650895,0.00028561,0.00066751,2024-02-27T08:00:00+00:00,20.0,-19.74737791183491,FLAT,False,False,False,
2024-02-27T07:41:00+00:00,3218.46,3221.05,8.047326982470329,0.00028561,0.00066751,2024-02-27T08:00:00+00:00,19.0,-19.277573017529672,FLAT,False,False,False,
2024-02-27T07:42:00+00:00,3221.26,3223.49,6.922756933620891,0.00028561,0.00066751,2024-02-27T08:00:00+00:00,18.0,-20.40214306637911,FLAT,False,False,False,
2024-02-27T07:43:00+00:00,3219.68,3221.77,6.491328330766242,0.00028561,0.00066751,2024-02-27T08:00:00+00:00,17.0,-20.83357166923376,FLAT,False,False,False,
2024-02-27T07:44:00+00:00,3219.66,3221.98,7.2057297975567725,0.00028561,0.00066751,2024-02-27T08:00:00+00:00,16.0,-20.11917020244323,FLAT,False,False,False,
2024-02-27T07:45:00+00:00,3221.56,3223.81,6.984193992972348,0.00028561,0.00066751,2024-02-27T08:00:00+00:00,15.0,-20.340706007027652,FLAT,False,False,False,
2024-02-27T07:46:00+00:00,3222.76,3225.01,6.9815934168228475,0.00028561,0.00066751,2024-02-27T08:00:00+00:00,14.0,-20.343306583177153,FLAT,False,False,False,
2024-02-27T07:47:00+00:00,3221.41,3223.35,6.022207666829291,0.00028561,0.00066751,2024-02-27T08:00:00+00:00,13.0,-21.30269233317071,FLAT,False,False,False,
2024-02-27T07:48:00+00:00,3220.25,3222.2,6.055430478999513,0.00028561,0.00066751,2024-02-27T08:00:00+00:00,12.0,-21.269469521000488,FLAT,False,False,False,
2024-02-27T07:49:00+00:00,3220.33,3222.04,5.310014812146695,0.00028561,0.00066751,2024-02-27T08:00:00+00:00,11.0,-22.014885187853306,FLAT,False,False,False,
2024-02-27T07:50:00+00:00,3220.74,3223.03,7.110167228650616,0.00028561,0.00066751,2024-02-27T08:00:00+00:00,10.0,-20.214732771349382,FLAT,False,False,False,
2024-02-27T07:51:00+00:00,3219.34,3221.18,5.715457205513213,0.00028561,0.00066751,2024-02-27T08:00:00+00:00,9.0,-21.60944279448679,FLAT,False,False,False,
2024-02-27T07:52:00+00:00,3219.01,3220.69,5.218995902466399,0.00028561,0.00066751,2024-02-27T08:00:00+00:00,8.0,-22.105904097533603,FLAT,False,False,False,
2024-02-27T07:53:00+00:00,3217.39,3219.74,7.304057015157967,0.00028561,0.00066751,2024-02-27T08:00:00+00:00,7.0,-20.020842984842034,FLAT,False,False,False,
2024-02-27T07:54:00+00:00,3218.2,3220.01,5.624262009820397,0.00028561,0.00066751,2024-02-27T08:00:00+00:00,6.0,-21.700637990179604,FLAT,False,False,False,
2024-02-27T07:55:00+00:00,3217.18,3219.42,6.962619436898888,0.00028561,0.00066751,2024-02-27T08:00:00+00:00,5.0,-20.362280563101113,FLAT,False,False,False,
2024-02-27T07:56:00+00:00,3218.2,3220.35,6.680753216083809,0.00028561,0.00066751,2024-02-27T08:00:00+00:00,4.0,-20.64414678391619,FLAT,False,False,False,
2024-02-27T07:57:00+00:00,3216.2,3218.35,6.684907654996863,0.00028561,0.00066751,2024-02-27T08:00:00+00:00,3.0,-20.639992345003137,FLAT,False,False,False,
2024-02-27T07:58:00+00:00,3217.62,3219.47,5.749591312833427,0.00028561,0.00066751,2024-02-27T08:00:00+00:00,2.0,-21.575308687166572,FLAT,False,False,False,
2024-02-27T07:59:00+00:00,3217.5,3219.57,6.433566433566942,0.00028561,0.00066751,2024-02-27T08:00:00+00:00,1.0,-20.891333566433058,FLAT,False,False,False,
2024-02-27T08:00:00+00:00,3220.42,3222.8,7.3903403903842015,0.00066751,0.00029666,2024-02-27T16:00:00+00:00,480.0,-23.643059609615797,FLAT,False,False,False,
2024-02-27T08:01:00+00:00,3221.48,3224.14,8.257074388168961,0.00066751,0.00029666,2024-02-27T16:00:00+00:00,479.0,-22.77632561183104,FLAT,False,False,False,
2024-02-27T08:02:00+00:00,3221.33,3223.87,7.88494193392159,0.00066751,0.00029666,2024-02-27T16:00:00+00:00,478.0,-23.148458066078412,FLAT,False,False,False,
2024-02-27T08:03:00+00:00,3222.54,3225.6,9.49561526001212,0.00066751,0.00029666,2024-02-27T16:00:00+00:00,477.0,-21.53778473998788,FLAT,False,False,False,
2024-02-27T08:04:00+00:00,3222.44,3225.41,9.216618463027395,0.00066751,0.00029666,2024-02-27T16:00:00+00:00,476.0,-21.816781536972606,FLAT,False,False,False,
2024-02-27T08:05:00+00:00,3223.2,3225.92,8.438818565401634,0.00066751,0.00029666,2024-02-27T16:00:00+00:00,475.0,-22.594581434598368,FLAT,False,False,False,
2024-02-27T08:06:00+00:00,3223.24,3226.08,8.811010039587948,0.00066751,0.00029666,2024-02-27T16:00:00+00:00,474.0,-22.222389960412052,FLAT,False,False,False,
2024-02-27T08:07:00+00:00,3222.67,3225.58,9.02977965475787,0.00066751,0.00029666,2024-02-27T16:00:00+00:00,473.0,-22.00362034524213,FLAT,False,False,False,
2024-02-27T08:08:00+00:00,3224.32,3227.23,9.02515879317144,0.00066751,0.00029666,2024-02-27T16:00:00+00:00,472.0,-22.008241206828558,FLAT,False,False,False,
2024-02-27T08:09:00+00:00,3224.1,3227.0,8.99475822710242,0.00066751,0.00029666,2024-02-27T16:00:00+00:00,471.0,-22.03864177289758,FLAT,False,False,False,
2024-02-27T08:10:00+00:00,3224.41,3227.06,8.218557813677824,0.00066751,0.00029666,2024-02-27T16:00:00+00:00,470.0,-22.814842186322174,FLAT,False,False,False,
2024-02-27T08:11:00+00:00,3223.53,3226.51,9.244523860488401,0.00066751,0.00029666,2024-02-27T16:00:00+00:00,469.0,-21.7888761395116,FLAT,False,False,False,
2024-02-27T08:12:00+00:00,3225.38,3228.33,9.14620912884627,0.00066751,0.00029666,2024-02-27T16:00:00+00:00,468.0,-21.88719087115373,FLAT,False,False,False,
2024-02-27T08:13:00+00:00,3225.75,3228.98,10.013175230566592,0.00066751,0.00029666,2024-02-27T16:00:00+00:00,467.0,-21.02022476943341,FLAT,False,False,False,
2024-02-27T08:14:00+00:00,3227.22,3229.84,8.11844249849823,0.00066751,0.00029666,2024-02-27T16:00:00+00:00,466.0,-22.91495750150177,FLAT,False,False,False,
2024-02-27T08:15:00+00:00,3225.82,3228.56,8.493964325349156,0.00066751,0.00029666,2024-02-27T16:00:00+00:00,465.0,-22.539435674650846,FLAT,False,False,False,
2024-02-27T08:16:00+00:00,3227.96,3230.76,8.674209098006735,0.00066751,0.00029666,2024-02-27T16:00:00+00:00,464.0,-22.359190901993266,FLAT,False,False,False,
2024-02-27T08:17:00+00:00,3227.42,3230.05,8.148923908261427,0.00066751,0.00029666,2024-02-27T16:00:00+00:00,463.0,-22.884476091738573,FLAT,False,False,False,
2024-02-27T08:18:00+00:00,3229.0,3231.99,9.259832765561416,0.00066751,0.00029666,2024-02-27T16:00:00+00:00,462.0,-21.773567234438584,FLAT,False,False,False,
2024-02-27T08:19:00+00:00,3229.66,3233.06,10.527423939362322,0.00066751,0.00029666,2024-02-27T16:00:00+00:00,461.0,-20.50597606063768,FLAT,False,False,False,
2024-02-27T08:20:00+00:00,3230.75,3233.65,8.976243906214009,0.00066751,0.00029666,2024-02-27T16:00:00+00:00,460.0,-22.05715609378599,FLAT,False,False,False,
2024-02-27T08:21:00+00:00,3230.61,3233.37,8.543278204425057,0.00066751,0.00029666,2024-02-27T16:00:00+00:00,459.0,-22.490121795574943,FLAT,False,False,False,
2024-02-27T08:22:00+00:00,3230.71,3233.73,9.347790423776761,0.00066751,0.00029666,2024-02-27T16:00:00+00:00,458.0,-21.68560957622324,FLAT,False,False,False,
2024-02-27T08:23:00+00:00,3229.37,3232.39,9.351669211022527,0.00066751,0.00029666,2024-02-27T16:00:00+00:00,457.0,-21.681730788977475,FLAT,False,False,False,
2024-02-27T08:24:00+00:00,3231.47,3234.17,8.355330546160951,0.00066751,0.00029666,2024-02-27T16:00:00+00:00,456.0,-22.67806945383905,FLAT,False,False,False,
2024-02-27T08:25:00+00:00,3231.8,3234.6,8.663902469211358,0.00066751,0.00029666,2024-02-27T16:00:00+00:00,455.0,-22.369497530788642,FLAT,False,False,False,
2024-02-27T08:26:00+00:00,3229.42,3232.24,8.732218169205952,0.00066751,0.00029666,2024-02-27T16:00:00+00:00,454.0,-22.30118183079405,FLAT,False,False,False,
2024-02-27T08:27:00+00:00,3231.58,3234.64,9.469052290210811,0.00066751,0.00029666,2024-02-27T16:00:00+00:00,453.0,-21.56434770978919,FLAT,False,False,False,
2024-02-27T08:28:00+00:00,3231.76,3234.47,8.38552367749951,0.00066751,0.00029666,2024-02-27T16:00:00+00:00,452.0,-22.64787632250049,FLAT,False,False,False,
2024-02-27T08:29:00+00:00,3229.83,3232.67,8.793032450624787,0.00066751,0.00029666,2024-02-27T16:00:00+00:00,451.0,-22.240367549375215,FLAT,False,False,False,
2024-02-27T08:30:00+00:00,3227.22,3230.17,9.140994416247647,0.00066751,0.00029666,2024-02-27T16:00:00+00:00,450.0,-21.892405583752353,FLAT,False,False,False,
2024-02-27T08:31:00+00:00,3226.46,3229.44,9.236128760313218,0.00066751,0.00029666,2024-02-27T16:00:00+00:00,449.0,-21.797271239686783,FLAT,False,False,False,
2024-02-27T08:32:00+00:00,3227.6,3230.4,8.675176601809957,0.00066751,0.00029666,2024-02-27T16:00:00+00:00,448.0,-22.35822339819004,FLAT,False,False,False,
2024-02-27T08:33:00+00:00,3226.95,3229.8,8.831869102404326,0.00066751,0.00029666,2024-02-27T16:00:00+00:00,447.0,-22.201530897595674,FLAT,False,False,False,
2024-02-27T08:34:00+00:00,3227.77,3230.92,9.759059660385006,0.00066751,0.00029666,2024-02-27T16:00:00+00:00,446.0,-21.274340339614994,FLAT,False,False,False,
2024-02-27T08:35:00+00:00,3227.42,3230.23,8.706644936202741,0.00066751,0.00029666,2024-02-27T16:00:00+00:00,445.0,-22.326755063797258,FLAT,False,False,False,
2024-02-27T08:36:00+00:00,3227.4,3230.53,9.69820908471249,0.00066751,0.00029666,2024-02-27T16:00:00+00:00,444.0,-21.335190915287512,FLAT,False,False,False,
2024-02-27T08:37:00+00:00,3228.11,3231.3,9.881943304286578,0.00066751,0.00029666,2024-02-27T16:00:00+00:00,443.0,-21.15145669571342,FLAT,False,False,False,
2024-02-27T08:38:00+00:00,3228.1,3230.82,8.426009107525338,0.00066751,0.00029666,2024-02-27T16:00:00+00:00,442.0,-22.607390892474662,FLAT,False,False,False,
2024-02-27T08:39:00+00:00,3225.88,3228.89,9.330787258049783,0.00066751,0.00029666,2024-02-27T16:00:00+00:00,441.0,-21.70261274195022,FLAT,False,False,False,
2024-02-27T08:40:00+00:00,3223.95,3226.71,8.560926813381778,0.00066751,0.00029666,2024-02-27T16:00:00+00:00,440.0,-22.472473186618224,FLAT,False,False,False,
2024-02-27T08:41:00+00:00,3223.17,3226.32,9.772987462653509,0.00066751,0.00029666,2024-02-27T16:00:00+00:00,439.0,-21.26041253734649,FLAT,False,False,False,
2024-02-27T08:42:00+00:00,3223.44,3226.29,8.841486114213104,0.00066751,0.00029666,2024-02-27T16:00:00+00:00,438.0,-22.191913885786896,FLAT,False,False,False,
2024-02-27T08:43:00+00:00,3224.97,3228.23,10.108621165468884,0.00066751,0.00029666,2024-02-27T16:00:00+00:00,437.0,-20.924778834531118,FLAT,False,False,False,
2024-02-27T08:44:00+00:00,3225.8,3228.98,9.858019716038923,0.00066751,0.00029666,2024-02-27T16:00:00+00:00,436.0,-21.175380283961076,FLAT,False,False,False,
2024-02-27T08:45:00+00:00,3223.97,3226.85,8.933085605635627,0.00066751,0.00029666,2024-02-27T16:00:00+00:00,435.0,-22.100314394364375,FLAT,False,False,False,
2024-02-27T08:46:00+00:00,3225.0,3228.16,9.798449612402651,0.00066751,0.00029666,2024-02-27T16:00:00+00:00,434.0,-21.23495038759735,FLAT,False,False,False,
2024-02-27T08:47:00+00:00,3225.2,3228.45,10.076894456157758,0.00066751,0.00029666,2024-02-27T16:00:00+00:00,433.0,-20.95650554384224,FLAT,False,False,False,
2024-02-27T08:48:00+00:00,3227.39,3230.68,10.193995767477633,0.00066751,0.00029666,2024-02-27T16:00:00+00:00,432.0,-20.83940423252237,FLAT,False,False,False,
2024-02-27T08:49:00+00:00,3224.87,3227.78,9.023619556758286,0.00066751,0.00029666,2024-02-27T16:00:00+00:00,431.0,-22.009780443241716,FLAT,False,False,False,
2024-02-27T08:50:00+00:00,3219.53,3222.13,8.07571291461769,0.00066751,0.00029666,2024-02-27T16:00:00+00:00,430.0,-22.95768708538231,FLAT,False,False,False,
2024-02-27T08:51:00+00:00,3221.94,3224.87,9.093899948477738,0.00066751,0.00029666,2024-02-27T16:00:00+00:00,429.0,-21.939500051522263,FLAT,False,False,False,
2024-02-27T08:52:00+00:00,3222.98,3225.71,8.470421783566817,0.00066751,0.00029666,2024-02-27T16:00:00+00:00,428.0,-22.562978216433184,FLAT,False,False,False,
2024-02-27T08:53:00+00:00,3222.46,3224.96,7.758048199201852,0.00066751,0.00029666,2024-02-27T16:00:00+00:00,427.0,-23.27535180079815,FLAT,False,False,False,
2024-02-27T08:54:00+00:00,3225.0,3227.59,8.031007751938436,0.00066751,0.00029666,2024-02-27T16:00:00+00:00,426.0,-23.002392248061565,FLAT,False,False,False,
2024-02-27T08:55:00+00:00,3222.81,3225.43,8.129551540425563,0.00066751,0.00029666,2024-02-27T16:00:00+00:00,425.0,-22.903848459574437,FLAT,False,False,False,
2024-02-27T08:56:00+00:00,3221.6,3224.49,8.970697789917658,0.00066751,0.00029666,2024-02-27T16:00:00+00:00,424.0,-22.062702210082342,FLAT,False,False,False,
2024-02-27T08:57:00+00:00,3218.64,3221.5,8.885740561231227,0.00066751,0.00029666,2024-02-27T16:00:00+00:00,423.0,-22.147659438768773,FLAT,False,False,False,
2024-02-27T08:58:00+00:00,3219.99,3222.94,9.16151913515344,0.00066751,0.00029666,2024-02-27T16:00:00+00:00,422.0,-21.87188086484656,FLAT,False,False,False,
2024-02-27T08:59:00+00:00,3219.98,3223.36,10.496959608445112,0.00066751,0.00029666,2024-02-27T16:00:00+00:00,421.0,-20.53644039155489,FLAT,False,False,False,
2024-02-27T09:00:00+00:00,3223.07,3226.32,10.083553878755348,0.00066751,0.00029666,2024-02-27T16:00:00+00:00,420.0,-20.949846121244654,FLAT,False,False,False,
2024-02-27T09:01:00+00:00,3223.25,3225.81,7.942294268207385,0.00066751,0.00029666,2024-02-27T16:00:00+00:00,419.0,-23.091105731792616,FLAT,False,False,False,
2024-02-27T09:02:00+00:00,3225.07,3228.24,9.829244016407761,0.00066751,0.00029666,2024-02-27T16:00:00+00:00,418.0,-21.204155983592237,FLAT,False,False,False,
2024-02-27T09:03:00+00:00,3224.51,3227.2,8.342352791585698,0.00066751,0.00029666,2024-02-27T16:00:00+00:00,417.0,-22.691047208414304,FLAT,False,False,False,
2024-02-27T09:04:00+00:00,3223.23,3226.5,10.145102893681127,0.00066751,0.00029666,2024-02-27T16:00:00+00:00,416.0,-20.888297106318873,FLAT,False,False,False,
2024-02-27T09:05:00+00:00,3224.33,3227.41,9.552372120719427,0.00066751,0.00029666,2024-02-27T16:00:00+00:00,415.0,-21.481027879280575,FLAT,False,False,False,
2024-02-27T09:06:00+00:00,3223.62,3226.57,9.151202685180863,0.00066751,0.00029666,2024-02-27T16:00:00+00:00,414.0,-21.882197314819138,FLAT,False,False,False,
2024-02-27T09:07:00+00:00,3224.65,3227.51,8.869179600887312,0.00066751,0.00029666,2024-02-27T16:00:00+00:00,413.0,-22.164220399112686,FLAT,False,False,False,
2024-02-27T09:08:00+00:00,3224.48,3227.28,8.683570684265934,0.00066751,0.00029666,2024-02-27T16:00:00+00:00,412.0,-22.349829315734066,FLAT,False,False,False,
2024-02-27T09:09:00+00:00,3226.2,3229.27,9.515839067634257,0.00066751,0.00029666,2024-02-27T16:00:00+00:00,411.0,-21.517560932365743,FLAT,False,False,False,
2024-02-27T09:10:00+00:00,3227.27,3230.27,9.295782503478172,0.00066751,0.00029666,2024-02-27T16:00:00+00:00,410.0,-21.73761749652183,FLAT,False,False,False,
2024-02-27T09:11:00+00:00,3228.45,3231.87,10.593318775263898,0.00066751,0.00029666,2024-02-27T16:00:00+00:00,409.0,-20.440081224736105,FLAT,False,False,False,
2024-02-27T09:12:00+00:00,3226.77,3230.45,11.404593447936595,0.00066751,0.00029666,2024-02-27T16:00:00+00:00,408.0,-19.628806552063406,FLAT,False,False,False,
2024-02-27T09:13:00+00:00,3226.59,3230.19,11.157289894284396,0.00066751,0.00029666,2024-02-27T16:00:00+00:00,407.0,-19.876110105715604,FLAT,False,False,False,
2024-02-27T09:14:00+00:00,3228.25,3231.7,10.68690466971213,0.00066751,0.00029666,2024-02-27T16:00:00+00:00,406.0,-20.346495330287873,FLAT,False,False,False,
2024-02-27T09:15:00+00:00,3228.08,3231.65,11.059205471983853,0.00066751,0.00029666,2024-02-27T16:00:00+00:00,405.0,-19.97419452801615,FLAT,False,False,False,
2024-02-27T09:16:00+00:00,3228.51,3231.87,10.407277660591642,0.00066751,0.00029666,2024-02-27T16:00:00+00:00,404.0,-20.626122339408358,FLAT,False,False,False,
2024-02-27T09:17:00+00:00,3229.51,3232.81,10.218268406042178,0.00066751,0.00029666,2024-02-27T16:00:00+00:00,403.0,-20.815131593957823,FLAT,False,False,False,
2024-02-27T09:18:00+00:00,3230.01,3233.15,9.721332132098267,0.00066751,0.00029666,2024-02-27T16:00:00+00:00,402.0,-21.31206786790173,FLAT,False,False,False,
2024-02-27T09:19:00+00:00,3230.11,3233.2,9.566237682307076,0.00066751,0.00029666,2024-02-27T16:00:00+00:00,401.0,-21.467162317692924,FLAT,False,False,False,
2024-02-27T09:20:00+00:00,3231.95,3236.0,12.531134454432099,0.00066751,0.00029666,2024-02-27T16:00:00+00:00,400.0,-18.5022655455679,FLAT,False,False,False,
2024-02-27T09:21:00+00:00,3231.55,3234.8,10.057093345298696,0.00066751,0.00029666,2024-02-27T16:00:00+00:00,399.0,-20.976306654701304,FLAT,False,False,False,
2024-02-27T09:22:00+00:00,3239.99,3244.1,12.685224337112546,0.00066751,0.00029666,2024-02-27T16:00:00+00:00,398.0,-18.348175662887456,FLAT,False,False,False,
2024-02-27T09:23:00+00:00,3245.19,3249.09,12.017786323759443,0.00066751,0.00029666,2024-02-27T16:00:00+00:00,397.0,-19.015613676240555,FLAT,False,False,False,
2024-02-27T09:24:00+00:00,3246.54,3250.5,12.197601138442884,0.00066751,0.00029666,2024-02-27T16:00:00+00:00,396.0,-18.835798861557116,FLAT,False,False,False,
2024-02-27T09:25:00+00:00,3245.08,3248.7,11.155349020670958,0.00066751,0.00029666,2024-02-27T16:00:00+00:00,395.0,-19.878050979329043,FLAT,False,False,False,
2024-02-27T09:26:00+00:00,3250.8,3254.99,12.889134982157007,0.00066751,0.00029666,2024-02-27T16:00:00+00:00,394.0,-18.144265017842994,FLAT,False,False,False,
2024-02-27T09:27:00+00:00,3246.54,3250.62,12.567225415365058,0.00066751,0.00029666,2024-02-27T16:00:00+00:00,393.0,-18.466174584634942,FLAT,False,False,False,
2024-02-27T09:28:00+00:00,3244.12,3247.58,10.665450106654612,0.00066751,0.00029666,2024-02-27T16:00:00+00:00,392.0,-20.36794989334539,FLAT,False,False,False,
2024-02-27T09:29:00+00:00,3241.12,3244.38,10.058251468628802,0.00066751,0.00029666,2024-02-27T16:00:00+00:00,391.0,-20.975148531371197,FLAT,False,False,False,
2024-02-27T09:30:00+00:00,3245.32,3248.88,10.969642438958084,0.00066751,0.00029666,2024-02-27T16:00:00+00:00,390.0,-20.063757561041918,FLAT,False,False,False,
2024-02-27T09:31:00+00:00,3247.14,3250.03,8.900139815346204,0.00066751,0.00029666,2024-02-27T16:00:00+00:00,389.0,-22.133260184653796,FLAT,False,False,False,
2024-02-27T09:32:00+00:00,3246.94,3249.91,9.14707386031094,0.00066751,0.00029666,2024-02-27T16:00:00+00:00,388.0,-21.88632613968906,FLAT,False,False,False,
2024-02-27T09:33:00+00:00,3247.3,3250.71,10.501031626273688,0.00066751,0.00029666,2024-02-27T16:00:00+00:00,387.0,-20.532368373726314,FLAT,False,False,False,
2024-02-27T09:34:00+00:00,3246.42,3249.4,9.179342167680147,0.00066751,0.00029666,2024-02-27T16:00:00+00:00,386.0,-21.854057832319853,FLAT,False,False,False,
2024-02-27T09:35:00+00:00,3245.17,3248.08,8.967172752120396,0.00066751,0.00029666,2024-02-27T16:00:00+00:00,385.0,-22.066227247879603,FLAT,False,False,False,
2024-02-27T09:36:00+00:00,3246.09,3249.01,8.995437587990699,0.00066751,0.00029666,2024-02-27T16:00:00+00:00,384.0,-22.0379624120093,FLAT,False,False,False,
2024-02-27T09:37:00+00:00,3245.0,3248.08,9.49152542372859,0.00066751,0.00029666,2024-02-27T16:00:00+00:00,383.0,-21.54187457627141,FLAT,False,False,False,
2024-02-27T09:38:00+00:00,3246.37,3249.49,9.610734451094272,0.00066751,0.00029666,2024-02-27T16:00:00+00:00,382.0,-21.422665548905726,FLAT,False,False,False,
2024-02-27T09:39:00+00:00,3247.26,3250.6,10.285594624390074,0.00066751,0.00029666,2024-02-27T16:00:00+00:00,381.0,-20.74780537560993,FLAT,False,False,False,
2024-02-27T09:40:00+00:00,3248.61,3251.61,9.234718848984642,0.00066751,0.00029666,2024-02-27T16:00:00+00:00,380.0,-21.79868115101536,FLAT,False,False,False,
2024-02-27T09:41:00+00:00,3253.61,3257.13,10.81875209382803,0.00066751,0.00029666,2024-02-27T16:00:00+00:00,379.0,-20.21464790617197,FLAT,False,False,False,
2024-02-27T09:42:00+00:00,3251.21,3254.55,10.273098323393892,0.00066751,0.00029666,2024-02-27T16:00:00+00:00,378.0,-20.760301676606108,FLAT,False,False,False,
2024-02-27T09:43:00+00:00,3253.0,3256.24,9.960036889024844,0.00066751,0.00029666,2024-02-27T16:00:00+00:00,377.0,-21.07336311097516,FLAT,False,False,False,
2024-02-27T09:44:00+00:00,3251.6,3254.37,8.518883011440467,0.00066751,0.00029666,2024-02-27T16:00:00+00:00,376.0,-22.514516988559535,FLAT,False,False,False,
2024-02-27T09:45:00+00:00,3247.68,3250.51,8.713912700759872,0.00066751,0.00029666,2024-02-27T16:00:00+00:00,375.0,-22.31948729924013,FLAT,False,False,False,
2024-02-27T09:46:00+00:00,3246.05,3249.0,9.08796845396657,0.00066751,0.00029666,2024-02-27T16:00:00+00:00,374.0,-21.945431546033433,FLAT,False,False,False,
2024-02-27T09:47:00+00:00,3250.06,3253.17,9.569054109770674,0.00066751,0.00029666,2024-02-27T16:00:00+00:00,373.0,-21.464345890229325,FLAT,False,False,False,
2024-02-27T09:48:00+00:00,3251.65,3254.7,9.37985330524419,0.00066751,0.00029666,2024-02-27T16:00:00+00:00,372.0,-21.65354669475581,FLAT,False,False,False,
2024-02-27T09:49:00+00:00,3248.29,3251.38,9.512697450043394,0.00066751,0.00029666,2024-02-27T16:00:00+00:00,371.0,-21.520702549956606,FLAT,False,False,False,
2024-02-27T09:50:00+00:00,3251.14,3254.32,9.78118444607212,0.00066751,0.00029666,2024-02-27T16:00:00+00:00,370.0,-21.252215553927883,FLAT,False,False,False,
2024-02-27T09:51:00+00:00,3253.99,3257.53,10.878951687007085,0.00066751,0.00029666,2024-02-27T16:00:00+00:00,369.0,-20.154448312992916,FLAT,False,False,False,
2024-02-27T09:52:00+00:00,3255.34,3258.96,11.120190210546028,0.00066751,0.00029666,2024-02-27T16:00:00+00:00,368.0,-19.913209789453973,FLAT,False,False,False,
2024-02-27T09:53:00+00:00,3257.82,3261.39,10.95824815367242,0.00066751,0.00029666,2024-02-27T16:00:00+00:00,367.0,-20.07515184632758,FLAT,False,False,False,
2024-02-27T09:54:00+00:00,3256.28,3259.49,9.857874629944543,0.00066751,0.00029666,2024-02-27T16:00:00+00:00,366.0,-21.175525370055457,FLAT,False,False,False,
2024-02-27T09:55:00+00:00,3257.46,3260.28,8.657051813376569,0.00066751,0.00029666,2024-02-27T16:00:00+00:00,365.0,-22.37634818662343,FLAT,False,False,False,
2024-02-27T09:56:00+00:00,3256.62,3259.94,10.194618960763503,0.00066751,0.00029666,2024-02-27T16:00:00+00:00,364.0,-20.838781039236498,FLAT,False,False,False,
2024-02-27T09:57:00+00:00,3256.07,3259.19,9.582103578853927,0.00066751,0.00029666,2024-02-27T16:00:00+00:00,363.0,-21.451296421146075,FLAT,False,False,False,
2024-02-27T09:58:00+00:00,3257.99,3260.88,8.87049990945438,0.00066751,0.00029666,2024-02-27T16:00:00+00:00,362.0,-22.16290009054562,FLAT,False,False,False,
2024-02-27T09:59:00+00:00,3258.44,3261.34,8.899964400142679,0.00066751,0.00029666,2024-02-27T16:00:00+00:00,361.0,-22.13343559985732,FLAT,False,False,False,
2024-02-27T10:00:00+00:00,3258.67,3261.89,9.88133195444706,0.00066751,0.00029666,2024-02-27T16:00:00+00:00,360.0,-21.15206804555294,FLAT,False,False,False,
2024-02-27T10:01:00+00:00,3255.2,3257.7,7.6800196608503315,0.00066751,0.00029666,2024-02-27T16:00:00+00:00,359.0,-23.353380339149666,FLAT,False,False,False,
2024-02-27T10:02:00+00:00,3251.07,3253.73,8.181921644258212,0.00066751,0.00029666,2024-02-27T16:00:00+00:00,358.0,-22.85147835574179,FLAT,False,False,False,
2024-02-27T10:03:00+00:00,3250.15,3252.88,8.399612325585029,0.00066751,0.00029666,2024-02-27T16:00:00+00:00,357.0,-22.63378767441497,FLAT,False,False,False,
2024-02-27T10:04:00+00:00,3254.17,3257.4,9.925726068398449,0.00066751,0.00029666,2024-02-27T16:00:00+00:00,356.0,-21.107673931601553,FLAT,False,False,False,
2024-02-27T10:05:00+00:00,3252.49,3255.5,9.254448130509912,0.00066751,0.00029666,2024-02-27T16:00:00+00:00,355.0,-21.778951869490086,FLAT,False,False,False,
2024-02-27T10:06:00+00:00,3250.48,3253.42,9.044817996111512,0.00066751,0.00029666,2024-02-27T16:00:00+00:00,354.0,-21.98858200388849,FLAT,False,False,False,
2024-02-27T10:07:00+00:00,3249.58,3252.9,10.216704928021972,0.00066751,0.00029666,2024-02-27T16:00:00+00:00,353.0,-20.816695071978028,FLAT,False,False,False,
2024-02-27T10:08:00+00:00,3248.98,3252.14,9.726129431390326,0.00066751,0.00029666,2024-02-27T16:00:00+00:00,352.0,-21.307270568609674,FLAT,False,False,False,
2024-02-27T10:09:00+00:00,3249.66,3252.76,9.539459512688602,0.00066751,0.00029666,2024-02-27T16:00:00+00:00,351.0,-21.4939404873114,FLAT,False,False,False,
2024-02-27T10:10:00+00:00,3248.71,3251.7,9.203653142323512,0.00066751,0.00029666,2024-02-27T16:00:00+00:00,350.0,-21.82974685767649,FLAT,False,False,False,
2024-02-27T10:11:00+00:00,3248.79,3251.79,9.234207197141089,0.00066751,0.00029666,2024-02-27T16:00:00+00:00,349.0,-21.79919280285891,FLAT,False,False,False,
2024-02-27T10:12:00+00:00,3247.97,3250.7,8.405250048491883,0.00066751,0.00029666,2024-02-27T16:00:00+00:00,348.0,-22.628149951508117,FLAT,False,False,False,
2024-02-27T10:13:00+00:00,3248.67,3251.61,9.049857326229056,0.00066751,0.00029666,2024-02-27T16:00:00+00:00,347.0,-21.983542673770945,FLAT,False,False,False,
2024-02-27T10:14:00+00:00,3250.59,3253.94,10.305821404729322,0.00066751,0.00029666,2024-02-27T16:00:00+00:00,346.0,-20.72757859527068,FLAT,False,False,False,
2024-02-27T10:15:00+00:00,3254.2,3257.55,10.29438878987267,0.00066751,0.00029666,2024-02-27T16:00:00+00:00,345.0,-20.73901121012733,FLAT,False,False,False,
2024-02-27T10:16:00+00:00,3257.27,3260.33,9.394370132042924,0.00066751,0.00029666,2024-02-27T16:00:00+00:00,344.0,-21.639029867957078,FLAT,False,False,False,
2024-02-27T10:17:00+00:00,3257.12,3260.09,9.118485042001078,0.00066751,0.00029666,2024-02-27T16:00:00+00:00,343.0,-21.914914957998924,FLAT,False,False,False,
2024-02-27T10:18:00+00:00,3258.56,3261.37,8.623441029166091,0.00066751,0.00029666,2024-02-27T16:00:00+00:00,342.0,-22.40995897083391,FLAT,False,False,False,
2024-02-27T10:19:00+00:00,3257.71,3260.58,8.80986950956313,0.00066751,0.00029666,2024-02-27T16:00:00+00:00,341.0,-22.223530490436872,FLAT,False,False,False,
2024-02-27T10:20:00+00:00,3256.4,3259.23,8.690578553003093,0.00066751,0.00029666,2024-02-27T16:00:00+00:00,340.0,-22.342821446996908,FLAT,False,False,False,
2024-02-27T10:21:00+00:00,3255.14,3258.27,9.615561849874688,0.00066751,0.00029666,2024-02-27T16:00:00+00:00,339.0,-21.417838150125313,FLAT,False,False,False,
2024-02-27T10:22:00+00:00,3254.22,3257.2,9.157340315037146,0.00066751,0.00029666,2024-02-27T16:00:00+00:00,338.0,-21.876059684962854,FLAT,False,False,False,
2024-02-27T10:23:00+00:00,3255.85,3258.49,8.10848165609556,0.00066751,0.00029666,2024-02-27T16:00:00+00:00,337.0,-22.92491834390444,FLAT,False,False,False,
2024-02-27T10:24:00+00:00,3254.43,3257.11,8.234929004465577,0.00066751,0.00029666,2024-02-27T16:00:00+00:00,336.0,-22.798470995534423,FLAT,False,False,False,
2024-02-27T10:25:00+00:00,3253.23,3256.14,8.944956243486795,0.00066751,0.00029666,2024-02-27T16:00:00+00:00,335.0,-22.088443756513207,FLAT,False,False,False,
2024-02-27T10:26:00+00:00,3250.6,3253.8,9.844336430198343,0.00066751,0.00029666,2024-02-27T16:00:00+00:00,334.0,-21.189063569801657,FLAT,False,False,False,
2024-02-27T10:27:00+00:00,3250.14,3253.4,10.030337154707855,0.00066751,0.00029666,2024-02-27T16:00:00+00:00,333.0,-21.003062845292146,FLAT,False,False,False,
2024-02-27T10:28:00+00:00,3251.96,3255.39,10.547485208919655,0.00066751,0.00029666,2024-02-27T16:00:00+00:00,332.0,-20.485914791080347,FLAT,False,False,False,
2024-02-27T10:29:00+00:00,3254.39,3257.16,8.51157974305471,0.00066751,0.00029666,2024-02-27T16:00:00+00:00,331.0,-22.52182025694529,FLAT,False,False,False,
2024-02-27T10:30:00+00:00,3256.99,3260.13,9.640803318402352,0.00066751,0.00029666,2024-02-27T16:00:00+00:00,330.0,-21.39259668159765,FLAT,False,False,False,
2024-02-27T10:31:00+00:00,3258.88,3262.0,9.573841319716868,0.00066751,0.00029666,2024-02-27T16:00:00+00:00,329.0,-21.45955868028313,FLAT,False,False,False,
2024-02-27T10:32:00+00:00,3255.13,3258.02,8.878293647257937,0.00066751,0.00029666,2024-02-27T16:00:00+00:00,328.0,-22.155106352742063,FLAT,False,False,False,
2024-02-27T10:33:00+00:00,3258.64,3261.65,9.236982299364822,0.00066751,0.00029666,2024-02-27T16:00:00+00:00,327.0,-21.79641770063518,FLAT,False,False,False,
2024-02-27T10:34:00+00:00,3256.96,3259.79,8.68908429946922,0.00066751,0.00029666,2024-02-27T16:00:00+00:00,326.0,-22.344315700530778,FLAT,False,False,False,
2024-02-27T10:35:00+00:00,3255.26,3258.19,9.000817139029866,0.00066751,0.00029666,2024-02-27T16:00:00+00:00,325.0,-22.032582860970134,FLAT,False,False,False,
2024-02-27T10:36:00+00:00,3252.39,3255.92,10.85355692275588,0.00066751,0.00029666,2024-02-27T16:00:00+00:00,324.0,-20.179843077244122,FLAT,False,False,False,
2024-02-27T10:37:00+00:00,3253.79,3257.02,9.926885263031782,0.00066751,0.00029666,2024-02-27T16:00:00+00:00,323.0,-21.10651473696822,FLAT,False,False,False,
2024-02-27T10:38:00+00:00,3250.0,3252.89,8.8923076923073,0.00066751,0.00029666,2024-02-27T16:00:00+00:00,322.0,-22.141092307692702,FLAT,False,False,False,
2024-02-27T10:39:00+00:00,3255.41,3258.7,10.106253897358439,0.00066751,0.00029666,2024-02-27T16:00:00+00:00,321.0,-20.92714610264156,FLAT,False,False,False,
2024-02-27T10:40:00+00:00,3255.22,3258.46,9.953244327573058,0.00066751,0.00029666,2024-02-27T16:00:00+00:00,320.0,-21.08015567242694,FLAT,False,False,False,
2024-02-27T10:41:00+00:00,3256.52,3259.78,10.010686254038722,0.00066751,0.00029666,2024-02-27T16:00:00+00:00,319.0,-21.022713745961276,FLAT,False,False,False,
2024-02-27T10:42:00+00:00,3258.77,3262.02,9.973088005597205,0.00066751,0.00029666,2024-02-27T16:00:00+00:00,318.0,-21.060311994402795,FLAT,False,False,False,
2024-02-27T10:43:00+00:00,3259.48,3262.54,9.388000539963262,0.00066751,0.00029666,2024-02-27T16:00:00+00:00,317.0,-21.64539946003674,FLAT,False,False,False,
2024-02-27T10:44:00+00:00,3259.17,3262.33,9.695720075969815,0.00066751,0.00029666,2024-02-27T16:00:00+00:00,316.0,-21.337679924030184,FLAT,False,False,False,
2024-02-27T10:45:00+00:00,3260.98,3263.83,8.739704015357068,0.00066751,0.00029666,2024-02-27T16:00:00+00:00,315.0,-22.29369598464293,FLAT,False,False,False,
2024-02-27T10:46:00+00:00,3259.83,3262.79,9.08022811005493,0.00066751,0.00029666,2024-02-27T16:00:00+00:00,314.0,-21.953171889945068,FLAT,False,False,False,
2024-02-27T10:47:00+00:00,3259.01,3261.69,8.223356172579514,0.00066751,0.00029666,2024-02-27T16:00:00+00:00,313.0,-22.810043827420486,FLAT,False,False,False,
2024-02-27T10:48:00+00:00,3261.01,3264.06,9.35293053379084,0.00066751,0.00029666,2024-02-27T16:00:00+00:00,312.0,-21.68046946620916,FLAT,False,False,False,
2024-02-27T10:49:00+00:00,3262.0,3264.93,8.982219497240454,0.00066751,0.00029666,2024-02-27T16:00:00+00:00,311.0,-22.051180502759546,FLAT,False,False,False,
2024-02-27T10:50:00+00:00,3266.03,3269.51,10.655137889119262,0.00066751,0.00029666,2024-02-27T16:00:00+00:00,310.0,-20.37826211088074,FLAT,False,False,False,
2024-02-27T10:51:00+00:00,3267.26,3270.23,9.090185660154992,0.00066751,0.00029666,2024-02-27T16:00:00+00:00,309.0,-21.943214339845007,FLAT,False,False,False,
2024-02-27T10:52:00+00:00,3264.2,3267.19,9.159977942528755,0.00066751,0.00029666,2024-02-27T16:00:00+00:00,308.0,-21.873422057471245,FLAT,False,False,False,
2024-02-27T10:53:00+00:00,3266.33,3269.71,10.348005253603002,0.00066751,0.00029666,2024-02-27T16:00:00+00:00,307.0,-20.685394746396998,FLAT,False,False,False,
2024-02-27T10:54:00+00:00,3264.18,3267.28,9.497025286596829,0.00066751,0.00029666,2024-02-27T16:00:00+00:00,306.0,-21.53637471340317,FLAT,False,False,False,
2024-02-27T10:55:00+00:00,3264.99,3268.49,10.719787809457303,0.00066751,0.00029666,2024-02-27T16:00:00+00:00,305.0,-20.3136121905427,FLAT,False,False,False,
2024-02-27T10:56:00+00:00,3263.6,3267.0,10.417943375413932,0.00066751,0.00029666,2024-02-27T16:00:00+00:00,304.0,-20.615456624586066,FLAT,False,False,False,
2024-02-27T10:57:00+00:00,3260.25,3263.37,9.569818265470104,0.00066751,0.00029666,2024-02-27T16:00:00+00:00,303.0,-21.463581734529896,FLAT,False,False,False,
2024-02-27T10:58:00+00:00,3260.55,3263.38,8.67951725935786,0.00066751,0.00029666,2024-02-27T16:00:00+00:00,302.0,-22.353882740642142,FLAT,False,False,False,
2024-02-27T10:59:00+00:00,3260.2,3263.1,8.895159806147142,0.00066751,0.00029666,2024-02-27T16:00:00+00:00,301.0,-22.13824019385286,FLAT,False,False,False,
2024-02-27T11:00:00+00:00,3258.65,3261.28,8.070826876160709,0.00066751,0.00029666,2024-02-27T16:00:00+00:00,300.0,-22.96257312383929,FLAT,False,False,False,
2024-02-27T11:01:00+00:00,3256.44,3259.43,9.18180589846514,0.00066751,0.00029666,2024-02-27T16:00:00+00:00,299.0,-21.85159410153486,FLAT,False,False,False,
2024-02-27T11:02:00+00:00,3258.05,3260.43,7.304983042002592,0.00066751,0.00029666,2024-02-27T16:00:00+00:00,298.0,-23.72841695799741,FLAT,False,False,False,
2024-02-27T11:03:00+00:00,3251.0,3253.7,8.305136880959145,0.00066751,0.00029666,2024-02-27T16:00:00+00:00,297.0,-22.728263119040854,FLAT,False,False,False,
2024-02-27T11:04:00+00:00,3252.6,3255.25,8.147328291213464,0.00066751,0.00029666,2024-02-27T16:00:00+00:00,296.0,-22.886071708786538,FLAT,False,False,False,
2024-02-27T11:05:00+00:00,3253.99,3256.64,8.143848014284282,0.00066751,0.00029666,2024-02-27T16:00:00+00:00,295.0,-22.88955198571572,FLAT,False,False,False,
2024-02-27T11:06:00+00:00,3258.01,3260.58,7.888250803403639,0.00066751,0.00029666,2024-02-27T16:00:00+00:00,294.0,-23.14514919659636,FLAT,False,False,False,
2024-02-27T11:07:00+00:00,3259.83,3262.38,7.822493811027514,0.00066751,0.00029666,2024-02-27T16:00:00+00:00,293.0,-23.210906188972487,FLAT,False,False,False,
2024-02-27T11:08:00+00:00,3260.15,3262.72,7.8830728647445945,0.00066751,0.00029666,2024-02-27T16:00:00+00:00,292.0,-23.150327135255406,FLAT,False,False,False,
2024-02-27T11:09:00+00:00,3262.69,3264.91,6.804201441141513,0.00066751,0.00029666,2024-02-27T16:00:00+00:00,291.0,-24.229198558858485,FLAT,False,False,False,
2024-02-27T11:10:00+00:00,3262.61,3265.19,7.9077793545656,0.00066751,0.00029666,2024-02-27T16:00:00+00:00,290.0,-23.125620645434402,FLAT,False,False,False,
2024-02-27T11:11:00+00:00,3262.94,3265.73,8.550570957479952,0.00066751,0.00029666,2024-02-27T16:00:00+00:00,289.0,-22.48282904252005,FLAT,False,False,False,
2024-02-27T11:12:00+00:00,3261.5,3264.0,7.665184730952015,0.00066751,0.00029666,2024-02-27T16:00:00+00:00,288.0,-23.368215269047987,FLAT,False,False,False,
2024-02-27T11:13:00+00:00,3264.15,3266.99,8.700580549299788,0.00066751,0.00029666,2024-02-27T16:00:00+00:00,287.0,-22.332819450700214,FLAT,False,False,False,
2024-02-27T11:14:00+00:00,3262.34,3265.13,8.552143553400208,0.00066751,0.00029666,2024-02-27T16:00:00+00:00,286.0,-22.481256446599794,FLAT,False,False,False,
2024-02-27T11:15:00+00:00,3263.2,3266.24,9.31600882569246,0.00066751,0.00029666,2024-02-27T16:00:00+00:00,285.0,-21.71739117430754,FLAT,False,False,False,
2024-02-27T11:16:00+00:00,3263.33,3265.8,7.5689556373405535,0.00066751,0.00029666,2024-02-27T16:00:00+00:00,284.0,-23.464444362659446,FLAT,False,False,False,
2024-02-27T11:17:00+00:00,3261.19,3263.84,8.12586816468863,0.00066751,0.00029666,2024-02-27T16:00:00+00:00,283.0,-22.90753183531137,FLAT,False,False,False,
2024-02-27T11:18:00+00:00,3258.04,3260.77,8.379270972732128,0.00066751,0.00029666,2024-02-27T16:00:00+00:00,282.0,-22.65412902726787,FLAT,False,False,False,
2024-02-27T11:19:00+00:00,3256.01,3258.78,8.507344879161863,0.00066751,0.00029666,2024-02-27T16:00:00+00:00,281.0,-22.526055120838137,FLAT,False,False,False,
2024-02-27T11:20:00+00:00,3254.81,3257.67,8.786995247034781,0.00066751,0.00029666,2024-02-27T16:00:00+00:00,280.0,-22.24640475296522,FLAT,False,False,False,
2024-02-27T11:21:00+00:00,3253.64,3256.26,8.052519639543236,0.00066751,0.00029666,2024-02-27T16:00:00+00:00,279.0,-22.980880360456766,FLAT,False,False,False,
2024-02-27T11:22:00+00:00,3253.19,3256.39,9.836498944112758,0.00066751,0.00029666,2024-02-27T16:00:00+00:00,278.0,-21.196901055887242,FLAT,False,False,False,
2024-02-27T11:23:00+00:00,3253.3,3256.89,11.034949128576185,0.00066751,0.00029666,2024-02-27T16:00:00+00:00,277.0,-19.998450871423813,FLAT,False,False,False,
2024-02-27T11:24:00+00:00,3253.07,3256.53,10.63610681602313,0.00066751,0.00029666,2024-02-27T16:00:00+00:00,276.0,-20.39729318397687,FLAT,False,False,False,
2024-02-27T11:25:00+00:00,3253.59,3257.26,11.279847798893138,0.00066751,0.00029666,2024-02-27T16:00:00+00:00,275.0,-19.753552201106864,FLAT,False,False,False,
2024-02-27T11:26:00+00:00,3256.14,3259.49,10.288255418992762,0.00066751,0.00029666,2024-02-27T16:00:00+00:00,274.0,-20.74514458100724,FLAT,False,False,False,
2024-02-27T11:27:00+00:00,3258.16,3261.68,10.803643774400221,0.00066751,0.00029666,2024-02-27T16:00:00+00:00,273.0,-20.22975622559978,FLAT,False,False,False,
2024-02-27T11:28:00+00:00,3257.75,3260.96,9.853426444632143,0.00066751,0.00029666,2024-02-27T16:00:00+00:00,272.0,-21.17997355536786,FLAT,False,False,False,
2024-02-27T11:29:00+00:00,3255.86,3259.22,10.319854047777461,0.00066751,0.00029666,2024-02-27T16:00:00+00:00,271.0,-20.71354595222254,FLAT,False,False,False,
2024-02-27T11:30:00+00:00,3255.62,3258.57,9.061254077565174,0.00066751,0.00029666,2024-02-27T16:00:00+00:00,270.0,-21.972145922434827,FLAT,False,False,False,
2024-02-27T11:31:00+00:00,3256.6,3259.75,9.672664742369621,0.00066751,0.00029666,2024-02-27T16:00:00+00:00,269.0,-21.36073525763038,FLAT,False,False,False,
2024-02-27T11:32:00+00:00,3254.5,3257.74,9.955446305115322,0.00066751,0.00029666,2024-02-27T16:00:00+00:00,268.0,-21.077953694884677,FLAT,False,False,False,
2024-02-27T11:33:00+00:00,3253.74,3256.91,9.742634629687906,0.00066751,0.00029666,2024-02-27T16:00:00+00:00,267.0,-21.290765370312094,FLAT,False,False,False,
2024-02-27T11:34:00+00:00,3253.67,3256.88,9.865782331951415,0.00066751,0.00029666,2024-02-27T16:00:00+00:00,266.0,-21.167617668048585,FLAT,False,False,False,
2024-02-27T11:35:00+00:00,3256.19,3259.45,10.01170079141501,0.00066751,0.00029666,2024-02-27T16:00:00+00:00,265.0,-21.02169920858499,FLAT,False,False,False,
2024-02-27T11:36:00+00:00,3256.6,3259.61,9.242768531598042,0.00066751,0.00029666,2024-02-27T16:00:00+00:00,264.0,-21.79063146840196,FLAT,False,False,False,
2024-02-27T11:37:00+00:00,3255.74,3258.85,9.552359832173723,0.00066751,0.00029666,2024-02-27T16:00:00+00:00,263.0,-21.48104016782628,FLAT,False,False,False,
2024-02-27T11:38:00+00:00,3253.76,3256.62,8.7898308418558,0.00066751,0.00029666,2024-02-27T16:00:00+00:00,262.0,-22.2435691581442,FLAT,False,False,False,
2024-02-27T11:39:00+00:00,3252.94,3255.57,8.084993882457436,0.00066751,0.00029666,2024-02-27T16:00:00+00:00,261.0,-22.948406117542564,FLAT,False,False,False,
2024-02-27T11:40:00+00:00,3251.41,3254.16,8.457869047582435,0.00066751,0.00029666,2024-02-27T16:00:00+00:00,260.0,-22.575530952417566,FLAT,False,False,False,
2024-02-27T11:41:00+00:00,3248.59,3251.39,8.619123989176003,0.00066751,0.00029666,2024-02-27T16:00:00+00:00,259.0,-22.414276010823997,FLAT,False,False,False,
2024-02-27T11:42:00+00:00,3250.81,3254.13,10.21283926159992,0.00066751,0.00029666,2024-02-27T16:00:00+00:00,258.0,-20.820560738400083,FLAT,False,False,False,
2024-02-27T11:43:00+00:00,3248.39,3251.12,8.404163293200687,0.00066751,0.00029666,2024-02-27T16:00:00+00:00,257.0,-22.62923670679931,FLAT,False,False,False,
2024-02-27T11:44:00+00:00,3250.68,3253.36,8.244428857962921,0.00066751,0.00029666,2024-02-27T16:00:00+00:00,256.0,-22.788971142037077,FLAT,False,False,False,
2024-02-27T11:45:00+00:00,3247.79,3251.0,9.883643954812461,0.00066751,0.00029666,2024-02-27T16:00:00+00:00,255.0,-21.149756045187537,FLAT,False,False,False,
2024-02-27T11:46:00+00:00,3251.3,3254.69,10.426598591332306,0.00066751,0.00029666,2024-02-27T16:00:00+00:00,254.0,-20.606801408667692,FLAT,False,False,False,
2024-02-27T11:47:00+00:00,3252.94,3256.04,9.529840697952956,0.00066751,0.00029666,2024-02-27T16:00:00+00:00,253.0,-21.503559302047044,FLAT,False,False,False,
2024-02-27T11:48:00+00:00,3253.37,3256.65,10.08185358566717,0.00066751,0.00029666,2024-02-27T16:00:00+00:00,252.0,-20.95154641433283,FLAT,False,False,False,
2024-02-27T11:49:00+00:00,3252.19,3255.65,10.638984807160826,0.00066751,0.00029666,2024-02-27T16:00:00+00:00,251.0,-20.394415192839176,FLAT,False,False,False,
2024-02-27T11:50:00+00:00,3252.14,3255.45,10.177913619954692,0.00066751,0.00029666,2024-02-27T16:00:00+00:00,250.0,-20.855486380045306,FLAT,False,False,False,
2024-02-27T11:51:00+00:00,3251.19,3254.27,9.473454335181662,0.00066751,0.00029666,2024-02-27T16:00:00+00:00,249.0,-21.559945664818336,FLAT,False,False,False,
2024-02-27T11:52:00+00:00,3252.25,3255.85,11.06925974325439,0.00066751,0.00029666,2024-02-27T16:00:00+00:00,248.0,-19.96414025674561,FLAT,False,False,False,
2024-02-27T11:53:00+00:00,3253.17,3256.41,9.95951641014697,0.00066751,0.00029666,2024-02-27T16:00:00+00:00,247.0,-21.073883589853033,FLAT,False,False,False,
2024-02-27T11:54:00+00:00,3252.7,3256.0,10.145417653027275,0.00066751,0.00029666,2024-02-27T16:00:00+00:00,246.0,-20.887982346972727,FLAT,False,False,False,
2024-02-27T11:55:00+00:00,3252.55,3256.06,10.791532797342896,0.00066751,0.00029666,2024-02-27T16:00:00+00:00,245.0,-20.241867202657104,FLAT,False,False,False,
2024-02-27T11:56:00+00:00,3254.01,3257.86,11.831555526872716,0.00066751,0.00029666,2024-02-27T16:00:00+00:00,244.0,-19.201844473127284,FLAT,False,False,False,
2024-02-27T11:57:00+00:00,3253.58,3257.4,11.740913086508288,0.00066751,0.00029666,2024-02-27T16:00:00+00:00,243.0,-19.292486913491715,FLAT,False,False,False,
2024-02-27T11:58:00+00:00,3253.44,3257.43,12.263942165829956,0.00066751,0.00029666,2024-02-27T16:00:00+00:00,242.0,-18.769457834170044,FLAT,False,False,False,
2024-02-27T11:59:00+00:00,3254.89,3258.88,12.258478781157693,0.00066751,0.00029666,2024-02-27T16:00:00+00:00,241.0,-18.77492121884231,FLAT,False,False,False,
2024-02-27T12:00:00+00:00,3254.74,3258.06,10.200507567425243,0.00066751,0.00029666,2024-02-27T16:00:00+00:00,240.0,-20.83289243257476,FLAT,False,False,False,
2024-02-27T12:01:00+00:00,3254.89,3258.52,11.152450620451411,0.00066751,0.00029666,2024-02-27T16:00:00+00:00,239.0,-19.88094937954859,FLAT,False,False,False,
2024-02-27T12:02:00+00:00,3253.49,3256.73,9.958536832755708,0.00066751,0.00029666,2024-02-27T16:00:00+00:00,238.0,-21.074863167244292,FLAT,False,False,False,
2024-02-27T12:03:00+00:00,3253.0,3256.0,9.222256378727328,0.00066751,0.00029666,2024-02-27T16:00:00+00:00,237.0,-21.81114362127267,FLAT,False,False,False,
2024-02-27T12:04:00+00:00,3251.38,3254.91,10.856928442691244,0.00066751,0.00029666,2024-02-27T16:00:00+00:00,236.0,-20.17647155730876,FLAT,False,False,False,
2024-02-27T12:05:00+00:00,3251.39,3254.74,10.303285671666302,0.00066751,0.00029666,2024-02-27T16:00:00+00:00,235.0,-20.7301143283337,FLAT,False,False,False,
2024-02-27T12:06:00+00:00,3253.0,3256.86,11.865969873962888,0.00066751,0.00029666,2024-02-27T16:00:00+00:00,234.0,-19.16743012603711,FLAT,False,False,False,
2024-02-27T12:07:00+00:00,3256.38,3260.03,11.208765561759042,0.00066751,0.00029666,2024-02-27T16:00:00+00:00,233.0,-19.824634438240956,FLAT,False,False,False,
2024-02-27T12:08:00+00:00,3255.97,3259.37,10.442356655620571,0.00066751,0.00029666,2024-02-27T16:00:00+00:00,232.0,-20.59104334437943,FLAT,False,False,False,
2024-02-27T12:09:00+00:00,3255.66,3259.01,10.289772273518624,0.00066751,0.00029666,2024-02-27T16:00:00+00:00,231.0,-20.743627726481378,FLAT,False,False,False,
2024-02-27T12:10:00+00:00,3251.02,3254.45,10.550534909043428,0.00066751,0.00029666,2024-02-27T16:00:00+00:00,230.0,-20.482865090956572,FLAT,False,False,False,
2024-02-27T12:11:00+00:00,3253.56,3257.01,10.603769409509193,0.00066751,0.00029666,2024-02-27T16:00:00+00:00,229.0,-20.42963059049081,FLAT,False,False,False,
2024-02-27T12:12:00+00:00,3252.26,3255.67,10.485016573090265,0.00066751,0.00029666,2024-02-27T16:00:00+00:00,228.0,-20.548383426909737,FLAT,False,False,False,
2024-02-27T12:13:00+00:00,3252.5,3255.86,10.3305149884708,0.00066751,0.00029666,2024-02-27T16:00:00+00:00,227.0,-20.7028850115292,FLAT,False,False,False,
2024-02-27T12:14:00+00:00,3250.96,3254.47,10.79681078819722,0.00066751,0.00029666,2024-02-27T16:00:00+00:00,226.0,-20.23658921180278,FLAT,False,False,False,
2024-02-27T12:15:00+00:00,3251.7,3254.54,8.733893040563846,0.00066751,0.00029666,2024-02-27T16:00:00+00:00,225.0,-22.299506959436155,FLAT,False,False,False,
2024-02-27T12:16:00+00:00,3252.0,3255.09,9.501845018450632,0.00066751,0.00029666,2024-02-27T16:00:00+00:00,224.0,-21.53155498154937,FLAT,False,False,False,
2024-02-27T12:17:00+00:00,3252.01,3255.58,10.977826021444303,0.00066751,0.00029666,2024-02-27T16:00:00+00:00,223.0,-20.0555739785557,FLAT,False,False,False,
2024-02-27T12:18:00+00:00,3253.37,3256.99,11.126923774424338,0.00066751,0.00029666,2024-02-27T16:00:00+00:00,222.0,-19.906476225575663,FLAT,False,False,False,
2024-02-27T12:19:00+00:00,3254.35,3257.71,10.324642401708873,0.00066751,0.00029666,2024-02-27T16:00:00+00:00,221.0,-20.70875759829113,FLAT,False,False,False,
2024-02-27T12:20:00+00:00,3256.2,3259.44,9.950248756219631,0.00066751,0.00029666,2024-02-27T16:00:00+00:00,220.0,-21.08315124378037,FLAT,False,False,False,
2024-02-27T12:21:00+00:00,3256.08,3259.6,10.810545195449688,0.00066751,0.00029666,2024-02-27T16:00:00+00:00,219.0,-20.222854804550312,FLAT,False,False,False,
2024-02-27T12:22:00+00:00,3256.81,3260.0,9.79486061514198,0.00066751,0.00029666,2024-02-27T16:00:00+00:00,218.0,-21.238539384858022,FLAT,False,False,False,
2024-02-27T12:23:00+00:00,3257.1,3260.0,8.903625924902801,0.00066751,0.00029666,2024-02-27T16:00:00+00:00,217.0,-22.1297740750972,FLAT,False,False,False,
2024-02-27T12:24:00+00:00,3263.74,3266.94,9.804702580475999,0.00066751,0.00029666,2024-02-27T16:00:00+00:00,216.0,-21.228697419524003,FLAT,False,False,False,
2024-02-27T12:25:00+00:00,3270.2,3274.01,11.650663567978718,0.00066751,0.00029666,2024-02-27T16:00:00+00:00,215.0,-19.382736432021282,FLAT,False,False,False,
2024-02-27T12:26:00+00:00,3268.6,3272.3,11.319831120358176,0.00066751,0.00029666,2024-02-27T16:00:00+00:00,214.0,-19.713568879641826,FLAT,False,False,False,
2024-02-27T12:27:00+00:00,3260.98,3264.17,9.782335371575583,0.00066751,0.00029666,2024-02-27T16:00:00+00:00,213.0,-21.251064628424416,FLAT,False,False,False,
2024-02-27T12:28:00+00:00,3265.65,3268.58,8.972180117280898,0.00066751,0.00029666,2024-02-27T16:00:00+00:00,212.0,-22.0612198827191,FLAT,False,False,False,
2024-02-27T12:29:00+00:00,3266.06,3269.48,10.471332431125186,0.00066751,0.00029666,2024-02-27T16:00:00+00:00,211.0,-20.562067568874816,FLAT,False,False,False,
2024-02-27T12:30:00+00:00,3261.41,3264.63,9.87303037643306,0.00066751,0.00029666,2024-02-27T16:00:00+00:00,210.0,-21.16036962356694,FLAT,False,False,False,
2024-02-27T12:31:00+00:00,3268.0,3271.5,10.709914320685433,0.00066751,0.00029666,2024-02-27T16:00:00+00:00,209.0,-20.323485679314565,FLAT,False,False,False,
2024-02-27T12:32:00+00:00,3272.4,3275.61,9.809314264759921,0.00066751,0.00029666,2024-02-27T16:00:00+00:00,208.0,-21.22408573524008,FLAT,False,False,False,
2024-02-27T12:33:00+00:00,3278.0,3281.94,12.01952410006118,0.00066751,0.00029666,2024-02-27T16:00:00+00:00,207.0,-19.01387589993882,FLAT,False,False,False,
2024-02-27T12:34:00+00:00,3271.84,3274.89,9.321971734558312,0.00066751,0.00029666,2024-02-27T16:00:00+00:00,206.0,-21.71142826544169,FLAT,False,False,False,
2024-02-27T12:35:00+00:00,3274.95,3278.21,9.954350448099113,0.00066751,0.00029666,2024-02-27T16:00:00+00:00,205.0,-21.079049551900887,FLAT,False,False,False,
2024-02-27T12:36:00+00:00,3274.0,3277.2,9.773976786804576,0.00066751,0.00029666,2024-02-27T16:00:00+00:00,204.0,-21.259423213195426,FLAT,False,False,False,
2024-02-27T12:37:00+00:00,3275.85,3278.98,9.554772043897337,0.00066751,0.00029666,2024-02-27T16:00:00+00:00,203.0,-21.478627956102663,FLAT,False,False,False,
2024-02-27T12:38:00+00:00,3276.1,3279.2,9.462470620554651,0.00066751,0.00029666,2024-02-27T16:00:00+00:00,202.0,-21.57092937944535,FLAT,False,False,False,
2024-02-27T12:39:00+00:00,3276.41,3279.52,9.49209653248564,0.00066751,0.00029666,2024-02-27T16:00:00+00:00,201.0,-21.54130346751436,FLAT,False,False,False,
2024-02-27T12:40:00+00:00,3276.65,3280.01,10.25437565806579,0.00066751,0.00029666,2024-02-27T16:00:00+00:00,200.0,-20.77902434193421,FLAT,False,False,False,
2024-02-27T12:41:00+00:00,3279.99,3283.59,10.975643218425557,0.00066751,0.00029666,2024-02-27T16:00:00+00:00,199.0,-20.057756781574444,FLAT,False,False,False,
2024-02-27T12:42:00+00:00,3279.87,3283.0,9.54306115791208,0.00066751,0.00029666,2024-02-27T16:00:00+00:00,198.0,-21.490338842087922,FLAT,False,False,False,
2024-02-27T12:43:00+00:00,3280.86,3284.24,10.302176868259096,0.00066751,0.00029666,2024-02-27T16:00:00+00:00,197.0,-20.731223131740904,FLAT,False,False,False,
2024-02-27T12:44:00+00:00,3282.53,3286.0,10.57111435386668,0.00066751,0.00029666,2024-02-27T16:00:00+00:00,196.0,-20.46228564613332,FLAT,False,False,False,
2024-02-27T12:45:00+00:00,3277.51,3280.89,10.312706902495046,0.00066751,0.00029666,2024-02-27T16:00:00+00:00,195.0,-20.720693097504956,FLAT,False,False,False,
2024-02-27T12:46:00+00:00,3278.79,3282.0,9.790196993403166,0.00066751,0.00029666,2024-02-27T16:00:00+00:00,194.0,-21.243203006596836,FLAT,False,False,False,
2024-02-27T12:47:00+00:00,3276.16,3279.71,10.835856612620208,0.00066751,0.00029666,2024-02-27T16:00:00+00:00,193.0,-20.197543387379792,FLAT,False,False,False,
2024-02-27T12:48:00+00:00,3275.02,3278.42,10.381615990131635,0.00066751,0.00029666,2024-02-27T16:00:00+00:00,192.0,-20.651784009868365,FLAT,False,False,False,
2024-02-27T12:49:00+00:00,3274.45,3277.84,10.352883690391755,0.00066751,0.00029666,2024-02-27T16:00:00+00:00,191.0,-20.680516309608244,FLAT,False,False,False,
2024-02-27T12:50:00+00:00,3271.95,3275.18,9.871788994330654,0.00066751,0.00029666,2024-02-27T16:00:00+00:00,190.0,-21.161611005669346,FLAT,False,False,False,
2024-02-27T12:51:00+00:00,3277.7,3280.5,8.542575586539897,0.00066751,0.00029666,2024-02-27T16:00:00+00:00,189.0,-22.490824413460103,FLAT,False,False,False,
2024-02-27T12:52:00+00:00,3281.37,3284.59,9.812974458839616,0.00066751,0.00029666,2024-02-27T16:00:00+00:00,188.0,-21.220425541160385,FLAT,False,False,False,
2024-02-27T12:53:00+00:00,3283.21,3286.61,10.35571894578809,0.00066751,0.00029666,2024-02-27T16:00:00+00:00,187.0,-20.67768105421191,FLAT,False,False,False,
2024-02-27T12:54:00+00:00,3287.63,3291.68,12.318904499593103,0.00066751,0.00029666,2024-02-27T16:00:00+00:00,186.0,-18.714495500406898,FLAT,False,False,False,
2024-02-27T12:55:00+00:00,3282.2,3285.81,10.9987203704836,0.00066751,0.00029666,2024-02-27T16:00:00+00:00,185.0,-20.0346796295164,FLAT,False,False,False,
2024-02-27T12:56:00+00:00,3280.0,3283.02,9.207317073170676,0.00066751,0.00029666,2024-02-27T16:00:00+00:00,184.0,-21.826082926829322,FLAT,False,False,False,
2024-02-27T12:57:00+00:00,3272.7,3275.73,9.258410486754668,0.00066751,0.00029666,2024-02-27T16:00:00+00:00,183.0,-21.77498951324533,FLAT,False,False,False,
2024-02-27T12:58:00+00:00,3264.28,3267.3,9.251657333316938,0.00066751,0.00029666,2024-02-27T16:00:00+00:00,182.0,-21.781742666683062,FLAT,False,False,False,
2024-02-27T12:59:00+00:00,3257.09,3259.77,8.228203703305208,0.00066751,0.00029666,2024-02-27T16:00:00+00:00,181.0,-22.805196296694792,FLAT,False,False,False,
2024-02-27T13:00:00+00:00,3254.49,3257.09,7.98896294043111,0.00066751,0.00029666,2024-02-27T16:00:00+00:00,180.0,-23.044437059568892,FLAT,False,False,False,
2024-02-27T13:01:00+00:00,3247.21,3249.59,7.329368904382868,0.00066751,0.00029666,2024-02-27T16:00:00+00:00,179.0,-23.704031095617133,FLAT,False,False,False,
2024-02-27T13:02:00+00:00,3258.22,3261.06,8.716415711646682,0.00066751,0.00029666,2024-02-27T16:00:00+00:00,178.0,-22.316984288353318,FLAT,False,False,False,
2024-02-27T13:03:00+00:00,3256.91,3259.97,9.395408531399227,0.00066751,0.00029666,2024-02-27T16:00:00+00:00,177.0,-21.637991468600774,FLAT,False,False,False,
2024-02-27T13:04:00+00:00,3255.86,3258.55,8.262026008489476,0.00066751,0.00029666,2024-02-27T16:00:00+00:00,176.0,-22.771373991510522,FLAT,False,False,False,
2024-02-27T13:05:00+00:00,3251.01,3252.86,5.69053924780271,0.00066751,0.00029666,2024-02-27T16:00:00+00:00,175.0,-25.34286075219729,FLAT,False,False,False,
2024-02-27T13:06:00+00:00,3260.24,3262.48,6.870659828724992,0.00066751,0.00029666,2024-02-27T16:00:00+00:00,174.0,-24.162740171275008,FLAT,False,False,False,
2024-02-27T13:07:00+00:00,3263.07,3265.8,8.36635438406169,0.00066751,0.00029666,2024-02-27T16:00:00+00:00,173.0,-22.66704561593831,FLAT,False,False,False,
2024-02-27T13:08:00+00:00,3260.29,3262.8,7.69870164924046,0.00066751,0.00029666,2024-02-27T16:00:00+00:00,172.0,-23.33469835075954,FLAT,False,False,False,
2024-02-27T13:09:00+00:00,3260.01,3262.83,8.65028021386348,0.00066751,0.00029666,2024-02-27T16:00:00+00:00,171.0,-22.38311978613652,FLAT,False,False,False,
2024-02-27T13:10:00+00:00,3263.83,3266.8,9.099738650604518,0.00066751,0.00029666,2024-02-27T16:00:00+00:00,170.0,-21.933661349395482,FLAT,False,False,False,
2024-02-27T13:11:00+00:00,3260.93,3263.48,7.81985507201989,0.00066751,0.00029666,2024-02-27T16:00:00+00:00,169.0,-23.21354492798011,FLAT,False,False,False,
2024-02-27T13:12:00+00:00,3258.14,3260.88,8.40970615136316,0.00066751,0.00029666,2024-02-27T16:00:00+00:00,168.0,-22.62369384863684,FLAT,False,False,False,
2024-02-27T13:13:00+00:00,3259.91,3262.13,6.810003957165243,0.00066751,0.00029666,2024-02-27T16:00:00+00:00,167.0,-24.223396042834757,FLAT,False,False,False,
2024-02-27T13:14:00+00:00,3263.42,3266.12,8.273528997186443,0.00066751,0.00029666,2024-02-27T16:00:00+00:00,166.0,-22.759871002813558,FLAT,False,False,False,
2024-02-27T13:15:00+00:00,3269.5,3272.46,9.053372075240974,0.00066751,0.00029666,2024-02-27T16:00:00+00:00,165.0,-21.98002792475903,FLAT,False,False,False,
2024-02-27T13:16:00+00:00,3278.75,3282.08,10.156309569195356,0.00066751,0.00029666,2024-02-27T16:00:00+00:00,164.0,-20.877090430804643,FLAT,False,False,False,
2024-02-27T13:17:00+00:00,3272.08,3274.54,7.518153590376874,0.00066751,0.00029666,2024-02-27T16:00:00+00:00,163.0,-23.515246409623124,FLAT,False,False,False,
2024-02-27T13:18:00+00:00,3276.0,3278.87,8.760683760683428,0.00066751,0.00029666,2024-02-27T16:00:00+00:00,162.0,-22.272716239316573,FLAT,False,False,False,
2024-02-27T13:19:00+00:00,3277.7,3280.55,8.695121579157226,0.00066751,0.00029666,2024-02-27T16:00:00+00:00,161.0,-22.338278420842776,FLAT,False,False,False,
2024-02-27T13:20:00+00:00,3275.14,3278.29,9.617909463412529,0.00066751,0.00029666,2024-02-27T16:00:00+00:00,160.0,-21.41549053658747,FLAT,False,False,False,
2024-02-27T13:21:00+00:00,3270.69,3273.51,8.622033882759185,0.00066751,0.00029666,2024-02-27T16:00:00+00:00,159.0,-22.411366117240817,FLAT,False,False,False,
2024-02-27T13:22:00+00:00,3263.21,3265.89,8.2127720863807,0.00066751,0.00029666,2024-02-27T16:00:00+00:00,158.0,-22.8206279136193,FLAT,False,False,False,
2024-02-27T13:23:00+00:00,3267.65,3270.4,8.415834009150307,0.00066751,0.00029666,2024-02-27T16:00:00+00:00,157.0,-22.61756599084969,FLAT,False,False,False,
2024-02-27T13:24:00+00:00,3265.79,3268.14,7.195808671102273,0.00066751,0.00029666,2024-02-27T16:00:00+00:00,156.0,-23.837591328897727,FLAT,False,False,False,
2024-02-27T13:25:00+00:00,3261.12,3263.55,7.4514277303512015,0.00066751,0.00029666,2024-02-27T16:00:00+00:00,155.0,-23.581972269648798,FLAT,False,False,False,
2024-02-27T13:26:00+00:00,3258.01,3260.71,8.287267381008093,0.00066751,0.00029666,2024-02-27T16:00:00+00:00,154.0,-22.746132618991908,FLAT,False,False,False,
2024-02-27T13:27:00+00:00,3249.03,3251.58,7.848496320439414,0.00066751,0.00029666,2024-02-27T16:00:00+00:00,153.0,-23.184903679560584,FLAT,False,False,False,
2024-02-27T13:28:00+00:00,3251.8,3254.45,8.149332677285306,0.00066751,0.00029666,2024-02-27T16:00:00+00:00,152.0,-22.884067322714692,FLAT,False,False,False,
2024-02-27T13:29:00+00:00,3251.75,3253.97,6.82709310371277,0.00066751,0.00029666,2024-02-27T16:00:00+00:00,151.0,-24.20630689628723,FLAT,False,False,False,
2024-02-27T13:30:00+00:00,3253.21,3255.21,6.147774044712761,0.00066751,0.00029666,2024-02-27T16:00:00+00:00,150.0,-24.88562595528724,FLAT,False,False,False,
2024-02-27T13:31:00+00:00,3257.23,3259.21,6.0787847342681305,0.00066751,0.00029666,2024-02-27T16:00:00+00:00,149.0,-24.954615265731867,FLAT,False,False,False,
2024-02-27T13:32:00+00:00,3256.4,3258.29,5.803955288047761,0.00066751,0.00029666,2024-02-27T16:00:00+00:00,148.0,-25.22944471195224,FLAT,False,False,False,
2024-02-27T13:33:00+00:00,3253.72,3255.78,6.331214732676445,0.00066751,0.00029666,2024-02-27T16:00:00+00:00,147.0,-24.702185267323557,FLAT,False,False,False,
2024-02-27T13:34:00+00:00,3255.32,3257.43,6.481697651842746,0.00066751,0.00029666,2024-02-27T16:00:00+00:00,146.0,-24.551702348157256,FLAT,False,False,False,
2024-02-27T13:35:00+00:00,3257.38,3259.14,5.403115387212311,0.00066751,0.00029666,2024-02-27T16:00:00+00:00,145.0,-25.63028461278769,FLAT,False,False,False,
2024-02-27T13:36:00+00:00,3262.49,3264.36,5.731818335076417,0.00066751,0.00029666,2024-02-27T16:00:00+00:00,144.0,-25.30158166492358,FLAT,False,False,False,
2024-02-27T13:37:00+00:00,3259.46,3262.07,8.007461358630348,0.00066751,0.00029666,2024-02-27T16:00:00+00:00,143.0,-23.025938641369653,FLAT,False,False,False,
2024-02-27T13:38:00+00:00,3258.76,3261.16,7.364764511653623,0.00066751,0.00029666,2024-02-27T16:00:00+00:00,142.0,-23.668635488346375,FLAT,False,False,False,
2024-02-27T13:39:00+00:00,3258.56,3261.07,7.702788961996153,0.00066751,0.00029666,2024-02-27T16:00:00+00:00,141.0,-23.330611038003845,FLAT,False,False,False,
2024-02-27T13:40:00+00:00,3259.6,3261.65,6.289115228862995,0.00066751,0.00029666,2024-02-27T16:00:00+00:00,140.0,-24.744284771137004,FLAT,False,False,False,
2024-02-27T13:41:00+00:00,3263.19,3265.58,7.324121488481739,0.00066751,0.00029666,2024-02-27T16:00:00+00:00,139.0,-23.70927851151826,FLAT,False,False,False,
2024-02-27T13:42:00+00:00,3262.75,3265.12,7.263811202206393,0.00066751,0.00029666,2024-02-27T16:00:00+00:00,138.0,-23.769588797793606,FLAT,False,False,False,
2024-02-27T13:43:00+00:00,3262.01,3264.34,7.142835245753162,0.00066751,0.00029666,2024-02-27T16:00:00+00:00,137.0,-23.89056475424684,FLAT,False,False,False,
2024-02-27T13:44:00+00:00,3262.8,3265.68,8.826774549465656,0.00066751,0.00029666,2024-02-27T16:00:00+00:00,136.0,-22.206625450534347,FLAT,False,False,False,
2024-02-27T13:45:00+00:00,3271.3,3274.0,8.253599486442141,0.00066751,0.00029666,2024-02-27T16:00:00+00:00,135.0,-22.77980051355786,FLAT,False,False,False,
2024-02-27T13:46:00+00:00,3271.16,3274.46,10.088164443195021,0.00066751,0.00029666,2024-02-27T16:00:00+00:00,134.0,-20.94523555680498,FLAT,False,False,False,
2024-02-27T13:47:00+00:00,3267.79,3270.91,9.547737155692046,0.00066751,0.00029666,2024-02-27T16:00:00+00:00,133.0,-21.485662844307953,FLAT,False,False,False,
2024-02-27T13:48:00+00:00,3268.68,3271.61,8.963863088464736,0.00066751,0.00029666,2024-02-27T16:00:00+00:00,132.0,-22.069536911535266,FLAT,False,False,False,
2024-02-27T13:49:00+00:00,3268.56,3271.08,7.709817167192837,0.00066751,0.00029666,2024-02-27T16:00:00+00:00,131.0,-23.323582832807162,FLAT,False,False,False,
2024-02-27T13:50:00+00:00,3271.16,3273.91,8.406803702662053,0.00066751,0.00029666,2024-02-27T16:00:00+00:00,130.0,-22.626596297337947,FLAT,False,False,False,
2024-02-27T13:51:00+00:00,3270.81,3273.84,9.263760352940709,0.00066751,0.00029666,2024-02-27T16:00:00+00:00,129.0,-21.769639647059293,FLAT,False,False,False,
2024-02-27T13:52:00+00:00,3272.08,3274.64,7.8237695899854085,0.00066751,0.00029666,2024-02-27T16:00:00+00:00,128.0,-23.20963041001459,FLAT,False,False,False,
2024-02-27T13:53:00+00:00,3272.22,3274.39,6.631583450990682,0.00066751,0.00029666,2024-02-27T16:00:00+00:00,127.0,-24.401816549009318,FLAT,False,False,False,
2024-02-27T13:54:00+00:00,3275.87,3278.44,7.845244164146208,0.00066751,0.00029666,2024-02-27T16:00:00+00:00,126.0,-23.18815583585379,FLAT,False,False,False,
2024-02-27T13:55:00+00:00,3270.0,3272.15,6.574923547400889,0.00066751,0.00029666,2024-02-27T16:00:00+00:00,125.0,-24.45847645259911,FLAT,False,False,False,
2024-02-27T13:56:00+00:00,3269.12,3271.05,5.903729444010287,0.00066751,0.00029666,2024-02-27T16:00:00+00:00,124.0,-25.129670555989712,FLAT,False,False,False,
2024-02-27T13:57:00+00:00,3268.62,3270.38,5.384535369667377,0.00066751,0.00029666,2024-02-27T16:00:00+00:00,123.0,-25.648864630332625,FLAT,False,False,False,
2024-02-27T13:58:00+00:00,3269.15,3271.59,7.463713809400164,0.00066751,0.00029666,2024-02-27T16:00:00+00:00,122.0,-23.569686190599835,FLAT,False,False,False,
2024-02-27T13:59:00+00:00,3267.47,3269.96,7.620574940245011,0.00066751,0.00029666,2024-02-27T16:00:00+00:00,121.0,-23.412825059754987,FLAT,False,False,False,
2024-02-27T14:00:00+00:00,3268.0,3270.53,7.741738066096084,0.00066751,0.00029666,2024-02-27T16:00:00+00:00,120.0,-23.291661933903917,FLAT,False,False,False,
2024-02-27T14:01:00+00:00,3266.61,3268.68,6.336844618732291,0.00066751,0.00029666,2024-02-27T16:00:00+00:00,119.0,-24.696555381267707,FLAT,False,False,False,
2024-02-27T14:02:00+00:00,3263.56,3265.5,5.944428783292032,0.00066751,0.00029666,2024-02-27T16:00:00+00:00,118.0,-25.088971216707968,FLAT,False,False,False,
2024-02-27T14:03:00+00:00,3260.84,3262.91,6.3480575557209455,0.00066751,0.00029666,2024-02-27T16:00:00+00:00,117.0,-24.685342444279055,FLAT,False,False,False,
2024-02-27T14:04:00+00:00,3258.0,3260.19,6.721915285451364,0.00066751,0.00029666,2024-02-27T16:00:00+00:00,116.0,-24.311484714548634,FLAT,False,False,False,
2024-02-27T14:05:00+00:00,3256.99,3259.42,7.4608764534134,0.00066751,0.00029666,2024-02-27T16:00:00+00:00,115.0,-23.572523546586602,FLAT,False,False,False,
2024-02-27T14:06:00+00:00,3261.07,3263.26,6.715587215239338,0.00066751,0.00029666,2024-02-27T16:00:00+00:00,114.0,-24.31781278476066,FLAT,False,False,False,
2024-02-27T14:07:00+00:00,3259.96,3262.43,7.576780083190591,0.00066751,0.00029666,2024-02-27T16:00:00+00:00,113.0,-23.45661991680941,FLAT,False,False,False,
2024-02-27T14:08:00+00:00,3258.84,3261.28,7.487326778853993,0.00066751,0.00029666,2024-02-27T16:00:00+00:00,112.0,-23.546073221146006,FLAT,False,False,False,
2024-02-27T14:09:00+00:00,3261.03,3263.57,7.788950116987465,0.00066751,0.00029666,2024-02-27T16:00:00+00:00,111.0,-23.244449883012535,FLAT,False,False,False,
2024-02-27T14:10:00+00:00,3264.05,3266.38,7.138371042110038,0.00066751,0.00029666,2024-02-27T16:00:00+00:00,110.0,-23.895028957889963,FLAT,False,False,False,
2024-02-27T14:11:00+00:00,3264.92,3267.58,8.14721340798505,0.00066751,0.00029666,2024-02-27T16:00:00+00:00,109.0,-22.88618659201495,FLAT,False,False,False,
2024-02-27T14:12:00+00:00,3262.75,3265.38,8.060685004980796,0.00066751,0.00029666,2024-02-27T16:00:00+00:00,108.0,-22.972714995019203,FLAT,False,False,False,
2024-02-27T14:13:00+00:00,3261.42,3263.91,7.634711260738518,0.00066751,0.00029666,2024-02-27T16:00:00+00:00,107.0,-23.39868873926148,FLAT,False,False,False,
2024-02-27T14:14:00+00:00,3260.1,3262.32,6.809607067268657,0.00066751,0.00029666,2024-02-27T16:00:00+00:00,106.0,-24.223792932731342,FLAT,False,False,False,
2024-02-27T14:15:00+00:00,3261.88,3264.48,7.970863428452025,0.00066751,0.00029666,2024-02-27T16:00:00+00:00,105.0,-23.062536571547973,FLAT,False,False,False,
2024-02-27T14:16:00+00:00,3260.76,3263.36,7.973601246334931,0.00066751,0.00029666,2024-02-27T16:00:00+00:00,104.0,-23.05979875366507,FLAT,False,False,False,
2024-02-27T14:17:00+00:00,3259.0,3261.33,7.149432341208736,0.00066751,0.00029666,2024-02-27T16:00:00+00:00,103.0,-23.883967658791263,FLAT,False,False,False,
2024-02-27T14:18:00+00:00,3259.05,3261.12,6.351544161641303,0.00066751,0.00029666,2024-02-27T16:00:00+00:00,102.0,-24.681855838358697,FLAT,False,False,False,
2024-02-27T14:19:00+00:00,3258.77,3261.12,7.211309788662314,0.00066751,0.00029666,2024-02-27T16:00:00+00:00,101.0,-23.822090211337688,FLAT,False,False,False,
2024-02-27T14:20:00+00:00,3260.32,3262.31,6.103695342787769,0.00066751,0.00029666,2024-02-27T16:00:00+00:00,100.0,-24.92970465721223,FLAT,False,False,False,
2024-02-27T14:21:00+00:00,3257.18,3259.19,6.170982260729276,0.00066751,0.00029666,2024-02-27T16:00:00+00:00,99.0,-24.862417739270725,FLAT,False,False,False,
2024-02-27T14:22:00+00:00,3254.53,3256.54,6.176006981038009,0.00066751,0.00029666,2024-02-27T16:00:00+00:00,98.0,-24.857393018961993,FLAT,False,False,False,
2024-02-27T14:23:00+00:00,3252.26,3254.39,6.549291877032138,0.00066751,0.00029666,2024-02-27T16:00:00+00:00,97.0,-24.48410812296786,FLAT,False,False,False,
2024-02-27T14:24:00+00:00,3252.21,3254.09,5.780684519142704,0.00066751,0.00029666,2024-02-27T16:00:00+00:00,96.0,-25.252715480857297,FLAT,False,False,False,
2024-02-27T14:25:00+00:00,3252.37,3254.37,6.149361849974019,0.00066751,0.00029666,2024-02-27T16:00:00+00:00,95.0,-24.88403815002598,FLAT,False,False,False,
2024-02-27T14:26:00+00:00,3257.49,3259.76,6.968555544300786,0.00066751,0.00029666,2024-02-27T16:00:00+00:00,94.0,-24.064844455699216,FLAT,False,False,False,
2024-02-27T14:27:00+00:00,3256.34,3258.61,6.971016540041831,0.00066751,0.00029666,2024-02-27T16:00:00+00:00,93.0,-24.06238345995817,FLAT,False,False,False,
2024-02-27T14:28:00+00:00,3258.93,3261.11,6.689312136192834,0.00066751,0.00029666,2024-02-27T16:00:00+00:00,92.0,-24.344087863807168,FLAT,False,False,False,
2024-02-27T14:29:00+00:00,3258.01,3260.5,7.642702140262864,0.00066751,0.00029666,2024-02-27T16:00:00+00:00,91.0,-23.390697859737138,FLAT,False,False,False,
2024-02-27T14:30:00+00:00,3257.61,3259.84,6.845509437900847,0.00066751,0.00029666,2024-02-27T16:00:00+00:00,90.0,-24.187890562099152,FLAT,False,False,False,
2024-02-27T14:31:00+00:00,3261.31,3263.71,7.359006043583992,0.00066751,0.00029666,2024-02-27T16:00:00+00:00,89.0,-23.674393956416008,FLAT,False,False,False,
2024-02-27T14:32:00+00:00,3262.13,3264.13,6.13096351157066,0.00066751,0.00029666,2024-02-27T16:00:00+00:00,88.0,-24.902436488429338,FLAT,False,False,False,
2024-02-27T14:33:00+00:00,3266.65,3268.64,6.091867815651453,0.00066751,0.00029666,2024-02-27T16:00:00+00:00,87.0,-24.941532184348546,FLAT,False,False,False,
2024-02-27T14:34:00+00:00,3271.83,3274.27,7.4576001809386625,0.00066751,0.00029666,2024-02-27T16:00:00+00:00,86.0,-23.575799819061338,FLAT,False,False,False,
2024-02-27T14:35:00+00:00,3270.35,3273.14,8.531196966685412,0.00066751,0.00029666,2024-02-27T16:00:00+00:00,85.0,-22.502203033314586,FLAT,False,False,False,
2024-02-27T14:36:00+00:00,3272.6,3275.35,8.403104565177536,0.00066751,0.00029666,2024-02-27T16:00:00+00:00,84.0,-22.630295434822465,FLAT,False,False,False,
2024-02-27T14:37:00+00:00,3270.62,3273.2,7.888412594553715,0.00066751,0.00029666,2024-02-27T16:00:00+00:00,83.0,-23.144987405446287,FLAT,False,False,False,
2024-02-27T14:38:00+00:00,3271.07,3273.52,7.489903915232073,0.00066751,0.00029666,2024-02-27T16:00:00+00:00,82.0,-23.543496084767927,FLAT,False,False,False,
2024-02-27T14:39:00+00:00,3270.89,3272.99,6.420270935433198,0.00066751,0.00029666,2024-02-27T16:00:00+00:00,81.0,-24.613129064566802,FLAT,False,False,False,
2024-02-27T14:40:00+00:00,3268.82,3271.17,7.189138588236455,0.00066751,0.00029666,2024-02-27T16:00:00+00:00,80.0,-23.844261411763547,FLAT,False,False,False,
2024-02-27T14:41:00+00:00,3257.96,3260.0,6.261587005365208,0.00066751,0.00029666,2024-02-27T16:00:00+00:00,79.0,-24.771812994634793,FLAT,False,False,False,
2024-02-27T14:42:00+00:00,3259.51,3261.7,6.718801292217541,0.00066751,0.00029666,2024-02-27T16:00:00+00:00,78.0,-24.31459870778246,FLAT,False,False,False,
2024-02-27T14:43:00+00:00,3257.6,3259.75,6.599950884086724,0.00066751,0.00029666,2024-02-27T16:00:00+00:00,77.0,-24.433449115913277,FLAT,False,False,False,
2024-02-27T14:44:00+00:00,3252.3,3254.22,5.9035144359364695,0.00066751,0.00029666,2024-02-27T16:00:00+00:00,76.0,-25.129885564063528,FLAT,False,False,False,
2024-02-27T14:45:00+00:00,3249.8,3251.53,5.323404517201115,0.00066751,0.00029666,2024-02-27T16:00:00+00:00,75.0,-25.709995482798885,FLAT,False,False,False,
2024-02-27T14:46:00+00:00,3244.06,3245.95,5.826032810736771,0.00066751,0.00029666,2024-02-27T16:00:00+00:00,74.0,-25.20736718926323,FLAT,False,False,False,
2024-02-27T14:47:00+00:00,3246.92,3248.6,5.174134256464084,0.00066751,0.00029666,2024-02-27T16:00:00+00:00,73.0,-25.859265743535914,FLAT,False,False,False,
2024-02-27T14:48:00+00:00,3248.93,3251.0,6.3713284065835945,0.00066751,0.00029666,2024-02-27T16:00:00+00:00,72.0,-24.662071593416407,FLAT,False,False,False,
2024-02-27T14:49:00+00:00,3246.19,3247.96,5.452545907664005,0.00066751,0.00029666,2024-02-27T16:00:00+00:00,71.0,-25.580854092335997,FLAT,False,False,False,
2024-02-27T14:50:00+00:00,3244.85,3246.68,5.639705995654428,0.00066751,0.00029666,2024-02-27T16:00:00+00:00,70.0,-25.39369400434557,FLAT,False,False,False,
2024-02-27T14:51:00+00:00,3241.01,3242.33,4.072804465273816,0.00066751,0.00029666,2024-02-27T16:00:00+00:00,69.0,-26.960595534726185,FLAT,False,False,False,
2024-02-27T14:52:00+00:00,3244.8,3246.72,5.917159763312432,0.00066751,0.00029666,2024-02-27T16:00:00+00:00,68.0,-25.116240236687567,FLAT,False,False,False,
2024-02-27T14:53:00+00:00,3252.25,3254.58,7.164270889384048,0.00066751,0.00029666,2024-02-27T16:00:00+00:00,67.0,-23.86912911061595,FLAT,False,False,False,
2024-02-27T14:54:00+00:00,3249.56,3251.84,7.016334519135514,0.00066751,0.00029666,2024-02-27T16:00:00+00:00,66.0,-24.01706548086449,FLAT,False,False,False,
2024-02-27T14:55:00+00:00,3249.4,3251.79,7.3552040376681,0.00066751,0.00029666,2024-02-27T16:00:00+00:00,65.0,-23.6781959623319,FLAT,False,False,False,
2024-02-27T14:56:00+00:00,3253.2,3255.38,6.70109430714463,0.00066751,0.00029666,2024-02-27T16:00:00+00:00,64.0,-24.33230569285537,FLAT,False,False,False,
2024-02-27T14:57:00+00:00,3256.87,3259.33,7.553264330476919,0.00066751,0.00029666,2024-02-27T16:00:00+00:00,63.0,-23.48013566952308,FLAT,False,False,False,
2024-02-27T14:58:00+00:00,3255.96,3258.07,6.480423592427816,0.00066751,0.00029666,2024-02-27T16:00:00+00:00,62.0,-24.55297640757218,FLAT,False,False,False,
2024-02-27T14:59:00+00:00,3253.76,3256.11,7.222413453972969,0.00066751,0.00029666,2024-02-27T16:00:00+00:00,61.0,-23.81098654602703,FLAT,False,False,False,
2024-02-27T15:00:00+00:00,3258.65,3261.04,7.33432556426702,0.00066751,0.00029666,2024-02-27T16:00:00+00:00,60.0,-23.69907443573298,FLAT,False,False,False,
2024-02-27T15:01:00+00:00,3261.99,3264.22,6.836317707902288,0.00066751,0.00029666,2024-02-27T16:00:00+00:00,59.0,-24.19708229209771,FLAT,False,False,False,
2024-02-27T15:02:00+00:00,3259.06,3261.28,6.8117800838286335,0.00066751,0.00029666,2024-02-27T16:00:00+00:00,58.0,-24.221619916171367,FLAT,False,False,False,
2024-02-27T15:03:00+00:00,3258.78,3260.9,6.505502059052438,0.00066751,0.00029666,2024-02-27T16:00:00+00:00,57.0,-24.52789794094756,FLAT,False,False,False,
2024-02-27T15:04:00+00:00,3260.56,3262.61,6.2872635375523895,0.00066751,0.00029666,2024-02-27T16:00:00+00:00,56.0,-24.74613646244761,FLAT,False,False,False,
2024-02-27T15:05:00+00:00,3257.37,3259.61,6.876713422178741,0.00066751,0.00029666,2024-02-27T16:00:00+00:00,55.0,-24.156686577821258,FLAT,False,False,False,
2024-02-27T15:06:00+00:00,3256.47,3258.31,5.650290037986364,0.00066751,0.00029666,2024-02-27T16:00:00+00:00,54.0,-25.383109962013634,FLAT,False,False,False,
2024-02-27T15:07:00+00:00,3251.79,3253.83,6.273467843864345,0.00066751,0.00029666,2024-02-27T16:00:00+00:00,53.0,-24.759932156135655,FLAT,False,False,False,
2024-02-27T15:08:00+00:00,3249.01,3250.82,5.570927759532736,0.00066751,0.00029666,2024-02-27T16:00:00+00:00,52.0,-25.462472240467264,FLAT,False,False,False,
2024-02-27T15:09:00+00:00,3250.46,3252.06,4.922380216953628,0.00066751,0.00029666,2024-02-27T16:00:00+00:00,51.0,-26.111019783046373,FLAT,False,False,False,
2024-02-27T15:10:00+00:00,3249.6,3251.43,5.631462333825478,0.00066751,0.00029666,2024-02-27T16:00:00+00:00,50.0,-25.401937666174522,FLAT,False,False,False,
2024-02-27T15:11:00+00:00,3250.53,3252.25,5.29144477977376,0.00066751,0.00029666,2024-02-27T16:00:00+00:00,49.0,-25.741955220226238,FLAT,False,False,False,
2024-02-27T15:12:00+00:00,3257.2,3259.19,6.109541937861466,0.00066751,0.00029666,2024-02-27T16:00:00+00:00,48.0,-24.923858062138535,FLAT,False,False,False,
2024-02-27T15:13:00+00:00,3254.59,3256.39,5.53065055813398,0.00066751,0.00029666,2024-02-27T16:00:00+00:00,47.0,-25.50274944186602,FLAT,False,False,False,
2024-02-27T15:14:00+00:00,3251.27,3253.42,6.612800536406054,0.00066751,0.00029666,2024-02-27T16:00:00+00:00,46.0,-24.420599463593945,FLAT,False,False,False,
2024-02-27T15:15:00+00:00,3250.61,3253.01,7.38322960921209,0.00066751,0.00029666,2024-02-27T16:00:00+00:00,45.0,-23.65017039078791,FLAT,False,False,False,
2024-02-27T15:16:00+00:00,3255.75,3258.38,8.078015818168193,0.00066751,0.00029666,2024-02-27T16:00:00+00:00,44.0,-22.955384181831807,FLAT,False,False,False,
2024-02-27T15:17:00+00:00,3254.02,3256.16,6.576480783768608,0.00066751,0.00029666,2024-02-27T16:00:00+00:00,43.0,-24.45691921623139,FLAT,False,False,False,
2024-02-27T15:18:00+00:00,3256.97,3259.21,6.8775579756652245,0.00066751,0.00029666,2024-02-27T16:00:00+00:00,42.0,-24.155842024334774,FLAT,False,False,False,
2024-02-27T15:19:00+00:00,3254.76,3256.59,5.622534380414922,0.00066751,0.00029666,2024-02-27T16:00:00+00:00,41.0,-25.410865619585078,FLAT,False,False,False,
2024-02-27T15:20:00+00:00,3258.88,3260.78,5.830223880597294,0.00066751,0.00029666,2024-02-27T16:00:00+00:00,40.0,-25.203176119402706,FLAT,False,False,False,
2024-02-27T15:21:00+00:00,3259.25,3261.17,5.890925826494049,0.00066751,0.00029666,2024-02-27T16:00:00+00:00,39.0,-25.142474173505953,FLAT,False,False,False,
2024-02-27T15:22:00+00:00,3260.01,3262.09,6.380348526538039,0.00066751,0.00029666,2024-02-27T16:00:00+00:00,38.0,-24.65305147346196,FLAT,False,False,False,
2024-02-27T15:23:00+00:00,3260.2,3262.28,6.379976688547886,0.00066751,0.00029666,2024-02-27T16:00:00+00:00,37.0,-24.653423311452116,FLAT,False,False,False,
2024-02-27T15:24:00+00:00,3257.6,3259.03,4.3897347740676915,0.00066751,0.00029666,2024-02-27T16:00:00+00:00,36.0,-26.64366522593231,FLAT,False,False,False,
2024-02-27T15:25:00+00:00,3258.14,3260.11,6.046394568681071,0.00066751,0.00029666,2024-02-27T16:00:00+00:00,35.0,-24.987005431318927,FLAT,False,False,False,
2024-02-27T15:26:00+00:00,3259.4,3261.67,6.964471988709523,0.00066751,0.00029666,2024-02-27T16:00:00+00:00,34.0,-24.068928011290478,FLAT,False,False,False,
2024-02-27T15:27:00+00:00,3258.08,3260.1,6.199970534793443,0.00066751,0.00029666,2024-02-27T16:00:00+00:00,33.0,-24.833429465206557,FLAT,False,False,False,
2024-02-27T15:28:00+00:00,3255.62,3257.99,7.2797193775683,0.00066751,0.00029666,2024-02-27T16:00:00+00:00,32.0,-23.753680622431702,FLAT,False,False,False,
2024-02-27T15:29:00+00:00,3259.77,3262.02,6.902327464821138,0.00066751,0.00029666,2024-02-27T16:00:00+00:00,31.0,-24.131072535178863,FLAT,False,False,False,
2024-02-27T15:30:00+00:00,3257.46,3259.49,6.231849355018159,0.00066751,0.00029666,2024-02-27T16:00:00+00:00,30.0,-24.80155064498184,FLAT,False,False,False,
2024-02-27T15:31:00+00:00,3256.27,3258.44,6.664066554677814,0.00066751,0.00029666,2024-02-27T16:00:00+00:00,29.0,-24.369333445322184,FLAT,False,False,False,
2024-02-27T15:32:00+00:00,3255.75,3257.28,4.699378023497505,0.00066751,0.00029666,2024-02-27T16:00:00+00:00,28.0,-26.334021976502495,FLAT,False,False,False,
2024-02-27T15:33:00+00:00,3254.17,3255.61,4.425091497985829,0.00066751,0.00029666,2024-02-27T16:00:00+00:00,27.0,-26.60830850201417,FLAT,False,False,False,
2024-02-27T15:34:00+00:00,3253.83,3255.4,4.825083055968393,0.00066751,0.00029666,2024-02-27T16:00:00+00:00,26.0,-26.20831694403161,FLAT,False,False,False,
2024-02-27T15:35:00+00:00,3253.68,3255.74,6.331292567185296,0.00066751,0.00029666,2024-02-27T16:00:00+00:00,25.0,-24.702107432814703,FLAT,False,False,False,
2024-02-27T15:36:00+00:00,3257.92,3259.97,6.292358314506578,0.00066751,0.00029666,2024-02-27T16:00:00+00:00,24.0,-24.74104168549342,FLAT,False,False,False,
2024-02-27T15:37:00+00:00,3257.53,3259.55,6.201017335220187,0.00066751,0.00029666,2024-02-27T16:00:00+00:00,23.0,-24.832382664779814,FLAT,False,False,False,
2024-02-27T15:38:00+00:00,3254.9,3256.74,5.653015453622817,0.00066751,0.00029666,2024-02-27T16:00:00+00:00,22.0,-25.380384546377183,FLAT,False,False,False,
2024-02-27T15:39:00+00:00,3253.58,3255.72,6.577370158409729,0.00066751,0.00029666,2024-02-27T16:00:00+00:00,21.0,-24.456029841590272,FLAT,False,False,False,
2024-02-27T15:40:00+00:00,3250.73,3252.71,6.090939573572761,0.00066751,0.00029666,2024-02-27T16:00:00+00:00,20.0,-24.94246042642724,FLAT,False,False,False,
2024-02-27T15:41:00+00:00,3249.33,3251.15,5.6011546995847254,0.00066751,0.00029666,2024-02-27T16:00:00+00:00,19.0,-25.432245300415275,FLAT,False,False,False,
2024-02-27T15:42:00+00:00,3244.65,3246.73,6.410552756075162,0.00066751,0.00029666,2024-02-27T16:00:00+00:00,18.0,-24.622847243924838,FLAT,False,False,False,
2024-02-27T15:43:00+00:00,3246.04,3247.77,5.329570800113426,0.00066751,0.00029666,2024-02-27T16:00:00+00:00,17.0,-25.703829199886574,FLAT,False,False,False,
2024-02-27T15:44:00+00:00,3246.01,3247.17,3.5736180726487423,0.00066751,0.00029666,2024-02-27T16:00:00+00:00,16.0,-27.45978192735126,FLAT,False,False,False,
2024-02-27T15:45:00+00:00,3244.23,3245.42,3.668050662252844,0.00066751,0.00029666,2024-02-27T16:00:00+00:00,15.0,-27.365349337747155,FLAT,False,False,False,
2024-02-27T15:46:00+00:00,3240.0,3241.16,3.580246913579798,0.00066751,0.00029666,2024-02-27T16:00:00+00:00,14.0,-27.4531530864202,FLAT,False,False,False,
2024-02-27T15:47:00+00:00,3238.01,3239.19,3.6442135756215586,0.00066751,0.00029666,2024-02-27T16:00:00+00:00,13.0,-27.38918642437844,FLAT,False,False,False,
2024-02-27T15:48:00+00:00,3240.66,3242.56,5.863003215394675,0.00066751,0.00029666,2024-02-27T16:00:00+00:00,12.0,-25.170396784605323,FLAT,False,False,False,
2024-02-27T15:49:00+00:00,3237.68,3239.43,5.405104889921178,0.00066751,0.00029666,2024-02-27T16:00:00+00:00,11.0,-25.628295110078824,FLAT,False,False,False,
2024-02-27T15:50:00+00:00,3235.26,3237.17,5.903698620821369,0.00066751,0.00029666,2024-02-27T16:00:00+00:00,10.0,-25.12970137917863,FLAT,False,False,False,
2024-02-27T15:51:00+00:00,3237.44,3239.4,6.0541662548187345,0.00066751,0.00029666,2024-02-27T16:00:00+00:00,9.0,-24.979233745181265,FLAT,False,False,False,
2024-02-27T15:52:00+00:00,3233.76,3235.63,5.782742071149036,0.00066751,0.00029666,2024-02-27T16:00:00+00:00,8.0,-25.250657928850963,FLAT,False,False,False,
2024-02-27T15:53:00+00:00,3228.13,3229.41,3.965143906843111,0.00066751,0.00029666,2024-02-27T16:00:00+00:00,7.0,-27.06825609315689,FLAT,False,False,False,
2024-02-27T15:54:00+00:00,3226.7,3227.55,2.6342703071260543,0.00066751,0.00029666,2024-02-27T16:00:00+00:00,6.0,-28.399129692873945,FLAT,False,False,False,
2024-02-27T15:55:00+00:00,3221.0,3222.39,4.315429990685727,0.00066751,0.00029666,2024-02-27T16:00:00+00:00,5.0,-26.71797000931427,FLAT,False,False,False,
2024-02-27T15:56:00+00:00,3226.23,3228.26,6.292173837575746,0.00066751,0.00029666,2024-02-27T16:00:00+00:00,4.0,-24.741226162424255,FLAT,False,False,False,
2024-02-27T15:57:00+00:00,3228.42,3230.38,6.071081210003768,0.00066751,0.00029666,2024-02-27T16:00:00+00:00,3.0,-24.96231878999623,FLAT,False,False,False,
2024-02-27T15:58:00+00:00,3228.54,3230.4,5.761118028582973,0.00066751,0.00029666,2024-02-27T16:00:00+00:00,2.0,-25.272281971417026,FLAT,False,False,False,
2024-02-27T15:59:00+00:00,3229.78,3231.74,6.068524791160951,0.00066751,0.00029666,2024-02-27T16:00:00+00:00,1.0,-24.964875208839047,FLAT,False,False,False,
2024-02-27T16:00:00+00:00,3231.84,3234.12,7.05480469330086,0.00029666,0.00033546,2024-02-28T00:00:00+00:00,480.0,-23.59059530669914,FLAT,False,False,False,
2024-02-27T16:01:00+00:00,3232.6,3235.0,7.424364288808053,0.00029666,0.00033546,2024-02-28T00:00:00+00:00,479.0,-23.221035711191945,FLAT,False,False,False,
2024-02-27T16:02:00+00:00,3234.8,3237.56,8.532212192406837,0.00029666,0.00033546,2024-02-28T00:00:00+00:00,478.0,-22.113187807593164,FLAT,False,False,False,
2024-02-27T16:03:00+00:00,3237.5,3240.0,7.722007722007722,0.00029666,0.00033546,2024-02-28T00:00:00+00:00,477.0,-22.923392277992278,FLAT,False,False,False,
2024-02-27T16:04:00+00:00,3234.1,3236.62,7.791966853220314,0.00029666,0.00033546,2024-02-28T00:00:00+00:00,476.0,-22.853433146779686,FLAT,False,False,False,
2024-02-27T16:05:00+00:00,3233.41,3235.92,7.76270253385812,0.00029666,0.00033546,2024-02-28T00:00:00+00:00,475.0,-22.882697466141877,FLAT,False,False,False,
2024-02-27T16:06:00+00:00,3227.18,3229.52,7.250912561431793,0.00029666,0.00033546,2024-02-28T00:00:00+00:00,474.0,-23.394487438568206,FLAT,False,False,False,
2024-02-27T16:07:00+00:00,3221.38,3223.92,7.884819549385553,0.00029666,0.00033546,2024-02-28T00:00:00+00:00,473.0,-22.760580450614448,FLAT,False,False,False,
2024-02-27T16:08:00+00:00,3217.53,3220.69,9.821198248345327,0.00029666,0.00033546,2024-02-28T00:00:00+00:00,472.0,-20.824201751654673,FLAT,False,False,False,
2024-02-27T16:09:00+00:00,3210.01,3211.97,6.105899981618692,0.00029666,0.00033546,2024-02-28T00:00:00+00:00,471.0,-24.539500018381307,FLAT,False,False,False,
2024-02-27T16:10:00+00:00,3209.93,3212.84,9.065618253358513,0.00029666,0.00033546,2024-02-28T00:00:00+00:00,470.0,-21.579781746641487,FLAT,False,False,False,
2024-02-27T16:11:00+00:00,3217.37,3219.74,7.366264992835425,0.00029666,0.00033546,2024-02-28T00:00:00+00:00,469.0,-23.279135007164577,FLAT,False,False,False,
2024-02-27T16:12:00+00:00,3222.67,3225.15,7.69548231745732,0.00029666,0.00033546,2024-02-28T00:00:00+00:00,468.0,-22.94991768254268,FLAT,False,False,False,
2024-02-27T16:13:00+00:00,3218.47,3221.01,7.891948658836088,0.00029666,0.00033546,2024-02-28T00:00:00+00:00,467.0,-22.75345134116391,FLAT,False,False,False,
2024-02-27T16:14:00+00:00,3221.38,3224.2,8.754012255616255,0.00029666,0.00033546,2024-02-28T00:00:00+00:00,466.0,-21.891387744383746,FLAT,False,False,False,
2024-02-27T16:15:00+00:00,3223.7,3226.37,8.282408412693714,0.00029666,0.00033546,2024-02-28T00:00:00+00:00,465.0,-22.362991587306286,FLAT,False,False,False,
2024-02-27T16:16:00+00:00,3229.0,3231.78,8.609476618148653,0.00029666,0.00033546,2024-02-28T00:00:00+00:00,464.0,-22.035923381851347,FLAT,False,False,False,
2024-02-27T16:17:00+00:00,3227.49,3230.3,8.706456100562358,0.00029666,0.00033546,2024-02-28T00:00:00+00:00,463.0,-21.938943899437643,FLAT,False,False,False,
2024-02-27T16:18:00+00:00,3234.99,3238.0,9.304510987669879,0.00029666,0.00033546,2024-02-28T00:00:00+00:00,462.0,-21.340889012330123,FLAT,False,False,False,
2024-02-27T16:19:00+00:00,3235.42,3238.05,8.12877462586035,0.00029666,0.00033546,2024-02-28T00:00:00+00:00,461.0,-22.51662537413965,FLAT,False,False,False,
2024-02-27T16:20:00+00:00,3239.64,3242.63,9.22942055290167,0.00029666,0.00033546,2024-02-28T00:00:00+00:00,460.0,-21.41597944709833,FLAT,False,False,False,
2024-02-27T16:21:00+00:00,3244.23,3247.4,9.771193780959033,0.00029666,0.00033546,2024-02-28T00:00:00+00:00,459.0,-20.874206219040968,FLAT,False,False,False,
2024-02-27T16:22:00+00:00,3241.9,3244.27,7.310527776920604,0.00029666,0.00033546,2024-02-28T00:00:00+00:00,458.0,-23.334872223079394,FLAT,False,False,False,
2024-02-27T16:23:00+00:00,3248.75,3252.0,10.003847633705272,0.00029666,0.00033546,2024-02-28T00:00:00+00:00,457.0,-20.64155236629473,FLAT,False,False,False,
2024-02-27T16:24:00+00:00,3244.21,3247.17,9.123946970140763,0.00029666,0.00033546,2024-02-28T00:00:00+00:00,456.0,-21.521453029859238,FLAT,False,False,False,
2024-02-27T16:25:00+00:00,3247.7,3250.81,9.576007636173685,0.00029666,0.00033546,2024-02-28T00:00:00+00:00,455.0,-21.069392363826317,FLAT,False,False,False,
2024-02-27T16:26:00+00:00,3249.47,3252.81,10.27859927926753,0.00029666,0.00033546,2024-02-28T00:00:00+00:00,454.0,-20.36680072073247,FLAT,False,False,False,
2024-02-27T16:27:00+00:00,3246.9,3249.42,7.761249191536486,0.00029666,0.00033546,2024-02-28T00:00:00+00:00,453.0,-22.884150808463517,FLAT,False,False,False,
2024-02-27T16:28:00+00:00,3245.61,3248.31,8.318929261370954,0.00029666,0.00033546,2024-02-28T00:00:00+00:00,452.0,-22.326470738629048,FLAT,False,False,False,
2024-02-27T16:29:00+00:00,3244.03,3246.69,8.199677561551079,0.00029666,0.00033546,2024-02-28T00:00:00+00:00,451.0,-22.44572243844892,FLAT,False,False,False,
2024-02-27T16:30:00+00:00,3249.44,3252.14,8.309124033679089,0.00029666,0.00033546,2024-02-28T00:00:00+00:00,450.0,-22.336275966320912,FLAT,False,False,False,
2024-02-27T16:31:00+00:00,3250.33,3252.91,7.937655561127416,0.00029666,0.00033546,2024-02-28T00:00:00+00:00,449.0,-22.707744438872584,FLAT,False,False,False,
2024-02-27T16:32:00+00:00,3245.91,3248.85,9.057552427516644,0.00029666,0.00033546,2024-02-28T00:00:00+00:00,448.0,-21.587847572483355,FLAT,False,False,False,
2024-02-27T16:33:00+00:00,3248.51,3251.25,8.434636187051238,0.00029666,0.00033546,2024-02-28T00:00:00+00:00,447.0,-22.210763812948763,FLAT,False,False,False,
2024-02-27T16:34:00+00:00,3248.2,3250.87,8.219937195985693,0.00029666,0.00033546,2024-02-28T00:00:00+00:00,446.0,-22.42546280401431,FLAT,False,False,False,
2024-02-27T16:35:00+00:00,3246.91,3249.88,9.14715837519443,0.00029666,0.00033546,2024-02-28T00:00:00+00:00,445.0,-21.498241624805573,FLAT,False,False,False,
2024-02-27T16:36:00+00:00,3242.65,3245.22,7.925616393997838,0.00029666,0.00033546,2024-02-28T00:00:00+00:00,444.0,-22.71978360600216,FLAT,False,False,False,
2024-02-27T16:37:00+00:00,3242.93,3245.75,8.695839873201592,0.00029666,0.00033546,2024-02-28T00:00:00+00:00,443.0,-21.94956012679841,FLAT,False,False,False,
2024-02-27T16:38:00+00:00,3240.25,3242.72,7.622868605816835,0.00029666,0.00033546,2024-02-28T00:00:00+00:00,442.0,-23.022531394183165,FLAT,False,False,False,
2024-02-27T16:39:00+00:00,3239.26,3241.75,7.686940844513196,0.00029666,0.00033546,2024-02-28T00:00:00+00:00,441.0,-22.958459155486803,FLAT,False,False,False,
2024-02-27T16:40:00+00:00,3237.54,3239.97,7.505698771288807,0.00029666,0.00033546,2024-02-28T00:00:00+00:00,440.0,-23.139701228711193,FLAT,False,False,False,
2024-02-27T16:41:00+00:00,3232.72,3234.65,5.970204657379208,0.00029666,0.00033546,2024-02-28T00:00:00+00:00,439.0,-24.675195342620793,FLAT,False,False,False,
2024-02-27T16:42:00+00:00,3231.69,3233.67,6.126825283365726,0.00029666,0.00033546,2024-02-28T00:00:00+00:00,438.0,-24.518574716634276,FLAT,False,False,False,
2024-02-27T16:43:00+00:00,3229.28,3231.75,7.648763811127557,0.00029666,0.00033546,2024-02-28T00:00:00+00:00,437.0,-22.996636188872444,FLAT,False,False,False,
2024-02-27T16:44:00+00:00,3231.3,3233.61,7.148825550088031,0.00029666,0.00033546,2024-02-28T00:00:00+00:00,436.0,-23.496574449911968,FLAT,False,False,False,
2024-02-27T16:45:00+00:00,3239.01,3241.29,7.039187900005698,0.00029666,0.00033546,2024-02-28T00:00:00+00:00,435.0,-23.606212099994302,FLAT,False,False,False,
2024-02-27T16:46:00+00:00,3241.15,3244.14,9.225120713326385,0.00029666,0.00033546,2024-02-28T00:00:00+00:00,434.0,-21.420279286673615,FLAT,False,False,False,
2024-02-27T16:47:00+00:00,3242.01,3244.72,8.359011847587087,0.00029666,0.00033546,2024-02-28T00:00:00+00:00,433.0,-22.28638815241291,FLAT,False,False,False,
2024-02-27T16:48:00+00:00,3240.29,3242.51,6.851238623704219,0.00029666,0.00033546,2024-02-28T00:00:00+00:00,432.0,-23.794161376295783,FLAT,False,False,False,
2024-02-27T16:49:00+00:00,3235.35,3237.84,7.696230701470434,0.00029666,0.00033546,2024-02-28T00:00:00+00:00,431.0,-22.94916929852957,FLAT,False,False,False,
2024-02-27T16:50:00+00:00,3234.75,3237.44,8.315944045135033,0.00029666,0.00033546,2024-02-28T00:00:00+00:00,430.0,-22.32945595486497,FLAT,False,False,False,
2024-02-27T16:51:00+00:00,3236.73,3239.46,8.43443846103944,0.00029666,0.00033546,2024-02-28T00:00:00+00:00,429.0,-22.21096153896056,FLAT,False,False,False,
2024-02-27T16:52:00+00:00,3236.35,3238.85,7.724751649234477,0.00029666,0.00033546,2024-02-28T00:00:00+00:00,428.0,-22.920648350765525,FLAT,False,False,False,
2024-02-27T16:53:00+00:00,3234.99,3237.59,8.037119125562564,0.00029666,0.00033546,2024-02-28T00:00:00+00:00,427.0,-22.608280874437437,FLAT,False,False,False,
2024-02-27T16:54:00+00:00,3235.1,3237.49,7.387715990231747,0.00029666,0.00033546,2024-02-28T00:00:00+00:00,426.0,-23.257684009768255,FLAT,False,False,False,
2024-02-27T16:55:00+00:00,3237.99,3240.55,7.906139302469743,0.00029666,0.00033546,2024-02-28T00:00:00+00:00,425.0,-22.739260697530256,FLAT,False,False,False,
2024-02-27T16:56:00+00:00,3235.01,3237.6,8.006157631660152,0.00029666,0.00033546,2024-02-28T00:00:00+00:00,424.0,-22.63924236833985,FLAT,False,False,False,
2024-02-27T16:57:00+00:00,3233.81,3236.16,7.266969920928902,0.00029666,0.00033546,2024-02-28T00:00:00+00:00,423.0,-23.378430079071098,FLAT,False,False,False,
2024-02-27T16:58:00+00:00,3233.61,3236.28,8.257025429783036,0.00029666,0.00033546,2024-02-28T00:00:00+00:00,422.0,-22.388374570216964,FLAT,False,False,False,
2024-02-27T16:59:00+00:00,3237.38,3240.0,8.09296406353252,0.00029666,0.00033546,2024-02-28T00:00:00+00:00,421.0,-22.552435936467482,FLAT,False,False,False,
2024-02-27T17:00:00+00:00,3238.03,3240.47,7.5354459347183305,0.00029666,0.00033546,2024-02-28T00:00:00+00:00,420.0,-23.10995406528167,FLAT,False,False,False,
2024-02-27T17:01:00+00:00,3235.51,3237.85,7.232244684762806,0.00029666,0.00033546,2024-02-28T00:00:00+00:00,419.0,-23.413155315237194,FLAT,False,False,False,
2024-02-27T17:02:00+00:00,3234.42,3237.1,8.28587505642383,0.00029666,0.00033546,2024-02-28T00:00:00+00:00,418.0,-22.35952494357617,FLAT,False,False,False,
2024-02-27T17:03:00+00:00,3235.66,3238.4,8.468133240205203,0.00029666,0.00033546,2024-02-28T00:00:00+00:00,417.0,-22.177266759794797,FLAT,False,False,False,
2024-02-27T17:04:00+00:00,3240.08,3243.08,9.259030641218736,0.00029666,0.00033546,2024-02-28T00:00:00+00:00,416.0,-21.386369358781266,FLAT,False,False,False,
2024-02-27T17:05:00+00:00,3241.77,3244.3,7.804378472254973,0.00029666,0.00033546,2024-02-28T00:00:00+00:00,415.0,-22.841021527745028,FLAT,False,False,False,
2024-02-27T17:06:00+00:00,3242.34,3245.09,8.481528772429789,0.00029666,0.00033546,2024-02-28T00:00:00+00:00,414.0,-22.163871227570212,FLAT,False,False,False,
2024-02-27T17:07:00+00:00,3241.97,3244.72,8.482496753517152,0.00029666,0.00033546,2024-02-28T00:00:00+00:00,413.0,-22.16290324648285,FLAT,False,False,False,
2024-02-27T17:08:00+00:00,3245.44,3248.5,9.428613685663409,0.00029666,0.00033546,2024-02-28T00:00:00+00:00,412.0,-21.21678631433659,FLAT,False,False,False,
2024-02-27T17:09:00+00:00,3245.83,3248.69,8.811305582855933,0.00029666,0.00033546,2024-02-28T00:00:00+00:00,411.0,-21.834094417144065,FLAT,False,False,False,
2024-02-27T17:10:00+00:00,3241.01,3243.62,8.053045192701264,0.00029666,0.00033546,2024-02-28T00:00:00+00:00,410.0,-22.592354807298737,FLAT,False,False,False,
2024-02-27T17:11:00+00:00,3240.06,3243.07,9.289951420653377,0.00029666,0.00033546,2024-02-28T00:00:00+00:00,409.0,-21.35544857934662,FLAT,False,False,False,
2024-02-27T17:12:00+00:00,3241.7,3244.92,9.933059814295754,0.00029666,0.00033546,2024-02-28T00:00:00+00:00,408.0,-20.712340185704246,FLAT,False,False,False,
2024-02-27T17:13:00+00:00,3240.59,3243.22,8.115806072349956,0.00029666,0.00033546,2024-02-28T00:00:00+00:00,407.0,-22.529593927650044,FLAT,False,False,False,
2024-02-27T17:14:00+00:00,3240.5,3243.23,8.424625829347379,0.00029666,0.00033546,2024-02-28T00:00:00+00:00,406.0,-22.22077417065262,FLAT,False,False,False,
2024-02-27T17:15:00+00:00,3241.78,3244.63,8.791466416598007,0.00029666,0.00033546,2024-02-28T00:00:00+00:00,405.0,-21.853933583401993,FLAT,False,False,False,
2024-02-27T17:16:00+00:00,3244.13,3246.8,8.230249712557983,0.00029666,0.00033546,2024-02-28T00:00:00+00:00,404.0,-22.415150287442017,FLAT,False,False,False,
2024-02-27T17:17:00+00:00,3243.17,3245.92,8.47935815883842,0.00029666,0.00033546,2024-02-28T00:00:00+00:00,403.0,-22.16604184116158,FLAT,False,False,False,
2024-02-27T17:18:00+00:00,3240.35,3243.04,8.301572361010553,0.00029666,0.00033546,2024-02-28T00:00:00+00:00,402.0,-22.343827638989445,FLAT,False,False,False,
2024-02-27T17:19:00+00:00,3242.5,3245.17,8.234387047031836,0.00029666,0.00033546,2024-02-28T00:00:00+00:00,401.0,-22.411012952968164,FLAT,False,False,False,
2024-02-27T17:20:00+00:00,3241.6,3244.02,7.465449160908418,0.00029666,0.00033546,2024-02-28T00:00:00+00:00,400.0,-23.179950839091582,FLAT,False,False,False,
2024-02-27T17:21:00+00:00,3240.82,3243.34,7.775809825908202,0.00029666,0.00033546,2024-02-28T00:00:00+00:00,399.0,-22.869590174091798,FLAT,False,False,False,
2024-02-27T17:22:00+00:00,3240.0,3242.65,8.179012345679293,0.00029666,0.00033546,2024-02-28T00:00:00+00:00,398.0,-22.466387654320705,FLAT,False,False,False,
2024-02-27T17:23:00+00:00,3240.39,3243.11,8.394051333327948,0.00029666,0.00033546,2024-02-28T00:00:00+00:00,397.0,-22.25134866667205,FLAT,False,False,False,
2024-02-27T17:24:00+00:00,3239.06,3241.7,8.150512803096802,0.00029666,0.00033546,2024-02-28T00:00:00+00:00,396.0,-22.4948871969032,FLAT,False,False,False,
2024-02-27T17:25:00+00:00,3239.0,3241.61,8.058042605742905,0.00029666,0.00033546,2024-02-28T00:00:00+00:00,395.0,-22.587357394257097,FLAT,False,False,False,
2024-02-27T17:26:00+00:00,3236.09,3238.33,6.921933567977966,0.00029666,0.00033546,2024-02-28T00:00:00+00:00,394.0,-23.723466432022036,FLAT,False,False,False,
2024-02-27T17:27:00+00:00,3238.17,3240.94,8.554214262994165,0.00029666,0.00033546,2024-02-28T00:00:00+00:00,393.0,-22.091185737005837,FLAT,False,False,False,
2024-02-27T17:28:00+00:00,3240.26,3242.99,8.425249825629928,0.00029666,0.00033546,2024-02-28T00:00:00+00:00,392.0,-22.220150174370072,FLAT,False,False,False,
2024-02-27T17:29:00+00:00,3239.6,3242.1,7.717002099024572,0.00029666,0.00033546,2024-02-28T00:00:00+00:00,391.0,-22.928397900975426,FLAT,False,False,False,
2024-02-27T17:30:00+00:00,3242.62,3245.3,8.264921575763706,0.00029666,0.00033546,2024-02-28T00:00:00+00:00,390.0,-22.380478424236294,FLAT,False,False,False,
2024-02-27T17:31:00+00:00,3241.38,3243.89,7.743615373698127,0.00029666,0.00033546,2024-02-28T00:00:00+00:00,389.0,-22.901784626301875,FLAT,False,False,False,
2024-02-27T17:32:00+00:00,3237.75,3240.35,8.030267932977868,0.00029666,0.00033546,2024-02-28T00:00:00+00:00,388.0,-22.61513206702213,FLAT,False,False,False,
2024-02-27T17:33:00+00:00,3236.0,3238.88,8.899876390606023,0.00029666,0.00033546,2024-02-28T00:00:00+00:00,387.0,-21.745523609393977,FLAT,False,False,False,
2024-02-27T17:34:00+00:00,3228.39,3231.2,8.704028943219207,0.00029666,0.00033546,2024-02-28T00:00:00+00:00,386.0,-21.941371056780795,FLAT,False,False,False,
2024-02-27T17:35:00+00:00,3227.0,3229.64,8.180973039974814,0.00029666,0.00033546,2024-02-28T00:00:00+00:00,385.0,-22.464426960025186,FLAT,False,False,False,
2024-02-27T17:36:00+00:00,3225.4,3227.77,7.347925838655333,0.00029666,0.00033546,2024-02-28T00:00:00+00:00,384.0,-23.297474161344667,FLAT,False,False,False,
2024-02-27T17:37:00+00:00,3225.55,3228.03,7.688611244594002,0.00029666,0.00033546,2024-02-28T00:00:00+00:00,383.0,-22.956788755406,FLAT,False,False,False,
2024-02-27T17:38:00+00:00,3223.76,3226.34,8.003077152145094,0.00029666,0.00033546,2024-02-28T00:00:00+00:00,382.0,-22.642322847854906,FLAT,False,False,False,
2024-02-27T17:39:00+00:00,3215.8,3218.08,7.089993158777739,0.00029666,0.00033546,2024-02-28T00:00:00+00:00,381.0,-23.55540684122226,FLAT,False,False,False,
2024-02-27T17:40:00+00:00,3218.47,3221.25,8.637644595103264,0.00029666,0.00033546,2024-02-28T00:00:00+00:00,380.0,-22.007755404896734,FLAT,False,False,False,
2024-02-27T17:41:00+00:00,3219.77,3222.32,7.919820359839933,0.00029666,0.00033546,2024-02-28T00:00:00+00:00,379.0,-22.725579640160067,FLAT,False,False,False,
2024-02-27T17:42:00+00:00,3221.2,3223.54,7.264373525394715,0.00029666,0.00033546,2024-02-28T00:00:00+00:00,378.0,-23.381026474605285,FLAT,False,False,False,
2024-02-27T17:43:00+00:00,3222.48,3224.75,7.044264045083233,0.00029666,0.00033546,2024-02-28T00:00:00+00:00,377.0,-23.601135954916767,FLAT,False,False,False,
2024-02-27T17:44:00+00:00,3222.02,3224.03,6.238322543001652,0.00029666,0.00033546,2024-02-28T00:00:00+00:00,376.0,-24.407077456998348,FLAT,False,False,False,
2024-02-27T17:45:00+00:00,3228.41,3230.65,6.9384000173467335,0.00029666,0.00033546,2024-02-28T00:00:00+00:00,375.0,-23.706999982653265,FLAT,False,False,False,
2024-02-27T17:46:00+00:00,3232.13,3235.01,8.91053268278228,0.00029666,0.00033546,2024-02-28T00:00:00+00:00,374.0,-21.73486731721772,FLAT,False,False,False,
2024-02-27T17:47:00+00:00,3232.63,3235.34,8.383266875578201,0.00029666,0.00033546,2024-02-28T00:00:00+00:00,373.0,-22.2621331244218,FLAT,False,False,False,
2024-02-27T17:48:00+00:00,3229.88,3232.62,8.483287304790833,0.00029666,0.00033546,2024-02-28T00:00:00+00:00,372.0,-22.162112695209167,FLAT,False,False,False,
2024-02-27T17:49:00+00:00,3227.84,3230.41,7.961980767323376,0.00029666,0.00033546,2024-02-28T00:00:00+00:00,371.0,-22.683419232676624,FLAT,False,False,False,
2024-02-27T17:50:00+00:00,3226.72,3229.2,7.685823374820308,0.00029666,0.00033546,2024-02-28T00:00:00+00:00,370.0,-22.959576625179693,FLAT,False,False,False,
2024-02-27T17:51:00+00:00,3223.6,3226.49,8.965132150390472,0.00029666,0.00033546,2024-02-28T00:00:00+00:00,369.0,-21.68026784960953,FLAT,False,False,False,
2024-02-27T17:52:00+00:00,3221.95,3224.73,8.628315150763358,0.00029666,0.00033546,2024-02-28T00:00:00+00:00,368.0,-22.017084849236642,FLAT,False,False,False,
2024-02-27T17:53:00+00:00,3221.06,3223.88,8.754881933277131,0.00029666,0.00033546,2024-02-28T00:00:00+00:00,367.0,-21.89051806672287,FLAT,False,False,False,
2024-02-27T17:54:00+00:00,3224.39,3227.35,9.180030951590957,0.00029666,0.00033546,2024-02-28T00:00:00+00:00,366.0,-21.465369048409045,FLAT,False,False,False,
2024-02-27T17:55:00+00:00,3221.68,3224.56,8.939435325668935,0.00029666,0.00033546,2024-02-28T00:00:00+00:00,365.0,-21.705964674331064,FLAT,False,False,False,
2024-02-27T17:56:00+00:00,3221.81,3224.56,8.535574723524975,0.00029666,0.00033546,2024-02-28T00:00:00+00:00,364.0,-22.109825276475025,FLAT,False,False,False,
2024-02-27T17:57:00+00:00,3220.99,3223.9,9.034489396118303,0.00029666,0.00033546,2024-02-28T00:00:00+00:00,363.0,-21.6109106038817,FLAT,False,False,False,
2024-02-27T17:58:00+00:00,3223.0,3225.92,9.059882097424985,0.00029666,0.00033546,2024-02-28T00:00:00+00:00,362.0,-21.585517902575013,FLAT,False,False,False,
2024-02-27T17:59:00+00:00,3225.55,3228.17,8.122645750336813,0.00029666,0.00033546,2024-02-28T00:00:00+00:00,361.0,-22.522754249663187,FLAT,False,False,False,
2024-02-27T18:00:00+00:00,3222.42,3224.76,7.261623252090496,0.00029666,0.00033546,2024-02-28T00:00:00+00:00,360.0,-23.383776747909504,FLAT,False,False,False,
2024-02-27T18:01:00+00:00,3223.32,3226.01,8.345432659494106,0.00029666,0.00033546,2024-02-28T00:00:00+00:00,359.0,-22.299967340505894,FLAT,False,False,False,
2024-02-27T18:02:00+00:00,3228.21,3230.73,7.806183612590202,0.00029666,0.00033546,2024-02-28T00:00:00+00:00,358.0,-22.8392163874098,FLAT,False,False,False,
2024-02-27T18:03:00+00:00,3228.81,3231.22,7.4640502228370655,0.00029666,0.00033546,2024-02-28T00:00:00+00:00,357.0,-23.181349777162936,FLAT,False,False,False,
2024-02-27T18:04:00+00:00,3226.54,3229.18,8.182139381504252,0.00029666,0.00033546,2024-02-28T00:00:00+00:00,356.0,-22.46326061849575,FLAT,False,False,False,
2024-02-27T18:05:00+00:00,3224.8,3227.56,8.558670305134468,0.00029666,0.00033546,2024-02-28T00:00:00+00:00,355.0,-22.086729694865532,FLAT,False,False,False,
2024-02-27T18:06:00+00:00,3224.79,3227.79,9.30293135366954,0.00029666,0.00033546,2024-02-28T00:00:00+00:00,354.0,-21.34246864633046,FLAT,False,False,False,
2024-02-27T18:07:00+00:00,3222.5,3225.46,9.1854150504268,0.00029666,0.00033546,2024-02-28T00:00:00+00:00,353.0,-21.4599849495732,FLAT,False,False,False,
2024-02-27T18:08:00+00:00,3224.2,3227.04,8.808386576515556,0.00029666,0.00033546,2024-02-28T00:00:00+00:00,352.0,-21.837013423484443,FLAT,False,False,False,
2024-02-27T18:09:00+00:00,3226.69,3229.61,9.049521336106265,0.00029666,0.00033546,2024-02-28T00:00:00+00:00,351.0,-21.595878663893735,FLAT,False,False,False,
2024-02-27T18:10:00+00:00,3228.5,3231.1,8.053275514944739,0.00029666,0.00033546,2024-02-28T00:00:00+00:00,350.0,-22.592124485055262,FLAT,False,False,False,
2024-02-27T18:11:00+00:00,3230.2,3233.02,8.730109590737923,0.00029666,0.00033546,2024-02-28T00:00:00+00:00,349.0,-21.915290409262077,FLAT,False,False,False,
2024-02-27T18:12:00+00:00,3232.84,3235.79,9.125103624057541,0.00029666,0.00033546,2024-02-28T00:00:00+00:00,348.0,-21.520296375942458,FLAT,False,False,False,
2024-02-27T18:13:00+00:00,3233.2,3236.04,8.783867375974719,0.00029666,0.00033546,2024-02-28T00:00:00+00:00,347.0,-21.86153262402528,FLAT,False,False,False,
2024-02-27T18:14:00+00:00,3232.02,3234.6,7.982623869901571,0.00029666,0.00033546,2024-02-28T00:00:00+00:00,346.0,-22.66277613009843,FLAT,False,False,False,
2024-02-27T18:15:00+00:00,3232.19,3235.11,9.03412237523188,0.00029666,0.00033546,2024-02-28T00:00:00+00:00,345.0,-21.61127762476812,FLAT,False,False,False,
2024-02-27T18:16:00+00:00,3235.5,3238.27,8.561273373512538,0.00029666,0.00033546,2024-02-28T00:00:00+00:00,344.0,-22.08412662648746,FLAT,False,False,False,
2024-02-27T18:17:00+00:00,3235.41,3237.83,7.479732089596289,0.00029666,0.00033546,2024-02-28T00:00:00+00:00,343.0,-23.165667910403712,FLAT,False,False,False,
2024-02-27T18:18:00+00:00,3236.44,3238.9,7.600944247383039,0.00029666,0.00033546,2024-02-28T00:00:00+00:00,342.0,-23.04445575261696,FLAT,False,False,False,
2024-02-27T18:19:00+00:00,3234.2,3236.55,7.266093624390464,0.00029666,0.00033546,2024-02-28T00:00:00+00:00,341.0,-23.379306375609538,FLAT,False,False,False,
2024-02-27T18:20:00+00:00,3236.22,3238.96,8.46666790267731,0.00029666,0.00033546,2024-02-28T00:00:00+00:00,340.0,-22.17873209732269,FLAT,False,False,False,
2024-02-27T18:21:00+00:00,3234.89,3237.28,7.388195580067104,0.00029666,0.00033546,2024-02-28T00:00:00+00:00,339.0,-23.257204419932897,FLAT,False,False,False,
2024-02-27T18:22:00+00:00,3237.47,3239.45,6.115886788140179,0.00029666,0.00033546,2024-02-28T00:00:00+00:00,338.0,-24.529513211859822,FLAT,False,False,False,
2024-02-27T18:23:00+00:00,3235.94,3238.47,7.818439155236949,0.00029666,0.00033546,2024-02-28T00:00:00+00:00,337.0,-22.82696084476305,FLAT,False,False,False,
2024-02-27T18:24:00+00:00,3238.6,3240.86,6.978323967146973,0.00029666,0.00033546,2024-02-28T00:00:00+00:00,336.0,-23.667076032853025,FLAT,False,False,False,
2024-02-27T18:25:00+00:00,3237.61,3240.08,7.629084417208372,0.00029666,0.00033546,2024-02-28T00:00:00+00:00,335.0,-23.016315582791627,FLAT,False,False,False,
2024-02-27T18:26:00+00:00,3239.01,3241.21,6.792198850882887,0.00029666,0.00033546,2024-02-28T00:00:00+00:00,334.0,-23.853201149117112,FLAT,False,False,False,
2024-02-27T18:27:00+00:00,3237.19,3239.33,6.6106716009868824,0.00029666,0.00033546,2024-02-28T00:00:00+00:00,333.0,-24.03472839901312,FLAT,False,False,False,
2024-02-27T18:28:00+00:00,3236.68,3238.53,5.715733405836734,0.00029666,0.00033546,2024-02-28T00:00:00+00:00,332.0,-24.929666594163265,FLAT,False,False,False,
2024-02-27T18:29:00+00:00,3237.06,3239.6,7.846626259630541,0.00029666,0.00033546,2024-02-28T00:00:00+00:00,331.0,-22.79877374036946,FLAT,False,False,False,
2024-02-27T18:30:00+00:00,3234.54,3236.73,6.770669090504538,0.00029666,0.00033546,2024-02-28T00:00:00+00:00,330.0,-23.87473090949546,FLAT,False,False,False,
2024-02-27T18:31:00+00:00,3237.19,3239.49,7.104927421620995,0.00029666,0.00033546,2024-02-28T00:00:00+00:00,329.0,-23.540472578379003,FLAT,False,False,False,
2024-02-27T18:32:00+00:00,3236.29,3238.45,6.674309162651847,0.00029666,0.00033546,2024-02-28T00:00:00+00:00,328.0,-23.971090837348154,FLAT,False,False,False,
2024-02-27T18:33:00+00:00,3237.84,3240.28,7.5358881229463295,0.00029666,0.00033546,2024-02-28T00:00:00+00:00,327.0,-23.10951187705367,FLAT,False,False,False,
2024-02-27T18:34:00+00:00,3237.41,3239.79,7.351555718923798,0.00029666,0.00033546,2024-02-28T00:00:00+00:00,326.0,-23.293844281076204,FLAT,False,False,False,
2024-02-27T18:35:00+00:00,3238.52,3240.61,6.45356520879953,0.00029666,0.00033546,2024-02-28T00:00:00+00:00,325.0,-24.19183479120047,FLAT,False,False,False,
2024-02-27T18:36:00+00:00,3238.15,3240.21,6.361657119033847,0.00029666,0.00033546,2024-02-28T00:00:00+00:00,324.0,-24.28374288096615,FLAT,False,False,False,
2024-02-27T18:37:00+00:00,3238.01,3240.27,6.9795954922923755,0.00029666,0.00033546,2024-02-28T00:00:00+00:00,323.0,-23.665804507707627,FLAT,False,False,False,
2024-02-27T18:38:00+00:00,3239.22,3241.77,7.8722655454096415,0.00029666,0.00033546,2024-02-28T00:00:00+00:00,322.0,-22.77313445459036,FLAT,False,False,False,
2024-02-27T18:39:00+00:00,3239.78,3242.43,8.179567748426239,0.00029666,0.00033546,2024-02-28T00:00:00+00:00,321.0,-22.46583225157376,FLAT,False,False,False,
2024-02-27T18:40:00+00:00,3238.4,3240.75,7.256669960474027,0.00029666,0.00033546,2024-02-28T00:00:00+00:00,320.0,-23.388730039525974,FLAT,False,False,False,
2024-02-27T18:41:00+00:00,3237.31,3240.13,8.710935931375628,0.00029666,0.00033546,2024-02-28T00:00:00+00:00,319.0,-21.934464068624372,FLAT,False,False,False,
2024-02-27T18:42:00+00:00,3237.34,3239.89,7.876837156430054,0.00029666,0.00033546,2024-02-28T00:00:00+00:00,318.0,-22.768562843569946,FLAT,False,False,False,
2024-02-27T18:43:00+00:00,3238.62,3241.01,7.379686409644624,0.00029666,0.00033546,2024-02-28T00:00:00+00:00,317.0,-23.265713590355375,FLAT,False,False,False,
2024-02-27T18:44:00+00:00,3238.31,3240.57,6.978948896184177,0.00029666,0.00033546,2024-02-28T00:00:00+00:00,316.0,-23.666451103815824,FLAT,False,False,False,
2024-02-27T18:45:00+00:00,3236.65,3238.81,6.673566805183923,0.00029666,0.00033546,2024-02-28T00:00:00+00:00,315.0,-23.971833194816078,FLAT,False,False,False,
2024-02-27T18:46:00+00:00,3235.58,3237.94,7.293900938935608,0.00029666,0.00033546,2024-02-28T00:00:00+00:00,314.0,-23.35149906106439,FLAT,False,False,False,
2024-02-27T18:47:00+00:00,3238.1,3240.7,8.029399956764488,0.00029666,0.00033546,2024-02-28T00:00:00+00:00,313.0,-22.616000043235513,FLAT,False,False,False,
2024-02-27T18:48:00+00:00,3238.81,3241.25,7.53363117935308,0.00029666,0.00033546,2024-02-28T00:00:00+00:00,312.0,-23.111768820646923,FLAT,False,False,False,
2024-02-27T18:49:00+00:00,3236.47,3239.2,8.43511603691682,0.00029666,0.00033546,2024-02-28T00:00:00+00:00,311.0,-22.210283963083178,FLAT,False,False,False,
2024-02-27T18:50:00+00:00,3236.75,3238.93,6.735151000231208,0.00029666,0.00033546,2024-02-28T00:00:00+00:00,310.0,-23.91024899976879,FLAT,False,False,False,
2024-02-27T18:51:00+00:00,3234.41,3236.78,7.327456939597472,0.00029666,0.00033546,2024-02-28T00:00:00+00:00,309.0,-23.317943060402527,FLAT,False,False,False,
2024-02-27T18:52:00+00:00,3235.9,3238.27,7.324082944466426,0.00029666,0.00033546,2024-02-28T00:00:00+00:00,308.0,-23.321317055533576,FLAT,False,False,False,
2024-02-27T18:53:00+00:00,3235.17,3237.64,7.634838354707171,0.00029666,0.00033546,2024-02-28T00:00:00+00:00,307.0,-23.010561645292828,FLAT,False,False,False,
2024-02-27T18:54:00+00:00,3235.02,3237.54,7.789750913440973,0.00029666,0.00033546,2024-02-28T00:00:00+00:00,306.0,-22.855649086559026,FLAT,False,False,False,
2024-02-27T18:55:00+00:00,3234.95,3237.56,8.068130883012497,0.00029666,0.00033546,2024-02-28T00:00:00+00:00,305.0,-22.5772691169875,FLAT,False,False,False,
2024-02-27T18:56:00+00:00,3233.99,3236.62,8.132368993101739,0.00029666,0.00033546,2024-02-28T00:00:00+00:00,304.0,-22.51303100689826,FLAT,False,False,False,
2024-02-27T18:57:00+00:00,3234.75,3236.9,6.646572378082049,0.00029666,0.00033546,2024-02-28T00:00:00+00:00,303.0,-23.99882762191795,FLAT,False,False,False,
2024-02-27T18:58:00+00:00,3236.77,3239.16,7.383904324372361,0.00029666,0.00033546,2024-02-28T00:00:00+00:00,302.0,-23.26149567562764,FLAT,False,False,False,
2024-02-27T18:59:00+00:00,3235.61,3237.84,6.892054357601869,0.00029666,0.00033546,2024-02-28T00:00:00+00:00,301.0,-23.75334564239813,FLAT,False,False,False,
2024-02-27T19:00:00+00:00,3237.63,3239.96,7.196622220574702,0.00029666,0.00033546,2024-02-28T00:00:00+00:00,300.0,-23.4487777794253,FLAT,False,False,False,
2024-02-27T19:01:00+00:00,3237.99,3240.49,7.720839162566901,0.00029666,0.00033546,2024-02-28T00:00:00+00:00,299.0,-22.9245608374331,FLAT,False,False,False,
2024-02-27T19:02:00+00:00,3237.91,3240.65,8.462248796292165,0.00029666,0.00033546,2024-02-28T00:00:00+00:00,298.0,-22.183151203707837,FLAT,False,False,False,
2024-02-27T19:03:00+00:00,3234.71,3237.0,7.079459982502183,0.00029666,0.00033546,2024-02-28T00:00:00+00:00,297.0,-23.565940017497816,FLAT,False,False,False,
2024-02-27T19:04:00+00:00,3234.18,3236.94,8.533847837783359,0.00029666,0.00033546,2024-02-28T00:00:00+00:00,296.0,-22.11155216221664,FLAT,False,False,False,
2024-02-27T19:05:00+00:00,3236.51,3238.98,7.631677331445909,0.00029666,0.00033546,2024-02-28T00:00:00+00:00,295.0,-23.01372266855409,FLAT,False,False,False,
2024-02-27T19:06:00+00:00,3240.41,3242.85,7.529911338380188,0.00029666,0.00033546,2024-02-28T00:00:00+00:00,294.0,-23.115488661619814,FLAT,False,False,False,
2024-02-27T19:07:00+00:00,3242.92,3245.61,8.294993401009135,0.00029666,0.00033546,2024-02-28T00:00:00+00:00,293.0,-22.350406598990865,FLAT,False,False,False,
2024-02-27T19:08:00+00:00,3242.37,3244.9,7.80293427338706,0.00029666,0.00033546,2024-02-28T00:00:00+00:00,292.0,-22.84246572661294,FLAT,False,False,False,
2024-02-27T19:09:00+00:00,3243.55,3246.15,8.015908495321204,0.00029666,0.00033546,2024-02-28T00:00:00+00:00,291.0,-22.629491504678796,FLAT,False,False,False,
2024-02-27T19:10:00+00:00,3244.01,3246.84,8.723770888498887,0.00029666,0.00033546,2024-02-28T00:00:00+00:00,290.0,-21.92162911150111,FLAT,False,False,False,
2024-02-27T19:11:00+00:00,3244.41,3246.91,7.705561257670886,0.00029666,0.00033546,2024-02-28T00:00:00+00:00,289.0,-22.939838742329115,FLAT,False,False,False,
2024-02-27T19:12:00+00:00,3242.61,3245.28,8.234107709530509,0.00029666,0.00033546,2024-02-28T00:00:00+00:00,288.0,-22.41129229046949,FLAT,False,False,False,
2024-02-27T19:13:00+00:00,3241.78,3244.44,8.205368655491286,0.00029666,0.00033546,2024-02-28T00:00:00+00:00,287.0,-22.440031344508714,FLAT,False,False,False,
2024-02-27T19:14:00+00:00,3242.57,3245.5,9.036042398467377,0.00029666,0.00033546,2024-02-28T00:00:00+00:00,286.0,-21.609357601532622,FLAT,False,False,False,
2024-02-27T19:15:00+00:00,3246.7,3249.42,8.37773739489406,0.00029666,0.00033546,2024-02-28T00:00:00+00:00,285.0,-22.26766260510594,FLAT,False,False,False,
2024-02-27T19:16:00+00:00,3247.22,3249.9,8.253213518025547,0.00029666,0.00033546,2024-02-28T00:00:00+00:00,284.0,-22.392186481974456,FLAT,False,False,False,
2024-02-27T19:17:00+00:00,3245.13,3247.7,7.9195594629481985,0.00029666,0.00033546,2024-02-28T00:00:00+00:00,283.0,-22.725840537051802,FLAT,False,False,False,
2024-02-27T19:18:00+00:00,3247.46,3249.99,7.7907041195264775,0.00029666,0.00033546,2024-02-28T00:00:00+00:00,282.0,-22.85469588047352,FLAT,False,False,False,
2024-02-27T19:19:00+00:00,3246.55,3249.07,7.7620859065776955,0.00029666,0.00033546,2024-02-28T00:00:00+00:00,281.0,-22.883314093422307,FLAT,False,False,False,
2024-02-27T19:20:00+00:00,3247.06,3249.6,7.822460933890854,0.00029666,0.00033546,2024-02-28T00:00:00+00:00,280.0,-22.822939066109146,FLAT,False,False,False,
2024-02-27T19:21:00+00:00,3247.14,3249.99,8.77695448918097,0.00029666,0.00033546,2024-02-28T00:00:00+00:00,279.0,-21.86844551081903,FLAT,False,False,False,
2024-02-27T19:22:00+00:00,3246.41,3249.05,8.13205972135475,0.00029666,0.00033546,2024-02-28T00:00:00+00:00,278.0,-22.513340278645252,FLAT,False,False,False,
2024-02-27T19:23:00+00:00,3248.24,3250.99,8.466123192867522,0.00029666,0.00033546,2024-02-28T00:00:00+00:00,277.0,-22.179276807132478,FLAT,False,False,False,
2024-02-27T19:24:00+00:00,3246.36,3248.74,7.331287965597329,0.00029666,0.00033546,2024-02-28T00:00:00+00:00,276.0,-23.31411203440267,FLAT,False,False,False,
2024-02-27T19:25:00+00:00,3244.32,3246.8,7.644128815899844,0.00029666,0.00033546,2024-02-28T00:00:00+00:00,275.0,-23.001271184100155,FLAT,False,False,False,
2024-02-27T19:26:00+00:00,3242.42,3244.97,7.864496271302691,0.00029666,0.00033546,2024-02-28T00:00:00+00:00,274.0,-22.78090372869731,FLAT,False,False,False,
2024-02-27T19:27:00+00:00,3245.37,3247.68,7.117832481350186,0.00029666,0.00033546,2024-02-28T00:00:00+00:00,273.0,-23.527567518649814,FLAT,False,False,False,
2024-02-27T19:28:00+00:00,3245.57,3248.12,7.856863355280358,0.00029666,0.00033546,2024-02-28T00:00:00+00:00,272.0,-22.788536644719642,FLAT,False,False,False,
2024-02-27T19:29:00+00:00,3244.01,3246.35,7.2132946569205725,0.00029666,0.00033546,2024-02-28T00:00:00+00:00,271.0,-23.432105343079428,FLAT,False,False,False,
2024-02-27T19:30:00+00:00,3245.35,3247.98,8.103902506663717,0.00029666,0.00033546,2024-02-28T00:00:00+00:00,270.0,-22.541497493336283,FLAT,False,False,False,
2024-02-27T19:31:00+00:00,3239.45,3241.95,7.717359428298014,0.00029666,0.00033546,2024-02-28T00:00:00+00:00,269.0,-22.928040571701985,FLAT,False,False,False,
2024-02-27T19:32:00+00:00,3236.77,3239.19,7.476589315892302,0.00029666,0.00033546,2024-02-28T00:00:00+00:00,268.0,-23.168810684107697,FLAT,False,False,False,
2024-02-27T19:33:00+00:00,3246.05,3248.23,6.715854654117577,0.00029666,0.00033546,2024-02-28T00:00:00+00:00,267.0,-23.929545345882424,FLAT,False,False,False,
2024-02-27T19:34:00+00:00,3250.65,3252.84,6.737114115638579,0.00029666,0.00033546,2024-02-28T00:00:00+00:00,266.0,-23.90828588436142,FLAT,False,False,False,
2024-02-27T19:35:00+00:00,3245.18,3247.28,6.471135653493377,0.00029666,0.00033546,2024-02-28T00:00:00+00:00,265.0,-24.174264346506625,FLAT,False,False,False,
2024-02-27T19:36:00+00:00,3246.12,3248.66,7.824726134585178,0.00029666,0.00033546,2024-02-28T00:00:00+00:00,264.0,-22.820673865414822,FLAT,False,False,False,
2024-02-27T19:37:00+00:00,3245.23,3247.85,8.073387710577958,0.00029666,0.00033546,2024-02-28T00:00:00+00:00,263.0,-22.57201228942204,FLAT,False,False,False,
2024-02-27T19:38:00+00:00,3247.66,3249.75,6.435402720728603,0.00029666,0.00033546,2024-02-28T00:00:00+00:00,262.0,-24.2099972792714,FLAT,False,False,False,
2024-02-27T19:39:00+00:00,3243.83,3246.0,6.689623069026653,0.00029666,0.00033546,2024-02-28T00:00:00+00:00,261.0,-23.955776930973347,FLAT,False,False,False,
2024-02-27T19:40:00+00:00,3242.39,3244.42,6.260813782426545,0.00029666,0.00033546,2024-02-28T00:00:00+00:00,260.0,-24.384586217573457,FLAT,False,False,False,
2024-02-27T19:41:00+00:00,3247.34,3249.61,6.990336706350372,0.00029666,0.00033546,2024-02-28T00:00:00+00:00,259.0,-23.655063293649626,FLAT,False,False,False,
2024-02-27T19:42:00+00:00,3247.92,3250.06,6.588832237246831,0.00029666,0.00033546,2024-02-28T00:00:00+00:00,258.0,-24.05656776275317,FLAT,False,False,False,
2024-02-27T19:43:00+00:00,3246.5,3248.65,6.622516556291671,0.00029666,0.00033546,2024-02-28T00:00:00+00:00,257.0,-24.02288344370833,FLAT,False,False,False,
2024-02-27T19:44:00+00:00,3248.33,3250.33,6.157009909707449,0.00029666,0.00033546,2024-02-28T00:00:00+00:00,256.0,-24.48839009029255,FLAT,False,False,False,
2024-02-27T19:45:00+00:00,3249.54,3251.81,6.985604116274863,0.00029666,0.00033546,2024-02-28T00:00:00+00:00,255.0,-23.65979588372514,FLAT,False,False,False,
2024-02-27T19:46:00+00:00,3247.65,3250.0,7.236001416408508,0.00029666,0.00033546,2024-02-28T00:00:00+00:00,254.0,-23.409398583591493,FLAT,False,False,False,
2024-02-27T19:47:00+00:00,3252.09,3254.94,8.763595103456266,0.00029666,0.00033546,2024-02-28T00:00:00+00:00,253.0,-21.881804896543734,FLAT,False,False,False,
2024-02-27T19:48:00+00:00,3252.14,3254.31,6.672529472901144,0.00029666,0.00033546,2024-02-28T00:00:00+00:00,252.0,-23.972870527098856,FLAT,False,False,False,
2024-02-27T19:49:00+00:00,3251.57,3253.95,7.319541021720751,0.00029666,0.00033546,2024-02-28T00:00:00+00:00,251.0,-23.32585897827925,FLAT,False,False,False,
2024-02-27T19:50:00+00:00,3255.49,3258.17,8.232247680073634,0.00029666,0.00033546,2024-02-28T00:00:00+00:00,250.0,-22.41315231992637,FLAT,False,False,False,
2024-02-27T19:51:00+00:00,3255.92,3258.73,8.630433180176249,0.00029666,0.00033546,2024-02-28T00:00:00+00:00,249.0,-22.01496681982375,FLAT,False,False,False,
2024-02-27T19:52:00+00:00,3254.81,3257.89,9.462917958344503,0.00029666,0.00033546,2024-02-28T00:00:00+00:00,248.0,-21.182482041655497,FLAT,False,False,False,
2024-02-27T19:53:00+00:00,3255.83,3258.69,8.78424242051989,0.00029666,0.00033546,2024-02-28T00:00:00+00:00,247.0,-21.86115757948011,FLAT,False,False,False,
2024-02-27T19:54:00+00:00,3256.46,3259.55,9.488831430449462,0.00029666,0.00033546,2024-02-28T00:00:00+00:00,246.0,-21.156568569550537,FLAT,False,False,False,
2024-02-27T19:55:00+00:00,3253.37,3256.06,8.268349434586458,0.00029666,0.00033546,2024-02-28T00:00:00+00:00,245.0,-22.37705056541354,FLAT,False,False,False,
2024-02-27T19:56:00+00:00,3252.27,3255.0,8.394137018144306,0.00029666,0.00033546,2024-02-28T00:00:00+00:00,244.0,-22.251262981855696,FLAT,False,False,False,
2024-02-27T19:57:00+00:00,3249.41,3251.98,7.909128118643581,0.00029666,0.00033546,2024-02-28T00:00:00+00:00,243.0,-22.73627188135642,FLAT,False,False,False,
2024-02-27T19:58:00+00:00,3249.62,3252.31,8.27789095340395,0.00029666,0.00033546,2024-02-28T00:00:00+00:00,242.0,-22.367509046596048,FLAT,False,False,False,
2024-02-27T19:59:00+00:00,3250.72,3253.64,8.982625387606662,0.00029666,0.00033546,2024-02-28T00:00:00+00:00,241.0,-21.66277461239334,FLAT,False,False,False,
2024-02-27T20:00:00+00:00,3252.57,3255.28,8.33187294969835,0.00029666,0.00033546,2024-02-28T00:00:00+00:00,240.0,-22.31352705030165,FLAT,False,False,False,
2024-02-27T20:01:00+00:00,3247.11,3249.58,7.6067641687525205,0.00029666,0.00033546,2024-02-28T00:00:00+00:00,239.0,-23.03863583124748,FLAT,False,False,False,
2024-02-27T20:02:00+00:00,3248.69,3251.51,8.680421954696088,0.00029666,0.00033546,2024-02-28T00:00:00+00:00,238.0,-21.964978045303912,FLAT,False,False,False,
2024-02-27T20:03:00+00:00,3246.46,3249.15,8.285948386858468,0.00029666,0.00033546,2024-02-28T00:00:00+00:00,237.0,-22.35945161314153,FLAT,False,False,False,
2024-02-27T20:04:00+00:00,3245.06,3247.7,8.135442796126645,0.00029666,0.00033546,2024-02-28T00:00:00+00:00,236.0,-22.509957203873356,FLAT,False,False,False,
2024-02-27T20:05:00+00:00,3247.44,3250.28,8.745350183529627,0.00029666,0.00033546,2024-02-28T00:00:00+00:00,235.0,-21.90004981647037,FLAT,False,False,False,
2024-02-27T20:06:00+00:00,3244.33,3247.06,8.414680380849108,0.00029666,0.00033546,2024-02-28T00:00:00+00:00,234.0,-22.230719619150893,FLAT,False,False,False,
2024-02-27T20:07:00+00:00,3247.93,3250.86,9.021130381505424,0.00029666,0.00033546,2024-02-28T00:00:00+00:00,233.0,-21.624269618494576,FLAT,False,False,False,
2024-02-27T20:08:00+00:00,3247.94,3250.72,8.559271415111564,0.00029666,0.00033546,2024-02-28T00:00:00+00:00,232.0,-22.086128584888435,FLAT,False,False,False,
2024-02-27T20:09:00+00:00,3249.65,3252.22,7.90854399704494,0.00029666,0.00033546,2024-02-28T00:00:00+00:00,231.0,-22.736856002955058,FLAT,False,False,False,
2024-02-27T20:10:00+00:00,3253.42,3256.14,8.360433021250868,0.00029666,0.00033546,2024-02-28T00:00:00+00:00,230.0,-22.284966978749132,FLAT,False,False,False,
2024-02-27T20:11:00+00:00,3247.71,3250.04,7.1742858814362345,0.00029666,0.00033546,2024-02-28T00:00:00+00:00,229.0,-23.471114118563765,FLAT,False,False,False,
2024-02-27T20:12:00+00:00,3251.37,3254.04,8.211922974008104,0.00029666,0.00033546,2024-02-28T00:00:00+00:00,228.0,-22.4334770259919,FLAT,False,False,False,
2024-02-27T20:13:00+00:00,3249.67,3251.94,6.985324663735031,0.00029666,0.00033546,2024-02-28T00:00:00+00:00,227.0,-23.660075336264967,FLAT,False,False,False,
2024-02-27T20:14:00+00:00,3249.71,3252.1,7.35450240175238,0.00029666,0.00033546,2024-02-28T00:00:00+00:00,226.0,-23.290897598247618,FLAT,False,False,False,
2024-02-27T20:15:00+00:00,3246.11,3248.79,8.256035685789564,0.00029666,0.00033546,2024-02-28T00:00:00+00:00,225.0,-22.389364314210436,FLAT,False,False,False,
2024-02-27T20:16:00+00:00,3242.69,3245.29,8.018034409702775,0.00029666,0.00033546,2024-02-28T00:00:00+00:00,224.0,-22.627365590297224,FLAT,False,False,False,
2024-02-27T20:17:00+00:00,3239.75,3242.25,7.716644802839726,0.00029666,0.00033546,2024-02-28T00:00:00+00:00,223.0,-22.928755197160275,FLAT,False,False,False,
2024-02-27T20:18:00+00:00,3239.97,3242.62,8.179088077976312,0.00029666,0.00033546,2024-02-28T00:00:00+00:00,222.0,-22.46631192202369,FLAT,False,False,False,
2024-02-27T20:19:00+00:00,3242.65,3245.49,8.758268699982084,0.00029666,0.00033546,2024-02-28T00:00:00+00:00,221.0,-21.887131300017916,FLAT,False,False,False,
2024-02-27T20:20:00+00:00,3243.91,3246.68,8.539077841247082,0.00029666,0.00033546,2024-02-28T00:00:00+00:00,220.0,-22.106322158752917,FLAT,False,False,False,
2024-02-27T20:21:00+00:00,3249.66,3252.79,9.6317768628106,0.00029666,0.00033546,2024-02-28T00:00:00+00:00,219.0,-21.0136231371894,FLAT,False,False,False,
2024-02-27T20:22:00+00:00,3245.58,3248.65,9.459018110785017,0.00029666,0.00033546,2024-02-28T00:00:00+00:00,218.0,-21.186381889214985,FLAT,False,False,False,
2024-02-27T20:23:00+00:00,3247.55,3250.37,8.683469076687684,0.00029666,0.00033546,2024-02-28T00:00:00+00:00,217.0,-21.961930923312316,FLAT,False,False,False,
2024-02-27T20:24:00+00:00,3245.03,3248.09,9.429804963282143,0.00029666,0.00033546,2024-02-28T00:00:00+00:00,216.0,-21.215595036717858,FLAT,False,False,False,
2024-02-27T20:25:00+00:00,3246.94,3249.96,9.301065002740986,0.00029666,0.00033546,2024-02-28T00:00:00+00:00,215.0,-21.344334997259015,FLAT,False,False,False,
2024-02-27T20:26:00+00:00,3245.4,3248.16,8.504344610833067,0.00029666,0.00033546,2024-02-28T00:00:00+00:00,214.0,-22.141055389166933,FLAT,False,False,False,
2024-02-27T20:27:00+00:00,3244.64,3247.53,8.906997386459908,0.00029666,0.00033546,2024-02-28T00:00:00+00:00,213.0,-21.738402613540092,FLAT,False,False,False,
2024-02-27T20:28:00+00:00,3248.2,3251.19,9.205098208239137,0.00029666,0.00033546,2024-02-28T00:00:00+00:00,212.0,-21.440301791760863,FLAT,False,False,False,
2024-02-27T20:29:00+00:00,3247.62,3250.38,8.49853123210295,0.00029666,0.00033546,2024-02-28T00:00:00+00:00,211.0,-22.14686876789705,FLAT,False,False,False,
2024-02-27T20:30:00+00:00,3249.78,3252.62,8.739053105132319,0.00029666,0.00033546,2024-02-28T00:00:00+00:00,210.0,-21.90634689486768,FLAT,False,False,False,
2024-02-27T20:31:00+00:00,3247.95,3250.76,8.651611016180668,0.00029666,0.00033546,2024-02-28T00:00:00+00:00,209.0,-21.993788983819332,FLAT,False,False,False,
2024-02-27T20:32:00+00:00,3247.15,3250.14,9.208074773262034,0.00029666,0.00033546,2024-02-28T00:00:00+00:00,208.0,-21.43732522673797,FLAT,False,False,False,
2024-02-27T20:33:00+00:00,3238.36,3240.83,7.627317531095368,0.00029666,0.00033546,2024-02-28T00:00:00+00:00,207.0,-23.01808246890463,FLAT,False,False,False,
2024-02-27T20:34:00+00:00,3238.57,3240.97,7.410678169684879,0.00029666,0.00033546,2024-02-28T00:00:00+00:00,206.0,-23.23472183031512,FLAT,False,False,False,
2024-02-27T20:35:00+00:00,3236.75,3239.41,8.21812002780522,0.00029666,0.00033546,2024-02-28T00:00:00+00:00,205.0,-22.427279972194782,FLAT,False,False,False,
2024-02-27T20:36:00+00:00,3240.82,3243.65,8.732357860047541,0.00029666,0.00033546,2024-02-28T00:00:00+00:00,204.0,-21.91304213995246,FLAT,False,False,False,
2024-02-27T20:37:00+00:00,3239.78,3242.51,8.426498095549753,0.00029666,0.00033546,2024-02-28T00:00:00+00:00,203.0,-22.21890190445025,FLAT,False,False,False,
2024-02-27T20:38:00+00:00,3236.77,3239.78,9.29939414910611,0.00029666,0.00033546,2024-02-28T00:00:00+00:00,202.0,-21.34600585089389,FLAT,False,False,False,
2024-02-27T20:39:00+00:00,3237.11,3239.65,7.846505061613487,0.00029666,0.00033546,2024-02-28T00:00:00+00:00,201.0,-22.79889493838651,FLAT,False,False,False,
2024-02-27T20:40:00+00:00,3238.78,3241.42,8.15121743372465,0.00029666,0.00033546,2024-02-28T00:00:00+00:00,200.0,-22.49418256627535,FLAT,False,False,False,
2024-02-27T20:41:00+00:00,3236.47,3239.4,9.053073255739404,0.00029666,0.00033546,2024-02-28T00:00:00+00:00,199.0,-21.592326744260596,FLAT,False,False,False,
2024-02-27T20:42:00+00:00,3238.34,3241.75,10.530086402292083,0.00029666,0.00033546,2024-02-28T00:00:00+00:00,198.0,-20.115313597707917,FLAT,False,False,False,
2024-02-27T20:43:00+00:00,3238.16,3241.01,8.80129456234517,0.00029666,0.00033546,2024-02-28T00:00:00+00:00,197.0,-21.844105437654832,FLAT,False,False,False,
2024-02-27T20:44:00+00:00,3240.0,3242.93,9.043209876542704,0.00029666,0.00033546,2024-02-28T00:00:00+00:00,196.0,-21.602190123457298,FLAT,False,False,False,
2024-02-27T20:45:00+00:00,3243.78,3246.96,9.803377541016456,0.00029666,0.00033546,2024-02-28T00:00:00+00:00,195.0,-20.842022458983543,FLAT,False,False,False,
2024-02-27T20:46:00+00:00,3245.98,3248.96,9.180586448468624,0.00029666,0.00033546,2024-02-28T00:00:00+00:00,194.0,-21.46481355153138,FLAT,False,False,False,
2024-02-27T20:47:00+00:00,3246.56,3250.01,10.626632497167071,0.00029666,0.00033546,2024-02-28T00:00:00+00:00,193.0,-20.01876750283293,FLAT,False,False,False,
2024-02-27T20:48:00+00:00,3247.72,3251.06,10.28413779513057,0.00029666,0.00033546,2024-02-28T00:00:00+00:00,192.0,-20.36126220486943,FLAT,False,False,False,
2024-02-27T20:49:00+00:00,3246.26,3249.42,9.734278831639653,0.00029666,0.00033546,2024-02-28T00:00:00+00:00,191.0,-20.911121168360346,FLAT,False,False,False,
2024-02-27T20:50:00+00:00,3248.16,3251.49,10.251958031623834,0.00029666,0.00033546,2024-02-28T00:00:00+00:00,190.0,-20.393441968376166,FLAT,False,False,False,
2024-02-27T20:51:00+00:00,3248.28,3251.65,10.374721391012754,0.00029666,0.00033546,2024-02-28T00:00:00+00:00,189.0,-20.270678608987247,FLAT,False,False,False,
2024-02-27T20:52:00+00:00,3247.8,3250.56,8.498060225382607,0.00029666,0.00033546,2024-02-28T00:00:00+00:00,188.0,-22.147339774617393,FLAT,False,False,False,
2024-02-27T20:53:00+00:00,3248.03,3250.87,8.74376160318621,0.00029666,0.00033546,2024-02-28T00:00:00+00:00,187.0,-21.90163839681379,FLAT,False,False,False,
2024-02-27T20:54:00+00:00,3247.23,3250.0,8.530347403787172,0.00029666,0.00033546,2024-02-28T00:00:00+00:00,186.0,-22.115052596212827,FLAT,False,False,False,
2024-02-27T20:55:00+00:00,3243.01,3245.65,8.140585443769439,0.00029666,0.00033546,2024-02-28T00:00:00+00:00,185.0,-22.504814556230563,FLAT,False,False,False,
2024-02-27T20:56:00+00:00,3245.42,3248.35,9.028107301981981,0.00029666,0.00033546,2024-02-28T00:00:00+00:00,184.0,-21.61729269801802,FLAT,False,False,False,
2024-02-27T20:57:00+00:00,3248.48,3251.72,9.973895483425421,0.00029666,0.00033546,2024-02-28T00:00:00+00:00,183.0,-20.67150451657458,FLAT,False,False,False,
2024-02-27T20:58:00+00:00,3248.56,3251.85,10.1275642130666,0.00029666,0.00033546,2024-02-28T00:00:00+00:00,182.0,-20.5178357869334,FLAT,False,False,False,
2024-02-27T20:59:00+00:00,3252.55,3255.57,9.285022520791323,0.00029666,0.00033546,2024-02-28T00:00:00+00:00,181.0,-21.36037747920868,FLAT,False,False,False,
2024-02-27T21:00:00+00:00,3250.04,3252.69,8.153745800051972,0.00029666,0.00033546,2024-02-28T00:00:00+00:00,180.0,-22.49165419994803,FLAT,False,False,False,
2024-02-27T21:01:00+00:00,3251.64,3254.96,10.210232375048173,0.00029666,0.00033546,2024-02-28T00:00:00+00:00,179.0,-20.435167624951827,FLAT,False,False,False,
2024-02-27T21:02:00+00:00,3247.78,3251.01,9.945254912586499,0.00029666,0.00033546,2024-02-28T00:00:00+00:00,178.0,-20.700145087413503,FLAT,False,False,False,
2024-02-27T21:03:00+00:00,3242.97,3246.28,10.206693247240647,0.00029666,0.00033546,2024-02-28T00:00:00+00:00,177.0,-20.43870675275935,FLAT,False,False,False,
2024-02-27T21:04:00+00:00,3243.9,3247.07,9.772187798637667,0.00029666,0.00033546,2024-02-28T00:00:00+00:00,176.0,-20.873212201362335,FLAT,False,False,False,
2024-02-27T21:05:00+00:00,3245.29,3248.32,9.336607822414022,0.00029666,0.00033546,2024-02-28T00:00:00+00:00,175.0,-21.30879217758598,FLAT,False,False,False,
2024-02-27T21:06:00+00:00,3248.0,3250.57,7.912561576355184,0.00029666,0.00033546,2024-02-28T00:00:00+00:00,174.0,-22.732838423644814,FLAT,False,False,False,
2024-02-27T21:07:00+00:00,3248.47,3251.4,9.01963078002965,0.00029666,0.00033546,2024-02-28T00:00:00+00:00,173.0,-21.62576921997035,FLAT,False,False,False,
2024-02-27T21:08:00+00:00,3245.69,3248.6,8.965736099257336,0.00029666,0.00033546,2024-02-28T00:00:00+00:00,172.0,-21.679663900742664,FLAT,False,False,False,
2024-02-27T21:09:00+00:00,3244.71,3247.95,9.985484064831008,0.00029666,0.00033546,2024-02-28T00:00:00+00:00,171.0,-20.659915935168993,FLAT,False,False,False,
2024-02-27T21:10:00+00:00,3244.64,3247.57,9.030277627102826,0.00029666,0.00033546,2024-02-28T00:00:00+00:00,170.0,-21.615122372897176,FLAT,False,False,False,
2024-02-27T21:11:00+00:00,3246.0,3249.08,9.488601355514255,0.00029666,0.00033546,2024-02-28T00:00:00+00:00,169.0,-21.156798644485747,FLAT,False,False,False,
2024-02-27T21:12:00+00:00,3247.31,3250.25,9.053647480530206,0.00029666,0.00033546,2024-02-28T00:00:00+00:00,168.0,-21.591752519469793,FLAT,False,False,False,
2024-02-27T21:13:00+00:00,3248.24,3250.97,8.404551387828542,0.00029666,0.00033546,2024-02-28T00:00:00+00:00,167.0,-22.240848612171458,FLAT,False,False,False,
2024-02-27T21:14:00+00:00,3248.42,3251.49,9.450748363819054,0.00029666,0.00033546,2024-02-28T00:00:00+00:00,166.0,-21.194651636180946,FLAT,False,False,False,
2024-02-27T21:15:00+00:00,3247.41,3250.66,10.007975586698322,0.00029666,0.00033546,2024-02-28T00:00:00+00:00,165.0,-20.63742441330168,FLAT,False,False,False,
2024-02-27T21:16:00+00:00,3249.45,3252.65,9.847820400376289,0.00029666,0.00033546,2024-02-28T00:00:00+00:00,164.0,-20.79757959962371,FLAT,False,False,False,
2024-02-27T21:17:00+00:00,3252.5,3255.99,10.730207532666507,0.00029666,0.00033546,2024-02-28T00:00:00+00:00,163.0,-19.915192467333494,FLAT,False,False,False,
2024-02-27T21:18:00+00:00,3252.64,3255.99,10.299326085886879,0.00029666,0.00033546,2024-02-28T00:00:00+00:00,162.0,-20.34607391411312,FLAT,False,False,False,
2024-02-27T21:19:00+00:00,3251.86,3255.25,10.424803035800657,0.00029666,0.00033546,2024-02-28T00:00:00+00:00,161.0,-20.220596964199345,FLAT,False,False,False,
2024-02-27T21:20:00+00:00,3251.63,3254.64,9.256895772273486,0.00029666,0.00033546,2024-02-28T00:00:00+00:00,160.0,-21.388504227726514,FLAT,False,False,False,
2024-02-27T21:21:00+00:00,3250.74,3253.76,9.290192386965543,0.00029666,0.00033546,2024-02-28T00:00:00+00:00,159.0,-21.35520761303446,FLAT,False,False,False,
2024-02-27T21:22:00+00:00,3249.09,3252.51,10.526024209855906,0.00029666,0.00033546,2024-02-28T00:00:00+00:00,158.0,-20.119375790144094,FLAT,False,False,False,
2024-02-27T21:23:00+00:00,3248.67,3251.81,9.665493879033182,0.00029666,0.00033546,2024-02-28T00:00:00+00:00,157.0,-20.979906120966817,FLAT,False,False,False,
2024-02-27T21:24:00+00:00,3250.86,3254.21,10.304965455294626,0.00029666,0.00033546,2024-02-28T00:00:00+00:00,156.0,-20.340434544705374,FLAT,False,False,False,
2024-02-27T21:25:00+00:00,3250.18,3253.43,9.999446184519012,0.00029666,0.00033546,2024-02-28T00:00:00+00:00,155.0,-20.645953815480986,FLAT,False,False,False,
2024-02-27T21:26:00+00:00,3250.66,3254.12,10.643992296949039,0.00029666,0.00033546,2024-02-28T00:00:00+00:00,154.0,-20.001407703050962,FLAT,False,False,False,
2024-02-27T21:27:00+00:00,3250.0,3253.23,9.938461538461594,0.00029666,0.00033546,2024-02-28T00:00:00+00:00,153.0,-20.706938461538407,FLAT,False,False,False,
2024-02-27T21:28:00+00:00,3250.13,3253.26,9.63038401540895,0.00029666,0.00033546,2024-02-28T00:00:00+00:00,152.0,-21.015015984591052,FLAT,False,False,False,
2024-02-27T21:29:00+00:00,3250.47,3253.89,10.521555344304279,0.00029666,0.00033546,2024-02-28T00:00:00+00:00,151.0,-20.12384465569572,FLAT,False,False,False,
2024-02-27T21:30:00+00:00,3249.61,3252.87,10.031973067536606,0.00029666,0.00033546,2024-02-28T00:00:00+00:00,150.0,-20.613426932463394,FLAT,False,False,False,
2024-02-27T21:31:00+00:00,3249.03,3252.44,10.49544017752946,0.00029666,0.00033546,2024-02-28T00:00:00+00:00,149.0,-20.149959822470542,FLAT,False,False,False,
2024-02-27T21:32:00+00:00,3248.84,3252.51,11.296339616601841,0.00029666,0.00033546,2024-02-28T00:00:00+00:00,148.0,-19.34906038339816,FLAT,False,False,False,
2024-02-27T21:33:00+00:00,3251.26,3254.55,10.119153804986263,0.00029666,0.00033546,2024-02-28T00:00:00+00:00,147.0,-20.526246195013737,FLAT,False,False,False,
2024-02-27T21:34:00+00:00,3251.11,3254.42,10.181138134360097,0.00029666,0.00033546,2024-02-28T00:00:00+00:00,146.0,-20.464261865639905,FLAT,False,False,False,
2024-02-27T21:35:00+00:00,3249.19,3252.24,9.386954902605655,0.00029666,0.00033546,2024-02-28T00:00:00+00:00,145.0,-21.258445097394343,FLAT,False,False,False,
2024-02-27T21:36:00+00:00,3248.95,3252.54,11.049723756906525,0.00029666,0.00033546,2024-02-28T00:00:00+00:00,144.0,-19.595676243093475,FLAT,False,False,False,
2024-02-27T21:37:00+00:00,3249.02,3252.28,10.033794805819042,0.00029666,0.00033546,2024-02-28T00:00:00+00:00,143.0,-20.61160519418096,FLAT,False,False,False,
2024-02-27T21:38:00+00:00,3249.36,3252.64,10.09429549203457,0.00029666,0.00033546,2024-02-28T00:00:00+00:00,142.0,-20.55110450796543,FLAT,False,False,False,
2024-02-27T21:39:00+00:00,3249.9,3253.28,10.400320009846793,0.00029666,0.00033546,2024-02-28T00:00:00+00:00,141.0,-20.245079990153208,FLAT,False,False,False,
2024-02-27T21:40:00+00:00,3249.01,3252.02,9.264360528283271,0.00029666,0.00033546,2024-02-28T00:00:00+00:00,140.0,-21.38103947171673,FLAT,False,False,False,
2024-02-27T21:41:00+00:00,3248.97,3252.2,9.941612264810136,0.00029666,0.00033546,2024-02-28T00:00:00+00:00,139.0,-20.703787735189863,FLAT,False,False,False,
2024-02-27T21:42:00+00:00,3249.36,3252.44,9.478789669350048,0.00029666,0.00033546,2024-02-28T00:00:00+00:00,138.0,-21.166610330649952,FLAT,False,False,False,
2024-02-27T21:43:00+00:00,3248.2,3251.24,9.359029616402818,0.00029666,0.00033546,2024-02-28T00:00:00+00:00,137.0,-21.28637038359718,FLAT,False,False,False,
2024-02-27T21:44:00+00:00,3248.87,3251.78,8.956960420085473,0.00029666,0.00033546,2024-02-28T00:00:00+00:00,136.0,-21.68843957991453,FLAT,False,False,False,
2024-02-27T21:45:00+00:00,3250.43,3253.55,9.598730014183802,0.00029666,0.00033546,2024-02-28T00:00:00+00:00,135.0,-21.046669985816198,FLAT,False,False,False,
2024-02-27T21:46:00+00:00,3249.54,3252.95,10.493792967619585,0.00029666,0.00033546,2024-02-28T00:00:00+00:00,134.0,-20.151607032380415,FLAT,False,False,False,
2024-02-27T21:47:00+00:00,3248.24,3251.37,9.635987488609553,0.00029666,0.00033546,2024-02-28T00:00:00+00:00,133.0,-21.009412511390448,FLAT,False,False,False,
2024-02-27T21:48:00+00:00,3248.15,3251.16,9.266813416867336,0.00029666,0.00033546,2024-02-28T00:00:00+00:00,132.0,-21.378586583132666,FLAT,False,False,False,
2024-02-27T21:49:00+00:00,3245.5,3248.99,10.753350793405582,0.00029666,0.00033546,2024-02-28T00:00:00+00:00,131.0,-19.892049206594418,FLAT,False,False,False,
2024-02-27T21:50:00+00:00,3244.88,3248.0,9.615147555533305,0.00029666,0.00033546,2024-02-28T00:00:00+00:00,130.0,-21.030252444466697,FLAT,False,False,False,
2024-02-27T21:51:00+00:00,3242.2,3245.65,10.640922830177882,0.00029666,0.00033546,2024-02-28T00:00:00+00:00,129.0,-20.004477169822117,FLAT,False,False,False,
2024-02-27T21:52:00+00:00,3245.28,3248.45,9.76803234235449,0.00029666,0.00033546,2024-02-28T00:00:00+00:00,128.0,-20.87736765764551,FLAT,False,False,False,
2024-02-27T21:53:00+00:00,3242.78,3245.78,9.251321397072882,0.00029666,0.00033546,2024-02-28T00:00:00+00:00,127.0,-21.394078602927117,FLAT,False,False,False,
2024-02-27T21:54:00+00:00,3246.21,3249.31,9.549597838710092,0.00029666,0.00033546,2024-02-28T00:00:00+00:00,126.0,-21.09580216128991,FLAT,False,False,False,
2024-02-27T21:55:00+00:00,3247.13,3250.48,10.316802838198376,0.00029666,0.00033546,2024-02-28T00:00:00+00:00,125.0,-20.328597161801625,FLAT,False,False,False,
2024-02-27T21:56:00+00:00,3249.08,3252.52,10.58761249338291,0.00029666,0.00033546,2024-02-28T00:00:00+00:00,124.0,-20.05778750661709,FLAT,False,False,False,
2024-02-27T21:57:00+00:00,3247.24,3250.37,9.638954927877549,0.00029666,0.00033546,2024-02-28T00:00:00+00:00,123.0,-21.006445072122453,FLAT,False,False,False,
2024-02-27T21:58:00+00:00,3246.21,3249.41,9.857649381894019,0.00029666,0.00033546,2024-02-28T00:00:00+00:00,122.0,-20.78775061810598,FLAT,False,False,False,
2024-02-27T21:59:00+00:00,3248.0,3251.27,10.067733990147728,0.00029666,0.00033546,2024-02-28T00:00:00+00:00,121.0,-20.577666009852273,FLAT,False,False,False,
2024-02-27T22:00:00+00:00,3248.63,3251.51,8.865275516140986,0.00029666,0.00033546,2024-02-28T00:00:00+00:00,120.0,-21.780124483859012,FLAT,False,False,False,
2024-02-27T22:01:00+00:00,3247.51,3250.43,8.99150426018586,0.00029666,0.00033546,2024-02-28T00:00:00+00:00,119.0,-21.65389573981414,FLAT,False,False,False,
2024-02-27T22:02:00+00:00,3247.6,3250.57,9.145214927947576,0.00029666,0.00033546,2024-02-28T00:00:00+00:00,118.0,-21.500185072052425,FLAT,False,False,False,
2024-02-27T22:03:00+00:00,3248.99,3252.16,9.756878291407709,0.00029666,0.00033546,2024-02-28T00:00:00+00:00,117.0,-20.888521708592293,FLAT,False,False,False,
2024-02-27T22:04:00+00:00,3249.54,3252.56,9.293623097422964,0.00029666,0.00033546,2024-02-28T00:00:00+00:00,116.0,-21.351776902577036,FLAT,False,False,False,
2024-02-27T22:05:00+00:00,3249.11,3252.24,9.633407302306336,0.00029666,0.00033546,2024-02-28T00:00:00+00:00,115.0,-21.011992697693664,FLAT,False,False,False,
2024-02-27T22:06:00+00:00,3249.11,3252.23,9.602629643194263,0.00029666,0.00033546,2024-02-28T00:00:00+00:00,114.0,-21.04277035680574,FLAT,False,False,False,
2024-02-27T22:07:00+00:00,3247.79,3250.68,8.898358576139074,0.00029666,0.00033546,2024-02-28T00:00:00+00:00,113.0,-21.747041423860928,FLAT,False,False,False,
2024-02-27T22:08:00+00:00,3246.41,3249.5,9.51820626476676,0.00029666,0.00033546,2024-02-28T00:00:00+00:00,112.0,-21.12719373523324,FLAT,False,False,False,
2024-02-27T22:09:00+00:00,3245.21,3248.03,8.689730402655494,0.00029666,0.00033546,2024-02-28T00:00:00+00:00,111.0,-21.955669597344507,FLAT,False,False,False,
2024-02-27T22:10:00+00:00,3245.22,3248.05,8.720518177505323,0.00029666,0.00033546,2024-02-28T00:00:00+00:00,110.0,-21.924881822494676,FLAT,False,False,False,
2024-02-27T22:11:00+00:00,3244.22,3247.08,8.815678344872195,0.00029666,0.00033546,2024-02-28T00:00:00+00:00,109.0,-21.829721655127805,FLAT,False,False,False,
2024-02-27T22:12:00+00:00,3243.99,3247.06,9.463654326925065,0.00029666,0.00033546,2024-02-28T00:00:00+00:00,108.0,-21.181745673074936,FLAT,False,False,False,
2024-02-27T22:13:00+00:00,3245.49,3248.54,9.397656440168301,0.00029666,0.00033546,2024-02-28T00:00:00+00:00,107.0,-21.247743559831697,FLAT,False,False,False,
2024-02-27T22:14:00+00:00,3247.27,3250.54,10.069997259236164,0.00029666,0.00033546,2024-02-28T00:00:00+00:00,106.0,-20.575402740763835,FLAT,False,False,False,
2024-02-27T22:15:00+00:00,3249.09,3252.49,10.464468512720902,0.00029666,0.00033546,2024-02-28T00:00:00+00:00,105.0,-20.180931487279096,FLAT,False,False,False,
2024-02-27T22:16:00+00:00,3250.39,3253.57,9.783441371651682,0.00029666,0.00033546,2024-02-28T00:00:00+00:00,104.0,-20.86195862834832,FLAT,False,False,False,
2024-02-27T22:17:00+00:00,3252.86,3255.79,9.00745805229809,0.00029666,0.00033546,2024-02-28T00:00:00+00:00,103.0,-21.63794194770191,FLAT,False,False,False,
2024-02-27T22:18:00+00:00,3253.66,3256.61,9.066712563698337,0.00029666,0.00033546,2024-02-28T00:00:00+00:00,102.0,-21.578687436301664,FLAT,False,False,False,
2024-02-27T22:19:00+00:00,3259.19,3262.66,10.646817153954816,0.00029666,0.00033546,2024-02-28T00:00:00+00:00,101.0,-19.998582846045185,FLAT,False,False,False,
2024-02-27T22:20:00+00:00,3263.81,3267.2,10.386634025877342,0.00029666,0.00033546,2024-02-28T00:00:00+00:00,100.0,-20.25876597412266,FLAT,False,False,False,
2024-02-27T22:21:00+00:00,3267.33,3271.12,11.599685370011487,0.00029666,0.00033546,2024-02-28T00:00:00+00:00,99.0,-19.045714629988513,FLAT,False,False,False,
2024-02-27T22:22:00+00:00,3263.04,3266.78,11.461704422870197,0.00029666,0.00033546,2024-02-28T00:00:00+00:00,98.0,-19.183695577129804,FLAT,False,False,False,
2024-02-27T22:23:00+00:00,3259.42,3262.68,10.001779457694202,0.00029666,0.00033546,2024-02-28T00:00:00+00:00,97.0,-20.643620542305797,FLAT,False,False,False,
2024-02-27T22:24:00+00:00,3262.11,3264.96,8.736676568233165,0.00029666,0.00033546,2024-02-28T00:00:00+00:00,96.0,-21.908723431766838,FLAT,False,False,False,
2024-02-27T22:25:00+00:00,3263.65,3266.78,9.590489176229402,0.00029666,0.00033546,2024-02-28T00:00:00+00:00,95.0,-21.054910823770598,FLAT,False,False,False,
2024-02-27T22:26:00+00:00,3262.51,3265.77,9.992306536990732,0.00029666,0.00033546,2024-02-28T00:00:00+00:00,94.0,-20.65309346300927,FLAT,False,False,False,
2024-02-27T22:27:00+00:00,3262.14,3265.12,9.135107628734568,0.00029666,0.00033546,2024-02-28T00:00:00+00:00,93.0,-21.510292371265432,FLAT,False,False,False,
2024-02-27T22:28:00+00:00,3262.59,3265.89,10.114663503534697,0.00029666,0.00033546,2024-02-28T00:00:00+00:00,92.0,-20.530736496465302,FLAT,False,False,False,
2024-02-27T22:29:00+00:00,3263.67,3266.49,8.640579470349971,0.00029666,0.00033546,2024-02-28T00:00:00+00:00,91.0,-22.00482052965003,FLAT,False,False,False,
2024-02-27T22:30:00+00:00,3262.41,3265.53,9.563482211004581,0.00029666,0.00033546,2024-02-28T00:00:00+00:00,90.0,-21.08191778899542,FLAT,False,False,False,
2024-02-27T22:31:00+00:00,3263.41,3265.99,7.9058408229426504,0.00029666,0.00033546,2024-02-28T00:00:00+00:00,89.0,-22.73955917705735,FLAT,False,False,False,
2024-02-27T22:32:00+00:00,3263.07,3265.75,8.213124450287111,0.00029666,0.00033546,2024-02-28T00:00:00+00:00,88.0,-22.43227554971289,FLAT,False,False,False,
2024-02-27T22:33:00+00:00,3262.42,3265.2,8.521281747904148,0.00029666,0.00033546,2024-02-28T00:00:00+00:00,87.0,-22.124118252095855,FLAT,False,False,False,
2024-02-27T22:34:00+00:00,3262.44,3265.1,8.153406652688952,0.00029666,0.00033546,2024-02-28T00:00:00+00:00,86.0,-22.49199334731105,FLAT,False,False,False,
2024-02-27T22:35:00+00:00,3262.95,3265.93,9.13283991480108,0.00029666,0.00033546,2024-02-28T00:00:00+00:00,85.0,-21.51256008519892,FLAT,False,False,False,
2024-02-27T22:36:00+00:00,3263.0,3265.93,8.97946674839055,0.00029666,0.00033546,2024-02-28T00:00:00+00:00,84.0,-21.665933251609452,FLAT,False,False,False,
2024-02-27T22:37:00+00:00,3261.7,3264.41,8.308550755740983,0.00029666,0.00033546,2024-02-28T00:00:00+00:00,83.0,-22.336849244259017,FLAT,False,False,False,
2024-02-27T22:38:00+00:00,3260.39,3263.04,8.127862004239036,0.00029666,0.00033546,2024-02-28T00:00:00+00:00,82.0,-22.517537995760964,FLAT,False,False,False,
2024-02-27T22:39:00+00:00,3258.96,3261.59,8.07005915997775,0.00029666,0.00033546,2024-02-28T00:00:00+00:00,81.0,-22.57534084002225,FLAT,False,False,False,
2024-02-27T22:40:00+00:00,3255.47,3258.33,8.78521380937354,0.00029666,0.00033546,2024-02-28T00:00:00+00:00,80.0,-21.86018619062646,FLAT,False,False,False,
2024-02-27T22:41:00+00:00,3258.0,3260.62,8.041743400859088,0.00029666,0.00033546,2024-02-28T00:00:00+00:00,79.0,-22.603656599140912,FLAT,False,False,False,
2024-02-27T22:42:00+00:00,3257.95,3260.3,7.213124817754612,0.00029666,0.00033546,2024-02-28T00:00:00+00:00,78.0,-23.432275182245387,FLAT,False,False,False,
2024-02-27T22:43:00+00:00,3255.83,3258.3,7.586391181358532,0.00029666,0.00033546,2024-02-28T00:00:00+00:00,77.0,-23.059008818641466,FLAT,False,False,False,
2024-02-27T22:44:00+00:00,3256.29,3259.53,9.949973743125572,0.00029666,0.00033546,2024-02-28T00:00:00+00:00,76.0,-20.695426256874427,FLAT,False,False,False,
2024-02-27T22:45:00+00:00,3254.64,3257.1,7.55843964309428,0.00029666,0.00033546,2024-02-28T00:00:00+00:00,75.0,-23.08696035690572,FLAT,False,False,False,
2024-02-27T22:46:00+00:00,3253.82,3256.56,8.420871467996944,0.00029666,0.00033546,2024-02-28T00:00:00+00:00,74.0,-22.224528532003056,FLAT,False,False,False,
2024-02-27T22:47:00+00:00,3252.29,3254.96,8.209600004919835,0.00029666,0.00033546,2024-02-28T00:00:00+00:00,73.0,-22.435799995080167,FLAT,False,False,False,
2024-02-27T22:48:00+00:00,3250.36,3252.65,7.045373435557795,0.00029666,0.00033546,2024-02-28T00:00:00+00:00,72.0,-23.600026564442203,FLAT,False,False,False,
2024-02-27T22:49:00+00:00,3249.27,3251.82,7.847916608961957,0.00029666,0.00033546,2024-02-28T00:00:00+00:00,71.0,-22.797483391038043,FLAT,False,False,False,
2024-02-27T22:50:00+00:00,3247.22,3249.98,8.499578100652924,0.00029666,0.00033546,2024-02-28T00:00:00+00:00,70.0,-22.145821899347077,FLAT,False,False,False,
2024-02-27T22:51:00+00:00,3247.24,3249.91,8.222367302694206,0.00029666,0.00033546,2024-02-28T00:00:00+00:00,69.0,-22.423032697305793,FLAT,False,False,False,
2024-02-27T22:52:00+00:00,3248.21,3251.19,9.174283682397437,0.00029666,0.00033546,2024-02-28T00:00:00+00:00,68.0,-21.471116317602565,FLAT,False,False,False,
2024-02-27T22:53:00+00:00,3248.25,3250.33,6.403448010466951,0.00029666,0.00033546,2024-02-28T00:00:00+00:00,67.0,-24.24195198953305,FLAT,False,False,False,
2024-02-27T22:54:00+00:00,3249.46,3252.44,9.170754525367348,0.00029666,0.00033546,2024-02-28T00:00:00+00:00,66.0,-21.474645474632652,FLAT,False,False,False,
2024-02-27T22:55:00+00:00,3248.26,3250.77,7.727213954547245,0.00029666,0.00033546,2024-02-28T00:00:00+00:00,65.0,-22.918186045452757,FLAT,False,False,False,
2024-02-27T22:56:00+00:00,3246.15,3248.64,7.670625202161889,0.00029666,0.00033546,2024-02-28T00:00:00+00:00,64.0,-22.97477479783811,FLAT,False,False,False,
2024-02-27T22:57:00+00:00,3246.94,3249.81,8.839091575452244,0.00029666,0.00033546,2024-02-28T00:00:00+00:00,63.0,-21.80630842454776,FLAT,False,False,False,
2024-02-27T22:58:00+00:00,3246.48,3249.29,8.655528449274122,0.00029666,0.00033546,2024-02-28T00:00:00+00:00,62.0,-21.98987155072588,FLAT,False,False,False,
2024-02-27T22:59:00+00:00,3247.65,3250.68,9.329823102858207,0.00029666,0.00033546,2024-02-28T00:00:00+00:00,61.0,-21.315576897141796,FLAT,False,False,False,
2024-02-27T23:00:00+00:00,3249.94,3252.86,8.984781257500362,0.00029666,0.00033546,2024-02-28T00:00:00+00:00,60.0,-21.660618742499636,FLAT,False,False,False,
2024-02-27T23:01:00+00:00,3247.68,3250.2,7.7593851610995594,0.00029666,0.00033546,2024-02-28T00:00:00+00:00,59.0,-22.88601483890044,FLAT,False,False,False,
2024-02-27T23:02:00+00:00,3246.96,3249.62,8.192278315716408,0.00029666,0.00033546,2024-02-28T00:00:00+00:00,58.0,-22.453121684283595,FLAT,False,False,False,
2024-02-27T23:03:00+00:00,3245.01,3247.43,7.45760413681196,0.00029666,0.00033546,2024-02-28T00:00:00+00:00,57.0,-23.18779586318804,FLAT,False,False,False,
2024-02-27T23:04:00+00:00,3244.84,3247.13,7.057358760370198,0.00029666,0.00033546,2024-02-28T00:00:00+00:00,56.0,-23.588041239629803,FLAT,False,False,False,
2024-02-27T23:05:00+00:00,3245.45,3247.98,7.795529125391549,0.00029666,0.00033546,2024-02-28T00:00:00+00:00,55.0,-22.84987087460845,FLAT,False,False,False,
2024-02-27T23:06:00+00:00,3244.74,3247.27,7.797234909423252,0.00029666,0.00033546,2024-02-28T00:00:00+00:00,54.0,-22.84816509057675,FLAT,False,False,False,
2024-02-27T23:07:00+00:00,3243.14,3245.66,7.77024735287401,0.00029666,0.00033546,2024-02-28T00:00:00+00:00,53.0,-22.87515264712599,FLAT,False,False,False,
2024-02-27T23:08:00+00:00,3239.91,3242.17,6.975502405931703,0.00029666,0.00033546,2024-02-28T00:00:00+00:00,52.0,-23.669897594068296,FLAT,False,False,False,
2024-02-27T23:09:00+00:00,3240.39,3242.85,7.591678779406295,0.00029666,0.00033546,2024-02-28T00:00:00+00:00,51.0,-23.053721220593705,FLAT,False,False,False,
2024-02-27T23:10:00+00:00,3241.27,3243.59,7.157688190123512,0.00029666,0.00033546,2024-02-28T00:00:00+00:00,50.0,-23.487711809876487,FLAT,False,False,False,
2024-02-27T23:11:00+00:00,3243.32,3245.91,7.985644339749672,0.00029666,0.00033546,2024-02-28T00:00:00+00:00,49.0,-22.659755660250326,FLAT,False,False,False,
2024-02-27T23:12:00+00:00,3242.74,3245.29,7.863720187249616,0.00029666,0.00033546,2024-02-28T00:00:00+00:00,48.0,-22.781679812750383,FLAT,False,False,False,
2024-02-27T23:13:00+00:00,3242.15,3244.56,7.433338988016762,0.00029666,0.00033546,2024-02-28T00:00:00+00:00,47.0,-23.212061011983238,FLAT,False,False,False,
2024-02-27T23:14:00+00:00,3243.09,3245.8,8.356228165114247,0.00029666,0.00033546,2024-02-28T00:00:00+00:00,46.0,-22.289171834885753,FLAT,False,False,False,
2024-02-27T23:15:00+00:00,3241.61,3244.38,8.545136521666647,0.00029666,0.00033546,2024-02-28T00:00:00+00:00,45.0,-22.100263478333353,FLAT,False,False,False,
2024-02-27T23:16:00+00:00,3242.33,3244.77,7.52545237529818,0.00029666,0.00033546,2024-02-28T00:00:00+00:00,44.0,-23.119947624701823,FLAT,False,False,False,
2024-02-27T23:17:00+00:00,3244.39,3247.08,8.291235024149547,0.00029666,0.00033546,2024-02-28T00:00:00+00:00,43.0,-22.354164975850452,FLAT,False,False,False,
2024-02-27T23:18:00+00:00,3245.61,3247.75,6.5935217108644375,0.00029666,0.00033546,2024-02-28T00:00:00+00:00,42.0,-24.051878289135562,FLAT,False,False,False,
2024-02-27T23:19:00+00:00,3245.85,3248.26,7.424865597610207,0.00029666,0.00033546,2024-02-28T00:00:00+00:00,41.0,-23.220534402389795,FLAT,False,False,False,
2024-02-27T23:20:00+00:00,3244.95,3247.36,7.426924914098243,0.00029666,0.00033546,2024-02-28T00:00:00+00:00,40.0,-23.21847508590176,FLAT,False,False,False,
2024-02-27T23:21:00+00:00,3246.66,3249.17,7.731022034953517,0.00029666,0.00033546,2024-02-28T00:00:00+00:00,39.0,-22.914377965046484,FLAT,False,False,False,
2024-02-27T23:22:00+00:00,3247.38,3249.73,7.236603046147692,0.00029666,0.00033546,2024-02-28T00:00:00+00:00,38.0,-23.40879695385231,FLAT,False,False,False,
2024-02-27T23:23:00+00:00,3248.71,3251.21,7.695362159133933,0.00029666,0.00033546,2024-02-28T00:00:00+00:00,37.0,-22.950037840866067,FLAT,False,False,False,
2024-02-27T23:24:00+00:00,3247.31,3249.61,7.082785443952631,0.00029666,0.00033546,2024-02-28T00:00:00+00:00,36.0,-23.562614556047368,FLAT,False,False,False,
2024-02-27T23:25:00+00:00,3248.03,3250.68,8.158791636775632,0.00029666,0.00033546,2024-02-28T00:00:00+00:00,35.0,-22.48660836322437,FLAT,False,False,False,
2024-02-27T23:26:00+00:00,3247.58,3249.6,6.220016135091305,0.00029666,0.00033546,2024-02-28T00:00:00+00:00,34.0,-24.425383864908696,FLAT,False,False,False,
2024-02-27T23:27:00+00:00,3248.14,3250.41,6.988615022751427,0.00029666,0.00033546,2024-02-28T00:00:00+00:00,33.0,-23.656784977248574,FLAT,False,False,False,
2024-02-27T23:28:00+00:00,3247.3,3249.49,6.744064299570719,0.00029666,0.00033546,2024-02-28T00:00:00+00:00,32.0,-23.90133570042928,FLAT,False,False,False,
2024-02-27T23:29:00+00:00,3246.0,3248.27,6.993222427603149,0.00029666,0.00033546,2024-02-28T00:00:00+00:00,31.0,-23.65217757239685,FLAT,False,False,False,
2024-02-27T23:30:00+00:00,3243.34,3245.51,6.690633729427296,0.00029666,0.00033546,2024-02-28T00:00:00+00:00,30.0,-23.954766270572705,FLAT,False,False,False,
2024-02-27T23:31:00+00:00,3243.49,3245.92,7.491929988994236,0.00029666,0.00033546,2024-02-28T00:00:00+00:00,29.0,-23.153470011005766,FLAT,False,False,False,
2024-02-27T23:32:00+00:00,3245.0,3247.7,8.320493066255217,0.00029666,0.00033546,2024-02-28T00:00:00+00:00,28.0,-22.324906933744785,FLAT,False,False,False,
2024-02-27T23:33:00+00:00,3245.86,3248.49,8.102629195343159,0.00029666,0.00033546,2024-02-28T00:00:00+00:00,27.0,-22.54277080465684,FLAT,False,False,False,
2024-02-27T23:34:00+00:00,3246.39,3248.99,8.00889603528815,0.00029666,0.00033546,2024-02-28T00:00:00+00:00,26.0,-22.63650396471185,FLAT,False,False,False,
2024-02-27T23:35:00+00:00,3245.36,3247.76,7.395173416816904,0.00029666,0.00033546,2024-02-28T00:00:00+00:00,25.0,-23.250226583183096,FLAT,False,False,False,
2024-02-27T23:36:00+00:00,3244.5,3246.69,6.749884419787501,0.00029666,0.00033546,2024-02-28T00:00:00+00:00,24.0,-23.895515580212496,FLAT,False,False,False,
2024-02-27T23:37:00+00:00,3243.46,3245.48,6.227917100873702,0.00029666,0.00033546,2024-02-28T00:00:00+00:00,23.0,-24.4174828991263,FLAT,False,False,False,
2024-02-27T23:38:00+00:00,3242.77,3244.96,6.753485446084842,0.00029666,0.00033546,2024-02-28T00:00:00+00:00,22.0,-23.891914553915157,FLAT,False,False,False,
2024-02-27T23:39:00+00:00,3243.12,3245.4,7.030267150152323,0.00029666,0.00033546,2024-02-28T00:00:00+00:00,21.0,-23.615132849847676,FLAT,False,False,False,
2024-02-27T23:40:00+00:00,3242.0,3244.42,7.464528069093377,0.00029666,0.00033546,2024-02-28T00:00:00+00:00,20.0,-23.180871930906623,FLAT,False,False,False,
2024-02-27T23:41:00+00:00,3242.4,3244.71,7.124352331606049,0.00029666,0.00033546,2024-02-28T00:00:00+00:00,19.0,-23.52104766839395,FLAT,False,False,False,
2024-02-27T23:42:00+00:00,3243.21,3245.75,7.83174694207271,0.00029666,0.00033546,2024-02-28T00:00:00+00:00,18.0,-22.81365305792729,FLAT,False,False,False,
2024-02-27T23:43:00+00:00,3241.36,3243.6,6.910679467877007,0.00029666,0.00033546,2024-02-28T00:00:00+00:00,17.0,-23.734720532122992,FLAT,False,False,False,
2024-02-27T23:44:00+00:00,3240.78,3243.21,7.498194879010103,0.00029666,0.00033546,2024-02-28T00:00:00+00:00,16.0,-23.147205120989895,FLAT,False,False,False,
2024-02-27T23:45:00+00:00,3241.25,3243.64,7.373698418819507,0.00029666,0.00033546,2024-02-28T00:00:00+00:00,15.0,-23.271701581180494,FLAT,False,False,False,
2024-02-27T23:46:00+00:00,3237.41,3239.41,6.177777915061731,0.00029666,0.00033546,2024-02-28T00:00:00+00:00,14.0,-24.46762208493827,FLAT,False,False,False,
2024-02-27T23:47:00+00:00,3238.85,3241.19,7.224786575482487,0.00029666,0.00033546,2024-02-28T00:00:00+00:00,13.0,-23.420613424517512,FLAT,False,False,False,
2024-02-27T23:48:00+00:00,3238.54,3240.61,6.391769130534636,0.00029666,0.00033546,2024-02-28T00:00:00+00:00,12.0,-24.253630869465365,FLAT,False,False,False,
2024-02-27T23:49:00+00:00,3239.0,3241.6,8.02716887928345,0.00029666,0.00033546,2024-02-28T00:00:00+00:00,11.0,-22.61823112071655,FLAT,False,False,False,
2024-02-27T23:50:00+00:00,3239.09,3241.7,8.057818708339912,0.00029666,0.00033546,2024-02-28T00:00:00+00:00,10.0,-22.587581291660086,FLAT,False,False,False,
2024-02-27T23:51:00+00:00,3238.76,3240.53,5.465054527041157,0.00029666,0.00033546,2024-02-28T00:00:00+00:00,9.0,-25.18034547295884,FLAT,False,False,False,
2024-02-27T23:52:00+00:00,3239.54,3241.95,7.43932780579914,0.00029666,0.00033546,2024-02-28T00:00:00+00:00,8.0,-23.20607219420086,FLAT,False,False,False,
2024-02-27T23:53:00+00:00,3242.0,3244.25,6.9401603948180135,0.00029666,0.00033546,2024-02-28T00:00:00+00:00,7.0,-23.705239605181987,FLAT,False,False,False,
2024-02-27T23:54:00+00:00,3242.19,3244.75,7.8958975260547515,0.00029666,0.00033546,2024-02-28T00:00:00+00:00,6.0,-22.74950247394525,FLAT,False,False,False,
2024-02-27T23:55:00+00:00,3242.19,3244.44,6.939753685009206,0.00029666,0.00033546,2024-02-28T00:00:00+00:00,5.0,-23.705646314990794,FLAT,False,False,False,
2024-02-27T23:56:00+00:00,3241.84,3244.45,8.050983392146659,0.00029666,0.00033546,2024-02-28T00:00:00+00:00,4.0,-22.59441660785334,FLAT,False,False,False,
2024-02-27T23:57:00+00:00,3242.75,3245.38,8.110400123352429,0.00029666,0.00033546,2024-02-28T00:00:00+00:00,3.0,-22.53499987664757,FLAT,False,False,False,
2024-02-27T23:58:00+00:00,3243.55,3245.97,7.460960984105742,0.00029666,0.00033546,2024-02-28T00:00:00+00:00,2.0,-23.184439015894256,FLAT,False,False,False,
2024-02-27T23:59:00+00:00,3242.36,3244.98,8.08053393207383,0.00029666,0.00033546,2024-02-28T00:00:00+00:00,1.0,-22.564866067926168,FLAT,False,False,False,
2024-02-28T00:00:00+00:00,3242.61,3245.01,7.401445132162335,0.00033546,0.00032021,2024-02-28T08:00:00+00:00,480.0,-23.396454867837665,FLAT,False,False,False,
2024-02-28T00:01:00+00:00,3243.06,3245.88,8.695491295258687,0.00033546,0.00032021,2024-02-28T08:00:00+00:00,479.0,-22.102408704741315,FLAT,False,False,False,
2024-02-28T00:02:00+00:00,3242.86,3245.34,7.64757035456362,0.00033546,0.00032021,2024-02-28T08:00:00+00:00,478.0,-23.15032964543638,FLAT,False,False,False,
2024-02-28T00:03:00+00:00,3242.98,3245.85,8.84988498233073,0.00033546,0.00032021,2024-02-28T08:00:00+00:00,477.0,-21.94801501766927,FLAT,False,False,False,
2024-02-28T00:04:00+00:00,3242.42,3244.83,7.432720005427595,0.00033546,0.00032021,2024-02-28T08:00:00+00:00,476.0,-23.365179994572404,FLAT,False,False,False,
2024-02-28T00:05:00+00:00,3244.0,3246.74,8.446362515412398,0.00033546,0.00032021,2024-02-28T08:00:00+00:00,475.0,-22.351537484587602,FLAT,False,False,False,
2024-02-28T00:06:00+00:00,3242.66,3245.07,7.432169885218645,0.00033546,0.00032021,2024-02-28T08:00:00+00:00,474.0,-23.365730114781357,FLAT,False,False,False,
2024-02-28T00:07:00+00:00,3241.84,3244.28,7.52658983787002,0.00033546,0.00032021,2024-02-28T08:00:00+00:00,473.0,-23.27131016212998,FLAT,False,False,False,
2024-02-28T00:08:00+00:00,3241.8,3243.99,6.75550620025788,0.00033546,0.00032021,2024-02-28T08:00:00+00:00,472.0,-24.042393799742122,FLAT,False,False,False,
2024-02-28T00:09:00+00:00,3241.24,3243.78,7.836507015834738,0.00033546,0.00032021,2024-02-28T08:00:00+00:00,471.0,-22.96139298416526,FLAT,False,False,False,
2024-02-28T00:10:00+00:00,3237.36,3239.94,7.969456594261766,0.00033546,0.00032021,2024-02-28T08:00:00+00:00,470.0,-22.828443405738234,FLAT,False,False,False,
2024-02-28T00:11:00+00:00,3239.67,3242.35,8.272447502368564,0.00033546,0.00032021,2024-02-28T08:00:00+00:00,469.0,-22.525452497631434,FLAT,False,False,False,
2024-02-28T00:12:00+00:00,3238.96,3241.75,8.613876058981784,0.00033546,0.00032021,2024-02-28T08:00:00+00:00,468.0,-22.184023941018218,FLAT,False,False,False,
2024-02-28T00:13:00+00:00,3239.85,3242.44,7.994197262219379,0.00033546,0.00032021,2024-02-28T08:00:00+00:00,467.0,-22.80370273778062,FLAT,False,False,False,
2024-02-28T00:14:00+00:00,3240.2,3243.0,8.641441886303877,0.00033546,0.00032021,2024-02-28T08:00:00+00:00,466.0,-22.156458113696125,FLAT,False,False,False,
2024-02-28T00:15:00+00:00,3237.45,3240.0,7.876569522309787,0.00033546,0.00032021,2024-02-28T08:00:00+00:00,465.0,-22.921330477690212,FLAT,False,False,False,
2024-02-28T00:16:00+00:00,3236.28,3238.75,7.632219709048042,0.00033546,0.00032021,2024-02-28T08:00:00+00:00,464.0,-23.165680290951958,FLAT,False,False,False,
2024-02-28T00:17:00+00:00,3237.53,3240.0,7.629272933377605,0.00033546,0.00032021,2024-02-28T08:00:00+00:00,463.0,-23.168627066622395,FLAT,False,False,False,
2024-02-28T00:18:00+00:00,3236.58,3239.38,8.651107032732643,0.00033546,0.00032021,2024-02-28T08:00:00+00:00,462.0,-22.14679296726736,FLAT,False,False,False,
2024-02-28T00:19:00+00:00,3237.14,3240.25,9.607245902247438,0.00033546,0.00032021,2024-02-28T08:00:00+00:00,461.0,-21.190654097752564,FLAT,False,False,False,
2024-02-28T00:20:00+00:00,3238.02,3240.78,8.523727463079963,0.00033546,0.00032021,2024-02-28T08:00:00+00:00,460.0,-22.274172536920037,FLAT,False,False,False,
2024-02-28T00:21:00+00:00,3240.08,3242.82,8.45658131898051,0.00033546,0.00032021,2024-02-28T08:00:00+00:00,459.0,-22.34131868101949,FLAT,False,False,False,
2024-02-28T00:22:00+00:00,3241.19,3244.18,9.22500686476196,0.00033546,0.00032021,2024-02-28T08:00:00+00:00,458.0,-21.57289313523804,FLAT,False,False,False,
2024-02-28T00:23:00+00:00,3239.42,3242.04,8.087867581233342,0.00033546,0.00032021,2024-02-28T08:00:00+00:00,457.0,-22.71003241876666,FLAT,False,False,False,
2024-02-28T00:24:00+00:00,3240.23,3242.93,8.332741811537508,0.00033546,0.00032021,2024-02-28T08:00:00+00:00,456.0,-22.465158188462492,FLAT,False,False,False,
2024-02-28T00:25:00+00:00,3242.44,3245.06,8.080334562859733,0.00033546,0.00032021,2024-02-28T08:00:00+00:00,455.0,-22.717565437140266,FLAT,False,False,False,
2024-02-28T00:26:00+00:00,3244.2,3246.93,8.41501756981696,0.00033546,0.00032021,2024-02-28T08:00:00+00:00,454.0,-22.382882430183038,FLAT,False,False,False,
2024-02-28T00:27:00+00:00,3244.06,3246.6,7.8296948885038,0.00033546,0.00032021,2024-02-28T08:00:00+00:00,453.0,-22.9682051114962,FLAT,False,False,False,
2024-02-28T00:28:00+00:00,3243.28,3245.73,7.554081053747497,0.00033546,0.00032021,2024-02-28T08:00:00+00:00,452.0,-23.243818946252503,FLAT,False,False,False,
2024-02-28T00:29:00+00:00,3243.09,3245.61,7.7703671498477735,0.00033546,0.00032021,2024-02-28T08:00:00+00:00,451.0,-23.027532850152227,FLAT,False,False,False,
2024-02-28T00:30:00+00:00,3245.3,3247.96,8.19646873940731,0.00033546,0.00032021,2024-02-28T08:00:00+00:00,450.0,-22.60143126059269,FLAT,False,False,False,
2024-02-28T00:31:00+00:00,3246.51,3249.2,8.285820773691132,0.00033546,0.00032021,2024-02-28T08:00:00+00:00,449.0,-22.51207922630887,FLAT,False,False,False,
2024-02-28T00:32:00+00:00,3245.18,3247.63,7.549658262408474,0.00033546,0.00032021,2024-02-28T08:00:00+00:00,448.0,-23.248241737591528,FLAT,False,False,False,
2024-02-28T00:33:00+00:00,3246.34,3249.11,8.53268604027915,0.00033546,0.00032021,2024-02-28T08:00:00+00:00,447.0,-22.26521395972085,FLAT,False,False,False,
2024-02-28T00:34:00+00:00,3247.13,3249.69,7.883885153966566,0.00033546,0.00032021,2024-02-28T08:00:00+00:00,446.0,-22.91401484603343,FLAT,False,False,False,
2024-02-28T00:35:00+00:00,3247.5,3249.7,6.774441878367416,0.00033546,0.00032021,2024-02-28T08:00:00+00:00,445.0,-24.023458121632586,FLAT,False,False,False,
2024-02-28T00:36:00+00:00,3246.79,3249.17,7.330317020811661,0.00033546,0.00032021,2024-02-28T08:00:00+00:00,444.0,-23.46758297918834,FLAT,False,False,False,
2024-02-28T00:37:00+00:00,3249.04,3251.79,8.464038608327384,0.00033546,0.00032021,2024-02-28T08:00:00+00:00,443.0,-22.333861391672617,FLAT,False,False,False,
2024-02-28T00:38:00+00:00,3250.0,3252.54,7.815384615384504,0.00033546,0.00032021,2024-02-28T08:00:00+00:00,442.0,-22.982515384615496,FLAT,False,False,False,
2024-02-28T00:39:00+00:00,3247.83,3250.2,7.2971799632366565,0.00033546,0.00032021,2024-02-28T08:00:00+00:00,441.0,-23.500720036763344,FLAT,False,False,False,
2024-02-28T00:40:00+00:00,3248.42,3251.18,8.49643826844978,0.00033546,0.00032021,2024-02-28T08:00:00+00:00,440.0,-22.30146173155022,FLAT,False,False,False,
2024-02-28T00:41:00+00:00,3248.61,3251.16,7.849511021636106,0.00033546,0.00032021,2024-02-28T08:00:00+00:00,439.0,-22.948388978363894,FLAT,False,False,False,
2024-02-28T00:42:00+00:00,3248.62,3251.28,8.188092174524288,0.00033546,0.00032021,2024-02-28T08:00:00+00:00,438.0,-22.609807825475713,FLAT,False,False,False,
2024-02-28T00:43:00+00:00,3247.48,3249.72,6.897656028673869,0.00033546,0.00032021,2024-02-28T08:00:00+00:00,437.0,-23.90024397132613,FLAT,False,False,False,
2024-02-28T00:44:00+00:00,3247.56,3250.2,8.129180061337966,0.00033546,0.00032021,2024-02-28T08:00:00+00:00,436.0,-22.668719938662036,FLAT,False,False,False,
2024-02-28T00:45:00+00:00,3249.71,3252.18,7.6006782143631275,0.00033546,0.00032021,2024-02-28T08:00:00+00:00,435.0,-23.19722178563687,FLAT,False,False,False,
2024-02-28T00:46:00+00:00,3252.96,3255.46,7.685308150115587,0.00033546,0.00032021,2024-02-28T08:00:00+00:00,434.0,-23.112591849884414,FLAT,False,False,False,
2024-02-28T00:47:00+00:00,3252.0,3254.75,8.456334563345633,0.00033546,0.00032021,2024-02-28T08:00:00+00:00,433.0,-22.341565436654367,FLAT,False,False,False,
2024-02-28T00:48:00+00:00,3253.92,3256.73,8.635737817770398,0.00033546,0.00032021,2024-02-28T08:00:00+00:00,432.0,-22.1621621822296,FLAT,False,False,False,
2024-02-28T00:49:00+00:00,3253.25,3256.4,9.682625067240732,0.00033546,0.00032021,2024-02-28T08:00:00+00:00,431.0,-21.11527493275927,FLAT,False,False,False,
2024-02-28T00:50:00+00:00,3253.46,3256.21,8.45253975767337,0.00033546,0.00032021,2024-02-28T08:00:00+00:00,430.0,-22.34536024232663,FLAT,False,False,False,
2024-02-28T00:51:00+00:00,3250.5,3253.16,8.183356406706213,0.00033546,0.00032021,2024-02-28T08:00:00+00:00,429.0,-22.61454359329379,FLAT,False,False,False,
2024-02-28T00:52:00+00:00,3251.34,3253.79,7.535354653772961,0.00033546,0.00032021,2024-02-28T08:00:00+00:00,428.0,-23.26254534622704,FLAT,False,False,False,
2024-02-28T00:53:00+00:00,3251.17,3253.89,8.366218930415204,0.00033546,0.00032021,2024-02-28T08:00:00+00:00,427.0,-22.431681069584798,FLAT,False,False,False,
2024-02-28T00:54:00+00:00,3252.45,3255.11,8.178450091470458,0.00033546,0.00032021,2024-02-28T08:00:00+00:00,426.0,-22.619449908529543,FLAT,False,False,False,
2024-02-28T00:55:00+00:00,3253.48,3255.71,6.854199195937944,0.00033546,0.00032021,2024-02-28T08:00:00+00:00,425.0,-23.943700804062054,FLAT,False,False,False,
2024-02-28T00:56:00+00:00,3253.96,3256.68,8.359045593676013,0.00033546,0.00032021,2024-02-28T08:00:00+00:00,424.0,-22.438854406323987,FLAT,False,False,False,
2024-02-28T00:57:00+00:00,3252.22,3254.88,8.179028479009137,0.00033546,0.00032021,2024-02-28T08:00:00+00:00,423.0,-22.618871520990865,FLAT,False,False,False,
2024-02-28T00:58:00+00:00,3253.74,3256.42,8.23667533361698,0.00033546,0.00032021,2024-02-28T08:00:00+00:00,422.0,-22.56122466638302,FLAT,False,False,False,
2024-02-28T00:59:00+00:00,3254.63,3257.02,7.34338465509097,0.00033546,0.00032021,2024-02-28T08:00:00+00:00,421.0,-23.45451534490903,FLAT,False,False,False,
2024-02-28T01:00:00+00:00,3254.81,3257.43,8.049625016513685,0.00033546,0.00032021,2024-02-28T08:00:00+00:00,420.0,-22.748274983486315,FLAT,False,False,False,
2024-02-28T01:01:00+00:00,3255.24,3257.86,8.04856170359281,0.00033546,0.00032021,2024-02-28T08:00:00+00:00,419.0,-22.74933829640719,FLAT,False,False,False,
2024-02-28T01:02:00+00:00,3258.18,3260.77,7.949223185950886,0.00033546,0.00032021,2024-02-28T08:00:00+00:00,418.0,-22.848676814049114,FLAT,False,False,False,
2024-02-28T01:03:00+00:00,3256.97,3259.34,7.27670196532466,0.00033546,0.00032021,2024-02-28T08:00:00+00:00,417.0,-23.52119803467534,FLAT,False,False,False,
2024-02-28T01:04:00+00:00,3254.64,3257.5,8.787454219207431,0.00033546,0.00032021,2024-02-28T08:00:00+00:00,416.0,-22.01044578079257,FLAT,False,False,False,
2024-02-28T01:05:00+00:00,3255.38,3257.69,7.095945788202745,0.00033546,0.00032021,2024-02-28T08:00:00+00:00,415.0,-23.701954211797254,FLAT,False,False,False,
2024-02-28T01:06:00+00:00,3254.15,3256.77,8.051257624878666,0.00033546,0.00032021,2024-02-28T08:00:00+00:00,414.0,-22.746642375121333,FLAT,False,False,False,
2024-02-28T01:07:00+00:00,3253.7,3256.16,7.560623290407955,0.00033546,0.00032021,2024-02-28T08:00:00+00:00,413.0,-23.237276709592045,FLAT,False,False,False,
2024-02-28T01:08:00+00:00,3250.93,3253.32,7.351742424476465,0.00033546,0.00032021,2024-02-28T08:00:00+00:00,412.0,-23.446157575523536,FLAT,False,False,False,
2024-02-28T01:09:00+00:00,3250.02,3252.76,8.430717349432424,0.00033546,0.00032021,2024-02-28T08:00:00+00:00,411.0,-22.367182650567578,FLAT,False,False,False,
2024-02-28T01:10:00+00:00,3248.34,3250.62,7.018969689132742,0.00033546,0.00032021,2024-02-28T08:00:00+00:00,410.0,-23.77893031086726,FLAT,False,False,False,
2024-02-28T01:11:00+00:00,3248.15,3250.36,6.803872973846763,0.00033546,0.00032021,2024-02-28T08:00:00+00:00,409.0,-23.994027026153237,FLAT,False,False,False,
2024-02-28T01:12:00+00:00,3245.61,3247.84,6.870819352910603,0.00033546,0.00032021,2024-02-28T08:00:00+00:00,408.0,-23.927080647089397,FLAT,False,False,False,
2024-02-28T01:13:00+00:00,3243.9,3246.08,6.720305804740701,0.00033546,0.00032021,2024-02-28T08:00:00+00:00,407.0,-24.077594195259298,FLAT,False,False,False,
2024-02-28T01:14:00+00:00,3243.61,3245.97,7.275843889985764,0.00033546,0.00032021,2024-02-28T08:00:00+00:00,406.0,-23.522056110014233,FLAT,False,False,False,
2024-02-28T01:15:00+00:00,3242.31,3244.93,8.080658542828695,0.00033546,0.00032021,2024-02-28T08:00:00+00:00,405.0,-22.717241457171305,FLAT,False,False,False,
2024-02-28T01:16:00+00:00,3244.29,3246.66,7.305142265333528,0.00033546,0.00032021,2024-02-28T08:00:00+00:00,404.0,-23.492757734666473,FLAT,False,False,False,
2024-02-28T01:17:00+00:00,3246.92,3249.62,8.315572912174671,0.00033546,0.00032021,2024-02-28T08:00:00+00:00,403.0,-22.48232708782533,FLAT,False,False,False,
2024-02-28T01:18:00+00:00,3247.99,3250.64,8.158892114815904,0.00033546,0.00032021,2024-02-28T08:00:00+00:00,402.0,-22.639007885184096,FLAT,False,False,False,
2024-02-28T01:19:00+00:00,3248.12,3250.92,8.620371168553445,0.00033546,0.00032021,2024-02-28T08:00:00+00:00,401.0,-22.177528831446555,FLAT,False,False,False,
2024-02-28T01:20:00+00:00,3249.26,3251.72,7.570954617357741,0.00033546,0.00032021,2024-02-28T08:00:00+00:00,400.0,-23.226945382642256,FLAT,False,False,False,
2024-02-28T01:21:00+00:00,3250.44,3252.73,7.045200034456762,0.00033546,0.00032021,2024-02-28T08:00:00+00:00,399.0,-23.752699965543236,FLAT,False,False,False,
2024-02-28T01:22:00+00:00,3249.43,3252.04,8.032177951210297,0.00033546,0.00032021,2024-02-28T08:00:00+00:00,398.0,-22.765722048789705,FLAT,False,False,False,
2024-02-28T01:23:00+00:00,3248.99,3251.43,7.510026192755455,0.00033546,0.00032021,2024-02-28T08:00:00+00:00,397.0,-23.287873807244544,FLAT,False,False,False,
2024-02-28T01:24:00+00:00,3248.35,3250.69,7.203657241369143,0.00033546,0.00032021,2024-02-28T08:00:00+00:00,396.0,-23.594242758630855,FLAT,False,False,False,
2024-02-28T01:25:00+00:00,3249.75,3251.93,6.708208323716705,0.00033546,0.00032021,2024-02-28T08:00:00+00:00,395.0,-24.089691676283294,FLAT,False,False,False,
2024-02-28T01:26:00+00:00,3249.38,3252.19,8.647803580990667,0.00033546,0.00032021,2024-02-28T08:00:00+00:00,394.0,-22.150096419009333,FLAT,False,False,False,
2024-02-28T01:27:00+00:00,3249.41,3251.73,7.139757679086861,0.00033546,0.00032021,2024-02-28T08:00:00+00:00,393.0,-23.65814232091314,FLAT,False,False,False,
2024-02-28T01:28:00+00:00,3249.65,3252.27,8.062406720723434,0.00033546,0.00032021,2024-02-28T08:00:00+00:00,392.0,-22.735493279276568,FLAT,False,False,False,
2024-02-28T01:29:00+00:00,3247.42,3249.76,7.205720233293339,0.00033546,0.00032021,2024-02-28T08:00:00+00:00,391.0,-23.59217976670666,FLAT,False,False,False,
2024-02-28T01:30:00+00:00,3246.4,3249.0,8.008871365204254,0.00033546,0.00032021,2024-02-28T08:00:00+00:00,390.0,-22.78902863479575,FLAT,False,False,False,
2024-02-28T01:31:00+00:00,3245.68,3248.24,7.887407261344142,0.00033546,0.00032021,2024-02-28T08:00:00+00:00,389.0,-22.910492738655858,FLAT,False,False,False,
2024-02-28T01:32:00+00:00,3244.29,3246.83,7.829139811792299,0.00033546,0.00032021,2024-02-28T08:00:00+00:00,388.0,-22.968760188207703,FLAT,False,False,False,
2024-02-28T01:33:00+00:00,3244.41,3246.84,7.489805542456999,0.00033546,0.00032021,2024-02-28T08:00:00+00:00,387.0,-23.308094457543,FLAT,False,False,False,
2024-02-28T01:34:00+00:00,3243.99,3246.15,6.658466887999992,0.00033546,0.00032021,2024-02-28T08:00:00+00:00,386.0,-24.139433112000006,FLAT,False,False,False,
2024-02-28T01:35:00+00:00,3239.76,3242.19,7.500555596710362,0.00033546,0.00032021,2024-02-28T08:00:00+00:00,385.0,-23.297344403289635,FLAT,False,False,False,
2024-02-28T01:36:00+00:00,3238.35,3240.88,7.812620624701469,0.00033546,0.00032021,2024-02-28T08:00:00+00:00,384.0,-22.985279375298532,FLAT,False,False,False,
2024-02-28T01:37:00+00:00,3238.97,3241.99,9.32395175009334,0.00033546,0.00032021,2024-02-28T08:00:00+00:00,383.0,-21.473948249906663,FLAT,False,False,False,
2024-02-28T01:38:00+00:00,3237.37,3239.71,7.228089467685638,0.00033546,0.00032021,2024-02-28T08:00:00+00:00,382.0,-23.569810532314364,FLAT,False,False,False,
2024-02-28T01:39:00+00:00,3238.0,3240.71,8.369363804817901,0.00033546,0.00032021,2024-02-28T08:00:00+00:00,381.0,-22.428536195182097,FLAT,False,False,False,
2024-02-28T01:40:00+00:00,3236.65,3239.27,8.094789365547374,0.00033546,0.00032021,2024-02-28T08:00:00+00:00,380.0,-22.703110634452628,FLAT,False,False,False,
2024-02-28T01:41:00+00:00,3236.87,3239.64,8.557649828383537,0.00033546,0.00032021,2024-02-28T08:00:00+00:00,379.0,-22.240250171616463,FLAT,False,False,False,
2024-02-28T01:42:00+00:00,3236.6,3239.75,9.73243527158157,0.00033546,0.00032021,2024-02-28T08:00:00+00:00,378.0,-21.06546472841843,FLAT,False,False,False,
2024-02-28T01:43:00+00:00,3235.81,3238.77,9.14763227754422,0.00033546,0.00032021,2024-02-28T08:00:00+00:00,377.0,-21.65026772245578,FLAT,False,False,False,
2024-02-28T01:44:00+00:00,3235.61,3238.09,7.66470619141373,0.00033546,0.00032021,2024-02-28T08:00:00+00:00,376.0,-23.13319380858627,FLAT,False,False,False,
2024-02-28T01:45:00+00:00,3236.74,3239.51,8.557993536708036,0.00033546,0.00032021,2024-02-28T08:00:00+00:00,375.0,-22.239906463291966,FLAT,False,False,False,
2024-02-28T01:46:00+00:00,3235.73,3238.72,9.240573224588521,0.00033546,0.00032021,2024-02-28T08:00:00+00:00,374.0,-21.55732677541148,FLAT,False,False,False,
2024-02-28T01:47:00+00:00,3235.47,3238.32,8.808612040910173,0.00033546,0.00032021,2024-02-28T08:00:00+00:00,373.0,-21.98928795908983,FLAT,False,False,False,
2024-02-28T01:48:00+00:00,3235.5,3238.2,8.34492350486731,0.00033546,0.00032021,2024-02-28T08:00:00+00:00,372.0,-22.45297649513269,FLAT,False,False,False,
2024-02-28T01:49:00+00:00,3234.62,3237.68,9.460152970055047,0.00033546,0.00032021,2024-02-28T08:00:00+00:00,371.0,-21.337747029944953,FLAT,False,False,False,
2024-02-28T01:50:00+00:00,3236.08,3238.79,8.374329435613571,0.00033546,0.00032021,2024-02-28T08:00:00+00:00,370.0,-22.42357056438643,FLAT,False,False,False,
2024-02-28T01:51:00+00:00,3238.59,3241.32,8.429594360508796,0.00033546,0.00032021,2024-02-28T08:00:00+00:00,369.0,-22.368305639491204,FLAT,False,False,False,
2024-02-28T01:52:00+00:00,3236.98,3239.87,8.928074934043067,0.00033546,0.00032021,2024-02-28T08:00:00+00:00,368.0,-21.86982506595693,FLAT,False,False,False,
2024-02-28T01:53:00+00:00,3238.63,3241.41,8.583876515686402,0.00033546,0.00032021,2024-02-28T08:00:00+00:00,367.0,-22.2140234843136,FLAT,False,False,False,
2024-02-28T01:54:00+00:00,3236.34,3239.1,8.528152171897153,0.00033546,0.00032021,2024-02-28T08:00:00+00:00,366.0,-22.269747828102847,FLAT,False,False,False,
2024-02-28T01:55:00+00:00,3234.01,3236.5,7.699419605999306,0.00033546,0.00032021,2024-02-28T08:00:00+00:00,365.0,-23.098480394000696,FLAT,False,False,False,
2024-02-28T01:56:00+00:00,3233.19,3235.8,8.07252280255762,0.00033546,0.00032021,2024-02-28T08:00:00+00:00,364.0,-22.72537719744238,FLAT,False,False,False,
2024-02-28T01:57:00+00:00,3233.6,3236.0,7.422068283028485,0.00033546,0.00032021,2024-02-28T08:00:00+00:00,363.0,-23.375831716971515,FLAT,False,False,False,
2024-02-28T01:58:00+00:00,3233.99,3237.36,10.420564071009329,0.00033546,0.00032021,2024-02-28T08:00:00+00:00,362.0,-20.37733592899067,FLAT,False,False,False,
2024-02-28T01:59:00+00:00,3234.99,3238.07,9.520894964127809,0.00033546,0.00032021,2024-02-28T08:00:00+00:00,361.0,-21.277005035872193,FLAT,False,False,False,
2024-02-28T02:00:00+00:00,3236.8,3239.97,9.793623331684435,0.00033546,0.00032021,2024-02-28T08:00:00+00:00,360.0,-21.004276668315566,FLAT,False,False,False,
2024-02-28T02:01:00+00:00,3238.56,3242.04,10.745516525863401,0.00033546,0.00032021,2024-02-28T08:00:00+00:00,359.0,-20.052383474136597,FLAT,False,False,False,
2024-02-28T02:02:00+00:00,3234.76,3237.44,8.285004142501565,0.00033546,0.00032021,2024-02-28T08:00:00+00:00,358.0,-22.512895857498435,FLAT,False,False,False,
2024-02-28T02:03:00+00:00,3234.47,3237.77,10.202598880188042,0.00033546,0.00032021,2024-02-28T08:00:00+00:00,357.0,-20.595301119811957,FLAT,False,False,False,
2024-02-28T02:04:00+00:00,3233.96,3236.89,9.060099692017948,0.00033546,0.00032021,2024-02-28T08:00:00+00:00,356.0,-21.737800307982052,FLAT,False,False,False,
2024-02-28T02:05:00+00:00,3231.35,3234.27,9.036470824887656,0.00033546,0.00032021,2024-02-28T08:00:00+00:00,355.0,-21.761429175112344,FLAT,False,False,False,
2024-02-28T02:06:00+00:00,3231.96,3234.55,8.013713041003433,0.00033546,0.00032021,2024-02-28T08:00:00+00:00,354.0,-22.784186958996568,FLAT,False,False,False,
2024-02-28T02:07:00+00:00,3234.08,3236.91,8.75055657250262,0.00033546,0.00032021,2024-02-28T08:00:00+00:00,353.0,-22.04734342749738,FLAT,False,False,False,
2024-02-28T02:08:00+00:00,3236.54,3239.33,8.620316758019253,0.00033546,0.00032021,2024-02-28T08:00:00+00:00,352.0,-22.17758324198075,FLAT,False,False,False,
2024-02-28T02:09:00+00:00,3233.86,3236.61,8.503769489093528,0.00033546,0.00032021,2024-02-28T08:00:00+00:00,351.0,-22.29413051090647,FLAT,False,False,False,
2024-02-28T02:10:00+00:00,3233.73,3236.68,9.122592176835475,0.00033546,0.00032021,2024-02-28T08:00:00+00:00,350.0,-21.675307823164523,FLAT,False,False,False,
2024-02-28T02:11:00+00:00,3233.25,3235.82,7.9486584705796455,0.00033546,0.00032021,2024-02-28T08:00:00+00:00,349.0,-22.849241529420354,FLAT,False,False,False,
2024-02-28T02:12:00+00:00,3234.44,3237.44,9.275175919169934,0.00033546,0.00032021,2024-02-28T08:00:00+00:00,348.0,-21.522724080830066,FLAT,False,False,False,
2024-02-28T02:13:00+00:00,3236.09,3238.74,8.18889462283075,0.00033546,0.00032021,2024-02-28T08:00:00+00:00,347.0,-22.60900537716925,FLAT,False,False,False,
2024-02-28T02:14:00+00:00,3236.59,3239.44,8.805563880503582,0.00033546,0.00032021,2024-02-28T08:00:00+00:00,346.0,-21.992336119496418,FLAT,False,False,False,
2024-02-28T02:15:00+00:00,3235.2,3238.01,8.685707220574928,0.00033546,0.00032021,2024-02-28T08:00:00+00:00,345.0,-22.112192779425072,FLAT,False,False,False,
2024-02-28T02:16:00+00:00,3234.92,3237.84,9.026498336898818,0.00033546,0.00032021,2024-02-28T08:00:00+00:00,344.0,-21.77140166310118,FLAT,False,False,False,
2024-02-28T02:17:00+00:00,3236.53,3239.45,9.022008138344518,0.00033546,0.00032021,2024-02-28T08:00:00+00:00,343.0,-21.77589186165548,FLAT,False,False,False,
2024-02-28T02:18:00+00:00,3237.4,3240.55,9.730030271205568,0.00033546,0.00032021,2024-02-28T08:00:00+00:00,342.0,-21.067869728794435,FLAT,False,False,False,
2024-02-28T02:19:00+00:00,3238.91,3241.86,9.108002383518755,0.00033546,0.00032021,2024-02-28T08:00:00+00:00,341.0,-21.689897616481247,FLAT,False,False,False,
2024-02-28T02:20:00+00:00,3240.15,3242.99,8.765026310509361,0.00033546,0.00032021,2024-02-28T08:00:00+00:00,340.0,-22.03287368949064,FLAT,False,False,False,
2024-02-28T02:21:00+00:00,3241.34,3244.12,8.576699759975027,0.00033546,0.00032021,2024-02-28T08:00:00+00:00,339.0,-22.221200240024974,FLAT,False,False,False,
2024-02-28T02:22:00+00:00,3241.58,3244.41,8.730310527582004,0.00033546,0.00032021,2024-02-28T08:00:00+00:00,338.0,-22.067589472417996,FLAT,False,False,False,
2024-02-28T02:23:00+00:00,3241.96,3244.71,8.482522918234647,0.00033546,0.00032021,2024-02-28T08:00:00+00:00,337.0,-22.315377081765355,FLAT,False,False,False,
2024-02-28T02:24:00+00:00,3242.39,3244.87,7.64867890660907,0.00033546,0.00032021,2024-02-28T08:00:00+00:00,336.0,-23.149221093390928,FLAT,False,False,False,
2024-02-28T02:25:00+00:00,3241.43,3244.46,9.347726157900064,0.00033546,0.00032021,2024-02-28T08:00:00+00:00,335.0,-21.450173842099936,FLAT,False,False,False,
2024-02-28T02:26:00+00:00,3241.2,3244.4,9.872886585216195,0.00033546,0.00032021,2024-02-28T08:00:00+00:00,334.0,-20.925013414783805,FLAT,False,False,False,
2024-02-28T02:27:00+00:00,3242.38,3245.6,9.93097662827861,0.00033546,0.00032021,2024-02-28T08:00:00+00:00,333.0,-20.86692337172139,FLAT,False,False,False,
2024-02-28T02:28:00+00:00,3241.49,3244.63,9.686903245113598,0.00033546,0.00032021,2024-02-28T08:00:00+00:00,332.0,-21.1109967548864,FLAT,False,False,False,
2024-02-28T02:29:00+00:00,3242.59,3245.51,9.00514712004932,0.00033546,0.00032021,2024-02-28T08:00:00+00:00,331.0,-21.79275287995068,FLAT,False,False,False,
2024-02-28T02:30:00+00:00,3242.04,3245.0,9.130053916669864,0.00033546,0.00032021,2024-02-28T08:00:00+00:00,330.0,-21.667846083330137,FLAT,False,False,False,
2024-02-28T02:31:00+00:00,3241.23,3244.2,9.163188048980787,0.00033546,0.00032021,2024-02-28T08:00:00+00:00,329.0,-21.634711951019213,FLAT,False,False,False,
2024-02-28T02:32:00+00:00,3241.86,3244.97,9.59325819128424,0.00033546,0.00032021,2024-02-28T08:00:00+00:00,328.0,-21.20464180871576,FLAT,False,False,False,
2024-02-28T02:33:00+00:00,3242.72,3245.83,9.590713968520648,0.00033546,0.00032021,2024-02-28T08:00:00+00:00,327.0,-21.207186031479353,FLAT,False,False,False,
2024-02-28T02:34:00+00:00,3243.61,3246.53,9.002315321509283,0.00033546,0.00032021,2024-02-28T08:00:00+00:00,326.0,-21.79558467849072,FLAT,False,False,False,
2024-02-28T02:35:00+00:00,3244.89,3247.77,8.875493468191863,0.00033546,0.00032021,2024-02-28T08:00:00+00:00,325.0,-21.922406531808136,FLAT,False,False,False,
2024-02-28T02:36:00+00:00,3246.06,3249.24,9.796491746917297,0.00033546,0.00032021,2024-02-28T08:00:00+00:00,324.0,-21.0014082530827,FLAT,False,False,False,
2024-02-28T02:37:00+00:00,3246.79,3249.98,9.825088779995179,0.00033546,0.00032021,2024-02-28T08:00:00+00:00,323.0,-20.97281122000482,FLAT,False,False,False,
2024-02-28T02:38:00+00:00,3245.66,3248.8,9.674457583358476,0.00033546,0.00032021,2024-02-28T08:00:00+00:00,322.0,-21.123442416641524,FLAT,False,False,False,
2024-02-28T02:39:00+00:00,3247.37,3250.57,9.854128109825098,0.00033546,0.00032021,2024-02-28T08:00:00+00:00,321.0,-20.9437718901749,FLAT,False,False,False,
2024-02-28T02:40:00+00:00,3247.58,3250.62,9.36081636172154,0.00033546,0.00032021,2024-02-28T08:00:00+00:00,320.0,-21.43708363827846,FLAT,False,False,False,
2024-02-28T02:41:00+00:00,3248.83,3251.76,9.018631322661669,0.00033546,0.00032021,2024-02-28T08:00:00+00:00,319.0,-21.77926867733833,FLAT,False,False,False,
2024-02-28T02:42:00+00:00,3247.63,3250.51,8.868005283853483,0.00033546,0.00032021,2024-02-28T08:00:00+00:00,318.0,-21.929894716146517,FLAT,False,False,False,
2024-02-28T02:43:00+00:00,3245.8,3248.39,7.979542793763296,0.00033546,0.00032021,2024-02-28T08:00:00+00:00,317.0,-22.818357206236705,FLAT,False,False,False,
2024-02-28T02:44:00+00:00,3245.5,3248.19,8.288399322138513,0.00033546,0.00032021,2024-02-28T08:00:00+00:00,316.0,-22.50950067786149,FLAT,False,False,False,
2024-02-28T02:45:00+00:00,3247.94,3250.91,9.144257590964735,0.00033546,0.00032021,2024-02-28T08:00:00+00:00,315.0,-21.653642409035264,FLAT,False,False,False,
2024-02-28T02:46:00+00:00,3247.65,3250.78,9.637738056749061,0.00033546,0.00032021,2024-02-28T08:00:00+00:00,314.0,-21.16016194325094,FLAT,False,False,False,
2024-02-28T02:47:00+00:00,3246.54,3249.2,8.193338138448485,0.00033546,0.00032021,2024-02-28T08:00:00+00:00,313.0,-22.604561861551517,FLAT,False,False,False,
2024-02-28T02:48:00+00:00,3244.01,3246.66,8.168902068734795,0.00033546,0.00032021,2024-02-28T08:00:00+00:00,312.0,-22.628997931265204,FLAT,False,False,False,
2024-02-28T02:49:00+00:00,3243.55,3246.4,8.786668927563655,0.00033546,0.00032021,2024-02-28T08:00:00+00:00,311.0,-22.011231072436345,FLAT,False,False,False,
2024-02-28T02:50:00+00:00,3243.99,3247.0,9.278696913369703,0.00033546,0.00032021,2024-02-28T08:00:00+00:00,310.0,-21.5192030866303,FLAT,False,False,False,
2024-02-28T02:51:00+00:00,3244.35,3247.23,8.87697073373745,0.00033546,0.00032021,2024-02-28T08:00:00+00:00,309.0,-21.92092926626255,FLAT,False,False,False,
2024-02-28T02:52:00+00:00,3243.06,3246.08,9.312192805560125,0.00033546,0.00032021,2024-02-28T08:00:00+00:00,308.0,-21.485707194439875,FLAT,False,False,False,
2024-02-28T02:53:00+00:00,3243.36,3246.12,8.509693651027833,0.00033546,0.00032021,2024-02-28T08:00:00+00:00,307.0,-22.288206348972167,FLAT,False,False,False,
2024-02-28T02:54:00+00:00,3242.94,3245.88,9.065847656756075,0.00033546,0.00032021,2024-02-28T08:00:00+00:00,306.0,-21.732052343243925,FLAT,False,False,False,
2024-02-28T02:55:00+00:00,3243.03,3245.7,8.233041322465773,0.00033546,0.00032021,2024-02-28T08:00:00+00:00,305.0,-22.564858677534225,FLAT,False,False,False,
2024-02-28T02:56:00+00:00,3241.75,3244.76,9.28510835197106,0.00033546,0.00032021,2024-02-28T08:00:00+00:00,304.0,-21.51279164802894,FLAT,False,False,False,
2024-02-28T02:57:00+00:00,3241.53,3244.61,9.501685932260157,0.00033546,0.00032021,2024-02-28T08:00:00+00:00,303.0,-21.296214067739843,FLAT,False,False,False,
2024-02-28T02:58:00+00:00,3243.95,3246.77,8.6931056273992,0.00033546,0.00032021,2024-02-28T08:00:00+00:00,302.0,-22.1047943726008,FLAT,False,False,False,
2024-02-28T02:59:00+00:00,3243.91,3246.71,8.631558828698028,0.00033546,0.00032021,2024-02-28T08:00:00+00:00,301.0,-22.166341171301973,FLAT,False,False,False,
2024-02-28T03:00:00+00:00,3243.45,3246.44,9.218578982257277,0.00033546,0.00032021,2024-02-28T08:00:00+00:00,300.0,-21.57932101774272,FLAT,False,False,False,
2024-02-28T03:01:00+00:00,3244.51,3247.11,8.013536712785317,0.00033546,0.00032021,2024-02-28T08:00:00+00:00,299.0,-22.78436328721468,FLAT,False,False,False,
2024-02-28T03:02:00+00:00,3241.5,3244.01,7.743328705846732,0.00033546,0.00032021,2024-02-28T08:00:00+00:00,298.0,-23.05457129415327,FLAT,False,False,False,
2024-02-28T03:03:00+00:00,3241.37,3244.0,8.113853092982625,0.00033546,0.00032021,2024-02-28T08:00:00+00:00,297.0,-22.684046907017375,FLAT,False,False,False,
2024-02-28T03:04:00+00:00,3242.95,3245.51,7.894047086758662,0.00033546,0.00032021,2024-02-28T08:00:00+00:00,296.0,-22.903852913241337,FLAT,False,False,False,
2024-02-28T03:05:00+00:00,3242.69,3245.51,8.696483475139972,0.00033546,0.00032021,2024-02-28T08:00:00+00:00,295.0,-22.101416524860028,FLAT,False,False,False,
2024-02-28T03:06:00+00:00,3241.66,3244.43,8.545004719803995,0.00033546,0.00032021,2024-02-28T08:00:00+00:00,294.0,-22.252895280196007,FLAT,False,False,False,
2024-02-28T03:07:00+00:00,3240.69,3243.23,7.837837003847834,0.00033546,0.00032021,2024-02-28T08:00:00+00:00,293.0,-22.960062996152168,FLAT,False,False,False,
2024-02-28T03:08:00+00:00,3238.36,3241.01,8.18315443619638,0.00033546,0.00032021,2024-02-28T08:00:00+00:00,292.0,-22.61474556380362,FLAT,False,False,False,
2024-02-28T03:09:00+00:00,3238.01,3241.0,9.234066602634895,0.00033546,0.00032021,2024-02-28T08:00:00+00:00,291.0,-21.563833397365105,FLAT,False,False,False,
2024-02-28T03:10:00+00:00,3237.84,3240.74,8.956588342844723,0.00033546,0.00032021,2024-02-28T08:00:00+00:00,290.0,-21.841311657155277,FLAT,False,False,False,
2024-02-28T03:11:00+00:00,3238.01,3240.44,7.504609312509338,0.00033546,0.00032021,2024-02-28T08:00:00+00:00,289.0,-23.29329068749066,FLAT,False,False,False,
2024-02-28T03:12:00+00:00,3237.69,3239.87,6.733195580799385,0.00033546,0.00032021,2024-02-28T08:00:00+00:00,288.0,-24.064704419200616,FLAT,False,False,False,
2024-02-28T03:13:00+00:00,3236.81,3239.49,8.279756921165704,0.00033546,0.00032021,2024-02-28T08:00:00+00:00,287.0,-22.518143078834296,FLAT,False,False,False,
2024-02-28T03:14:00+00:00,3236.23,3238.75,7.7868383891132025,0.00033546,0.00032021,2024-02-28T08:00:00+00:00,286.0,-23.0110616108868,FLAT,False,False,False,
2024-02-28T03:15:00+00:00,3235.0,3237.73,8.43894899536327,0.00033546,0.00032021,2024-02-28T08:00:00+00:00,285.0,-22.35895100463673,FLAT,False,False,False,
2024-02-28T03:16:00+00:00,3233.15,3235.58,7.51589007624093,0.00033546,0.00032021,2024-02-28T08:00:00+00:00,284.0,-23.28200992375907,FLAT,False,False,False,
2024-02-28T03:17:00+00:00,3232.18,3234.5,7.177818067063604,0.00033546,0.00032021,2024-02-28T08:00:00+00:00,283.0,-23.620081932936394,FLAT,False,False,False,
2024-02-28T03:18:00+00:00,3234.59,3236.99,7.419796635739417,0.00033546,0.00032021,2024-02-28T08:00:00+00:00,282.0,-23.378103364260582,FLAT,False,False,False,
2024-02-28T03:19:00+00:00,3237.7,3240.51,8.679000525065325,0.00033546,0.00032021,2024-02-28T08:00:00+00:00,281.0,-22.118899474934675,FLAT,False,False,False,
2024-02-28T03:20:00+00:00,3239.92,3242.52,8.024889503444248,0.00033546,0.00032021,2024-02-28T08:00:00+00:00,280.0,-22.773010496555752,FLAT,False,False,False,
2024-02-28T03:21:00+00:00,3243.81,3246.52,8.354373406580645,0.00033546,0.00032021,2024-02-28T08:00:00+00:00,279.0,-22.443526593419357,FLAT,False,False,False,
2024-02-28T03:22:00+00:00,3243.52,3246.28,8.509273875296648,0.00033546,0.00032021,2024-02-28T08:00:00+00:00,278.0,-22.288626124703352,FLAT,False,False,False,
2024-02-28T03:23:00+00:00,3244.07,3246.76,8.292052884185773,0.00033546,0.00032021,2024-02-28T08:00:00+00:00,277.0,-22.505847115814227,FLAT,False,False,False,
2024-02-28T03:24:00+00:00,3245.35,3248.17,8.68935553946466,0.00033546,0.00032021,2024-02-28T08:00:00+00:00,276.0,-22.10854446053534,FLAT,False,False,False,
2024-02-28T03:25:00+00:00,3245.86,3248.54,8.256671575483344,0.00033546,0.00032021,2024-02-28T08:00:00+00:00,275.0,-22.541228424516657,FLAT,False,False,False,
2024-02-28T03:26:00+00:00,3244.36,3246.84,7.644034570762857,0.00033546,0.00032021,2024-02-28T08:00:00+00:00,274.0,-23.153865429237143,FLAT,False,False,False,
2024-02-28T03:27:00+00:00,3243.13,3245.54,7.431092802323231,0.00033546,0.00032021,2024-02-28T08:00:00+00:00,273.0,-23.36680719767677,FLAT,False,False,False,
2024-02-28T03:28:00+00:00,3243.12,3245.62,7.708626261131256,0.00033546,0.00032021,2024-02-28T08:00:00+00:00,272.0,-23.089273738868744,FLAT,False,False,False,
2024-02-28T03:29:00+00:00,3244.13,3247.02,8.908397628947892,0.00033546,0.00032021,2024-02-28T08:00:00+00:00,271.0,-21.88950237105211,FLAT,False,False,False,
2024-02-28T03:30:00+00:00,3246.29,3249.21,8.994883389962304,0.00033546,0.00032021,2024-02-28T08:00:00+00:00,270.0,-21.803016610037695,FLAT,False,False,False,
2024-02-28T03:31:00+00:00,3240.87,3243.52,8.176816718967718,0.00033546,0.00032021,2024-02-28T08:00:00+00:00,269.0,-22.621083281032284,FLAT,False,False,False,
2024-02-28T03:32:00+00:00,3242.39,3244.9,7.741203248221893,0.00033546,0.00032021,2024-02-28T08:00:00+00:00,268.0,-23.056696751778105,FLAT,False,False,False,
2024-02-28T03:33:00+00:00,3242.3,3244.99,8.29657958856244,0.00033546,0.00032021,2024-02-28T08:00:00+00:00,267.0,-22.50132041143756,FLAT,False,False,False,
2024-02-28T03:34:00+00:00,3242.98,3245.4,7.46227235443966,0.00033546,0.00032021,2024-02-28T08:00:00+00:00,266.0,-23.33562764556034,FLAT,False,False,False,
2024-02-28T03:35:00+00:00,3242.4,3245.04,8.142116950406713,0.00033546,0.00032021,2024-02-28T08:00:00+00:00,265.0,-22.65578304959329,FLAT,False,False,False,
2024-02-28T03:36:00+00:00,3242.1,3244.57,7.618518861232704,0.00033546,0.00032021,2024-02-28T08:00:00+00:00,264.0,-23.179381138767297,FLAT,False,False,False,
2024-02-28T03:37:00+00:00,3240.99,3243.99,9.256430905371507,0.00033546,0.00032021,2024-02-28T08:00:00+00:00,263.0,-21.541469094628493,FLAT,False,False,False,
2024-02-28T03:38:00+00:00,3242.27,3245.1,8.728452596483104,0.00033546,0.00032021,2024-02-28T08:00:00+00:00,262.0,-22.069447403516897,FLAT,False,False,False,
2024-02-28T03:39:00+00:00,3242.89,3245.7,8.665110441612098,0.00033546,0.00032021,2024-02-28T08:00:00+00:00,261.0,-22.132789558387902,FLAT,False,False,False,
2024-02-28T03:40:00+00:00,3243.75,3246.33,7.953757225433302,0.00033546,0.00032021,2024-02-28T08:00:00+00:00,260.0,-22.8441427745667,FLAT,False,False,False,
2024-02-28T03:41:00+00:00,3245.01,3248.01,9.244963805966698,0.00033546,0.00032021,2024-02-28T08:00:00+00:00,259.0,-21.5529361940333,FLAT,False,False,False,
2024-02-28T03:42:00+00:00,3246.25,3248.8,7.855217558722162,0.00033546,0.00032021,2024-02-28T08:00:00+00:00,258.0,-22.94268244127784,FLAT,False,False,False,
2024-02-28T03:43:00+00:00,3245.28,3247.83,7.857565448897251,0.00033546,0.00032021,2024-02-28T08:00:00+00:00,257.0,-22.94033455110275,FLAT,False,False,False,
2024-02-28T03:44:00+00:00,3246.34,3249.0,8.193842912325433,0.00033546,0.00032021,2024-02-28T08:00:00+00:00,256.0,-22.60405708767457,FLAT,False,False,False,
2024-02-28T03:45:00+00:00,3245.36,3247.94,7.949811423077647,0.00033546,0.00032021,2024-02-28T08:00:00+00:00,255.0,-22.84808857692235,FLAT,False,False,False,
2024-02-28T03:46:00+00:00,3244.76,3247.39,8.105376052465065,0.00033546,0.00032021,2024-02-28T08:00:00+00:00,254.0,-22.692523947534937,FLAT,False,False,False,
2024-02-28T03:47:00+00:00,3244.25,3247.16,8.969715650766293,0.00033546,0.00032021,2024-02-28T08:00:00+00:00,253.0,-21.82818434923371,FLAT,False,False,False,
2024-02-28T03:48:00+00:00,3245.33,3247.8,7.610936330050425,0.00033546,0.00032021,2024-02-28T08:00:00+00:00,252.0,-23.186963669949577,FLAT,False,False,False,
2024-02-28T03:49:00+00:00,3245.7,3248.35,8.164648612010017,0.00033546,0.00032021,2024-02-28T08:00:00+00:00,251.0,-22.633251387989983,FLAT,False,False,False,
2024-02-28T03:50:00+00:00,3247.28,3249.83,7.85272597373718,0.00033546,0.00032021,2024-02-28T08:00:00+00:00,250.0,-22.94517402626282,FLAT,False,False,False,
2024-02-28T03:51:00+00:00,3247.8,3250.22,7.451197733849431,0.00033546,0.00032021,2024-02-28T08:00:00+00:00,249.0,-23.34670226615057,FLAT,False,False,False,
2024-02-28T03:52:00+00:00,3248.2,3250.39,6.742195677606227,0.00033546,0.00032021,2024-02-28T08:00:00+00:00,248.0,-24.055704322393773,FLAT,False,False,False,
2024-02-28T03:53:00+00:00,3249.48,3252.16,8.247473441904047,0.00033546,0.00032021,2024-02-28T08:00:00+00:00,247.0,-22.550426558095953,FLAT,False,False,False,
2024-02-28T03:54:00+00:00,3249.5,3251.86,7.262655793199345,0.00033546,0.00032021,2024-02-28T08:00:00+00:00,246.0,-23.535244206800655,FLAT,False,False,False,
2024-02-28T03:55:00+00:00,3249.98,3252.75,8.52312937310378,0.00033546,0.00032021,2024-02-28T08:00:00+00:00,245.0,-22.27477062689622,FLAT,False,False,False,
2024-02-28T03:56:00+00:00,3247.88,3250.42,7.820485978545893,0.00033546,0.00032021,2024-02-28T08:00:00+00:00,244.0,-22.97741402145411,FLAT,False,False,False,
2024-02-28T03:57:00+00:00,3247.16,3249.96,8.622919720617961,0.00033546,0.00032021,2024-02-28T08:00:00+00:00,243.0,-22.17498027938204,FLAT,False,False,False,
2024-02-28T03:58:00+00:00,3247.4,3250.15,8.468313112028083,0.00033546,0.00032021,2024-02-28T08:00:00+00:00,242.0,-22.329586887971917,FLAT,False,False,False,
2024-02-28T03:59:00+00:00,3248.82,3251.7,8.864757050251027,0.00033546,0.00032021,2024-02-28T08:00:00+00:00,241.0,-21.933142949748973,FLAT,False,False,False,
2024-02-28T04:00:00+00:00,3247.75,3250.46,8.34423831883623,0.00033546,0.00032021,2024-02-28T08:00:00+00:00,240.0,-22.453661681163773,FLAT,False,False,False,
2024-02-28T04:01:00+00:00,3247.16,3249.98,8.684512004336602,0.00033546,0.00032021,2024-02-28T08:00:00+00:00,239.0,-22.1133879956634,FLAT,False,False,False,
2024-02-28T04:02:00+00:00,3244.16,3246.45,7.058838035115296,0.00033546,0.00032021,2024-02-28T08:00:00+00:00,238.0,-23.739061964884705,FLAT,False,False,False,
2024-02-28T04:03:00+00:00,3249.11,3251.79,8.248412642230752,0.00033546,0.00032021,2024-02-28T08:00:00+00:00,237.0,-22.549487357769248,FLAT,False,False,False,
2024-02-28T04:04:00+00:00,3250.0,3252.23,6.861538461538517,0.00033546,0.00032021,2024-02-28T08:00:00+00:00,236.0,-23.936361538461483,FLAT,False,False,False,
2024-02-28T04:05:00+00:00,3251.21,3253.85,8.120053764598019,0.00033546,0.00032021,2024-02-28T08:00:00+00:00,235.0,-22.67784623540198,FLAT,False,False,False,
2024-02-28T04:06:00+00:00,3251.84,3254.65,8.641261562684344,0.00033546,0.00032021,2024-02-28T08:00:00+00:00,234.0,-22.156638437315657,FLAT,False,False,False,
2024-02-28T04:07:00+00:00,3253.38,3256.21,8.69864571614729,0.00033546,0.00032021,2024-02-28T08:00:00+00:00,233.0,-22.09925428385271,FLAT,False,False,False,
2024-02-28T04:08:00+00:00,3255.34,3258.18,8.724127126505037,0.00033546,0.00032021,2024-02-28T08:00:00+00:00,232.0,-22.073772873494963,FLAT,False,False,False,
2024-02-28T04:09:00+00:00,3253.11,3255.78,8.207530639910955,0.00033546,0.00032021,2024-02-28T08:00:00+00:00,231.0,-22.590369360089046,FLAT,False,False,False,
2024-02-28T04:10:00+00:00,3254.01,3256.71,8.297454525338944,0.00033546,0.00032021,2024-02-28T08:00:00+00:00,230.0,-22.500445474661056,FLAT,False,False,False,
2024-02-28T04:11:00+00:00,3256.25,3259.36,9.550863723608837,0.00033546,0.00032021,2024-02-28T08:00:00+00:00,229.0,-21.247036276391164,FLAT,False,False,False,
2024-02-28T04:12:00+00:00,3256.23,3259.49,10.01157780623532,0.00033546,0.00032021,2024-02-28T08:00:00+00:00,228.0,-20.786322193764683,FLAT,False,False,False,
2024-02-28T04:13:00+00:00,3256.32,3259.3,9.151434748427729,0.00033546,0.00032021,2024-02-28T08:00:00+00:00,227.0,-21.646465251572273,FLAT,False,False,False,
2024-02-28T04:14:00+00:00,3255.14,3258.11,9.124031531670695,0.00033546,0.00032021,2024-02-28T08:00:00+00:00,226.0,-21.673868468329303,FLAT,False,False,False,
2024-02-28T04:15:00+00:00,3253.15,3255.77,8.053732536156927,0.00033546,0.00032021,2024-02-28T08:00:00+00:00,225.0,-22.744167463843073,FLAT,False,False,False,
2024-02-28T04:16:00+00:00,3254.08,3256.78,8.297276035009197,0.00033546,0.00032021,2024-02-28T08:00:00+00:00,224.0,-22.5006239649908,FLAT,False,False,False,
2024-02-28T04:17:00+00:00,3254.39,3257.0,8.019936147788457,0.00033546,0.00032021,2024-02-28T08:00:00+00:00,223.0,-22.777963852211542,FLAT,False,False,False,
2024-02-28T04:18:00+00:00,3254.95,3257.35,7.37338515184593,0.00033546,0.00032021,2024-02-28T08:00:00+00:00,222.0,-23.424514848154068,FLAT,False,False,False,
2024-02-28T04:19:00+00:00,3256.17,3258.89,8.353372213366624,0.00033546,0.00032021,2024-02-28T08:00:00+00:00,221.0,-22.444527786633376,FLAT,False,False,False,
2024-02-28T04:20:00+00:00,3256.6,3259.65,9.365596020389923,0.00033546,0.00032021,2024-02-28T08:00:00+00:00,220.0,-21.432303979610076,FLAT,False,False,False,
2024-02-28T04:21:00+00:00,3262.0,3265.0,9.196811771919068,0.00033546,0.00032021,2024-02-28T08:00:00+00:00,219.0,-21.601088228080933,FLAT,False,False,False,
2024-02-28T04:22:00+00:00,3263.12,3266.16,9.316237220819227,0.00033546,0.00032021,2024-02-28T08:00:00+00:00,218.0,-21.481662779180773,FLAT,False,False,False,
2024-02-28T04:23:00+00:00,3264.15,3267.34,9.772835194461207,0.00033546,0.00032021,2024-02-28T08:00:00+00:00,217.0,-21.025064805538793,FLAT,False,False,False,
2024-02-28T04:24:00+00:00,3265.11,3267.33,6.799158374449252,0.00033546,0.00032021,2024-02-28T08:00:00+00:00,216.0,-23.99874162555075,FLAT,False,False,False,
2024-02-28T04:25:00+00:00,3265.82,3268.61,8.543030540568566,0.00033546,0.00032021,2024-02-28T08:00:00+00:00,215.0,-22.254869459431433,FLAT,False,False,False,
2024-02-28T04:26:00+00:00,3263.96,3266.88,8.946188066030443,0.00033546,0.00032021,2024-02-28T08:00:00+00:00,214.0,-21.851711933969558,FLAT,False,False,False,
2024-02-28T04:27:00+00:00,3262.7,3265.69,9.164189168480819,0.00033546,0.00032021,2024-02-28T08:00:00+00:00,213.0,-21.63371083151918,FLAT,False,False,False,
2024-02-28T04:28:00+00:00,3261.89,3265.03,9.6263209366359,0.00033546,0.00032021,2024-02-28T08:00:00+00:00,212.0,-21.1715790633641,FLAT,False,False,False,
2024-02-28T04:29:00+00:00,3266.18,3269.5,10.164779650846445,0.00033546,0.00032021,2024-02-28T08:00:00+00:00,211.0,-20.633120349153558,FLAT,False,False,False,
2024-02-28T04:30:00+00:00,3264.51,3267.6,9.465432790831366,0.00033546,0.00032021,2024-02-28T08:00:00+00:00,210.0,-21.332467209168634,FLAT,False,False,False,
2024-02-28T04:31:00+00:00,3266.2,3269.28,9.429918559795427,0.00033546,0.00032021,2024-02-28T08:00:00+00:00,209.0,-21.367981440204574,FLAT,False,False,False,
2024-02-28T04:32:00+00:00,3267.01,3269.99,9.121490292345488,0.00033546,0.00032021,2024-02-28T08:00:00+00:00,208.0,-21.676409707654514,FLAT,False,False,False,
2024-02-28T04:33:00+00:00,3263.3,3266.17,8.79477829191276,0.00033546,0.00032021,2024-02-28T08:00:00+00:00,207.0,-22.003121708087242,FLAT,False,False,False,
2024-02-28T04:34:00+00:00,3263.28,3266.14,8.76418817876392,0.00033546,0.00032021,2024-02-28T08:00:00+00:00,206.0,-22.033711821236082,FLAT,False,False,False,
2024-02-28T04:35:00+00:00,3262.0,3264.82,8.645003065604426,0.00033546,0.00032021,2024-02-28T08:00:00+00:00,205.0,-22.152896934395574,FLAT,False,False,False,
2024-02-28T04:36:00+00:00,3260.31,3263.3,9.170907060985723,0.00033546,0.00032021,2024-02-28T08:00:00+00:00,204.0,-21.62699293901428,FLAT,False,False,False,
2024-02-28T04:37:00+00:00,3259.95,3262.88,8.987867912085434,0.00033546,0.00032021,2024-02-28T08:00:00+00:00,203.0,-21.810032087914564,FLAT,False,False,False,
2024-02-28T04:38:00+00:00,3260.17,3263.19,9.263320624384562,0.00033546,0.00032021,2024-02-28T08:00:00+00:00,202.0,-21.534579375615436,FLAT,False,False,False,
2024-02-28T04:39:00+00:00,3260.67,3263.51,8.709866377156061,0.00033546,0.00032021,2024-02-28T08:00:00+00:00,201.0,-22.088033622843938,FLAT,False,False,False,
2024-02-28T04:40:00+00:00,3263.4,3265.98,7.905865048721968,0.00033546,0.00032021,2024-02-28T08:00:00+00:00,200.0,-22.89203495127803,FLAT,False,False,False,
2024-02-28T04:41:00+00:00,3264.16,3267.05,8.85373266016472,0.00033546,0.00032021,2024-02-28T08:00:00+00:00,199.0,-21.944167339835282,FLAT,False,False,False,
2024-02-28T04:42:00+00:00,3262.84,3265.84,9.194444103909477,0.00033546,0.00032021,2024-02-28T08:00:00+00:00,198.0,-21.603455896090523,FLAT,False,False,False,
2024-02-28T04:43:00+00:00,3263.07,3266.32,9.959945695311468,0.00033546,0.00032021,2024-02-28T08:00:00+00:00,197.0,-20.83795430468853,FLAT,False,False,False,
2024-02-28T04:44:00+00:00,3263.0,3265.73,8.36653386454189,0.00033546,0.00032021,2024-02-28T08:00:00+00:00,196.0,-22.431366135458113,FLAT,False,False,False,
2024-02-28T04:45:00+00:00,3264.0,3267.38,10.355392156863081,0.00033546,0.00032021,2024-02-28T08:00:00+00:00,195.0,-20.44250784313692,FLAT,False,False,False,
2024-02-28T04:46:00+00:00,3265.15,3268.0,8.728542333430038,0.00033546,0.00032021,2024-02-28T08:00:00+00:00,194.0,-22.069357666569964,FLAT,False,False,False,
2024-02-28T04:47:00+00:00,3262.66,3265.56,8.888452980084015,0.00033546,0.00032021,2024-02-28T08:00:00+00:00,193.0,-21.909447019915987,FLAT,False,False,False,
2024-02-28T04:48:00+00:00,3263.69,3266.71,9.253329819927695,0.00033546,0.00032021,2024-02-28T08:00:00+00:00,192.0,-21.544570180072306,FLAT,False,False,False,
2024-02-28T04:49:00+00:00,3263.41,3266.62,9.83633683784764,0.00033546,0.00032021,2024-02-28T08:00:00+00:00,191.0,-20.96156316215236,FLAT,False,False,False,
2024-02-28T04:50:00+00:00,3263.77,3266.56,8.5483964862719,0.00033546,0.00032021,2024-02-28T08:00:00+00:00,190.0,-22.2495035137281,FLAT,False,False,False,
2024-02-28T04:51:00+00:00,3263.58,3266.0,7.415169844159092,0.00033546,0.00032021,2024-02-28T08:00:00+00:00,189.0,-23.38273015584091,FLAT,False,False,False,
2024-02-28T04:52:00+00:00,3263.54,3266.34,8.57964051306306,0.00033546,0.00032021,2024-02-28T08:00:00+00:00,188.0,-22.21825948693694,FLAT,False,False,False,
2024-02-28T04:53:00+00:00,3264.81,3267.47,8.147487908943718,0.00033546,0.00032021,2024-02-28T08:00:00+00:00,187.0,-22.650412091056282,FLAT,False,False,False,
2024-02-28T04:54:00+00:00,3267.12,3270.28,9.672127133378355,0.00033546,0.00032021,2024-02-28T08:00:00+00:00,186.0,-21.125772866621645,FLAT,False,False,False,
2024-02-28T04:55:00+00:00,3269.07,3271.86,8.534537345483466,0.00033546,0.00032021,2024-02-28T08:00:00+00:00,185.0,-22.263362654516534,FLAT,False,False,False,
2024-02-28T04:56:00+00:00,3266.59,3269.42,8.663468632426865,0.00033546,0.00032021,2024-02-28T08:00:00+00:00,184.0,-22.134431367573136,FLAT,False,False,False,
2024-02-28T04:57:00+00:00,3265.89,3268.5,7.991695984862097,0.00033546,0.00032021,2024-02-28T08:00:00+00:00,183.0,-22.8062040151379,FLAT,False,False,False,
2024-02-28T04:58:00+00:00,3266.04,3268.91,8.787400031842509,0.00033546,0.00032021,2024-02-28T08:00:00+00:00,182.0,-22.01049996815749,FLAT,False,False,False,
2024-02-28T04:59:00+00:00,3267.33,3270.39,9.365445180009198,0.00033546,0.00032021,2024-02-28T08:00:00+00:00,181.0,-21.432454819990802,FLAT,False,False,False,
2024-02-28T05:00:00+00:00,3264.49,3267.16,8.178919218622427,0.00033546,0.00032021,2024-02-28T08:00:00+00:00,180.0,-22.618980781377573,FLAT,False,False,False,
2024-02-28T05:01:00+00:00,3262.6,3265.38,8.52081162263287,0.00033546,0.00032021,2024-02-28T08:00:00+00:00,179.0,-22.27708837736713,FLAT,False,False,False,
2024-02-28T05:02:00+00:00,3262.99,3265.31,7.110043242547982,0.00033546,0.00032021,2024-02-28T08:00:00+00:00,178.0,-23.687856757452018,FLAT,False,False,False,
2024-02-28T05:03:00+00:00,3263.82,3266.61,8.548265529348933,0.00033546,0.00032021,2024-02-28T08:00:00+00:00,177.0,-22.249634470651067,FLAT,False,False,False,
2024-02-28T05:04:00+00:00,3264.16,3266.74,7.904024312533476,0.00033546,0.00032021,2024-02-28T08:00:00+00:00,176.0,-22.893875687466526,FLAT,False,False,False,
2024-02-28T05:05:00+00:00,3261.44,3264.38,9.014423076923244,0.00033546,0.00032021,2024-02-28T08:00:00+00:00,175.0,-21.783476923076755,FLAT,False,False,False,
2024-02-28T05:06:00+00:00,3261.31,3264.36,9.352070180388193,0.00033546,0.00032021,2024-02-28T08:00:00+00:00,174.0,-21.44582981961181,FLAT,False,False,False,
2024-02-28T05:07:00+00:00,3259.19,3262.19,9.20474105529288,0.00033546,0.00032021,2024-02-28T08:00:00+00:00,173.0,-21.59315894470712,FLAT,False,False,False,
2024-02-28T05:08:00+00:00,3261.73,3264.64,8.921645875041326,0.00033546,0.00032021,2024-02-28T08:00:00+00:00,172.0,-21.876254124958674,FLAT,False,False,False,
2024-02-28T05:09:00+00:00,3260.49,3263.49,9.201071004664943,0.00033546,0.00032021,2024-02-28T08:00:00+00:00,171.0,-21.59682899533506,FLAT,False,False,False,
2024-02-28T05:10:00+00:00,3259.89,3262.48,7.945053360696666,0.00033546,0.00032021,2024-02-28T08:00:00+00:00,170.0,-22.852846639303333,FLAT,False,False,False,
2024-02-28T05:11:00+00:00,3260.9,3263.69,8.555920144745205,0.00033546,0.00032021,2024-02-28T08:00:00+00:00,169.0,-22.241979855254797,FLAT,False,False,False,
2024-02-28T05:12:00+00:00,3258.38,3261.69,10.15842228346585,0.00033546,0.00032021,2024-02-28T08:00:00+00:00,168.0,-20.639477716534152,FLAT,False,False,False,
2024-02-28T05:13:00+00:00,3259.31,3262.18,8.80554473186009,0.00033546,0.00032021,2024-02-28T08:00:00+00:00,167.0,-21.99235526813991,FLAT,False,False,False,
2024-02-28T05:14:00+00:00,3257.56,3261.03,10.652144549909302,0.00033546,0.00032021,2024-02-28T08:00:00+00:00,166.0,-20.145755450090697,FLAT,False,False,False,
2024-02-28T05:15:00+00:00,3257.34,3260.31,9.117869181601552,0.00033546,0.00032021,2024-02-28T08:00:00+00:00,165.0,-21.68003081839845,FLAT,False,False,False,
2024-02-28T05:16:00+00:00,3255.58,3258.88,10.136442661523237,0.00033546,0.00032021,2024-02-28T08:00:00+00:00,164.0,-20.661457338476765,FLAT,False,False,False,
2024-02-28T05:17:00+00:00,3255.79,3258.72,8.999351923802937,0.00033546,0.00032021,2024-02-28T08:00:00+00:00,163.0,-21.798548076197065,FLAT,False,False,False,
2024-02-28T05:18:00+00:00,3257.33,3260.47,9.639797011662536,0.00033546,0.00032021,2024-02-28T08:00:00+00:00,162.0,-21.158102988337465,FLAT,False,False,False,
2024-02-28T05:19:00+00:00,3256.61,3259.64,9.304153705846709,0.00033546,0.00032021,2024-02-28T08:00:00+00:00,161.0,-21.49374629415329,FLAT,False,False,False,
2024-02-28T05:20:00+00:00,3257.6,3260.71,9.546905697446364,0.00033546,0.00032021,2024-02-28T08:00:00+00:00,160.0,-21.250994302553636,FLAT,False,False,False,
2024-02-28T05:21:00+00:00,3257.04,3259.56,7.737086434308397,0.00033546,0.00032021,2024-02-28T08:00:00+00:00,159.0,-23.060813565691603,FLAT,False,False,False,
2024-02-28T05:22:00+00:00,3255.84,3258.56,8.354218880534054,0.00033546,0.00032021,2024-02-28T08:00:00+00:00,158.0,-22.443681119465946,FLAT,False,False,False,
2024-02-28T05:23:00+00:00,3255.98,3258.97,9.183103090313152,0.00033546,0.00032021,2024-02-28T08:00:00+00:00,157.0,-21.61479690968685,FLAT,False,False,False,
2024-02-28T05:24:00+00:00,3257.4,3260.28,8.841407257322125,0.00033546,0.00032021,2024-02-28T08:00:00+00:00,156.0,-21.956492742677874,FLAT,False,False,False,
2024-02-28T05:25:00+00:00,3258.87,3261.22,7.211088506138352,0.00033546,0.00032021,2024-02-28T08:00:00+00:00,155.0,-23.586811493861646,FLAT,False,False,False,
2024-02-28T05:26:00+00:00,3258.8,3261.56,8.46937523014534,0.00033546,0.00032021,2024-02-28T08:00:00+00:00,154.0,-22.32852476985466,FLAT,False,False,False,
2024-02-28T05:27:00+00:00,3259.78,3262.53,8.436152132966027,0.00033546,0.00032021,2024-02-28T08:00:00+00:00,153.0,-22.361747867033973,FLAT,False,False,False,
2024-02-28T05:28:00+00:00,3262.01,3264.55,7.7866100962289,0.00033546,0.00032021,2024-02-28T08:00:00+00:00,152.0,-23.0112899037711,FLAT,False,False,False,
2024-02-28T05:29:00+00:00,3261.09,3263.24,6.592887654126798,0.00033546,0.00032021,2024-02-28T08:00:00+00:00,151.0,-24.2050123458732,FLAT,False,False,False,
2024-02-28T05:30:00+00:00,3263.63,3266.22,7.935948621625892,0.00033546,0.00032021,2024-02-28T08:00:00+00:00,150.0,-22.86195137837411,FLAT,False,False,False,
2024-02-28T05:31:00+00:00,3265.82,3268.61,8.543030540568566,0.00033546,0.00032021,2024-02-28T08:00:00+00:00,149.0,-22.254869459431433,FLAT,False,False,False,
2024-02-28T05:32:00+00:00,3267.61,3269.58,6.028871254524866,0.00033546,0.00032021,2024-02-28T08:00:00+00:00,148.0,-24.769028745475133,FLAT,False,False,False,
2024-02-28T05:33:00+00:00,3268.69,3270.36,5.109080396122216,0.00033546,0.00032021,2024-02-28T08:00:00+00:00,147.0,-25.688819603877782,FLAT,False,False,False,
2024-02-28T05:34:00+00:00,3266.69,3268.56,5.724448906997269,0.00033546,0.00032021,2024-02-28T08:00:00+00:00,146.0,-25.07345109300273,FLAT,False,False,False,
2024-02-28T05:35:00+00:00,3265.01,3266.98,6.033672178645088,0.00033546,0.00032021,2024-02-28T08:00:00+00:00,145.0,-24.76422782135491,FLAT,False,False,False,
2024-02-28T05:36:00+00:00,3263.01,3265.32,7.079353112616711,0.00033546,0.00032021,2024-02-28T08:00:00+00:00,144.0,-23.71854688738329,FLAT,False,False,False,
2024-02-28T05:37:00+00:00,3263.53,3265.45,5.883200093149497,0.00033546,0.00032021,2024-02-28T08:00:00+00:00,143.0,-24.9146999068505,FLAT,False,False,False,
2024-02-28T05:38:00+00:00,3261.15,3263.18,6.224798000704491,0.00033546,0.00032021,2024-02-28T08:00:00+00:00,142.0,-24.57310199929551,FLAT,False,False,False,
2024-02-28T05:39:00+00:00,3260.38,3262.83,7.51446150448665,0.00033546,0.00032021,2024-02-28T08:00:00+00:00,141.0,-23.28343849551335,FLAT,False,False,False,
2024-02-28T05:40:00+00:00,3261.53,3263.98,7.511811941020987,0.00033546,0.00032021,2024-02-28T08:00:00+00:00,140.0,-23.28608805897901,FLAT,False,False,False,
2024-02-28T05:41:00+00:00,3258.46,3261.07,8.009918795996045,0.00033546,0.00032021,2024-02-28T08:00:00+00:00,139.0,-22.787981204003955,FLAT,False,False,False,
2024-02-28T05:42:00+00:00,3256.81,3259.94,9.610631261879291,0.00033546,0.00032021,2024-02-28T08:00:00+00:00,138.0,-21.187268738120707,FLAT,False,False,False,
2024-02-28T05:43:00+00:00,3255.68,3258.67,9.183949282485493,0.00033546,0.00032021,2024-02-28T08:00:00+00:00,137.0,-21.613950717514506,FLAT,False,False,False,
2024-02-28T05:44:00+00:00,3257.78,3260.69,8.932463211143338,0.00033546,0.00032021,2024-02-28T08:00:00+00:00,136.0,-21.865436788856663,FLAT,False,False,False,
2024-02-28T05:45:00+00:00,3255.23,3258.37,9.64601579611847,0.00033546,0.00032021,2024-02-28T08:00:00+00:00,135.0,-21.15188420388153,FLAT,False,False,False,
2024-02-28T05:46:00+00:00,3255.87,3259.08,9.85911599664617,0.00033546,0.00032021,2024-02-28T08:00:00+00:00,134.0,-20.93878400335383,FLAT,False,False,False,
2024-02-28T05:47:00+00:00,3257.76,3260.65,8.871126172584452,0.00033546,0.00032021,2024-02-28T08:00:00+00:00,133.0,-21.92677382741555,FLAT,False,False,False,
2024-02-28T05:48:00+00:00,3258.15,3261.4,9.974985804827893,0.00033546,0.00032021,2024-02-28T08:00:00+00:00,132.0,-20.822914195172107,FLAT,False,False,False,
2024-02-28T05:49:00+00:00,3256.42,3259.28,8.782650886556793,0.00033546,0.00032021,2024-02-28T08:00:00+00:00,131.0,-22.015249113443208,FLAT,False,False,False,
2024-02-28T05:50:00+00:00,3255.93,3258.48,7.83186370714414,0.00033546,0.00032021,2024-02-28T08:00:00+00:00,130.0,-22.96603629285586,FLAT,False,False,False,
2024-02-28T05:51:00+00:00,3257.32,3260.1,8.53462355556023,0.00033546,0.00032021,2024-02-28T08:00:00+00:00,129.0,-22.263276444439768,FLAT,False,False,False,
2024-02-28T05:52:00+00:00,3255.29,3258.0,8.324911144629315,0.00033546,0.00032021,2024-02-28T08:00:00+00:00,128.0,-22.472988855370687,FLAT,False,False,False,
2024-02-28T05:53:00+00:00,3254.12,3257.06,9.03470062566855,0.00033546,0.00032021,2024-02-28T08:00:00+00:00,127.0,-21.76319937433145,FLAT,False,False,False,
2024-02-28T05:54:00+00:00,3256.16,3258.88,8.353397867427445,0.00033546,0.00032021,2024-02-28T08:00:00+00:00,126.0,-22.444502132572556,FLAT,False,False,False,
2024-02-28T05:55:00+00:00,3258.0,3260.8,8.594229588705286,0.00033546,0.00032021,2024-02-28T08:00:00+00:00,125.0,-22.203670411294716,FLAT,False,False,False,
2024-02-28T05:56:00+00:00,3256.51,3259.2,8.260376906564389,0.00033546,0.00032021,2024-02-28T08:00:00+00:00,124.0,-22.53752309343561,FLAT,False,False,False,
2024-02-28T05:57:00+00:00,3252.71,3255.59,8.854155458064534,0.00033546,0.00032021,2024-02-28T08:00:00+00:00,123.0,-21.943744541935466,FLAT,False,False,False,
2024-02-28T05:58:00+00:00,3250.99,3254.6,11.10430976410302,0.00033546,0.00032021,2024-02-28T08:00:00+00:00,122.0,-19.69359023589698,FLAT,False,False,False,
2024-02-28T05:59:00+00:00,3251.85,3255.49,11.193628242384714,0.00033546,0.00032021,2024-02-28T08:00:00+00:00,121.0,-19.604271757615287,FLAT,False,False,False,
2024-02-28T06:00:00+00:00,3254.56,3258.2,11.184307556166956,0.00033546,0.00032021,2024-02-28T08:00:00+00:00,120.0,-19.613592443833042,FLAT,False,False,False,
2024-02-28T06:01:00+00:00,3253.8,3256.92,9.588788493453473,0.00033546,0.00032021,2024-02-28T08:00:00+00:00,119.0,-21.209111506546527,FLAT,False,False,False,
2024-02-28T06:02:00+00:00,3252.9,3255.75,8.761412893110483,0.00033546,0.00032021,2024-02-28T08:00:00+00:00,118.0,-22.036487106889517,FLAT,False,False,False,
2024-02-28T06:03:00+00:00,3254.99,3257.66,8.202790177543012,0.00033546,0.00032021,2024-02-28T08:00:00+00:00,117.0,-22.59510982245699,FLAT,False,False,False,
2024-02-28T06:04:00+00:00,3255.04,3257.42,7.311738104601201,0.00033546,0.00032021,2024-02-28T08:00:00+00:00,116.0,-23.4861618953988,FLAT,False,False,False,
2024-02-28T06:05:00+00:00,3257.5,3259.75,6.907137375287797,0.00033546,0.00032021,2024-02-28T08:00:00+00:00,115.0,-23.890762624712202,FLAT,False,False,False,
2024-02-28T06:06:00+00:00,3257.51,3259.16,5.065218525805403,0.00033546,0.00032021,2024-02-28T08:00:00+00:00,114.0,-25.732681474194596,FLAT,False,False,False,
2024-02-28T06:07:00+00:00,3259.41,3260.66,3.8350499016693207,0.00033546,0.00032021,2024-02-28T08:00:00+00:00,113.0,-26.96285009833068,FLAT,False,False,False,
2024-02-28T06:08:00+00:00,3258.8,3260.27,4.510862894316312,0.00033546,0.00032021,2024-02-28T08:00:00+00:00,112.0,-26.287037105683687,FLAT,False,False,False,
2024-02-28T06:09:00+00:00,3259.4,3260.79,4.264588574583889,0.00033546,0.00032021,2024-02-28T08:00:00+00:00,111.0,-26.53331142541611,FLAT,False,False,False,
2024-02-28T06:10:00+00:00,3256.6,3257.92,4.053307130136227,0.00033546,0.00032021,2024-02-28T08:00:00+00:00,110.0,-26.744592869863773,FLAT,False,False,False,
2024-02-28T06:11:00+00:00,3259.61,3261.33,5.2767048818717575,0.00033546,0.00032021,2024-02-28T08:00:00+00:00,109.0,-25.52119511812824,FLAT,False,False,False,
2024-02-28T06:12:00+00:00,3257.99,3259.75,5.402103751086463,0.00033546,0.00032021,2024-02-28T08:00:00+00:00,108.0,-25.395796248913538,FLAT,False,False,False,
2024-02-28T06:13:00+00:00,3258.2,3259.44,3.805782333804667,0.00033546,0.00032021,2024-02-28T08:00:00+00:00,107.0,-26.992117666195334,FLAT,False,False,False,
2024-02-28T06:14:00+00:00,3253.8,3255.67,5.747126436781273,0.00033546,0.00032021,2024-02-28T08:00:00+00:00,106.0,-25.050773563218726,FLAT,False,False,False,
2024-02-28T06:15:00+00:00,3251.3,3254.27,9.134807615414756,0.00033546,0.00032021,2024-02-28T08:00:00+00:00,105.0,-21.663092384585244,FLAT,False,False,False,
2024-02-28T06:16:00+00:00,3250.96,3254.01,9.381844132195358,0.00033546,0.00032021,2024-02-28T08:00:00+00:00,104.0,-21.416055867804644,FLAT,False,False,False,
2024-02-28T06:17:00+00:00,3252.83,3255.78,9.069026048088197,0.00033546,0.00032021,2024-02-28T08:00:00+00:00,103.0,-21.7288739519118,FLAT,False,False,False,
2024-02-28T06:18:00+00:00,3254.43,3257.48,9.371840844633875,0.00033546,0.00032021,2024-02-28T08:00:00+00:00,102.0,-21.426059155366126,FLAT,False,False,False,
2024-02-28T06:19:00+00:00,3259.25,3261.7,7.517066809848334,0.00033546,0.00032021,2024-02-28T08:00:00+00:00,101.0,-23.280833190151668,FLAT,False,False,False,
2024-02-28T06:20:00+00:00,3259.55,3261.94,7.332300470923509,0.00033546,0.00032021,2024-02-28T08:00:00+00:00,100.0,-23.465599529076492,FLAT,False,False,False,
2024-02-28T06:21:00+00:00,3260.23,3262.34,6.4719360290535555,0.00033546,0.00032021,2024-02-28T08:00:00+00:00,99.0,-24.325963970946447,FLAT,False,False,False,
2024-02-28T06:22:00+00:00,3259.81,3261.77,6.012620367444841,0.00033546,0.00032021,2024-02-28T08:00:00+00:00,98.0,-24.78527963255516,FLAT,False,False,False,
2024-02-28T06:23:00+00:00,3256.26,3258.47,6.786927333811125,0.00033546,0.00032021,2024-02-28T08:00:00+00:00,97.0,-24.010972666188877,FLAT,False,False,False,
2024-02-28T06:24:00+00:00,3256.31,3258.8,7.646692114694966,0.00033546,0.00032021,2024-02-28T08:00:00+00:00,96.0,-23.151207885305034,FLAT,False,False,False,
2024-02-28T06:25:00+00:00,3256.28,3258.4,6.510496640337719,0.00033546,0.00032021,2024-02-28T08:00:00+00:00,95.0,-24.28740335966228,FLAT,False,False,False,
2024-02-28T06:26:00+00:00,3255.44,3257.93,7.64873565478025,0.00033546,0.00032021,2024-02-28T08:00:00+00:00,94.0,-23.149164345219752,FLAT,False,False,False,
2024-02-28T06:27:00+00:00,3255.66,3257.96,7.064619769878249,0.00033546,0.00032021,2024-02-28T08:00:00+00:00,93.0,-23.73328023012175,FLAT,False,False,False,
2024-02-28T06:28:00+00:00,3256.55,3259.17,8.04532403924365,0.00033546,0.00032021,2024-02-28T08:00:00+00:00,92.0,-22.752575960756353,FLAT,False,False,False,
2024-02-28T06:29:00+00:00,3256.38,3258.78,7.370147218690972,0.00033546,0.00032021,2024-02-28T08:00:00+00:00,91.0,-23.427752781309028,FLAT,False,False,False,
2024-02-28T06:30:00+00:00,3256.51,3259.14,8.076130581511048,0.00033546,0.00032021,2024-02-28T08:00:00+00:00,90.0,-22.721769418488954,FLAT,False,False,False,
2024-02-28T06:31:00+00:00,3256.41,3258.71,7.062992682125968,0.00033546,0.00032021,2024-02-28T08:00:00+00:00,89.0,-23.734907317874033,FLAT,False,False,False,
2024-02-28T06:32:00+00:00,3254.25,3256.86,8.020281170777068,0.00033546,0.00032021,2024-02-28T08:00:00+00:00,88.0,-22.77761882922293,FLAT,False,False,False,
2024-02-28T06:33:00+00:00,3255.12,3257.49,7.280837572808041,0.00033546,0.00032021,2024-02-28T08:00:00+00:00,87.0,-23.51706242719196,FLAT,False,False,False,
2024-02-28T06:34:00+00:00,3256.42,3259.05,8.076353787288216,0.00033546,0.00032021,2024-02-28T08:00:00+00:00,86.0,-22.721546212711786,FLAT,False,False,False,
2024-02-28T06:35:00+00:00,3258.99,3261.63,8.100669225742724,0.00033546,0.00032021,2024-02-28T08:00:00+00:00,85.0,-22.697230774257278,FLAT,False,False,False,
2024-02-28T06:36:00+00:00,3259.82,3262.08,6.932898135479148,0.00033546,0.00032021,2024-02-28T08:00:00+00:00,84.0,-23.865001864520853,FLAT,False,False,False,
2024-02-28T06:37:00+00:00,3259.64,3261.73,6.411750990907418,0.00033546,0.00032021,2024-02-28T08:00:00+00:00,83.0,-24.386149009092584,FLAT,False,False,False,
2024-02-28T06:38:00+00:00,3258.67,3261.01,7.180843718449998,0.00033546,0.00032021,2024-02-28T08:00:00+00:00,82.0,-23.617056281550003,FLAT,False,False,False,
2024-02-28T06:39:00+00:00,3258.63,3261.28,8.13225189726999,0.00033546,0.00032021,2024-02-28T08:00:00+00:00,81.0,-22.66564810273001,FLAT,False,False,False,
2024-02-28T06:40:00+00:00,3259.78,3262.0,6.810275540066507,0.00033546,0.00032021,2024-02-28T08:00:00+00:00,80.0,-23.987624459933492,FLAT,False,False,False,
2024-02-28T06:41:00+00:00,3259.45,3262.08,8.068845970946354,0.00033546,0.00032021,2024-02-28T08:00:00+00:00,79.0,-22.729054029053646,FLAT,False,False,False,
2024-02-28T06:42:00+00:00,3260.0,3262.92,8.95705521472415,0.00033546,0.00032021,2024-02-28T08:00:00+00:00,78.0,-21.84084478527585,FLAT,False,False,False,
2024-02-28T06:43:00+00:00,3260.07,3262.46,7.3311309266361535,0.00033546,0.00032021,2024-02-28T08:00:00+00:00,77.0,-23.466769073363846,FLAT,False,False,False,
2024-02-28T06:44:00+00:00,3259.77,3261.97,6.7489424100467765,0.00033546,0.00032021,2024-02-28T08:00:00+00:00,76.0,-24.048957589953226,FLAT,False,False,False,
2024-02-28T06:45:00+00:00,3261.1,3263.88,8.52473091901567,0.00033546,0.00032021,2024-02-28T08:00:00+00:00,75.0,-22.27316908098433,FLAT,False,False,False,
2024-02-28T06:46:00+00:00,3260.0,3262.23,6.840490797546068,0.00033546,0.00032021,2024-02-28T08:00:00+00:00,74.0,-23.95740920245393,FLAT,False,False,False,
2024-02-28T06:47:00+00:00,3262.33,3265.0,8.184334509384621,0.00033546,0.00032021,2024-02-28T08:00:00+00:00,73.0,-22.61356549061538,FLAT,False,False,False,
2024-02-28T06:48:00+00:00,3259.54,3262.0,7.547077194941728,0.00033546,0.00032021,2024-02-28T08:00:00+00:00,72.0,-23.25082280505827,FLAT,False,False,False,
2024-02-28T06:49:00+00:00,3255.8,3258.15,7.2178880766629065,0.00033546,0.00032021,2024-02-28T08:00:00+00:00,71.0,-23.580011923337093,FLAT,False,False,False,
2024-02-28T06:50:00+00:00,3253.5,3255.85,7.222990625479973,0.00033546,0.00032021,2024-02-28T08:00:00+00:00,70.0,-23.574909374520026,FLAT,False,False,False,
2024-02-28T06:51:00+00:00,3254.42,3256.56,6.575672470055717,0.00033546,0.00032021,2024-02-28T08:00:00+00:00,69.0,-24.222227529944284,FLAT,False,False,False,
2024-02-28T06:52:00+00:00,3254.42,3255.82,4.301841802840724,0.00033546,0.00032021,2024-02-28T08:00:00+00:00,68.0,-26.496058197159275,FLAT,False,False,False,
2024-02-28T06:53:00+00:00,3254.21,3256.45,6.883391053434725,0.00033546,0.00032021,2024-02-28T08:00:00+00:00,67.0,-23.914508946565277,FLAT,False,False,False,
2024-02-28T06:54:00+00:00,3254.25,3256.06,5.561957440270247,0.00033546,0.00032021,2024-02-28T08:00:00+00:00,66.0,-25.23594255972975,FLAT,False,False,False,
2024-02-28T06:55:00+00:00,3256.8,3258.84,6.2638172439203,0.00033546,0.00032021,2024-02-28T08:00:00+00:00,65.0,-24.534082756079698,FLAT,False,False,False,
2024-02-28T06:56:00+00:00,3258.9,3260.75,5.676762097640029,0.00033546,0.00032021,2024-02-28T08:00:00+00:00,64.0,-25.12113790235997,FLAT,False,False,False,
2024-02-28T06:57:00+00:00,3259.15,3261.44,7.0263719067854,0.00033546,0.00032021,2024-02-28T08:00:00+00:00,63.0,-23.7715280932146,FLAT,False,False,False,
2024-02-28T06:58:00+00:00,3257.93,3260.06,6.537893693234996,0.00033546,0.00032021,2024-02-28T08:00:00+00:00,62.0,-24.260006306765003,FLAT,False,False,False,
2024-02-28T06:59:00+00:00,3258.93,3261.23,7.057531152863614,0.00033546,0.00032021,2024-02-28T08:00:00+00:00,61.0,-23.740368847136388,FLAT,False,False,False,
2024-02-28T07:00:00+00:00,3259.14,3261.23,6.412734647790969,0.00033546,0.00032021,2024-02-28T08:00:00+00:00,60.0,-24.38516535220903,FLAT,False,False,False,
2024-02-28T07:01:00+00:00,3258.83,3260.79,6.014428491207079,0.00033546,0.00032021,2024-02-28T08:00:00+00:00,59.0,-24.78347150879292,FLAT,False,False,False,
2024-02-28T07:02:00+00:00,3258.75,3260.46,5.247410817031182,0.00033546,0.00032021,2024-02-28T08:00:00+00:00,58.0,-25.550489182968818,FLAT,False,False,False,
2024-02-28T07:03:00+00:00,3258.75,3260.32,4.817798235520256,0.00033546,0.00032021,2024-02-28T08:00:00+00:00,57.0,-25.98010176447974,FLAT,False,False,False,
2024-02-28T07:04:00+00:00,3258.76,3260.32,4.7870969325754125,0.00033546,0.00032021,2024-02-28T08:00:00+00:00,56.0,-26.01080306742459,FLAT,False,False,False,
2024-02-28T07:05:00+00:00,3258.76,3260.6,5.646319458934351,0.00033546,0.00032021,2024-02-28T08:00:00+00:00,55.0,-25.15158054106565,FLAT,False,False,False,
2024-02-28T07:06:00+00:00,3259.79,3261.99,6.748901002824778,0.00033546,0.00032021,2024-02-28T08:00:00+00:00,54.0,-24.04899899717522,FLAT,False,False,False,
2024-02-28T07:07:00+00:00,3259.81,3262.61,8.589457667778742,0.00033546,0.00032021,2024-02-28T08:00:00+00:00,53.0,-22.20844233222126,FLAT,False,False,False,
2024-02-28T07:08:00+00:00,3259.8,3262.2,7.362414872076925,0.00033546,0.00032021,2024-02-28T08:00:00+00:00,52.0,-23.435485127923073,FLAT,False,False,False,
2024-02-28T07:09:00+00:00,3259.89,3262.4,7.699646307084651,0.00033546,0.00032021,2024-02-28T08:00:00+00:00,51.0,-23.09825369291535,FLAT,False,False,False,
2024-02-28T07:10:00+00:00,3261.3,3263.73,7.451016465826009,0.00033546,0.00032021,2024-02-28T08:00:00+00:00,50.0,-23.34688353417399,FLAT,False,False,False,
2024-02-28T07:11:00+00:00,3260.17,3262.8,8.067063987461111,0.00033546,0.00032021,2024-02-28T08:00:00+00:00,49.0,-22.730836012538887,FLAT,False,False,False,
2024-02-28T07:12:00+00:00,3262.1,3264.72,8.031636062658688,0.00033546,0.00032021,2024-02-28T08:00:00+00:00,48.0,-22.766263937341314,FLAT,False,False,False,
2024-02-28T07:13:00+00:00,3263.77,3266.06,7.01642578980738,0.00033546,0.00032021,2024-02-28T08:00:00+00:00,47.0,-23.78147421019262,FLAT,False,False,False,
2024-02-28T07:14:00+00:00,3265.11,3267.53,7.411695164941067,0.00033546,0.00032021,2024-02-28T08:00:00+00:00,46.0,-23.386204835058933,FLAT,False,False,False,
2024-02-28T07:15:00+00:00,3265.95,3268.58,8.052787091045818,0.00033546,0.00032021,2024-02-28T08:00:00+00:00,45.0,-22.745112908954184,FLAT,False,False,False,
2024-02-28T07:16:00+00:00,3266.42,3268.91,7.623024595734112,0.00033546,0.00032021,2024-02-28T08:00:00+00:00,44.0,-23.17487540426589,FLAT,False,False,False,
2024-02-28T07:17:00+00:00,3265.93,3268.07,6.552498063339777,0.00033546,0.00032021,2024-02-28T08:00:00+00:00,43.0,-24.245401936660222,FLAT,False,False,False,
2024-02-28T07:18:00+00:00,3266.41,3268.71,7.041369576997933,0.00033546,0.00032021,2024-02-28T08:00:00+00:00,42.0,-23.75653042300207,FLAT,False,False,False,
2024-02-28T07:19:00+00:00,3267.0,3269.6,7.9583715947349525,0.00033546,0.00032021,2024-02-28T08:00:00+00:00,41.0,-22.83952840526505,FLAT,False,False,False,
2024-02-28T07:20:00+00:00,3267.05,3269.79,8.38677094014411,0.00033546,0.00032021,2024-02-28T08:00:00+00:00,40.0,-22.411129059855888,FLAT,False,False,False,
2024-02-28T07:21:00+00:00,3267.91,3270.01,6.426125566494682,0.00033546,0.00032021,2024-02-28T08:00:00+00:00,39.0,-24.371774433505315,FLAT,False,False,False,
2024-02-28T07:22:00+00:00,3268.18,3270.53,7.190546420332919,0.00033546,0.00032021,2024-02-28T08:00:00+00:00,38.0,-23.60735357966708,FLAT,False,False,False,
2024-02-28T07:23:00+00:00,3267.82,3270.25,7.436150093945922,0.00033546,0.00032021,2024-02-28T08:00:00+00:00,37.0,-23.36174990605408,FLAT,False,False,False,
2024-02-28T07:24:00+00:00,3267.83,3269.99,6.60989096739994,0.00033546,0.00032021,2024-02-28T08:00:00+00:00,36.0,-24.18800903260006,FLAT,False,False,False,
2024-02-28T07:25:00+00:00,3267.83,3269.63,5.508242472834211,0.00033546,0.00032021,2024-02-28T08:00:00+00:00,35.0,-25.289657527165787,FLAT,False,False,False,
2024-02-28T07:26:00+00:00,3267.98,3270.26,6.976786883641271,0.00033546,0.00032021,2024-02-28T08:00:00+00:00,34.0,-23.82111311635873,FLAT,False,False,False,
2024-02-28T07:27:00+00:00,3267.5,3270.0,7.651109410864575,0.00033546,0.00032021,2024-02-28T08:00:00+00:00,33.0,-23.146790589135424,FLAT,False,False,False,
2024-02-28T07:28:00+00:00,3267.82,3270.21,7.3137443310827175,0.00033546,0.00032021,2024-02-28T08:00:00+00:00,32.0,-23.484155668917282,FLAT,False,False,False,
2024-02-28T07:29:00+00:00,3272.66,3275.13,7.54737736275768,0.00033546,0.00032021,2024-02-28T08:00:00+00:00,31.0,-23.25052263724232,FLAT,False,False,False,
2024-02-28T07:30:00+00:00,3273.24,3275.43,6.690618469773237,0.00033546,0.00032021,2024-02-28T08:00:00+00:00,30.0,-24.107281530226764,FLAT,False,False,False,
2024-02-28T07:31:00+00:00,3272.15,3274.41,6.9067738337171685,0.00033546,0.00032021,2024-02-28T08:00:00+00:00,29.0,-23.89112616628283,FLAT,False,False,False,
2024-02-28T07:32:00+00:00,3268.96,3271.08,6.485243013068043,0.00033546,0.00032021,2024-02-28T08:00:00+00:00,28.0,-24.312656986931955,FLAT,False,False,False,
2024-02-28T07:33:00+00:00,3267.2,3269.63,7.437561214496483,0.00033546,0.00032021,2024-02-28T08:00:00+00:00,27.0,-23.360338785503515,FLAT,False,False,False,
2024-02-28T07:34:00+00:00,3268.75,3271.09,7.158699808795856,0.00033546,0.00032021,2024-02-28T08:00:00+00:00,26.0,-23.639200191204143,FLAT,False,False,False,
2024-02-28T07:35:00+00:00,3274.6,3276.8,6.718377817138805,0.00033546,0.00032021,2024-02-28T08:00:00+00:00,25.0,-24.079522182861197,FLAT,False,False,False,
2024-02-28T07:36:00+00:00,3270.58,3272.54,5.992820845232456,0.00033546,0.00032021,2024-02-28T08:00:00+00:00,24.0,-24.805079154767544,FLAT,False,False,False,
2024-02-28T07:37:00+00:00,3270.81,3272.6,5.472650505532158,0.00033546,0.00032021,2024-02-28T08:00:00+00:00,23.0,-25.32524949446784,FLAT,False,False,False,
2024-02-28T07:38:00+00:00,3272.6,3274.49,5.77522459206708,0.00033546,0.00032021,2024-02-28T08:00:00+00:00,22.0,-25.02267540793292,FLAT,False,False,False,
2024-02-28T07:39:00+00:00,3275.06,3277.51,7.480778978095891,0.00033546,0.00032021,2024-02-28T08:00:00+00:00,21.0,-23.317121021904107,FLAT,False,False,False,
2024-02-28T07:40:00+00:00,3276.79,3279.2,7.354758773067101,0.00033546,0.00032021,2024-02-28T08:00:00+00:00,20.0,-23.443141226932898,FLAT,False,False,False,
2024-02-28T07:41:00+00:00,3280.25,3282.72,7.529913878514748,0.00033546,0.00032021,2024-02-28T08:00:00+00:00,19.0,-23.26798612148525,FLAT,False,False,False,
2024-02-28T07:42:00+00:00,3282.89,3285.56,8.133077867367085,0.00033546,0.00032021,2024-02-28T08:00:00+00:00,18.0,-22.664822132632914,FLAT,False,False,False,
2024-02-28T07:43:00+00:00,3284.58,3286.57,6.05861327780184,0.00033546,0.00032021,2024-02-28T08:00:00+00:00,17.0,-24.73928672219816,FLAT,False,False,False,
2024-02-28T07:44:00+00:00,3281.89,3284.6,8.257437025616449,0.00033546,0.00032021,2024-02-28T08:00:00+00:00,16.0,-22.54046297438355,FLAT,False,False,False,
2024-02-28T07:45:00+00:00,3282.53,3285.01,7.555148010833162,0.00033546,0.00032021,2024-02-28T08:00:00+00:00,15.0,-23.242751989166837,FLAT,False,False,False,
2024-02-28T07:46:00+00:00,3287.99,3291.46,10.553560077738238,0.00033546,0.00032021,2024-02-28T08:00:00+00:00,14.0,-20.244339922261762,FLAT,False,False,False,
2024-02-28T07:47:00+00:00,3289.0,3291.98,9.06050471267868,0.00033546,0.00032021,2024-02-28T08:00:00+00:00,13.0,-21.73739528732132,FLAT,False,False,False,
2024-02-28T07:48:00+00:00,3288.56,3291.78,9.791519692510565,0.00033546,0.00032021,2024-02-28T08:00:00+00:00,12.0,-21.006380307489437,FLAT,False,False,False,
2024-02-28T07:49:00+00:00,3292.37,3295.7,10.114294565920376,0.00033546,0.00032021,2024-02-28T08:00:00+00:00,11.0,-20.683605434079624,FLAT,False,False,False,
2024-02-28T07:50:00+00:00,3298.94,3302.92,12.064481318241672,0.00033546,0.00032021,2024-02-28T08:00:00+00:00,10.0,-18.73341868175833,FLAT,False,False,False,
2024-02-28T07:51:00+00:00,3304.0,3309.14,15.556900726391868,0.00033546,0.00032021,2024-02-28T08:00:00+00:00,9.0,-15.240999273608132,FLAT,False,False,False,
2024-02-28T07:52:00+00:00,3298.6,3302.2,10.913720972533527,0.00033546,0.00032021,2024-02-28T08:00:00+00:00,8.0,-19.884179027466473,FLAT,False,False,False,
2024-02-28T07:53:00+00:00,3302.34,3306.04,11.204176432468547,0.00033546,0.00032021,2024-02-28T08:00:00+00:00,7.0,-19.593723567531455,FLAT,False,False,False,
2024-02-28T07:54:00+00:00,3302.45,3305.51,9.265848082485428,0.00033546,0.00032021,2024-02-28T08:00:00+00:00,6.0,-21.532051917514572,FLAT,False,False,False,
2024-02-28T07:55:00+00:00,3300.43,3303.66,9.786603563778108,0.00033546,0.00032021,2024-02-28T08:00:00+00:00,5.0,-21.01129643622189,FLAT,False,False,False,
2024-02-28T07:56:00+00:00,3302.71,3305.99,9.931238286133947,0.00033546,0.00032021,2024-02-28T08:00:00+00:00,4.0,-20.86666171386605,FLAT,False,False,False,
2024-02-28T07:57:00+00:00,3298.6,3301.57,9.003819802341159,0.00033546,0.00032021,2024-02-28T08:00:00+00:00,3.0,-21.794080197658843,FLAT,False,False,False,
2024-02-28T07:58:00+00:00,3299.5,3302.76,9.880284891650913,0.00033546,0.00032021,2024-02-28T08:00:00+00:00,2.0,-20.91761510834909,FLAT,False,False,False,
2024-02-28T07:59:00+00:00,3302.99,3306.43,10.414805978825413,0.00033546,0.00032021,2024-02-28T08:00:00+00:00,1.0,-20.383094021174585,FLAT,False,False,False,
2024-02-28T08:00:00+00:00,3301.92,3303.98,6.238794398410457,0.00032021,0.00043581,2024-02-28T16:00:00+00:00,480.0,-23.403105601589544,FLAT,False,False,False,
2024-02-28T08:01:00+00:00,3303.03,3305.81,8.416514533624415,0.00032021,0.00043581,2024-02-28T16:00:00+00:00,479.0,-21.225385466375585,FLAT,False,False,False,
2024-02-28T08:02:00+00:00,3310.0,3313.28,9.909365558912992,0.00032021,0.00043581,2024-02-28T16:00:00+00:00,478.0,-19.732534441087008,FLAT,False,False,False,
2024-02-28T08:03:00+00:00,3315.25,3318.99,11.281200512781183,0.00032021,0.00043581,2024-02-28T16:00:00+00:00,477.0,-18.360699487218817,FLAT,False,False,False,
2024-02-28T08:04:00+00:00,3309.54,3312.33,8.43017458619616,0.00032021,0.00043581,2024-02-28T16:00:00+00:00,476.0,-21.21172541380384,FLAT,False,False,False,
2024-02-28T08:05:00+00:00,3309.8,3312.61,8.489938969121836,0.00032021,0.00043581,2024-02-28T16:00:00+00:00,475.0,-21.151961030878162,FLAT,False,False,False,
2024-02-28T08:06:00+00:00,3304.89,3307.65,8.35126131278263,0.00032021,0.00043581,2024-02-28T16:00:00+00:00,474.0,-21.29063868721737,FLAT,False,False,False,
2024-02-28T08:07:00+00:00,3300.59,3303.28,8.150058019929935,0.00032021,0.00043581,2024-02-28T16:00:00+00:00,473.0,-21.491841980070063,FLAT,False,False,False,
2024-02-28T08:08:00+00:00,3298.43,3301.5,9.30745839687416,0.00032021,0.00043581,2024-02-28T16:00:00+00:00,472.0,-20.33444160312584,FLAT,False,False,False,
2024-02-28T08:09:00+00:00,3299.4,3302.52,9.45626477541338,0.00032021,0.00043581,2024-02-28T16:00:00+00:00,471.0,-20.18563522458662,FLAT,False,False,False,
2024-02-28T08:10:00+00:00,3301.35,3303.85,7.572659669529132,0.00032021,0.00043581,2024-02-28T16:00:00+00:00,470.0,-22.06924033047087,FLAT,False,False,False,
2024-02-28T08:11:00+00:00,3295.4,3297.71,7.009771196212737,0.00032021,0.00043581,2024-02-28T16:00:00+00:00,469.0,-22.63212880378726,FLAT,False,False,False,
2024-02-28T08:12:00+00:00,3283.76,3286.36,7.917752819937842,0.00032021,0.00043581,2024-02-28T16:00:00+00:00,468.0,-21.724147180062158,FLAT,False,False,False,
2024-02-28T08:13:00+00:00,3289.99,3293.07,9.36173058276889,0.00032021,0.00043581,2024-02-28T16:00:00+00:00,467.0,-20.280169417231107,FLAT,False,False,False,
2024-02-28T08:14:00+00:00,3294.86,3298.18,10.076300662242733,0.00032021,0.00043581,2024-02-28T16:00:00+00:00,466.0,-19.565599337757266,FLAT,False,False,False,
2024-02-28T08:15:00+00:00,3291.17,3294.0,8.598765788457987,0.00032021,0.00043581,2024-02-28T16:00:00+00:00,465.0,-21.04313421154201,FLAT,False,False,False,
2024-02-28T08:16:00+00:00,3294.72,3297.76,9.226884226885497,0.00032021,0.00043581,2024-02-28T16:00:00+00:00,464.0,-20.415015773114504,FLAT,False,False,False,
2024-02-28T08:17:00+00:00,3296.3,3299.19,8.76740587931885,0.00032021,0.00043581,2024-02-28T16:00:00+00:00,463.0,-20.87449412068115,FLAT,False,False,False,
2024-02-28T08:18:00+00:00,3294.07,3297.11,9.228704915195983,0.00032021,0.00043581,2024-02-28T16:00:00+00:00,462.0,-20.413195084804016,FLAT,False,False,False,
2024-02-28T08:19:00+00:00,3296.23,3299.47,9.829411175797144,0.00032021,0.00043581,2024-02-28T16:00:00+00:00,461.0,-19.812488824202855,FLAT,False,False,False,
2024-02-28T08:20:00+00:00,3300.65,3303.52,8.69525699483402,0.00032021,0.00043581,2024-02-28T16:00:00+00:00,460.0,-20.94664300516598,FLAT,False,False,False,
2024-02-28T08:21:00+00:00,3300.19,3303.31,9.454001133267754,0.00032021,0.00043581,2024-02-28T16:00:00+00:00,459.0,-20.187898866732247,FLAT,False,False,False,
2024-02-28T08:22:00+00:00,3311.28,3314.41,9.452537991349732,0.00032021,0.00043581,2024-02-28T16:00:00+00:00,458.0,-20.189362008650267,FLAT,False,False,False,
2024-02-28T08:23:00+00:00,3305.71,3308.84,9.468465170871339,0.00032021,0.00043581,2024-02-28T16:00:00+00:00,457.0,-20.17343482912866,FLAT,False,False,False,
2024-02-28T08:24:00+00:00,3308.31,3311.92,10.911915751547246,0.00032021,0.00043581,2024-02-28T16:00:00+00:00,456.0,-18.72998424845275,FLAT,False,False,False,
2024-02-28T08:25:00+00:00,3314.49,3318.08,10.831228937182328,0.00032021,0.00043581,2024-02-28T16:00:00+00:00,455.0,-18.810671062817672,FLAT,False,False,False,
2024-02-28T08:26:00+00:00,3305.01,3308.34,10.075612479235847,0.00032021,0.00043581,2024-02-28T16:00:00+00:00,454.0,-19.566287520764153,FLAT,False,False,False,
2024-02-28T08:27:00+00:00,3304.0,3307.18,9.624697336561248,0.00032021,0.00043581,2024-02-28T16:00:00+00:00,453.0,-20.017202663438752,FLAT,False,False,False,
2024-02-28T08:28:00+00:00,3305.19,3308.48,9.954041976406693,0.00032021,0.00043581,2024-02-28T16:00:00+00:00,452.0,-19.687858023593307,FLAT,False,False,False,
2024-02-28T08:29:00+00:00,3303.12,3306.57,10.444670493352566,0.00032021,0.00043581,2024-02-28T16:00:00+00:00,451.0,-19.19722950664743,FLAT,False,False,False,
2024-02-28T08:30:00+00:00,3299.01,3301.85,8.608643199019374,0.00032021,0.00043581,2024-02-28T16:00:00+00:00,450.0,-21.033256800980624,FLAT,False,False,False,
2024-02-28T08:31:00+00:00,3300.86,3303.95,9.361196779020288,0.00032021,0.00043581,2024-02-28T16:00:00+00:00,449.0,-20.28070322097971,FLAT,False,False,False,
2024-02-28T08:32:00+00:00,3296.6,3299.2,7.886913789965143,0.00032021,0.00043581,2024-02-28T16:00:00+00:00,448.0,-21.754986210034858,FLAT,False,False,False,
2024-02-28T08:33:00+00:00,3298.31,3301.36,9.247159909166154,0.00032021,0.00043581,2024-02-28T16:00:00+00:00,447.0,-20.394740090833846,FLAT,False,False,False,
2024-02-28T08:34:00+00:00,3299.15,3301.7,7.729263598198709,0.00032021,0.00043581,2024-02-28T16:00:00+00:00,446.0,-21.91263640180129,FLAT,False,False,False,
2024-02-28T08:35:00+00:00,3298.91,3301.58,8.093582425710531,0.00032021,0.00043581,2024-02-28T16:00:00+00:00,445.0,-21.54831757428947,FLAT,False,False,False,
2024-02-28T08:36:00+00:00,3296.56,3299.49,8.888053000703268,0.00032021,0.00043581,2024-02-28T16:00:00+00:00,444.0,-20.753846999296734,FLAT,False,False,False,
2024-02-28T08:37:00+00:00,3298.11,3300.89,8.429069982504359,0.00032021,0.00043581,2024-02-28T16:00:00+00:00,443.0,-21.21283001749564,FLAT,False,False,False,
2024-02-28T08:38:00+00:00,3298.63,3301.66,9.185631610698215,0.00032021,0.00043581,2024-02-28T16:00:00+00:00,442.0,-20.456268389301783,FLAT,False,False,False,
2024-02-28T08:39:00+00:00,3300.72,3303.24,7.63469788409796,0.00032021,0.00043581,2024-02-28T16:00:00+00:00,441.0,-22.00720211590204,FLAT,False,False,False,
2024-02-28T08:40:00+00:00,3299.28,3302.34,9.274750854731776,0.00032021,0.00043581,2024-02-28T16:00:00+00:00,440.0,-20.367149145268222,FLAT,False,False,False,
2024-02-28T08:41:00+00:00,3301.76,3304.78,9.146636945144353,0.00032021,0.00043581,2024-02-28T16:00:00+00:00,439.0,-20.49526305485565,FLAT,False,False,False,
2024-02-28T08:42:00+00:00,3301.9,3305.06,9.57024743329554,0.00032021,0.00043581,2024-02-28T16:00:00+00:00,438.0,-20.071652566704458,FLAT,False,False,False,
2024-02-28T08:43:00+00:00,3304.79,3308.04,9.834210343168554,0.00032021,0.00043581,2024-02-28T16:00:00+00:00,437.0,-19.807689656831446,FLAT,False,False,False,
2024-02-28T08:44:00+00:00,3302.35,3305.02,8.085151483035029,0.00032021,0.00043581,2024-02-28T16:00:00+00:00,436.0,-21.556748516964973,FLAT,False,False,False,
2024-02-28T08:45:00+00:00,3302.75,3305.89,9.507228824464075,0.00032021,0.00043581,2024-02-28T16:00:00+00:00,435.0,-20.134671175535924,FLAT,False,False,False,
2024-02-28T08:46:00+00:00,3313.4,3316.53,9.44649001026169,0.00032021,0.00043581,2024-02-28T16:00:00+00:00,434.0,-20.19540998973831,FLAT,False,False,False,
2024-02-28T08:47:00+00:00,3312.32,3315.69,10.17413776446687,0.00032021,0.00043581,2024-02-28T16:00:00+00:00,433.0,-19.46776223553313,FLAT,False,False,False,
2024-02-28T08:48:00+00:00,3309.22,3312.2,9.005143205951912,0.00032021,0.00043581,2024-02-28T16:00:00+00:00,432.0,-20.63675679404809,FLAT,False,False,False,
2024-02-28T08:49:00+00:00,3314.4,3317.36,8.930726526671604,0.00032021,0.00043581,2024-02-28T16:00:00+00:00,431.0,-20.711173473328394,FLAT,False,False,False,
2024-02-28T08:50:00+00:00,3310.78,3313.2,7.309455777791389,0.00032021,0.00043581,2024-02-28T16:00:00+00:00,430.0,-22.33244422220861,FLAT,False,False,False,
2024-02-28T08:51:00+00:00,3314.96,3317.99,9.14038178439482,0.00032021,0.00043581,2024-02-28T16:00:00+00:00,429.0,-20.50151821560518,FLAT,False,False,False,
2024-02-28T08:52:00+00:00,3315.74,3318.82,9.289027487077945,0.00032021,0.00043581,2024-02-28T16:00:00+00:00,428.0,-20.352872512922055,FLAT,False,False,False,
2024-02-28T08:53:00+00:00,3323.28,3326.52,9.749404203075821,0.00032021,0.00043581,2024-02-28T16:00:00+00:00,427.0,-19.89249579692418,FLAT,False,False,False,
2024-02-28T08:54:00+00:00,3326.61,3329.69,9.258674746964408,0.00032021,0.00043581,2024-02-28T16:00:00+00:00,426.0,-20.38322525303559,FLAT,False,False,False,
2024-02-28T08:55:00+00:00,3329.76,3333.42,10.991783191580938,0.00032021,0.00043581,2024-02-28T16:00:00+00:00,425.0,-18.650116808419064,FLAT,False,False,False,
2024-02-28T08:56:00+00:00,3333.32,3337.79,13.410053640213961,0.00032021,0.00043581,2024-02-28T16:00:00+00:00,424.0,-16.23184635978604,FLAT,False,False,False,
2024-02-28T08:57:00+00:00,3331.75,3335.82,12.215802506190931,0.00032021,0.00043581,2024-02-28T16:00:00+00:00,423.0,-17.426097493809067,FLAT,False,False,False,
2024-02-28T08:58:00+00:00,3329.59,3332.74,9.460624281066547,0.00032021,0.00043581,2024-02-28T16:00:00+00:00,422.0,-20.181275718933453,FLAT,False,False,False,
2024-02-28T08:59:00+00:00,3330.83,3334.12,9.877417940873487,0.00032021,0.00043581,2024-02-28T16:00:00+00:00,421.0,-19.764482059126514,FLAT,False,False,False,
2024-02-28T09:00:00+00:00,3324.33,3327.32,8.99429358697914,0.00032021,0.00043581,2024-02-28T16:00:00+00:00,420.0,-20.64760641302086,FLAT,False,False,False,
2024-02-28T09:01:00+00:00,3319.25,3321.67,7.290803645402042,0.00032021,0.00043581,2024-02-28T16:00:00+00:00,419.0,-22.351096354597956,FLAT,False,False,False,
2024-02-28T09:02:00+00:00,3323.37,3326.98,10.86246791660311,0.00032021,0.00043581,2024-02-28T16:00:00+00:00,418.0,-18.77943208339689,FLAT,False,False,False,
2024-02-28T09:03:00+00:00,3310.18,3313.2,9.12337093451106,0.00032021,0.00043581,2024-02-28T16:00:00+00:00,417.0,-20.51852906548894,FLAT,False,False,False,
2024-02-28T09:04:00+00:00,3317.32,3320.77,10.399961414635362,0.00032021,0.00043581,2024-02-28T16:00:00+00:00,416.0,-19.241938585364636,FLAT,False,False,False,
2024-02-28T09:05:00+00:00,3314.25,3317.1,8.599230595157001,0.00032021,0.00043581,2024-02-28T16:00:00+00:00,415.0,-21.042669404842997,FLAT,False,False,False,
2024-02-28T09:06:00+00:00,3312.95,3316.28,10.051464706682511,0.00032021,0.00043581,2024-02-28T16:00:00+00:00,414.0,-19.59043529331749,FLAT,False,False,False,
2024-02-28T09:07:00+00:00,3318.85,3322.1,9.792548623770282,0.00032021,0.00043581,2024-02-28T16:00:00+00:00,413.0,-19.84935137622972,FLAT,False,False,False,
2024-02-28T09:08:00+00:00,3315.32,3318.46,9.471182268981192,0.00032021,0.00043581,2024-02-28T16:00:00+00:00,412.0,-20.170717731018808,FLAT,False,False,False,
2024-02-28T09:09:00+00:00,3318.93,3321.89,8.918536998370067,0.00032021,0.00043581,2024-02-28T16:00:00+00:00,411.0,-20.723363001629934,FLAT,False,False,False,
2024-02-28T09:10:00+00:00,3321.33,3324.36,9.122851387848241,0.00032021,0.00043581,2024-02-28T16:00:00+00:00,410.0,-20.519048612151757,FLAT,False,False,False,
2024-02-28T09:11:00+00:00,3328.57,3331.41,8.532192503085982,0.00032021,0.00043581,2024-02-28T16:00:00+00:00,409.0,-21.10970749691402,FLAT,False,False,False,
2024-02-28T09:12:00+00:00,3323.08,3326.21,9.418972760210735,0.00032021,0.00043581,2024-02-28T16:00:00+00:00,408.0,-20.222927239789264,FLAT,False,False,False,
2024-02-28T09:13:00+00:00,3324.6,3327.13,7.609938037659268,0.00032021,0.00043581,2024-02-28T16:00:00+00:00,407.0,-22.03196196234073,FLAT,False,False,False,
2024-02-28T09:14:00+00:00,3324.94,3327.14,6.616660751772417,0.00032021,0.00043581,2024-02-28T16:00:00+00:00,406.0,-23.02523924822758,FLAT,False,False,False,
2024-02-28T09:15:00+00:00,3322.42,3324.73,6.952763347198564,0.00032021,0.00043581,2024-02-28T16:00:00+00:00,405.0,-22.689136652801437,FLAT,False,False,False,
2024-02-28T09:16:00+00:00,3326.84,3329.39,7.664931286144591,0.00032021,0.00043581,2024-02-28T16:00:00+00:00,404.0,-21.97696871385541,FLAT,False,False,False,
2024-02-28T09:17:00+00:00,3325.73,3328.64,8.749958655693199,0.00032021,0.00043581,2024-02-28T16:00:00+00:00,403.0,-20.8919413443068,FLAT,False,False,False,
2024-02-28T09:18:00+00:00,3320.87,3323.54,8.040061791036905,0.00032021,0.00043581,2024-02-28T16:00:00+00:00,402.0,-21.601838208963095,FLAT,False,False,False,
2024-02-28T09:19:00+00:00,3318.2,3321.07,8.649267675246657,0.00032021,0.00043581,2024-02-28T16:00:00+00:00,401.0,-20.992632324753345,FLAT,False,False,False,
2024-02-28T09:20:00+00:00,3304.73,3307.32,7.837251454733504,0.00032021,0.00043581,2024-02-28T16:00:00+00:00,400.0,-21.804648545266495,FLAT,False,False,False,
2024-02-28T09:21:00+00:00,3308.46,3310.68,6.710070546416761,0.00032021,0.00043581,2024-02-28T16:00:00+00:00,399.0,-22.93182945358324,FLAT,False,False,False,
2024-02-28T09:22:00+00:00,3313.0,3316.19,9.628735285240127,0.00032021,0.00043581,2024-02-28T16:00:00+00:00,398.0,-20.013164714759874,FLAT,False,False,False,
2024-02-28T09:23:00+00:00,3312.61,3315.37,8.331798793095968,0.00032021,0.00043581,2024-02-28T16:00:00+00:00,397.0,-21.31010120690403,FLAT,False,False,False,
2024-02-28T09:24:00+00:00,3312.28,3315.33,9.20815873054128,0.00032021,0.00043581,2024-02-28T16:00:00+00:00,396.0,-20.43374126945872,FLAT,False,False,False,
2024-02-28T09:25:00+00:00,3317.63,3320.69,9.223451680868408,0.00032021,0.00043581,2024-02-28T16:00:00+00:00,395.0,-20.418448319131592,FLAT,False,False,False,
2024-02-28T09:26:00+00:00,3316.86,3319.15,6.904120161839702,0.00032021,0.00043581,2024-02-28T16:00:00+00:00,394.0,-22.737779838160296,FLAT,False,False,False,
2024-02-28T09:27:00+00:00,3313.6,3316.35,8.299130854659584,0.00032021,0.00043581,2024-02-28T16:00:00+00:00,393.0,-21.342769145340416,FLAT,False,False,False,
2024-02-28T09:28:00+00:00,3312.3,3314.8,7.547625517012348,0.00032021,0.00043581,2024-02-28T16:00:00+00:00,392.0,-22.09427448298765,FLAT,False,False,False,
2024-02-28T09:29:00+00:00,3313.9,3316.85,8.901898065722616,0.00032021,0.00043581,2024-02-28T16:00:00+00:00,391.0,-20.740001934277384,FLAT,False,False,False,
2024-02-28T09:30:00+00:00,3315.59,3318.39,8.444952482061193,0.00032021,0.00043581,2024-02-28T16:00:00+00:00,390.0,-21.196947517938806,FLAT,False,False,False,
2024-02-28T09:31:00+00:00,3326.99,3330.64,10.970877580035081,0.00032021,0.00043581,2024-02-28T16:00:00+00:00,389.0,-18.67102241996492,FLAT,False,False,False,
2024-02-28T09:32:00+00:00,3324.8,3327.9,9.323869104908292,0.00032021,0.00043581,2024-02-28T16:00:00+00:00,388.0,-20.31803089509171,FLAT,False,False,False,
2024-02-28T09:33:00+00:00,3334.24,3338.4,12.476606363070173,0.00032021,0.00043581,2024-02-28T16:00:00+00:00,387.0,-17.165293636929825,FLAT,False,False,False,
2024-02-28T09:34:00+00:00,3337.68,3341.36,11.02562258814593,0.00032021,0.00043581,2024-02-28T16:00:00+00:00,386.0,-18.61627741185407,FLAT,False,False,False,
2024-02-28T09:35:00+00:00,3331.21,3334.95,11.227151695629463,0.00032021,0.00043581,2024-02-28T16:00:00+00:00,385.0,-18.414748304370537,FLAT,False,False,False,
2024-02-28T09:36:00+00:00,3334.17,3337.3,9.387643701431267,0.00032021,0.00043581,2024-02-28T16:00:00+00:00,384.0,-20.254256298568734,FLAT,False,False,False,
2024-02-28T09:37:00+00:00,3340.58,3344.38,11.375270162666908,0.00032021,0.00043581,2024-02-28T16:00:00+00:00,383.0,-18.26662983733309,FLAT,False,False,False,
2024-02-28T09:38:00+00:00,3344.15,3347.93,11.303320724249048,0.00032021,0.00043581,2024-02-28T16:00:00+00:00,382.0,-18.338579275750952,FLAT,False,False,False,
2024-02-28T09:39:00+00:00,3344.99,3349.32,12.94473227124859,0.00032021,0.00043581,2024-02-28T16:00:00+00:00,381.0,-16.69716772875141,FLAT,False,False,False,
2024-02-28T09:40:00+00:00,3343.14,3346.82,11.007615594920617,0.00032021,0.00043581,2024-02-28T16:00:00+00:00,380.0,-18.634284405079384,FLAT,False,False,False,
2024-02-28T09:41:00+00:00,3342.12,3345.59,10.382631383673402,0.00032021,0.00043581,2024-02-28T16:00:00+00:00,379.0,-19.259268616326597,FLAT,False,False,False,
2024-02-28T09:42:00+00:00,3340.5,3344.33,11.465349498577838,0.00032021,0.00043581,2024-02-28T16:00:00+00:00,378.0,-18.176550501422163,FLAT,False,False,False,
2024-02-28T09:43:00+00:00,3338.2,3341.86,10.963992570847491,0.00032021,0.00043581,2024-02-28T16:00:00+00:00,377.0,-18.67790742915251,FLAT,False,False,False,
2024-02-28T09:44:00+00:00,3337.91,3341.5,10.755233065002189,0.00032021,0.00043581,2024-02-28T16:00:00+00:00,376.0,-18.886666934997812,FLAT,False,False,False,
2024-02-28T09:45:00+00:00,3341.67,3344.75,9.216948412021317,0.00032021,0.00043581,2024-02-28T16:00:00+00:00,375.0,-20.424951587978683,FLAT,False,False,False,
2024-02-28T09:46:00+00:00,3344.53,3348.08,10.614346410406625,0.00032021,0.00043581,2024-02-28T16:00:00+00:00,374.0,-19.027553589593374,FLAT,False,False,False,
2024-02-28T09:47:00+00:00,3347.46,3351.0,10.575182377085802,0.00032021,0.00043581,2024-02-28T16:00:00+00:00,373.0,-19.066717622914197,FLAT,False,False,False,
2024-02-28T09:48:00+00:00,3353.92,3358.6,13.953821200266663,0.00032021,0.00043581,2024-02-28T16:00:00+00:00,372.0,-15.688078799733336,FLAT,False,False,False,
2024-02-28T09:49:00+00:00,3350.28,3354.8,13.491409673221288,0.00032021,0.00043581,2024-02-28T16:00:00+00:00,371.0,-16.150490326778712,FLAT,False,False,False,
2024-02-28T09:50:00+00:00,3349.79,3353.43,10.866352816146303,0.00032021,0.00043581,2024-02-28T16:00:00+00:00,370.0,-18.775547183853696,FLAT,False,False,False,
2024-02-28T09:51:00+00:00,3358.61,3363.29,13.934335930637484,0.00032021,0.00043581,2024-02-28T16:00:00+00:00,369.0,-15.707564069362515,FLAT,False,False,False,
2024-02-28T09:52:00+00:00,3354.79,3359.13,12.93672629285334,0.00032021,0.00043581,2024-02-28T16:00:00+00:00,368.0,-16.70517370714666,FLAT,False,False,False,
2024-02-28T09:53:00+00:00,3359.01,3363.22,12.533454797692121,0.00032021,0.00043581,2024-02-28T16:00:00+00:00,367.0,-17.108445202307877,FLAT,False,False,False,
2024-02-28T09:54:00+00:00,3354.41,3358.62,12.550642288807978,0.00032021,0.00043581,2024-02-28T16:00:00+00:00,366.0,-17.09125771119202,FLAT,False,False,False,
2024-02-28T09:55:00+00:00,3356.3,3360.27,11.82850162381134,0.00032021,0.00043581,2024-02-28T16:00:00+00:00,365.0,-17.81339837618866,FLAT,False,False,False,
2024-02-28T09:56:00+00:00,3352.53,3356.24,11.06626935478454,0.00032021,0.00043581,2024-02-28T16:00:00+00:00,364.0,-18.575630645215462,FLAT,False,False,False,
2024-02-28T09:57:00+00:00,3361.44,3365.76,12.851635013566101,0.00032021,0.00043581,2024-02-28T16:00:00+00:00,363.0,-16.790264986433897,FLAT,False,False,False,
2024-02-28T09:58:00+00:00,3362.99,3367.79,14.273013003310096,0.00032021,0.00043581,2024-02-28T16:00:00+00:00,362.0,-15.368886996689902,FLAT,False,False,False,
2024-02-28T09:59:00+00:00,3359.57,3363.71,12.323005622743006,0.00032021,0.00043581,2024-02-28T16:00:00+00:00,361.0,-17.318894377256996,FLAT,False,False,False,
2024-02-28T10:00:00+00:00,3356.49,3360.61,12.274727468278904,0.00032021,0.00043581,2024-02-28T16:00:00+00:00,360.0,-17.367172531721096,FLAT,False,False,False,
2024-02-28T10:01:00+00:00,3368.41,3373.77,15.912552213062328,0.00032021,0.00043581,2024-02-28T16:00:00+00:00,359.0,-13.729347786937673,FLAT,False,False,False,
2024-02-28T10:02:00+00:00,3362.58,3368.07,16.326749103367764,0.00032021,0.00043581,2024-02-28T16:00:00+00:00,358.0,-13.315150896632236,FLAT,False,False,False,
2024-02-28T10:03:00+00:00,3364.54,3369.56,14.920316001593031,0.00032021,0.00043581,2024-02-28T16:00:00+00:00,357.0,-14.72158399840697,FLAT,False,False,False,
2024-02-28T10:04:00+00:00,3362.5,3367.34,14.394052044610099,0.00032021,0.00043581,2024-02-28T16:00:00+00:00,356.0,-15.2478479553899,FLAT,False,False,False,
2024-02-28T10:05:00+00:00,3356.21,3360.37,12.39493357090246,0.00032021,0.00043581,2024-02-28T16:00:00+00:00,355.0,-17.24696642909754,FLAT,False,False,False,
2024-02-28T10:06:00+00:00,3355.17,3359.64,13.322722842657152,0.00032021,0.00043581,2024-02-28T16:00:00+00:00,354.0,-16.31917715734285,FLAT,False,False,False,
2024-02-28T10:07:00+00:00,3353.27,3357.63,13.002233640595977,0.00032021,0.00043581,2024-02-28T16:00:00+00:00,353.0,-16.639666359404025,FLAT,False,False,False,
2024-02-28T10:08:00+00:00,3351.28,3355.76,13.368026545081337,0.00032021,0.00043581,2024-02-28T16:00:00+00:00,352.0,-16.273873454918665,FLAT,False,False,False,
2024-02-28T10:09:00+00:00,3351.06,3355.01,11.787315058519612,0.00032021,0.00043581,2024-02-28T16:00:00+00:00,351.0,-17.85458494148039,FLAT,False,False,False,
2024-02-28T10:10:00+00:00,3346.4,3350.91,13.47716949557663,0.00032021,0.00043581,2024-02-28T16:00:00+00:00,350.0,-16.164730504423368,FLAT,False,False,False,
2024-02-28T10:11:00+00:00,3344.09,3348.6,13.48647913184084,0.00032021,0.00043581,2024-02-28T16:00:00+00:00,349.0,-16.155420868159162,FLAT,False,False,False,
2024-02-28T10:12:00+00:00,3342.11,3345.99,11.609432364583014,0.00032021,0.00043581,2024-02-28T16:00:00+00:00,348.0,-18.032467635416985,FLAT,False,False,False,
2024-02-28T10:13:00+00:00,3343.48,3347.53,12.113127639466011,0.00032021,0.00043581,2024-02-28T16:00:00+00:00,347.0,-17.52877236053399,FLAT,False,False,False,
2024-02-28T10:14:00+00:00,3345.88,3349.8,11.715901347328874,0.00032021,0.00043581,2024-02-28T16:00:00+00:00,346.0,-17.925998652671126,FLAT,False,False,False,
2024-02-28T10:15:00+00:00,3341.7,3346.01,12.897626956340787,0.00032021,0.00043581,2024-02-28T16:00:00+00:00,345.0,-16.744273043659213,FLAT,False,False,False,
2024-02-28T10:16:00+00:00,3340.0,3343.79,11.347305389221448,0.00032021,0.00043581,2024-02-28T16:00:00+00:00,344.0,-18.294594610778553,FLAT,False,False,False,
2024-02-28T10:17:00+00:00,3335.79,3339.59,11.39160438756691,0.00032021,0.00043581,2024-02-28T16:00:00+00:00,343.0,-18.250295612433092,FLAT,False,False,False,
2024-02-28T10:18:00+00:00,3340.21,3343.95,11.196900793662019,0.00032021,0.00043581,2024-02-28T16:00:00+00:00,342.0,-18.444999206337982,FLAT,False,False,False,
2024-02-28T10:19:00+00:00,3343.42,3347.5,12.203073499590023,0.00032021,0.00043581,2024-02-28T16:00:00+00:00,341.0,-17.438826500409977,FLAT,False,False,False,
2024-02-28T10:20:00+00:00,3343.91,3347.56,10.91536554512559,0.00032021,0.00043581,2024-02-28T16:00:00+00:00,340.0,-18.72653445487441,FLAT,False,False,False,
2024-02-28T10:21:00+00:00,3347.02,3350.55,10.546695269225161,0.00032021,0.00043581,2024-02-28T16:00:00+00:00,339.0,-19.09520473077484,FLAT,False,False,False,
2024-02-28T10:22:00+00:00,3343.19,3346.78,10.73824700361076,0.00032021,0.00043581,2024-02-28T16:00:00+00:00,338.0,-18.90365299638924,FLAT,False,False,False,
2024-02-28T10:23:00+00:00,3345.8,3349.42,10.819534939326589,0.00032021,0.00043581,2024-02-28T16:00:00+00:00,337.0,-18.822365060673413,FLAT,False,False,False,
2024-02-28T10:24:00+00:00,3342.2,3345.46,9.754054215786663,0.00032021,0.00043581,2024-02-28T16:00:00+00:00,336.0,-19.887845784213336,FLAT,False,False,False,
2024-02-28T10:25:00+00:00,3343.78,3347.39,10.796164819454846,0.00032021,0.00043581,2024-02-28T16:00:00+00:00,335.0,-18.845735180545155,FLAT,False,False,False,
2024-02-28T10:26:00+00:00,3342.98,3346.94,11.845718490688059,0.00032021,0.00043581,2024-02-28T16:00:00+00:00,334.0,-17.796181509311943,FLAT,False,False,False,
2024-02-28T10:27:00+00:00,3342.74,3346.53,11.338004152283512,0.00032021,0.00043581,2024-02-28T16:00:00+00:00,333.0,-18.30389584771649,FLAT,False,False,False,
2024-02-28T10:28:00+00:00,3343.73,3347.14,10.19819183965169,0.00032021,0.00043581,2024-02-28T16:00:00+00:00,332.0,-19.443708160348308,FLAT,False,False,False,
2024-02-28T10:29:00+00:00,3343.16,3346.96,11.366491582814408,0.00032021,0.00043581,2024-02-28T16:00:00+00:00,331.0,-18.27540841718559,FLAT,False,False,False,
2024-02-28T10:30:00+00:00,3344.6,3348.53,11.750284039945857,0.00032021,0.00043581,2024-02-28T16:00:00+00:00,330.0,-17.891615960054143,FLAT,False,False,False,
2024-02-28T10:31:00+00:00,3345.43,3348.95,10.521816328543661,0.00032021,0.00043581,2024-02-28T16:00:00+00:00,329.0,-19.12008367145634,FLAT,False,False,False,
2024-02-28T10:32:00+00:00,3346.61,3350.44,11.444416887536724,0.00032021,0.00043581,2024-02-28T16:00:00+00:00,328.0,-18.197483112463274,FLAT,False,False,False,
2024-02-28T10:33:00+00:00,3345.75,3349.48,11.148471942016045,0.00032021,0.00043581,2024-02-28T16:00:00+00:00,327.0,-18.493428057983955,FLAT,False,False,False,
2024-02-28T10:34:00+00:00,3350.44,3354.6,12.416279652821284,0.00032021,0.00043581,2024-02-28T16:00:00+00:00,326.0,-17.225620347178715,FLAT,False,False,False,
2024-02-28T10:35:00+00:00,3350.99,3355.4,13.160289944166678,0.00032021,0.00043581,2024-02-28T16:00:00+00:00,325.0,-16.481610055833322,FLAT,False,False,False,
2024-02-28T10:36:00+00:00,3350.47,3355.02,13.58018427265483,0.00032021,0.00043581,2024-02-28T16:00:00+00:00,324.0,-16.06171572734517,FLAT,False,False,False,
2024-02-28T10:37:00+00:00,3348.61,3353.1,13.408548621666249,0.00032021,0.00043581,2024-02-28T16:00:00+00:00,323.0,-16.23335137833375,FLAT,False,False,False,
2024-02-28T10:38:00+00:00,3349.77,3353.88,12.269499099938585,0.00032021,0.00043581,2024-02-28T16:00:00+00:00,322.0,-17.372400900061415,FLAT,False,False,False,
2024-02-28T10:39:00+00:00,3346.98,3351.53,13.594344752583469,0.00032021,0.00043581,2024-02-28T16:00:00+00:00,321.0,-16.047555247416533,FLAT,False,False,False,
2024-02-28T10:40:00+00:00,3346.86,3351.07,12.578954602224282,0.00032021,0.00043581,2024-02-28T16:00:00+00:00,320.0,-17.062945397775717,FLAT,False,False,False,
2024-02-28T10:41:00+00:00,3340.34,3344.62,12.813066933305429,0.00032021,0.00043581,2024-02-28T16:00:00+00:00,319.0,-16.82883306669457,FLAT,False,False,False,
2024-02-28T10:42:00+00:00,3340.27,3344.36,12.244519155637555,0.00032021,0.00043581,2024-02-28T16:00:00+00:00,318.0,-17.397380844362445,FLAT,False,False,False,
2024-02-28T10:43:00+00:00,3342.05,3346.46,13.195493783755042,0.00032021,0.00043581,2024-02-28T16:00:00+00:00,317.0,-16.44640621624496,FLAT,False,False,False,
2024-02-28T10:44:00+00:00,3341.44,3345.82,13.10812104960768,0.00032021,0.00043581,2024-02-28T16:00:00+00:00,316.0,-16.533778950392318,FLAT,False,False,False,
2024-02-28T10:45:00+00:00,3342.22,3346.89,13.972748652093738,0.00032021,0.00043581,2024-02-28T16:00:00+00:00,315.0,-15.669151347906261,FLAT,False,False,False,
2024-02-28T10:46:00+00:00,3347.65,3351.99,12.964318253102,0.00032021,0.00043581,2024-02-28T16:00:00+00:00,314.0,-16.677581746898,FLAT,False,False,False,
2024-02-28T10:47:00+00:00,3345.55,3349.7,12.404537370535895,0.00032021,0.00043581,2024-02-28T16:00:00+00:00,313.0,-17.237362629464105,FLAT,False,False,False,
2024-02-28T10:48:00+00:00,3348.84,3353.0,12.422211870378563,0.00032021,0.00043581,2024-02-28T16:00:00+00:00,312.0,-17.21968812962144,FLAT,False,False,False,
2024-02-28T10:49:00+00:00,3348.81,3353.04,12.631352629740173,0.00032021,0.00043581,2024-02-28T16:00:00+00:00,311.0,-17.01054737025983,FLAT,False,False,False,
2024-02-28T10:50:00+00:00,3346.35,3350.72,13.059004587087097,0.00032021,0.00043581,2024-02-28T16:00:00+00:00,310.0,-16.582895412912904,FLAT,False,False,False,
2024-02-28T10:51:00+00:00,3347.61,3352.36,14.189227538452807,0.00032021,0.00043581,2024-02-28T16:00:00+00:00,309.0,-15.452672461547195,FLAT,False,False,False,
2024-02-28T10:52:00+00:00,3346.1,3350.69,13.71746212008053,0.00032021,0.00043581,2024-02-28T16:00:00+00:00,308.0,-15.92443787991947,FLAT,False,False,False,
2024-02-28T10:53:00+00:00,3343.21,3347.19,11.90472629598505,0.00032021,0.00043581,2024-02-28T16:00:00+00:00,307.0,-17.73717370401495,FLAT,False,False,False,
2024-02-28T10:54:00+00:00,3345.07,3349.36,12.824843725243309,0.00032021,0.00043581,2024-02-28T16:00:00+00:00,306.0,-16.81705627475669,FLAT,False,False,False,
2024-02-28T10:55:00+00:00,3341.45,3345.59,12.389830762095283,0.00032021,0.00043581,2024-02-28T16:00:00+00:00,305.0,-17.252069237904717,FLAT,False,False,False,
2024-02-28T10:56:00+00:00,3345.66,3350.0,12.972029435149256,0.00032021,0.00043581,2024-02-28T16:00:00+00:00,304.0,-16.669870564850743,FLAT,False,False,False,
2024-02-28T10:57:00+00:00,3347.3,3351.61,12.876049353209886,0.00032021,0.00043581,2024-02-28T16:00:00+00:00,303.0,-16.765850646790113,FLAT,False,False,False,
2024-02-28T10:58:00+00:00,3343.08,3347.07,11.935101762447314,0.00032021,0.00043581,2024-02-28T16:00:00+00:00,302.0,-17.706798237552686,FLAT,False,False,False,
2024-02-28T10:59:00+00:00,3344.73,3349.08,13.00553407898368,0.00032021,0.00043581,2024-02-28T16:00:00+00:00,301.0,-16.63636592101632,FLAT,False,False,False,
2024-02-28T11:00:00+00:00,3344.72,3348.77,12.10863689636257,0.00032021,0.00043581,2024-02-28T16:00:00+00:00,300.0,-17.53326310363743,FLAT,False,False,False,
2024-02-28T11:01:00+00:00,3348.81,3352.74,11.735512017701321,0.00032021,0.00043581,2024-02-28T16:00:00+00:00,299.0,-17.90638798229868,FLAT,False,False,False,
2024-02-28T11:02:00+00:00,3346.15,3350.01,11.535645443271004,0.00032021,0.00043581,2024-02-28T16:00:00+00:00,298.0,-18.106254556728995,FLAT,False,False,False,
2024-02-28T11:03:00+00:00,3347.5,3351.26,11.232262882748971,0.00032021,0.00043581,2024-02-28T16:00:00+00:00,297.0,-18.40963711725103,FLAT,False,False,False,
2024-02-28T11:04:00+00:00,3349.2,3352.94,11.166845813926422,0.00032021,0.00043581,2024-02-28T16:00:00+00:00,296.0,-18.475054186073578,FLAT,False,False,False,
2024-02-28T11:05:00+00:00,3345.44,3349.24,11.358745038021087,0.00032021,0.00043581,2024-02-28T16:00:00+00:00,295.0,-18.283154961978912,FLAT,False,False,False,
2024-02-28T11:06:00+00:00,3346.41,3350.32,11.684163028440357,0.00032021,0.00043581,2024-02-28T16:00:00+00:00,294.0,-17.95773697155964,FLAT,False,False,False,
2024-02-28T11:07:00+00:00,3344.12,3348.04,11.722067389926417,0.00032021,0.00043581,2024-02-28T16:00:00+00:00,293.0,-17.919832610073584,FLAT,False,False,False,
2024-02-28T11:08:00+00:00,3344.75,3348.76,11.988937887735162,0.00032021,0.00043581,2024-02-28T16:00:00+00:00,292.0,-17.652962112264838,FLAT,False,False,False,
2024-02-28T11:09:00+00:00,3342.34,3346.57,12.655804017544648,0.00032021,0.00043581,2024-02-28T16:00:00+00:00,291.0,-16.986095982455353,FLAT,False,False,False,
2024-02-28T11:10:00+00:00,3340.52,3344.99,13.381150240081784,0.00032021,0.00043581,2024-02-28T16:00:00+00:00,290.0,-16.260749759918216,FLAT,False,False,False,
2024-02-28T11:11:00+00:00,3339.08,3343.17,12.248882925836295,0.00032021,0.00043581,2024-02-28T16:00:00+00:00,289.0,-17.393017074163705,FLAT,False,False,False,
2024-02-28T11:12:00+00:00,3339.79,3344.09,12.875061006830315,0.00032021,0.00043581,2024-02-28T16:00:00+00:00,288.0,-16.766838993169685,FLAT,False,False,False,
2024-02-28T11:13:00+00:00,3338.75,3342.81,12.160239610632559,0.00032021,0.00043581,2024-02-28T16:00:00+00:00,287.0,-17.48166038936744,FLAT,False,False,False,
2024-02-28T11:14:00+00:00,3339.48,3343.45,11.888078383460298,0.00032021,0.00043581,2024-02-28T16:00:00+00:00,286.0,-17.753821616539703,FLAT,False,False,False,
2024-02-28T11:15:00+00:00,3343.83,3348.23,13.158563682962624,0.00032021,0.00043581,2024-02-28T16:00:00+00:00,285.0,-16.483336317037377,FLAT,False,False,False,
2024-02-28T11:16:00+00:00,3342.99,3346.81,11.426896281473065,0.00032021,0.00043581,2024-02-28T16:00:00+00:00,284.0,-18.215003718526937,FLAT,False,False,False,
2024-02-28T11:17:00+00:00,3347.8,3352.12,12.903996654518517,0.00032021,0.00043581,2024-02-28T16:00:00+00:00,283.0,-16.737903345481485,FLAT,False,False,False,
2024-02-28T11:18:00+00:00,3346.3,3350.47,12.461524669036303,0.00032021,0.00043581,2024-02-28T16:00:00+00:00,282.0,-17.1803753309637,FLAT,False,False,False,
2024-02-28T11:19:00+00:00,3349.49,3354.15,13.912565793599352,0.00032021,0.00043581,2024-02-28T16:00:00+00:00,281.0,-15.729334206400647,FLAT,False,False,False,
2024-02-28T11:20:00+00:00,3342.98,3347.53,13.610610892078869,0.00032021,0.00043581,2024-02-28T16:00:00+00:00,280.0,-16.031289107921133,FLAT,False,False,False,
2024-02-28T11:21:00+00:00,3343.96,3348.73,14.264524695271419,0.00032021,0.00043581,2024-02-28T16:00:00+00:00,279.0,-15.37737530472858,FLAT,False,False,False,
2024-02-28T11:22:00+00:00,3343.72,3348.13,13.188903377077954,0.00032021,0.00043581,2024-02-28T16:00:00+00:00,278.0,-16.452996622922043,FLAT,False,False,False,
2024-02-28T11:23:00+00:00,3342.52,3346.81,12.834627765877133,0.00032021,0.00043581,2024-02-28T16:00:00+00:00,277.0,-16.807272234122866,FLAT,False,False,False,
2024-02-28T11:24:00+00:00,3343.99,3348.1,12.290706610965128,0.00032021,0.00043581,2024-02-28T16:00:00+00:00,276.0,-17.351193389034872,FLAT,False,False,False,
2024-02-28T11:25:00+00:00,3347.34,3351.99,13.891627381740832,0.00032021,0.00043581,2024-02-28T16:00:00+00:00,275.0,-15.750272618259167,FLAT,False,False,False,
2024-02-28T11:26:00+00:00,3348.58,3352.93,12.990581082130065,0.00032021,0.00043581,2024-02-28T16:00:00+00:00,274.0,-16.651318917869936,FLAT,False,False,False,
2024-02-28T11:27:00+00:00,3345.54,3349.75,12.583917693406853,0.00032021,0.00043581,2024-02-28T16:00:00+00:00,273.0,-17.057982306593146,FLAT,False,False,False,
2024-02-28T11:28:00+00:00,3347.89,3352.28,13.11273667892412,0.00032021,0.00043581,2024-02-28T16:00:00+00:00,272.0,-16.529163321075877,FLAT,False,False,False,
2024-02-28T11:29:00+00:00,3350.49,3354.99,13.430871305391152,0.00032021,0.00043581,2024-02-28T16:00:00+00:00,271.0,-16.21102869460885,FLAT,False,False,False,
2024-02-28T11:30:00+00:00,3345.81,3350.02,12.582902197076454,0.00032021,0.00043581,2024-02-28T16:00:00+00:00,270.0,-17.058997802923546,FLAT,False,False,False,
2024-02-28T11:31:00+00:00,3347.0,3351.63,13.833283537496593,0.00032021,0.00043581,2024-02-28T16:00:00+00:00,269.0,-15.808616462503409,FLAT,False,False,False,
2024-02-28T11:32:00+00:00,3345.47,3349.72,12.703745662044497,0.00032021,0.00043581,2024-02-28T16:00:00+00:00,268.0,-16.938154337955503,FLAT,False,False,False,
2024-02-28T11:33:00+00:00,3346.62,3351.01,13.117712796792967,0.00032021,0.00043581,2024-02-28T16:00:00+00:00,267.0,-16.524187203207035,FLAT,False,False,False,
2024-02-28T11:34:00+00:00,3347.97,3352.44,13.351374116256283,0.00032021,0.00043581,2024-02-28T16:00:00+00:00,266.0,-16.29052588374372,FLAT,False,False,False,
2024-02-28T11:35:00+00:00,3348.06,3352.85,14.306792590335787,0.00032021,0.00043581,2024-02-28T16:00:00+00:00,265.0,-15.33510740966421,FLAT,False,False,False,
2024-02-28T11:36:00+00:00,3348.18,3352.87,14.007610104594301,0.00032021,0.00043581,2024-02-28T16:00:00+00:00,264.0,-15.6342898954057,FLAT,False,False,False,
2024-02-28T11:37:00+00:00,3335.65,3340.51,14.56987393761374,0.00032021,0.00043581,2024-02-28T16:00:00+00:00,263.0,-15.072026062386257,FLAT,False,False,False,
2024-02-28T11:38:00+00:00,3333.59,3337.7,12.329050663097957,0.00032021,0.00043581,2024-02-28T16:00:00+00:00,262.0,-17.31284933690204,FLAT,False,False,False,
2024-02-28T11:39:00+00:00,3335.88,3340.28,13.18992289890551,0.00032021,0.00043581,2024-02-28T16:00:00+00:00,261.0,-16.451977101094492,FLAT,False,False,False,
2024-02-28T11:40:00+00:00,3334.16,3338.24,12.236965232622092,0.00032021,0.00043581,2024-02-28T16:00:00+00:00,260.0,-17.40493476737791,FLAT,False,False,False,
2024-02-28T11:41:00+00:00,3329.59,3333.3,11.142513042146438,0.00032021,0.00043581,2024-02-28T16:00:00+00:00,259.0,-18.49938695785356,FLAT,False,False,False,
2024-02-28T11:42:00+00:00,3324.32,3327.56,9.746354141598227,0.00032021,0.00043581,2024-02-28T16:00:00+00:00,258.0,-19.895545858401775,FLAT,False,False,False,
2024-02-28T11:43:00+00:00,3325.16,3328.32,9.50330209674214,0.00032021,0.00043581,2024-02-28T16:00:00+00:00,257.0,-20.13859790325786,FLAT,False,False,False,
2024-02-28T11:44:00+00:00,3316.35,3319.38,9.136550725949313,0.00032021,0.00043581,2024-02-28T16:00:00+00:00,256.0,-20.505349274050687,FLAT,False,False,False,
2024-02-28T11:45:00+00:00,3313.6,3316.83,9.747706422018403,0.00032021,0.00043581,2024-02-28T16:00:00+00:00,255.0,-19.894193577981596,FLAT,False,False,False,
2024-02-28T11:46:00+00:00,3322.6,3326.0,10.232950099320083,0.00032021,0.00043581,2024-02-28T16:00:00+00:00,254.0,-19.408949900679914,FLAT,False,False,False,
2024-02-28T11:47:00+00:00,3321.18,3324.98,11.441716498353545,0.00032021,0.00043581,2024-02-28T16:00:00+00:00,253.0,-18.200183501646457,FLAT,False,False,False,
2024-02-28T11:48:00+00:00,3317.5,3320.73,9.73624717407692,0.00032021,0.00043581,2024-02-28T16:00:00+00:00,252.0,-19.905652825923077,FLAT,False,False,False,
2024-02-28T11:49:00+00:00,3312.6,3315.67,9.267644750347653,0.00032021,0.00043581,2024-02-28T16:00:00+00:00,251.0,-20.374255249652347,FLAT,False,False,False,
2024-02-28T11:50:00+00:00,3303.59,3306.2,7.9004961269397,0.00032021,0.00043581,2024-02-28T16:00:00+00:00,250.0,-21.7414038730603,FLAT,False,False,False,
2024-02-28T11:51:00+00:00,3299.2,3302.0,8.486905916586391,0.00032021,0.00043581,2024-02-28T16:00:00+00:00,249.0,-21.15499408341361,FLAT,False,False,False,
2024-02-28T11:52:00+00:00,3284.47,3286.79,7.063544498808526,0.00032021,0.00043581,2024-02-28T16:00:00+00:00,248.0,-22.578355501191474,FLAT,False,False,False,
2024-02-28T11:53:00+00:00,3295.18,3298.56,10.257406272191835,0.00032021,0.00043581,2024-02-28T16:00:00+00:00,247.0,-19.384493727808163,FLAT,False,False,False,
2024-02-28T11:54:00+00:00,3300.79,3303.76,8.997845970207903,0.00032021,0.00043581,2024-02-28T16:00:00+00:00,246.0,-20.644054029792095,FLAT,False,False,False,
2024-02-28T11:55:00+00:00,3297.2,3300.0,8.49205386388506,0.00032021,0.00043581,2024-02-28T16:00:00+00:00,245.0,-21.149846136114938,FLAT,False,False,False,
2024-02-28T11:56:00+00:00,3295.99,3298.72,8.28279212012178,0.00032021,0.00043581,2024-02-28T16:00:00+00:00,244.0,-21.35910787987822,FLAT,False,False,False,
2024-02-28T11:57:00+00:00,3289.43,3292.25,8.572913848296404,0.00032021,0.00043581,2024-02-28T16:00:00+00:00,243.0,-21.068986151703598,FLAT,False,False,False,
2024-02-28T11:58:00+00:00,3297.2,3300.33,9.492903069271229,0.00032021,0.00043581,2024-02-28T16:00:00+00:00,242.0,-20.14899693072877,FLAT,False,False,False,
2024-02-28T11:59:00+00:00,3296.13,3299.52,10.284788524724062,0.00032021,0.00043581,2024-02-28T16:00:00+00:00,241.0,-19.357111475275936,FLAT,False,False,False,
2024-02-28T12:00:00+00:00,3293.38,3296.98,10.931019196083989,0.00032021,0.00043581,2024-02-28T16:00:00+00:00,240.0,-18.710880803916012,FLAT,False,False,False,
2024-02-28T12:01:00+00:00,3295.82,3298.85,9.193463235248725,0.00032021,0.00043581,2024-02-28T16:00:00+00:00,239.0,-20.448436764751275,FLAT,False,False,False,
2024-02-28T12:02:00+00:00,3302.75,3305.99,9.81000681250407,0.00032021,0.00043581,2024-02-28T16:00:00+00:00,238.0,-19.83189318749593,FLAT,False,False,False,
2024-02-28T12:03:00+00:00,3300.8,3303.5,8.179835191468182,0.00032021,0.00043581,2024-02-28T16:00:00+00:00,237.0,-21.462064808531817,FLAT,False,False,False,
2024-02-28T12:04:00+00:00,3303.99,3306.64,8.020605389241767,0.00032021,0.00043581,2024-02-28T16:00:00+00:00,236.0,-21.621294610758234,FLAT,False,False,False,
2024-02-28T12:05:00+00:00,3307.66,3310.04,7.19541911804753,0.00032021,0.00043581,2024-02-28T16:00:00+00:00,235.0,-22.446480881952468,FLAT,False,False,False,
2024-02-28T12:06:00+00:00,3309.79,3312.9,9.396366536850156,0.00032021,0.00043581,2024-02-28T16:00:00+00:00,234.0,-20.245533463149844,FLAT,False,False,False,
2024-02-28T12:07:00+00:00,3306.41,3309.18,8.377666411606493,0.00032021,0.00043581,2024-02-28T16:00:00+00:00,233.0,-21.26423358839351,FLAT,False,False,False,
2024-02-28T12:08:00+00:00,3296.91,3299.71,8.492800834721548,0.00032021,0.00043581,2024-02-28T16:00:00+00:00,232.0,-21.14909916527845,FLAT,False,False,False,
2024-02-28T12:09:00+00:00,3298.31,3300.66,7.124860913619123,0.00032021,0.00043581,2024-02-28T16:00:00+00:00,231.0,-22.517039086380876,FLAT,False,False,False,
2024-02-28T12:10:00+00:00,3303.74,3306.41,8.081749774498215,0.00032021,0.00043581,2024-02-28T16:00:00+00:00,230.0,-21.560150225501786,FLAT,False,False,False,
2024-02-28T12:11:00+00:00,3302.11,3304.89,8.418859456528539,0.00032021,0.00043581,2024-02-28T16:00:00+00:00,229.0,-21.223040543471463,FLAT,False,False,False,
2024-02-28T12:12:00+00:00,3307.88,3310.4,7.618172364172769,0.00032021,0.00043581,2024-02-28T16:00:00+00:00,228.0,-22.023727635827232,FLAT,False,False,False,
2024-02-28T12:13:00+00:00,3307.88,3310.6,8.222789218471648,0.00032021,0.00043581,2024-02-28T16:00:00+00:00,227.0,-21.419110781528353,FLAT,False,False,False,
2024-02-28T12:14:00+00:00,3306.8,3309.28,7.499697592839054,0.00032021,0.00043581,2024-02-28T16:00:00+00:00,226.0,-22.142202407160944,FLAT,False,False,False,
2024-02-28T12:15:00+00:00,3309.76,3312.33,7.764913468045142,0.00032021,0.00043581,2024-02-28T16:00:00+00:00,225.0,-21.876986531954856,FLAT,False,False,False,
2024-02-28T12:16:00+00:00,3308.75,3311.8,9.21798262183659,0.00032021,0.00043581,2024-02-28T16:00:00+00:00,224.0,-20.42391737816341,FLAT,False,False,False,
2024-02-28T12:17:00+00:00,3304.15,3307.0,8.62551639604712,0.00032021,0.00043581,2024-02-28T16:00:00+00:00,223.0,-21.01638360395288,FLAT,False,False,False,
2024-02-28T12:18:00+00:00,3301.11,3303.97,8.663752495371776,0.00032021,0.00043581,2024-02-28T16:00:00+00:00,222.0,-20.978147504628225,FLAT,False,False,False,
2024-02-28T12:19:00+00:00,3299.42,3302.54,9.456207454643213,0.00032021,0.00043581,2024-02-28T16:00:00+00:00,221.0,-20.185692545356787,FLAT,False,False,False,
2024-02-28T12:20:00+00:00,3300.48,3303.8,10.05914291254655,0.00032021,0.00043581,2024-02-28T16:00:00+00:00,220.0,-19.58275708745345,FLAT,False,False,False,
2024-02-28T12:21:00+00:00,3298.33,3300.79,7.458319816392042,0.00032021,0.00043581,2024-02-28T16:00:00+00:00,219.0,-22.18358018360796,FLAT,False,False,False,
2024-02-28T12:22:00+00:00,3299.91,3302.72,8.515383752890065,0.00032021,0.00043581,2024-02-28T16:00:00+00:00,218.0,-21.126516247109933,FLAT,False,False,False,
2024-02-28T12:23:00+00:00,3301.57,3304.35,8.420236432968997,0.00032021,0.00043581,2024-02-28T16:00:00+00:00,217.0,-21.221663567031,FLAT,False,False,False,
2024-02-28T12:24:00+00:00,3299.01,3301.62,7.911464348394435,0.00032021,0.00043581,2024-02-28T16:00:00+00:00,216.0,-21.730435651605564,FLAT,False,False,False,
2024-02-28T12:25:00+00:00,3299.09,3301.53,7.395978891148936,0.00032021,0.00043581,2024-02-28T16:00:00+00:00,215.0,-22.245921108851064,FLAT,False,False,False,
2024-02-28T12:26:00+00:00,3289.42,3292.08,8.086531972201344,0.00032021,0.00043581,2024-02-28T16:00:00+00:00,214.0,-21.555368027798657,FLAT,False,False,False,
2024-02-28T12:27:00+00:00,3296.8,3299.72,8.857073525842083,0.00032021,0.00043581,2024-02-28T16:00:00+00:00,213.0,-20.784826474157917,FLAT,False,False,False,
2024-02-28T12:28:00+00:00,3301.93,3305.06,9.479304527958222,0.00032021,0.00043581,2024-02-28T16:00:00+00:00,212.0,-20.16259547204178,FLAT,False,False,False,
2024-02-28T12:29:00+00:00,3304.96,3308.13,9.59164407436118,0.00032021,0.00043581,2024-02-28T16:00:00+00:00,211.0,-20.05025592563882,FLAT,False,False,False,
2024-02-28T12:30:00+00:00,3304.61,3307.97,10.167614332703929,0.00032021,0.00043581,2024-02-28T16:00:00+00:00,210.0,-19.474285667296073,FLAT,False,False,False,
2024-02-28T12:31:00+00:00,3303.34,3306.43,9.354168810960092,0.00032021,0.00043581,2024-02-28T16:00:00+00:00,209.0,-20.28773118903991,FLAT,False,False,False,
2024-02-28T12:32:00+00:00,3302.23,3305.3,9.296747955170185,0.00032021,0.00043581,2024-02-28T16:00:00+00:00,208.0,-20.345152044829817,FLAT,False,False,False,
2024-02-28T12:33:00+00:00,3305.09,3308.12,9.167677733434626,0.00032021,0.00043581,2024-02-28T16:00:00+00:00,207.0,-20.474222266565373,FLAT,False,False,False,
2024-02-28T12:34:00+00:00,3308.99,3312.47,10.51680422122768,0.00032021,0.00043581,2024-02-28T16:00:00+00:00,206.0,-19.12509577877232,FLAT,False,False,False,
2024-02-28T12:35:00+00:00,3313.57,3316.46,8.721711024664856,0.00032021,0.00043581,2024-02-28T16:00:00+00:00,205.0,-20.920188975335144,FLAT,False,False,False,
2024-02-28T12:36:00+00:00,3316.73,3319.72,9.014903233002933,0.00032021,0.00043581,2024-02-28T16:00:00+00:00,204.0,-20.626996766997067,FLAT,False,False,False,
2024-02-28T12:37:00+00:00,3306.35,3309.46,9.406142725362189,0.00032021,0.00043581,2024-02-28T16:00:00+00:00,203.0,-20.235757274637812,FLAT,False,False,False,
2024-02-28T12:38:00+00:00,3309.6,3313.05,10.424220449601984,0.00032021,0.00043581,2024-02-28T16:00:00+00:00,202.0,-19.217679550398017,FLAT,False,False,False,
2024-02-28T12:39:00+00:00,3308.22,3311.18,8.947409785322732,0.00032021,0.00043581,2024-02-28T16:00:00+00:00,201.0,-20.694490214677266,FLAT,False,False,False,
2024-02-28T12:40:00+00:00,3306.58,3309.61,9.163546625214572,0.00032021,0.00043581,2024-02-28T16:00:00+00:00,200.0,-20.478353374785428,FLAT,False,False,False,
2024-02-28T12:41:00+00:00,3311.2,3314.21,9.09035999033649,0.00032021,0.00043581,2024-02-28T16:00:00+00:00,199.0,-20.551540009663512,FLAT,False,False,False,
2024-02-28T12:42:00+00:00,3312.0,3315.0,9.057971014492754,0.00032021,0.00043581,2024-02-28T16:00:00+00:00,198.0,-20.583928985507246,FLAT,False,False,False,
2024-02-28T12:43:00+00:00,3309.16,3312.19,9.156402228965055,0.00032021,0.00043581,2024-02-28T16:00:00+00:00,197.0,-20.485497771034943,FLAT,False,False,False,
2024-02-28T12:44:00+00:00,3312.39,3315.07,8.090834714512154,0.00032021,0.00043581,2024-02-28T16:00:00+00:00,196.0,-21.551065285487844,FLAT,False,False,False,
2024-02-28T12:45:00+00:00,3313.65,3316.47,8.510253044225276,0.00032021,0.00043581,2024-02-28T16:00:00+00:00,195.0,-21.131646955774723,FLAT,False,False,False,
2024-02-28T12:46:00+00:00,3309.59,3312.51,8.822845125831517,0.00032021,0.00043581,2024-02-28T16:00:00+00:00,194.0,-20.819054874168483,FLAT,False,False,False,
2024-02-28T12:47:00+00:00,3312.0,3315.13,9.45048309178777,0.00032021,0.00043581,2024-02-28T16:00:00+00:00,193.0,-20.19141690821223,FLAT,False,False,False,
2024-02-28T12:48:00+00:00,3313.2,3315.92,8.209585898829696,0.00032021,0.00043581,2024-02-28T16:00:00+00:00,192.0,-21.432314101170306,FLAT,False,False,False,
2024-02-28T12:49:00+00:00,3315.77,3318.64,8.655606390068947,0.00032021,0.00043581,2024-02-28T16:00:00+00:00,191.0,-20.986293609931053,FLAT,False,False,False,
2024-02-28T12:50:00+00:00,3315.59,3318.12,7.630617778433839,0.00032021,0.00043581,2024-02-28T16:00:00+00:00,190.0,-22.011282221566162,FLAT,False,False,False,
2024-02-28T12:51:00+00:00,3313.21,3315.95,8.269925540487266,0.00032021,0.00043581,2024-02-28T16:00:00+00:00,189.0,-21.371974459512735,FLAT,False,False,False,
2024-02-28T12:52:00+00:00,3314.65,3317.15,7.542274448282624,0.00032021,0.00043581,2024-02-28T16:00:00+00:00,188.0,-22.099625551717374,FLAT,False,False,False,
2024-02-28T12:53:00+00:00,3314.7,3317.72,9.11093009925478,0.00032021,0.00043581,2024-02-28T16:00:00+00:00,187.0,-20.53096990074522,FLAT,False,False,False,
2024-02-28T12:54:00+00:00,3314.16,3316.96,8.44859632606809,0.00032021,0.00043581,2024-02-28T16:00:00+00:00,186.0,-21.193303673931908,FLAT,False,False,False,
2024-02-28T12:55:00+00:00,3311.5,3314.27,8.364789370375908,0.00032021,0.00043581,2024-02-28T16:00:00+00:00,185.0,-21.27711062962409,FLAT,False,False,False,
2024-02-28T12:56:00+00:00,3311.84,3314.4,7.729842021353524,0.00032021,0.00043581,2024-02-28T16:00:00+00:00,184.0,-21.912057978646477,FLAT,False,False,False,
2024-02-28T12:57:00+00:00,3313.65,3316.25,7.8463325939671025,0.00032021,0.00043581,2024-02-28T16:00:00+00:00,183.0,-21.795567406032898,FLAT,False,False,False,
2024-02-28T12:58:00+00:00,3313.74,3316.33,7.815942107709554,0.00032021,0.00043581,2024-02-28T16:00:00+00:00,182.0,-21.825957892290447,FLAT,False,False,False,
2024-02-28T12:59:00+00:00,3313.22,3315.79,7.756804558707734,0.00032021,0.00043581,2024-02-28T16:00:00+00:00,181.0,-21.885095441292265,FLAT,False,False,False,
2024-02-28T13:00:00+00:00,3312.97,3315.28,6.972595586438755,0.00032021,0.00043581,2024-02-28T16:00:00+00:00,180.0,-22.669304413561242,FLAT,False,False,False,
2024-02-28T13:01:00+00:00,3313.2,3315.64,7.364481468067291,0.00032021,0.00043581,2024-02-28T16:00:00+00:00,179.0,-22.27741853193271,FLAT,False,False,False,
2024-02-28T13:02:00+00:00,3312.18,3314.56,7.185599816435428,0.00032021,0.00043581,2024-02-28T16:00:00+00:00,178.0,-22.456300183564572,FLAT,False,False,False,
2024-02-28T13:03:00+00:00,3315.94,3318.68,8.263116944214255,0.00032021,0.00043581,2024-02-28T16:00:00+00:00,177.0,-21.378783055785746,FLAT,False,False,False,
2024-02-28T13:04:00+00:00,3316.79,3319.41,7.899203748201999,0.00032021,0.00043581,2024-02-28T16:00:00+00:00,176.0,-21.742696251798,FLAT,False,False,False,
2024-02-28T13:05:00+00:00,3319.6,3322.35,8.284130618146765,0.00032021,0.00043581,2024-02-28T16:00:00+00:00,175.0,-21.357769381853235,FLAT,False,False,False,
2024-02-28T13:06:00+00:00,3330.93,3333.79,8.586190643454312,0.00032021,0.00043581,2024-02-28T16:00:00+00:00,174.0,-21.055709356545687,FLAT,False,False,False,
2024-02-28T13:07:00+00:00,3325.69,3328.3,7.847995453575431,0.00032021,0.00043581,2024-02-28T16:00:00+00:00,173.0,-21.79390454642457,FLAT,False,False,False,
2024-02-28T13:08:00+00:00,3335.13,3338.63,10.494343548827182,0.00032021,0.00043581,2024-02-28T16:00:00+00:00,172.0,-19.147556451172818,FLAT,False,False,False,
2024-02-28T13:09:00+00:00,3333.01,3335.92,8.7308468921481,0.00032021,0.00043581,2024-02-28T16:00:00+00:00,171.0,-20.9110531078519,FLAT,False,False,False,
2024-02-28T13:10:00+00:00,3330.61,3333.42,8.436892941533069,0.00032021,0.00043581,2024-02-28T16:00:00+00:00,170.0,-21.205007058466933,FLAT,False,False,False,
2024-02-28T13:11:00+00:00,3336.71,3339.95,9.710163604268223,0.00032021,0.00043581,2024-02-28T16:00:00+00:00,169.0,-19.931736395731775,FLAT,False,False,False,
2024-02-28T13:12:00+00:00,3332.18,3334.84,7.982762035665268,0.00032021,0.00043581,2024-02-28T16:00:00+00:00,168.0,-21.659137964334732,FLAT,False,False,False,
2024-02-28T13:13:00+00:00,3330.77,3333.56,8.376441483500702,0.00032021,0.00043581,2024-02-28T16:00:00+00:00,167.0,-21.265458516499297,FLAT,False,False,False,
2024-02-28T13:14:00+00:00,3326.93,3329.65,8.175705530324517,0.00032021,0.00043581,2024-02-28T16:00:00+00:00,166.0,-21.466194469675482,FLAT,False,False,False,
2024-02-28T13:15:00+00:00,3319.13,3321.61,7.4718374995857895,0.00032021,0.00043581,2024-02-28T16:00:00+00:00,165.0,-22.17006250041421,FLAT,False,False,False,
2024-02-28T13:16:00+00:00,3325.03,3327.99,8.90217531871767,0.00032021,0.00043581,2024-02-28T16:00:00+00:00,164.0,-20.73972468128233,FLAT,False,False,False,
2024-02-28T13:17:00+00:00,3331.15,3333.91,8.28542695465459,0.00032021,0.00043581,2024-02-28T16:00:00+00:00,163.0,-21.35647304534541,FLAT,False,False,False,
2024-02-28T13:18:00+00:00,3334.95,3337.91,8.875695287785533,0.00032021,0.00043581,2024-02-28T16:00:00+00:00,162.0,-20.766204712214467,FLAT,False,False,False,
2024-02-28T13:19:00+00:00,3334.17,3336.9,8.187944825848767,0.00032021,0.00043581,2024-02-28T16:00:00+00:00,161.0,-21.453955174151233,FLAT,False,False,False,
2024-02-28T13:20:00+00:00,3336.04,3338.81,8.303257754703127,0.00032021,0.00043581,2024-02-28T16:00:00+00:00,160.0,-21.338642245296874,FLAT,False,False,False,
2024-02-28T13:21:00+00:00,3337.01,3339.77,8.270877222422957,0.00032021,0.00043581,2024-02-28T16:00:00+00:00,159.0,-21.371022777577043,FLAT,False,False,False,
2024-02-28T13:22:00+00:00,3341.54,3344.95,10.204875596281518,0.00032021,0.00043581,2024-02-28T16:00:00+00:00,158.0,-19.437024403718482,FLAT,False,False,False,
2024-02-28T13:23:00+00:00,3343.19,3346.41,9.631519596552394,0.00032021,0.00043581,2024-02-28T16:00:00+00:00,157.0,-20.010380403447606,FLAT,False,False,False,
2024-02-28T13:24:00+00:00,3346.6,3349.51,8.695392338493722,0.00032021,0.00043581,2024-02-28T16:00:00+00:00,156.0,-20.946507661506278,FLAT,False,False,False,
2024-02-28T13:25:00+00:00,3356.63,3359.83,9.533371268205963,0.00032021,0.00043581,2024-02-28T16:00:00+00:00,155.0,-20.10852873179404,FLAT,False,False,False,
2024-02-28T13:26:00+00:00,3347.63,3350.23,7.766688672284299,0.00032021,0.00043581,2024-02-28T16:00:00+00:00,154.0,-21.8752113277157,FLAT,False,False,False,
2024-02-28T13:27:00+00:00,3350.92,3353.48,7.63969297983821,0.00032021,0.00043581,2024-02-28T16:00:00+00:00,153.0,-22.00220702016179,FLAT,False,False,False,
2024-02-28T13:28:00+00:00,3339.8,3342.69,8.653212767231189,0.00032021,0.00043581,2024-02-28T16:00:00+00:00,152.0,-20.98868723276881,FLAT,False,False,False,
2024-02-28T13:29:00+00:00,3338.99,3341.95,8.86495616938067,0.00032021,0.00043581,2024-02-28T16:00:00+00:00,151.0,-20.77694383061933,FLAT,False,False,False,
2024-02-28T13:30:00+00:00,3336.31,3338.93,7.852987282356528,0.00032021,0.00043581,2024-02-28T16:00:00+00:00,150.0,-21.78891271764347,FLAT,False,False,False,
2024-02-28T13:31:00+00:00,3341.39,3344.5,9.307503763404235,0.00032021,0.00043581,2024-02-28T16:00:00+00:00,149.0,-20.334396236595765,FLAT,False,False,False,
2024-02-28T13:32:00+00:00,3348.47,3351.96,10.422670652567401,0.00032021,0.00043581,2024-02-28T16:00:00+00:00,148.0,-19.2192293474326,FLAT,False,False,False,
2024-02-28T13:33:00+00:00,3347.69,3350.5,8.393847697964702,0.00032021,0.00043581,2024-02-28T16:00:00+00:00,147.0,-21.248052302035298,FLAT,False,False,False,
2024-02-28T13:34:00+00:00,3351.44,3354.61,9.458620771966894,0.00032021,0.00043581,2024-02-28T16:00:00+00:00,146.0,-20.183279228033108,FLAT,False,False,False,
2024-02-28T13:35:00+00:00,3348.98,3352.2,9.614867810496927,0.00032021,0.00043581,2024-02-28T16:00:00+00:00,145.0,-20.027032189503075,FLAT,False,False,False,
2024-02-28T13:36:00+00:00,3352.6,3355.97,10.051900017896234,0.00032021,0.00043581,2024-02-28T16:00:00+00:00,144.0,-19.589999982103766,FLAT,False,False,False,
2024-02-28T13:37:00+00:00,3357.12,3359.81,8.012820512820674,0.00032021,0.00043581,2024-02-28T16:00:00+00:00,143.0,-21.629079487179325,FLAT,False,False,False,
2024-02-28T13:38:00+00:00,3353.65,3356.35,8.050929584183853,0.00032021,0.00043581,2024-02-28T16:00:00+00:00,142.0,-21.590970415816145,FLAT,False,False,False,
2024-02-28T13:39:00+00:00,3348.82,3351.4,7.704206257726384,0.00032021,0.00043581,2024-02-28T16:00:00+00:00,141.0,-21.937693742273616,FLAT,False,False,False,
2024-02-28T13:40:00+00:00,3350.56,3353.44,8.595578052624365,0.00032021,0.00043581,2024-02-28T16:00:00+00:00,140.0,-21.046321947375635,FLAT,False,False,False,
2024-02-28T13:41:00+00:00,3348.57,3351.53,8.839594214844057,0.00032021,0.00043581,2024-02-28T16:00:00+00:00,139.0,-20.802305785155944,FLAT,False,False,False,
2024-02-28T13:42:00+00:00,3346.7,3349.2,7.47004511907252,0.00032021,0.00043581,2024-02-28T16:00:00+00:00,138.0,-22.17185488092748,FLAT,False,False,False,
2024-02-28T13:43:00+00:00,3348.07,3350.4,6.959233229890436,0.00032021,0.00043581,2024-02-28T16:00:00+00:00,137.0,-22.682666770109563,FLAT,False,False,False,
2024-02-28T13:44:00+00:00,3346.25,3348.96,8.09861785580885,0.00032021,0.00043581,2024-02-28T16:00:00+00:00,136.0,-21.54328214419115,FLAT,False,False,False,
2024-02-28T13:45:00+00:00,3341.9,3344.46,7.660312995601141,0.00032021,0.00043581,2024-02-28T16:00:00+00:00,135.0,-21.981587004398857,FLAT,False,False,False,
2024-02-28T13:46:00+00:00,3346.18,3349.27,9.234410581618878,0.00032021,0.00043581,2024-02-28T16:00:00+00:00,134.0,-20.40748941838112,FLAT,False,False,False,
2024-02-28T13:47:00+00:00,3349.22,3351.82,7.763001534686775,0.00032021,0.00043581,2024-02-28T16:00:00+00:00,133.0,-21.878898465313224,FLAT,False,False,False,
2024-02-28T13:48:00+00:00,3350.84,3353.91,9.16188179680232,0.00032021,0.00043581,2024-02-28T16:00:00+00:00,132.0,-20.48001820319768,FLAT,False,False,False,
2024-02-28T13:49:00+00:00,3349.06,3351.6,7.584217661074939,0.00032021,0.00043581,2024-02-28T16:00:00+00:00,131.0,-22.057682338925062,FLAT,False,False,False,
2024-02-28T13:50:00+00:00,3349.99,3353.22,9.641819826327895,0.00032021,0.00043581,2024-02-28T16:00:00+00:00,130.0,-20.000080173672103,FLAT,False,False,False,
2024-02-28T13:51:00+00:00,3348.84,3351.31,7.375688298036931,0.00032021,0.00043581,2024-02-28T16:00:00+00:00,129.0,-22.26621170196307,FLAT,False,False,False,
2024-02-28T13:52:00+00:00,3347.21,3349.77,7.648160706976693,0.00032021,0.00043581,2024-02-28T16:00:00+00:00,128.0,-21.993739293023307,FLAT,False,False,False,
2024-02-28T13:53:00+00:00,3345.94,3348.89,8.8166554092417,0.00032021,0.00043581,2024-02-28T16:00:00+00:00,127.0,-20.8252445907583,FLAT,False,False,False,
2024-02-28T13:54:00+00:00,3347.19,3349.95,8.24572253143611,0.00032021,0.00043581,2024-02-28T16:00:00+00:00,126.0,-21.39617746856389,FLAT,False,False,False,
2024-02-28T13:55:00+00:00,3346.11,3348.71,7.770216759161859,0.00032021,0.00043581,2024-02-28T16:00:00+00:00,125.0,-21.87168324083814,FLAT,False,False,False,
2024-02-28T13:56:00+00:00,3349.69,3352.38,8.03059387585136,0.00032021,0.00043581,2024-02-28T16:00:00+00:00,124.0,-21.61130612414864,FLAT,False,False,False,
2024-02-28T13:57:00+00:00,3352.86,3355.81,8.79845862934873,0.00032021,0.00043581,2024-02-28T16:00:00+00:00,123.0,-20.84344137065127,FLAT,False,False,False,
2024-02-28T13:58:00+00:00,3356.0,3359.29,9.803337306316935,0.00032021,0.00043581,2024-02-28T16:00:00+00:00,122.0,-19.838562693683066,FLAT,False,False,False,
2024-02-28T13:59:00+00:00,3354.71,3357.67,8.823415436803886,0.00032021,0.00043581,2024-02-28T16:00:00+00:00,121.0,-20.818484563196115,FLAT,False,False,False,
2024-02-28T14:00:00+00:00,3354.05,3356.89,8.467375262741136,0.00032021,0.00043581,2024-02-28T16:00:00+00:00,120.0,-21.174524737258864,FLAT,False,False,False,
2024-02-28T14:01:00+00:00,3355.67,3358.51,8.463287510393291,0.00032021,0.00043581,2024-02-28T16:00:00+00:00,119.0,-21.178612489606707,FLAT,False,False,False,
2024-02-28T14:02:00+00:00,3362.61,3365.97,9.992238172133172,0.00032021,0.00043581,2024-02-28T16:00:00+00:00,118.0,-19.64966182786683,FLAT,False,False,False,
2024-02-28T14:03:00+00:00,3364.96,3368.73,11.203699301031756,0.00032021,0.00043581,2024-02-28T16:00:00+00:00,117.0,-18.438200698968245,FLAT,False,False,False,
2024-02-28T14:04:00+00:00,3363.83,3366.47,7.848196847045994,0.00032021,0.00043581,2024-02-28T16:00:00+00:00,116.0,-21.793703152954006,FLAT,False,False,False,
2024-02-28T14:05:00+00:00,3365.35,3368.98,10.786396660080255,0.00032021,0.00043581,2024-02-28T16:00:00+00:00,115.0,-18.855503339919743,FLAT,False,False,False,
2024-02-28T14:06:00+00:00,3356.36,3359.31,8.789283628692447,0.00032021,0.00043581,2024-02-28T16:00:00+00:00,114.0,-20.852616371307555,FLAT,False,False,False,
2024-02-28T14:07:00+00:00,3355.35,3358.28,8.732323006542659,0.00032021,0.00043581,2024-02-28T16:00:00+00:00,113.0,-20.909576993457343,FLAT,False,False,False,
2024-02-28T14:08:00+00:00,3361.36,3364.43,9.133207987242391,0.00032021,0.00043581,2024-02-28T16:00:00+00:00,112.0,-20.508692012757606,FLAT,False,False,False,
2024-02-28T14:09:00+00:00,3361.45,3364.95,10.412173318062145,0.00032021,0.00043581,2024-02-28T16:00:00+00:00,111.0,-19.229726681937855,FLAT,False,False,False,
2024-02-28T14:10:00+00:00,3357.11,3359.71,7.744756650809502,0.00032021,0.00043581,2024-02-28T16:00:00+00:00,110.0,-21.897143349190497,FLAT,False,False,False,
2024-02-28T14:11:00+00:00,3351.74,3354.22,7.39914193821722,0.00032021,0.00043581,2024-02-28T16:00:00+00:00,109.0,-22.24275806178278,FLAT,False,False,False,
2024-02-28T14:12:00+00:00,3348.8,3351.71,8.689679885331625,0.00032021,0.00043581,2024-02-28T16:00:00+00:00,108.0,-20.952220114668375,FLAT,False,False,False,
2024-02-28T14:13:00+00:00,3352.83,3355.21,7.0984809847206956,0.00032021,0.00043581,2024-02-28T16:00:00+00:00,107.0,-22.543419015279305,FLAT,False,False,False,
2024-02-28T14:14:00+00:00,3349.23,3351.4,6.479101166537003,0.00032021,0.00043581,2024-02-28T16:00:00+00:00,106.0,-23.162798833462997,FLAT,False,False,False,
2024-02-28T14:15:00+00:00,3341.04,3343.34,6.884083997797637,0.00032021,0.00043581,2024-02-28T16:00:00+00:00,105.0,-22.75781600220236,FLAT,False,False,False,
2024-02-28T14:16:00+00:00,3346.67,3349.01,6.9920249083421595,0.00032021,0.00043581,2024-02-28T16:00:00+00:00,104.0,-22.64987509165784,FLAT,False,False,False,
2024-02-28T14:17:00+00:00,3350.02,3352.74,8.119354511315754,0.00032021,0.00043581,2024-02-28T16:00:00+00:00,103.0,-21.522545488684244,FLAT,False,False,False,
2024-02-28T14:18:00+00:00,3350.96,3353.38,7.221811063098554,0.00032021,0.00043581,2024-02-28T16:00:00+00:00,102.0,-22.420088936901447,FLAT,False,False,False,
2024-02-28T14:19:00+00:00,3348.0,3350.67,7.97491039426545,0.00032021,0.00043581,2024-02-28T16:00:00+00:00,101.0,-21.66698960573455,FLAT,False,False,False,
2024-02-28T14:20:00+00:00,3348.52,3351.18,7.943808010702801,0.00032021,0.00043581,2024-02-28T16:00:00+00:00,100.0,-21.698091989297197,FLAT,False,False,False,
2024-02-28T14:21:00+00:00,3345.77,3348.96,9.534427052666665,0.00032021,0.00043581,2024-02-28T16:00:00+00:00,99.0,-20.107472947333335,FLAT,False,False,False,
2024-02-28T14:22:00+00:00,3338.39,3341.02,7.878048999667832,0.00032021,0.00043581,2024-02-28T16:00:00+00:00,98.0,-21.763851000332167,FLAT,False,False,False,
2024-02-28T14:23:00+00:00,3341.67,3344.99,9.935152184385977,0.00032021,0.00043581,2024-02-28T16:00:00+00:00,97.0,-19.706747815614023,FLAT,False,False,False,
2024-02-28T14:24:00+00:00,3342.77,3345.65,8.615609210325895,0.00032021,0.00043581,2024-02-28T16:00:00+00:00,96.0,-21.026290789674107,FLAT,False,False,False,
2024-02-28T14:25:00+00:00,3339.09,3342.19,9.283966589699316,0.00032021,0.00043581,2024-02-28T16:00:00+00:00,95.0,-20.35793341030068,FLAT,False,False,False,
2024-02-28T14:26:00+00:00,3333.41,3336.56,9.449782654999208,0.00032021,0.00043581,2024-02-28T16:00:00+00:00,94.0,-20.192117345000792,FLAT,False,False,False,
2024-02-28T14:27:00+00:00,3324.3,3326.64,7.039075895676355,0.00032021,0.00043581,2024-02-28T16:00:00+00:00,93.0,-22.602824104323645,FLAT,False,False,False,
2024-02-28T14:28:00+00:00,3333.0,3336.18,9.540954095409049,0.00032021,0.00043581,2024-02-28T16:00:00+00:00,92.0,-20.10094590459095,FLAT,False,False,False,
2024-02-28T14:29:00+00:00,3336.81,3339.59,8.331310443208334,0.00032021,0.00043581,2024-02-28T16:00:00+00:00,91.0,-21.310589556791665,FLAT,False,False,False,
2024-02-28T14:30:00+00:00,3335.49,3338.38,8.664394136994348,0.00032021,0.00043581,2024-02-28T16:00:00+00:00,90.0,-20.977505863005653,FLAT,False,False,False,
2024-02-28T14:31:00+00:00,3335.99,3338.8,8.423286640548683,0.00032021,0.00043581,2024-02-28T16:00:00+00:00,89.0,-21.218613359451318,FLAT,False,False,False,
2024-02-28T14:32:00+00:00,3326.59,3328.96,7.124412686865201,0.00032021,0.00043581,2024-02-28T16:00:00+00:00,88.0,-22.5174873131348,FLAT,False,False,False,
2024-02-28T14:33:00+00:00,3325.03,3328.16,9.413448901211881,0.00032021,0.00043581,2024-02-28T16:00:00+00:00,87.0,-20.22845109878812,FLAT,False,False,False,
2024-02-28T14:34:00+00:00,3319.13,3321.59,7.411580745556927,0.00032021,0.00043581,2024-02-28T16:00:00+00:00,86.0,-22.230319254443074,FLAT,False,False,False,
2024-02-28T14:35:00+00:00,3328.54,3331.48,8.832701424648809,0.00032021,0.00043581,2024-02-28T16:00:00+00:00,85.0,-20.80919857535119,FLAT,False,False,False,
2024-02-28T14:36:00+00:00,3331.09,3333.99,8.705859043134938,0.00032021,0.00043581,2024-02-28T16:00:00+00:00,84.0,-20.936040956865064,FLAT,False,False,False,
2024-02-28T14:37:00+00:00,3329.99,3333.01,9.069096303593815,0.00032021,0.00043581,2024-02-28T16:00:00+00:00,83.0,-20.572803696406183,FLAT,False,False,False,
2024-02-28T14:38:00+00:00,3328.75,3331.84,9.282763800225748,0.00032021,0.00043581,2024-02-28T16:00:00+00:00,82.0,-20.35913619977425,FLAT,False,False,False,
2024-02-28T14:39:00+00:00,3327.75,3330.71,8.894898955750993,0.00032021,0.00043581,2024-02-28T16:00:00+00:00,81.0,-20.747001044249007,FLAT,False,False,False,
2024-02-28T14:40:00+00:00,3332.0,3335.26,9.783913565426827,0.00032021,0.00043581,2024-02-28T16:00:00+00:00,80.0,-19.85798643457317,FLAT,False,False,False,
2024-02-28T14:41:00+00:00,3335.79,3338.8,9.023349791204538,0.00032021,0.00043581,2024-02-28T16:00:00+00:00,79.0,-20.61855020879546,FLAT,False,False,False,
2024-02-28T14:42:00+00:00,3336.79,3339.48,8.061640079237995,0.00032021,0.00043581,2024-02-28T16:00:00+00:00,78.0,-21.580259920762003,FLAT,False,False,False,
2024-02-28T14:43:00+00:00,3335.41,3338.46,9.144303099169763,0.00032021,0.00043581,2024-02-28T16:00:00+00:00,77.0,-20.49759690083024,FLAT,False,False,False,
2024-02-28T14:44:00+00:00,3336.99,3340.22,9.67938171825513,0.00032021,0.00043581,2024-02-28T16:00:00+00:00,76.0,-19.96251828174487,FLAT,False,False,False,
2024-02-28T14:45:00+00:00,3333.79,3336.82,9.08875484058744,0.00032021,0.00043581,2024-02-28T16:00:00+00:00,75.0,-20.55314515941256,FLAT,False,False,False,
2024-02-28T14:46:00+00:00,3329.4,3332.21,8.43995915179896,0.00032021,0.00043581,2024-02-28T16:00:00+00:00,74.0,-21.20194084820104,FLAT,False,False,False,
2024-02-28T14:47:00+00:00,3331.19,3334.33,9.426060957195094,0.00032021,0.00043581,2024-02-28T16:00:00+00:00,73.0,-20.215839042804905,FLAT,False,False,False,
2024-02-28T14:48:00+00:00,3333.21,3335.99,8.340308591417118,0.00032021,0.00043581,2024-02-28T16:00:00+00:00,72.0,-21.30159140858288,FLAT,False,False,False,
2024-02-28T14:49:00+00:00,3336.38,3339.45,9.201589746970395,0.00032021,0.00043581,2024-02-28T16:00:00+00:00,71.0,-20.440310253029605,FLAT,False,False,False,
2024-02-28T14:50:00+00:00,3340.6,3343.45,8.531401544632429,0.00032021,0.00043581,2024-02-28T16:00:00+00:00,70.0,-21.11049845536757,FLAT,False,False,False,
2024-02-28T14:51:00+00:00,3340.22,3343.2,8.92156804042853,0.00032021,0.00043581,2024-02-28T16:00:00+00:00,69.0,-20.720331959571467,FLAT,False,False,False,
2024-02-28T14:52:00+00:00,3343.45,3346.37,8.73349384617707,0.00032021,0.00043581,2024-02-28T16:00:00+00:00,68.0,-20.90840615382293,FLAT,False,False,False,
2024-02-28T14:53:00+00:00,3346.07,3349.43,10.041630928222279,0.00032021,0.00043581,2024-02-28T16:00:00+00:00,67.0,-19.60026907177772,FLAT,False,False,False,
2024-02-28T14:54:00+00:00,3348.65,3351.41,8.242127424483789,0.00032021,0.00043581,2024-02-28T16:00:00+00:00,66.0,-21.39977257551621,FLAT,False,False,False,
2024-02-28T14:55:00+00:00,3351.26,3354.45,9.51880785137411,0.00032021,0.00043581,2024-02-28T16:00:00+00:00,65.0,-20.12309214862589,FLAT,False,False,False,
2024-02-28T14:56:00+00:00,3352.56,3355.74,9.48528885389027,0.00032021,0.00043581,2024-02-28T16:00:00+00:00,64.0,-20.156611146109732,FLAT,False,False,False,
2024-02-28T14:57:00+00:00,3356.38,3359.91,10.517283501867325,0.00032021,0.00043581,2024-02-28T16:00:00+00:00,63.0,-19.124616498132674,FLAT,False,False,False,
2024-02-28T14:58:00+00:00,3362.97,3366.83,11.477949550546475,0.00032021,0.00043581,2024-02-28T16:00:00+00:00,62.0,-18.163950449453523,FLAT,False,False,False,
2024-02-28T14:59:00+00:00,3355.39,3358.43,9.060049651456206,0.00032021,0.00043581,2024-02-28T16:00:00+00:00,61.0,-20.581850348543796,FLAT,False,False,False,
2024-02-28T15:00:00+00:00,3355.77,3358.76,8.910026610882857,0.00032021,0.00043581,2024-02-28T16:00:00+00:00,60.0,-20.73187338911714,FLAT,False,False,False,
2024-02-28T15:01:00+00:00,3355.17,3357.79,7.8088442612442615,0.00032021,0.00043581,2024-02-28T16:00:00+00:00,59.0,-21.83305573875574,FLAT,False,False,False,
2024-02-28T15:02:00+00:00,3353.4,3356.08,7.991888829247439,0.00032021,0.00043581,2024-02-28T16:00:00+00:00,58.0,-21.65001117075256,FLAT,False,False,False,
2024-02-28T15:03:00+00:00,3350.94,3353.62,7.997755853580895,0.00032021,0.00043581,2024-02-28T16:00:00+00:00,57.0,-21.644144146419105,FLAT,False,False,False,
2024-02-28T15:04:00+00:00,3345.4,3348.13,8.16045913792078,0.00032021,0.00043581,2024-02-28T16:00:00+00:00,56.0,-21.481440862079218,FLAT,False,False,False,
2024-02-28T15:05:00+00:00,3338.45,3341.23,8.327217720799174,0.00032021,0.00043581,2024-02-28T16:00:00+00:00,55.0,-21.314682279200824,FLAT,False,False,False,
2024-02-28T15:06:00+00:00,3336.94,3339.66,8.15118042278195,0.00032021,0.00043581,2024-02-28T16:00:00+00:00,54.0,-21.49071957721805,FLAT,False,False,False,
2024-02-28T15:07:00+00:00,3342.59,3345.19,7.778399384907837,0.00032021,0.00043581,2024-02-28T16:00:00+00:00,53.0,-21.863500615092164,FLAT,False,False,False,
2024-02-28T15:08:00+00:00,3344.34,3347.21,8.581663347625812,0.00032021,0.00043581,2024-02-28T16:00:00+00:00,52.0,-21.060236652374186,FLAT,False,False,False,
2024-02-28T15:09:00+00:00,3349.55,3352.38,8.448896120374162,0.00032021,0.00043581,2024-02-28T16:00:00+00:00,51.0,-21.193003879625838,FLAT,False,False,False,
2024-02-28T15:10:00+00:00,3348.76,3351.19,7.256417300731722,0.00032021,0.00043581,2024-02-28T16:00:00+00:00,50.0,-22.385482699268277,FLAT,False,False,False,
2024-02-28T15:11:00+00:00,3350.88,3353.75,8.564914291170949,0.00032021,0.00043581,2024-02-28T16:00:00+00:00,49.0,-21.07698570882905,FLAT,False,False,False,
2024-02-28T15:12:00+00:00,3352.45,3355.23,8.292442840311415,0.00032021,0.00043581,2024-02-28T16:00:00+00:00,48.0,-21.349457159688583,FLAT,False,False,False,
2024-02-28T15:13:00+00:00,3351.93,3354.81,8.592064870090095,0.00032021,0.00043581,2024-02-28T16:00:00+00:00,47.0,-21.049835129909905,FLAT,False,False,False,
2024-02-28T15:14:00+00:00,3367.61,3372.72,15.173966106525613,0.00032021,0.00043581,2024-02-28T16:00:00+00:00,46.0,-14.467933893474388,FLAT,False,False,False,
2024-02-28T15:15:00+00:00,3374.49,3378.75,12.624129868514112,0.00032021,0.00043581,2024-02-28T16:00:00+00:00,45.0,-17.01777013148589,FLAT,False,False,False,
2024-02-28T15:16:00+00:00,3365.68,3369.29,10.725915713912576,0.00032021,0.00043581,2024-02-28T16:00:00+00:00,44.0,-18.915984286087422,FLAT,False,False,False,
2024-02-28T15:17:00+00:00,3360.36,3363.62,9.701341522931363,0.00032021,0.00043581,2024-02-28T16:00:00+00:00,43.0,-19.940558477068635,FLAT,False,False,False,
2024-02-28T15:18:00+00:00,3369.91,3373.65,11.098219240277148,0.00032021,0.00043581,2024-02-28T16:00:00+00:00,42.0,-18.543680759722854,FLAT,False,False,False,
2024-02-28T15:19:00+00:00,3366.99,3370.83,11.404845277236182,0.00032021,0.00043581,2024-02-28T16:00:00+00:00,41.0,-18.237054722763816,FLAT,False,False,False,
2024-02-28T15:20:00+00:00,3360.2,3363.18,8.86851973096845,0.00032021,0.00043581,2024-02-28T16:00:00+00:00,40.0,-20.77338026903155,FLAT,False,False,False,
2024-02-28T15:21:00+00:00,3363.59,3367.0,10.13797757752834,0.00032021,0.00043581,2024-02-28T16:00:00+00:00,39.0,-19.50392242247166,FLAT,False,False,False,
2024-02-28T15:22:00+00:00,3362.55,3365.89,9.93293780018049,0.00032021,0.00043581,2024-02-28T16:00:00+00:00,38.0,-19.70896219981951,FLAT,False,False,False,
2024-02-28T15:23:00+00:00,3362.7,3366.4,11.003063014840079,0.00032021,0.00043581,2024-02-28T16:00:00+00:00,37.0,-18.63883698515992,FLAT,False,False,False,
2024-02-28T15:24:00+00:00,3363.7,3366.78,9.156583524096627,0.00032021,0.00043581,2024-02-28T16:00:00+00:00,36.0,-20.485316475903375,FLAT,False,False,False,
2024-02-28T15:25:00+00:00,3372.97,3376.15,9.427892925226999,0.00032021,0.00043581,2024-02-28T16:00:00+00:00,35.0,-20.214007074773,FLAT,False,False,False,
2024-02-28T15:26:00+00:00,3365.91,3369.01,9.209990760300673,0.00032021,0.00043581,2024-02-28T16:00:00+00:00,34.0,-20.431909239699326,FLAT,False,False,False,
2024-02-28T15:27:00+00:00,3362.36,3365.41,9.071009647984532,0.00032021,0.00043581,2024-02-28T16:00:00+00:00,33.0,-20.570890352015468,FLAT,False,False,False,
2024-02-28T15:28:00+00:00,3365.58,3368.87,9.775432466320705,0.00032021,0.00043581,2024-02-28T16:00:00+00:00,32.0,-19.866467533679295,FLAT,False,False,False,
2024-02-28T15:29:00+00:00,3362.61,3365.55,8.74320840061754,0.00032021,0.00043581,2024-02-28T16:00:00+00:00,31.0,-20.89869159938246,FLAT,False,False,False,
2024-02-28T15:30:00+00:00,3354.64,3357.71,9.151503589059224,0.00032021,0.00043581,2024-02-28T16:00:00+00:00,30.0,-20.490396410940775,FLAT,False,False,False,
2024-02-28T15:31:00+00:00,3358.15,3361.12,8.844155264058484,0.00032021,0.00043581,2024-02-28T16:00:00+00:00,29.0,-20.797744735941514,FLAT,False,False,False,
2024-02-28T15:32:00+00:00,3354.2,3357.27,9.1527040725066,0.00032021,0.00043581,2024-02-28T16:00:00+00:00,28.0,-20.489195927493398,FLAT,False,False,False,
2024-02-28T15:33:00+00:00,3358.43,3361.25,8.396780638572677,0.00032021,0.00043581,2024-02-28T16:00:00+00:00,27.0,-21.24511936142732,FLAT,False,False,False,
2024-02-28T15:34:00+00:00,3354.06,3357.0,8.765496144970736,0.00032021,0.00043581,2024-02-28T16:00:00+00:00,26.0,-20.876403855029263,FLAT,False,False,False,
2024-02-28T15:35:00+00:00,3355.96,3359.01,9.088308561485183,0.00032021,0.00043581,2024-02-28T16:00:00+00:00,25.0,-20.553591438514815,FLAT,False,False,False,
2024-02-28T15:36:00+00:00,3356.63,3359.78,9.384412342141049,0.00032021,0.00043581,2024-02-28T16:00:00+00:00,24.0,-20.257487657858952,FLAT,False,False,False,
2024-02-28T15:37:00+00:00,3354.35,3357.15,8.347369833202206,0.00032021,0.00043581,2024-02-28T16:00:00+00:00,23.0,-21.29453016679779,FLAT,False,False,False,
2024-02-28T15:38:00+00:00,3352.18,3354.93,8.203616750890465,0.00032021,0.00043581,2024-02-28T16:00:00+00:00,22.0,-21.438283249109535,FLAT,False,False,False,
2024-02-28T15:39:00+00:00,3354.1,3356.91,8.377806266956696,0.00032021,0.00043581,2024-02-28T16:00:00+00:00,21.0,-21.264093733043303,FLAT,False,False,False,
2024-02-28T15:40:00+00:00,3353.42,3356.18,8.230403587978135,0.00032021,0.00043581,2024-02-28T16:00:00+00:00,20.0,-21.411496412021865,FLAT,False,False,False,
2024-02-28T15:41:00+00:00,3352.18,3354.8,7.815809413576674,0.00032021,0.00043581,2024-02-28T16:00:00+00:00,19.0,-21.826090586423327,FLAT,False,False,False,
2024-02-28T15:42:00+00:00,3347.94,3350.1,6.451728525600383,0.00032021,0.00043581,2024-02-28T16:00:00+00:00,18.0,-23.190171474399616,FLAT,False,False,False,
2024-02-28T15:43:00+00:00,3347.1,3349.34,6.692360550925388,0.00032021,0.00043581,2024-02-28T16:00:00+00:00,17.0,-22.949539449074614,FLAT,False,False,False,
2024-02-28T15:44:00+00:00,3350.01,3352.51,7.462664290554356,0.00032021,0.00043581,2024-02-28T16:00:00+00:00,16.0,-22.179235709445642,FLAT,False,False,False,
2024-02-28T15:45:00+00:00,3351.02,3353.29,6.7740568543308655,0.00032021,0.00043581,2024-02-28T16:00:00+00:00,15.0,-22.867843145669134,FLAT,False,False,False,
2024-02-28T15:46:00+00:00,3346.2,3348.79,7.740123124738944,0.00032021,0.00043581,2024-02-28T16:00:00+00:00,14.0,-21.901776875261056,FLAT,False,False,False,
2024-02-28T15:47:00+00:00,3350.27,3352.99,8.118748638168864,0.00032021,0.00043581,2024-02-28T16:00:00+00:00,13.0,-21.523151361831136,FLAT,False,False,False,
2024-02-28T15:48:00+00:00,3353.38,3355.61,6.650006858751523,0.00032021,0.00043581,2024-02-28T16:00:00+00:00,12.0,-22.991893141248475,FLAT,False,False,False,
2024-02-28T15:49:00+00:00,3356.63,3359.27,7.865031296269987,0.00032021,0.00043581,2024-02-28T16:00:00+00:00,11.0,-21.776868703730013,FLAT,False,False,False,
2024-02-28T15:50:00+00:00,3355.01,3357.32,6.8852253793578715,0.00032021,0.00043581,2024-02-28T16:00:00+00:00,10.0,-22.75667462064213,FLAT,False,False,False,
2024-02-28T15:51:00+00:00,3353.47,3355.91,7.276045409680286,0.00032021,0.00043581,2024-02-28T16:00:00+00:00,9.0,-22.365854590319714,FLAT,False,False,False,
2024-02-28T15:52:00+00:00,3351.03,3353.18,6.415937786291487,0.00032021,0.00043581,2024-02-28T16:00:00+00:00,8.0,-23.225962213708513,FLAT,False,False,False,
2024-02-28T15:53:00+00:00,3354.53,3357.0,7.363177553933934,0.00032021,0.00043581,2024-02-28T16:00:00+00:00,7.0,-22.278722446066066,FLAT,False,False,False,
2024-02-28T15:54:00+00:00,3354.95,3357.62,7.958389841875655,0.00032021,0.00043581,2024-02-28T16:00:00+00:00,6.0,-21.683510158124346,FLAT,False,False,False,
2024-02-28T15:55:00+00:00,3354.54,3356.86,6.916000405421201,0.00032021,0.00043581,2024-02-28T16:00:00+00:00,5.0,-22.7258995945788,FLAT,False,False,False,
2024-02-28T15:56:00+00:00,3350.19,3352.35,6.447395520850622,0.00032021,0.00043581,2024-02-28T16:00:00+00:00,4.0,-23.194504479149376,FLAT,False,False,False,
2024-02-28T15:57:00+00:00,3345.99,3348.18,6.545148072767865,0.00032021,0.00043581,2024-02-28T16:00:00+00:00,3.0,-23.096751927232134,FLAT,False,False,False,
2024-02-28T15:58:00+00:00,3348.82,3351.64,8.420876607281697,0.00032021,0.00043581,2024-02-28T16:00:00+00:00,2.0,-21.2210233927183,FLAT,False,False,False,
2024-02-28T15:59:00+00:00,3348.39,3350.3,5.704233975135242,0.00032021,0.00043581,2024-02-28T16:00:00+00:00,1.0,-23.937666024864757,FLAT,False,False,False,
2024-02-28T16:00:00+00:00,3351.18,3354.17,8.922230378553932,0.00043581,0.00062574,2024-02-29T00:00:00+00:00,480.0,-18.82036962144607,FLAT,False,False,False,
2024-02-28T16:01:00+00:00,3353.99,3357.23,9.660136136363665,0.00043581,0.00062574,2024-02-29T00:00:00+00:00,479.0,-18.082463863636335,FLAT,False,False,False,
2024-02-28T16:02:00+00:00,3355.25,3357.73,7.391401534908034,0.00043581,0.00062574,2024-02-29T00:00:00+00:00,478.0,-20.351198465091965,FLAT,False,False,False,
2024-02-28T16:03:00+00:00,3354.54,3357.39,8.495948773900174,0.00043581,0.00062574,2024-02-29T00:00:00+00:00,477.0,-19.246651226099825,FLAT,False,False,False,
2024-02-28T16:04:00+00:00,3349.2,3351.84,7.882479398066188,0.00043581,0.00062574,2024-02-29T00:00:00+00:00,476.0,-19.86012060193381,FLAT,False,False,False,
2024-02-28T16:05:00+00:00,3351.84,3354.88,9.069645329132547,0.00043581,0.00062574,2024-02-29T00:00:00+00:00,475.0,-18.672954670867455,FLAT,False,False,False,
2024-02-28T16:06:00+00:00,3356.03,3359.01,8.879539217468313,0.00043581,0.00062574,2024-02-29T00:00:00+00:00,474.0,-18.863060782531686,FLAT,False,False,False,
2024-02-28T16:07:00+00:00,3357.5,3360.84,9.947877885331783,0.00043581,0.00062574,2024-02-29T00:00:00+00:00,473.0,-17.794722114668218,FLAT,False,False,False,
2024-02-28T16:08:00+00:00,3351.0,3353.99,8.922709638913105,0.00043581,0.00062574,2024-02-29T00:00:00+00:00,472.0,-18.819890361086895,FLAT,False,False,False,
2024-02-28T16:09:00+00:00,3348.51,3351.39,8.600840373777155,0.00043581,0.00062574,2024-02-29T00:00:00+00:00,471.0,-19.141759626222846,FLAT,False,False,False,
2024-02-28T16:10:00+00:00,3355.09,3358.53,10.253078158857301,0.00043581,0.00062574,2024-02-29T00:00:00+00:00,470.0,-17.4895218411427,FLAT,False,False,False,
2024-02-28T16:11:00+00:00,3360.17,3363.59,10.178056467381332,0.00043581,0.00062574,2024-02-29T00:00:00+00:00,469.0,-17.564543532618668,FLAT,False,False,False,
2024-02-28T16:12:00+00:00,3359.17,3362.41,9.645239746722499,0.00043581,0.00062574,2024-02-29T00:00:00+00:00,468.0,-18.0973602532775,FLAT,False,False,False,
2024-02-28T16:13:00+00:00,3352.17,3355.25,9.188078170259645,0.00043581,0.00062574,2024-02-29T00:00:00+00:00,467.0,-18.554521829740356,FLAT,False,False,False,
2024-02-28T16:14:00+00:00,3356.0,3358.72,8.104886769963647,0.00043581,0.00062574,2024-02-29T00:00:00+00:00,466.0,-19.637713230036354,FLAT,False,False,False,
2024-02-28T16:15:00+00:00,3358.51,3361.58,9.140958341644684,0.00043581,0.00062574,2024-02-29T00:00:00+00:00,465.0,-18.601641658355316,FLAT,False,False,False,
2024-02-28T16:16:00+00:00,3364.4,3367.63,9.600523124479903,0.00043581,0.00062574,2024-02-29T00:00:00+00:00,464.0,-18.142076875520097,FLAT,False,False,False,
2024-02-28T16:17:00+00:00,3364.41,3368.13,11.056916368695417,0.00043581,0.00062574,2024-02-29T00:00:00+00:00,463.0,-16.685683631304585,FLAT,False,False,False,
2024-02-28T16:18:00+00:00,3371.51,3374.55,9.01673137555565,0.00043581,0.00062574,2024-02-29T00:00:00+00:00,462.0,-18.72586862444435,FLAT,False,False,False,
2024-02-28T16:19:00+00:00,3371.9,3375.5,10.676473205017672,0.00043581,0.00062574,2024-02-29T00:00:00+00:00,461.0,-17.066126794982328,FLAT,False,False,False,
2024-02-28T16:20:00+00:00,3368.45,3371.79,9.915539788330376,0.00043581,0.00062574,2024-02-29T00:00:00+00:00,460.0,-17.827060211669625,FLAT,False,False,False,
2024-02-28T16:21:00+00:00,3365.79,3369.08,9.774822552803247,0.00043581,0.00062574,2024-02-29T00:00:00+00:00,459.0,-17.967777447196752,FLAT,False,False,False,
2024-02-28T16:22:00+00:00,3369.05,3372.73,10.922960478472673,0.00043581,0.00062574,2024-02-29T00:00:00+00:00,458.0,-16.81963952152733,FLAT,False,False,False,
2024-02-28T16:23:00+00:00,3374.21,3377.83,10.728437174923585,0.00043581,0.00062574,2024-02-29T00:00:00+00:00,457.0,-17.014162825076415,FLAT,False,False,False,
2024-02-28T16:24:00+00:00,3371.02,3374.27,9.640998866811826,0.00043581,0.00062574,2024-02-29T00:00:00+00:00,456.0,-18.101601133188176,FLAT,False,False,False,
2024-02-28T16:25:00+00:00,3372.81,3376.26,10.228859615573581,0.00043581,0.00062574,2024-02-29T00:00:00+00:00,455.0,-17.51374038442642,FLAT,False,False,False,
2024-02-28T16:26:00+00:00,3375.45,3379.13,10.902250070361852,0.00043581,0.00062574,2024-02-29T00:00:00+00:00,454.0,-16.840349929638148,FLAT,False,False,False,
2024-02-28T16:27:00+00:00,3381.24,3385.15,11.563804994618273,0.00043581,0.00062574,2024-02-29T00:00:00+00:00,453.0,-16.178795005381726,FLAT,False,False,False,
2024-02-28T16:28:00+00:00,3381.88,3385.68,11.236353744070538,0.00043581,0.00062574,2024-02-29T00:00:00+00:00,452.0,-16.50624625592946,FLAT,False,False,False,
2024-02-28T16:29:00+00:00,3380.43,3384.5,12.039888416562874,0.00043581,0.00062574,2024-02-29T00:00:00+00:00,451.0,-15.702711583437125,FLAT,False,False,False,
2024-02-28T16:30:00+00:00,3391.85,3396.89,14.859147662779792,0.00043581,0.00062574,2024-02-29T00:00:00+00:00,450.0,-12.88345233722021,FLAT,False,False,False,
2024-02-28T16:31:00+00:00,3386.11,3390.72,13.614442531399371,0.00043581,0.00062574,2024-02-29T00:00:00+00:00,449.0,-14.12815746860063,FLAT,False,False,False,
2024-02-28T16:32:00+00:00,3386.07,3390.44,12.905817068164245,0.00043581,0.00062574,2024-02-29T00:00:00+00:00,448.0,-14.836782931835756,FLAT,False,False,False,
2024-02-28T16:33:00+00:00,3384.87,3389.69,14.239837866742782,0.00043581,0.00062574,2024-02-29T00:00:00+00:00,447.0,-13.502762133257217,FLAT,False,False,False,
2024-02-28T16:34:00+00:00,3391.65,3395.75,12.088511491456693,0.00043581,0.00062574,2024-02-29T00:00:00+00:00,446.0,-15.654088508543307,FLAT,False,False,False,
2024-02-28T16:35:00+00:00,3390.99,3395.4,13.005051622093577,0.00043581,0.00062574,2024-02-29T00:00:00+00:00,445.0,-14.737548377906425,FLAT,False,False,False,
2024-02-28T16:36:00+00:00,3392.25,3397.06,14.179379467904623,0.00043581,0.00062574,2024-02-29T00:00:00+00:00,444.0,-13.563220532095379,FLAT,False,False,False,
2024-02-28T16:37:00+00:00,3391.65,3396.41,14.034466999837141,0.00043581,0.00062574,2024-02-29T00:00:00+00:00,443.0,-13.70813300016286,FLAT,False,False,False,
2024-02-28T16:38:00+00:00,3391.04,3395.49,13.122817778616055,0.00043581,0.00062574,2024-02-29T00:00:00+00:00,442.0,-14.619782221383947,FLAT,False,False,False,
2024-02-28T16:39:00+00:00,3388.0,3392.27,12.603305785123913,0.00043581,0.00062574,2024-02-29T00:00:00+00:00,441.0,-15.139294214876088,FLAT,False,False,False,
2024-02-28T16:40:00+00:00,3383.2,3386.8,10.640813431072251,0.00043581,0.00062574,2024-02-29T00:00:00+00:00,440.0,-17.10178656892775,FLAT,False,False,False,
2024-02-28T16:41:00+00:00,3387.67,3391.86,12.368382988898135,0.00043581,0.00062574,2024-02-29T00:00:00+00:00,439.0,-15.374217011101866,FLAT,False,False,False,
2024-02-28T16:42:00+00:00,3384.1,3388.0,11.524482137052956,0.00043581,0.00062574,2024-02-29T00:00:00+00:00,438.0,-16.218117862947043,FLAT,False,False,False,
2024-02-28T16:43:00+00:00,3381.64,3385.55,11.56243716066852,0.00043581,0.00062574,2024-02-29T00:00:00+00:00,437.0,-16.18016283933148,FLAT,False,False,False,
2024-02-28T16:44:00+00:00,3382.59,3386.68,12.091326468770056,0.00043581,0.00062574,2024-02-29T00:00:00+00:00,436.0,-15.651273531229943,FLAT,False,False,False,
2024-02-28T16:45:00+00:00,3398.88,3405.41,19.21221108129662,0.00043581,0.00062574,2024-02-29T00:00:00+00:00,435.0,-8.53038891870338,FLAT,False,False,False,
2024-02-28T16:46:00+00:00,3411.4,3419.22,22.923140059798644,0.00043581,0.00062574,2024-02-29T00:00:00+00:00,434.0,-4.819459940201355,FLAT,False,False,False,
2024-02-28T16:47:00+00:00,3409.41,3415.37,17.48103044221738,0.00043581,0.00062574,2024-02-29T00:00:00+00:00,433.0,-10.261569557782618,FLAT,False,False,False,
2024-02-28T16:48:00+00:00,3407.83,3413.63,17.019628326530906,0.00043581,0.00062574,2024-02-29T00:00:00+00:00,432.0,-10.722971673469093,FLAT,False,False,False,
2024-02-28T16:49:00+00:00,3407.68,3413.54,17.196450370927224,0.00043581,0.00062574,2024-02-29T00:00:00+00:00,431.0,-10.546149629072776,FLAT,False,False,False,
2024-02-28T16:50:00+00:00,3403.14,3408.69,16.308468061849297,0.00043581,0.00062574,2024-02-29T00:00:00+00:00,430.0,-11.434131938150703,FLAT,False,False,False,
2024-02-28T16:51:00+00:00,3406.07,3410.89,14.151206522472258,0.00043581,0.00062574,2024-02-29T00:00:00+00:00,429.0,-13.591393477527742,FLAT,False,False,False,
2024-02-28T16:52:00+00:00,3412.02,3417.32,15.533320437747088,0.00043581,0.00062574,2024-02-29T00:00:00+00:00,428.0,-12.209279562252913,FLAT,False,False,False,
2024-02-28T16:53:00+00:00,3414.95,3420.46,16.134936089840902,0.00043581,0.00062574,2024-02-29T00:00:00+00:00,427.0,-11.607663910159097,FLAT,False,False,False,
2024-02-28T16:54:00+00:00,3419.4,3425.39,17.5176931625425,0.00043581,0.00062574,2024-02-29T00:00:00+00:00,426.0,-10.2249068374575,FLAT,False,False,False,
2024-02-28T16:55:00+00:00,3420.73,3426.66,17.335481023056005,0.00043581,0.00062574,2024-02-29T00:00:00+00:00,425.0,-10.407118976943995,FLAT,False,False,False,
2024-02-28T16:56:00+00:00,3421.41,3427.16,16.80593673368582,0.00043581,0.00062574,2024-02-29T00:00:00+00:00,424.0,-10.93666326631418,FLAT,False,False,False,
2024-02-28T16:57:00+00:00,3423.06,3428.62,16.24277693058242,0.00043581,0.00062574,2024-02-29T00:00:00+00:00,423.0,-11.49982306941758,FLAT,False,False,False,
2024-02-28T16:58:00+00:00,3422.08,3427.47,15.750654572657194,0.00043581,0.00062574,2024-02-29T00:00:00+00:00,422.0,-11.991945427342806,FLAT,False,False,False,
2024-02-28T16:59:00+00:00,3423.38,3429.62,18.22759962376301,0.00043581,0.00062574,2024-02-29T00:00:00+00:00,421.0,-9.51500037623699,FLAT,False,False,False,
2024-02-28T17:00:00+00:00,3414.05,3420.33,18.39457535771223,0.00043581,0.00062574,2024-02-29T00:00:00+00:00,420.0,-9.348024642287768,FLAT,False,False,False,
2024-02-28T17:01:00+00:00,3414.39,3420.13,16.811202000943762,0.00043581,0.00062574,2024-02-29T00:00:00+00:00,419.0,-10.931397999056237,FLAT,False,False,False,
2024-02-28T17:02:00+00:00,3415.4,3420.4,14.639573695613983,0.00043581,0.00062574,2024-02-29T00:00:00+00:00,418.0,-13.103026304386017,FLAT,False,False,False,
2024-02-28T17:03:00+00:00,3426.29,3432.13,17.044675144252665,0.00043581,0.00062574,2024-02-29T00:00:00+00:00,417.0,-10.697924855747335,FLAT,False,False,False,
2024-02-28T17:04:00+00:00,3440.02,3447.09,20.552206091825525,0.00043581,0.00062574,2024-02-29T00:00:00+00:00,416.0,-7.1903939081744745,FLAT,False,False,False,
2024-02-28T17:05:00+00:00,3444.26,3451.91,22.210866775445627,0.00043581,0.00062574,2024-02-29T00:00:00+00:00,415.0,-5.531733224554372,FLAT,False,False,False,
2024-02-28T17:06:00+00:00,3443.45,3450.49,20.444612234822532,0.00043581,0.00062574,2024-02-29T00:00:00+00:00,414.0,-7.297987765177467,FLAT,False,False,False,
2024-02-28T17:07:00+00:00,3445.42,3452.63,20.926331187489584,0.00043581,0.00062574,2024-02-29T00:00:00+00:00,413.0,-6.816268812510415,FLAT,False,False,False,
2024-02-28T17:08:00+00:00,3445.42,3452.52,20.60706677270089,0.00043581,0.00062574,2024-02-29T00:00:00+00:00,412.0,-7.13553322729911,FLAT,False,False,False,
2024-02-28T17:09:00+00:00,3445.05,3452.6,21.91550195207537,0.00043581,0.00062574,2024-02-29T00:00:00+00:00,411.0,-5.827098047924629,FLAT,False,False,False,
2024-02-28T17:10:00+00:00,3442.55,3449.84,21.17616301869243,0.00043581,0.00062574,2024-02-29T00:00:00+00:00,410.0,-6.566436981307568,FLAT,False,False,False,
2024-02-28T17:11:00+00:00,3455.99,3468.35,35.76399237266349,0.00043581,0.00062574,2024-02-29T00:00:00+00:00,409.0,8.021392372663485,FLAT,False,False,False,
2024-02-28T17:12:00+00:00,3474.16,3489.53,44.24091003292982,0.00043581,0.00062574,2024-02-29T00:00:00+00:00,408.0,16.498310032929815,OPEN,True,True,False,entry
2024-02-28T17:13:00+00:00,3464.63,3478.36,39.62905129840709,0.00043581,0.00062574,2024-02-29T00:00:00+00:00,407.0,11.886451298407088,OPEN,False,False,False,
2024-02-28T17:14:00+00:00,3479.25,3492.02,36.70331249550904,0.00043581,0.00062574,2024-02-29T00:00:00+00:00,406.0,8.960712495509036,OPEN,False,False,False,
2024-02-28T17:15:00+00:00,3484.75,3497.68,37.104526867063164,0.00043581,0.00062574,2024-02-29T00:00:00+00:00,405.0,9.361926867063161,OPEN,False,False,False,
2024-02-28T17:16:00+00:00,3477.89,3489.81,34.27365442840364,0.00043581,0.00062574,2024-02-29T00:00:00+00:00,404.0,6.531054428403635,OPEN,False,False,False,
2024-02-28T17:17:00+00:00,3462.1,3472.0,28.595361196961647,0.00043581,0.00062574,2024-02-29T00:00:00+00:00,403.0,0.8527611969616444,FLAT,False,False,True,exit:funding_decay
2024-02-28T17:18:00+00:00,3482.95,3494.18,32.24278269857454,0.00043581,0.00062574,2024-02-29T00:00:00+00:00,402.0,4.500182698574534,FLAT,False,False,False,
2024-02-28T17:19:00+00:00,3469.67,3481.19,33.20200480160932,0.00043581,0.00062574,2024-02-29T00:00:00+00:00,401.0,5.459404801609317,FLAT,False,False,False,
2024-02-28T17:20:00+00:00,3472.36,3484.85,35.96977271941786,0.00043581,0.00062574,2024-02-29T00:00:00+00:00,400.0,8.227172719417858,FLAT,False,False,False,
2024-02-28T17:21:00+00:00,3469.66,3482.01,35.594265720561566,0.00043581,0.00062574,2024-02-29T00:00:00+00:00,399.0,7.851665720561563,FLAT,False,False,False,
2024-02-28T17:22:00+00:00,3478.51,3492.0,38.780972312857465,0.00043581,0.00062574,2024-02-29T00:00:00+00:00,398.0,11.038372312857462,FLAT,False,False,False,
2024-02-28T17:23:00+00:00,3467.63,3480.37,36.73979057742545,0.00043581,0.00062574,2024-02-29T00:00:00+00:00,397.0,8.99719057742545,FLAT,False,False,False,
2024-02-28T17:24:00+00:00,3468.7,3482.02,38.400553521492675,0.00043581,0.00062574,2024-02-29T00:00:00+00:00,396.0,10.657953521492672,FLAT,False,False,False,
2024-02-28T17:25:00+00:00,3428.23,3442.55,41.77082634479064,0.00043581,0.00062574,2024-02-29T00:00:00+00:00,395.0,14.028226344790639,FLAT,False,False,False,
2024-02-28T17:26:00+00:00,3429.17,3441.56,36.13119209604619,0.00043581,0.00062574,2024-02-29T00:00:00+00:00,394.0,8.388592096046189,FLAT,False,False,False,
2024-02-28T17:27:00+00:00,3449.0,3461.44,36.06842563061773,0.00043581,0.00062574,2024-02-29T00:00:00+00:00,393.0,8.325825630617729,FLAT,False,False,False,
2024-02-28T17:28:00+00:00,3436.65,3448.43,34.277566816521166,0.00043581,0.00062574,2024-02-29T00:00:00+00:00,392.0,6.5349668165211625,FLAT,False,False,False,
2024-02-28T17:29:00+00:00,3423.69,3435.02,33.09294942006994,0.00043581,0.00062574,2024-02-29T00:00:00+00:00,391.0,5.350349420069939,FLAT,False,False,False,
2024-02-28T17:30:00+00:00,3374.08,3382.08,23.710166919575112,0.00043581,0.00062574,2024-02-29T00:00:00+00:00,390.0,-4.032433080424887,FLAT,False,False,False,
2024-02-28T17:31:00+00:00,3196.72,3213.01,50.958482444506934,0.00043581,0.00062574,2024-02-29T00:00:00+00:00,389.0,23.21588244450693,OPEN,True,True,False,entry
2024-02-28T17:32:00+00:00,3317.85,3329.81,36.04744036047452,0.00043581,0.00062574,2024-02-29T00:00:00+00:00,388.0,8.304840360474515,OPEN,False,False,False,
2024-02-28T17:33:00+00:00,3290.0,3298.21,24.95440729483294,0.00043581,0.00062574,2024-02-29T00:00:00+00:00,387.0,-2.7881927051670594,FLAT,False,False,True,exit:funding_decay
2024-02-28T17:34:00+00:00,3321.2,3327.76,19.751896904734437,0.00043581,0.00062574,2024-02-29T00:00:00+00:00,386.0,-7.990703095265562,FLAT,False,False,False,
2024-02-28T17:35:00+00:00,3309.2,3317.14,23.993714492928973,0.00043581,0.00062574,2024-02-29T00:00:00+00:00,385.0,-3.7488855070710265,FLAT,False,False,False,
2024-02-28T17:36:00+00:00,3288.21,3294.28,18.45989155193909,0.00043581,0.00062574,2024-02-29T00:00:00+00:00,384.0,-9.282708448060909,FLAT,False,False,False,
2024-02-28T17:37:00+00:00,3280.16,3284.68,13.779815618750249,0.00043581,0.00062574,2024-02-29T00:00:00+00:00,383.0,-13.962784381249751,FLAT,False,False,False,
2024-02-28T17:38:00+00:00,3289.62,3298.0,25.47406691350402,0.00043581,0.00062574,2024-02-29T00:00:00+00:00,382.0,-2.268533086495978,FLAT,False,False,False,
2024-02-28T17:39:00+00:00,3308.36,3315.97,23.00233348244953,0.00043581,0.00062574,2024-02-29T00:00:00+00:00,381.0,-4.74026651755047,FLAT,False,False,False,
2024-02-28T17:40:00+00:00,3309.34,3315.86,19.701813654686376,0.00043581,0.00062574,2024-02-29T00:00:00+00:00,380.0,-8.040786345313624,FLAT,False,False,False,
2024-02-28T17:41:00+00:00,3301.39,3308.53,21.627253974841892,0.00043581,0.00062574,2024-02-29T00:00:00+00:00,379.0,-6.115346025158107,FLAT,False,False,False,
2024-02-28T17:42:00+00:00,3324.1,3329.92,17.508498540958946,0.00043581,0.00062574,2024-02-29T00:00:00+00:00,378.0,-10.234101459041053,FLAT,False,False,False,
2024-02-28T17:43:00+00:00,3343.76,3350.19,19.229849032226703,0.00043581,0.00062574,2024-02-29T00:00:00+00:00,377.0,-8.512750967773297,FLAT,False,False,False,
2024-02-28T17:44:00+00:00,3364.4,3371.25,20.360242539531292,0.00043581,0.00062574,2024-02-29T00:00:00+00:00,376.0,-7.382357460468707,FLAT,False,False,False,
2024-02-28T17:45:00+00:00,3337.88,3344.14,18.75441897252077,0.00043581,0.00062574,2024-02-29T00:00:00+00:00,375.0,-8.988181027479229,FLAT,False,False,False,
2024-02-28T17:46:00+00:00,3327.9,3333.64,17.248114426514565,0.00043581,0.00062574,2024-02-29T00:00:00+00:00,374.0,-10.494485573485434,FLAT,False,False,False,
2024-02-28T17:47:00+00:00,3338.8,3344.92,18.329938900203338,0.00043581,0.00062574,2024-02-29T00:00:00+00:00,373.0,-9.412661099796662,FLAT,False,False,False,
2024-02-28T17:48:00+00:00,3353.3,3359.43,18.280499806160062,0.00043581,0.00062574,2024-02-29T00:00:00+00:00,372.0,-9.462100193839937,FLAT,False,False,False,
2024-02-28T17:49:00+00:00,3351.6,3357.02,16.171380833035187,0.00043581,0.00062574,2024-02-29T00:00:00+00:00,371.0,-11.571219166964813,FLAT,False,False,False,
2024-02-28T17:50:00+00:00,3354.4,3360.21,17.320534223706012,0.00043581,0.00062574,2024-02-29T00:00:00+00:00,370.0,-10.422065776293987,FLAT,False,False,False,
2024-02-28T17:51:00+00:00,3344.8,3349.99,15.516622817506576,0.00043581,0.00062574,2024-02-29T00:00:00+00:00,369.0,-12.225977182493423,FLAT,False,False,False,
2024-02-28T17:52:00+00:00,3335.19,3339.78,13.762334379750914,0.00043581,0.00062574,2024-02-29T00:00:00+00:00,368.0,-13.980265620249085,FLAT,False,False,False,
2024-02-28T17:53:00+00:00,3339.93,3345.14,15.599129323069754,0.00043581,0.00062574,2024-02-29T00:00:00+00:00,367.0,-12.143470676930246,FLAT,False,False,False,
2024-02-28T17:54:00+00:00,3341.6,3346.97,16.070146037825864,0.00043581,0.00062574,2024-02-29T00:00:00+00:00,366.0,-11.672453962174135,FLAT,False,False,False,
2024-02-28T17:55:00+00:00,3343.87,3349.15,15.790087533307814,0.00043581,0.00062574,2024-02-29T00:00:00+00:00,365.0,-11.952512466692188,FLAT,False,False,False,
2024-02-28T17:56:00+00:00,3347.51,3352.28,14.249397313226792,0.00043581,0.00062574,2024-02-29T00:00:00+00:00,364.0,-13.493202686773209,FLAT,False,False,False,
2024-02-28T17:57:00+00:00,3339.0,3343.26,12.758310871519074,0.00043581,0.00062574,2024-02-29T00:00:00+00:00,363.0,-14.984289128480928,FLAT,False,False,False,
2024-02-28T17:58:00+00:00,3339.4,3343.82,13.23591064263063,0.00043581,0.00062574,2024-02-29T00:00:00+00:00,362.0,-14.506689357369371,FLAT,False,False,False,
2024-02-28T17:59:00+00:00,3342.02,3346.6,13.704286629044491,0.00043581,0.00062574,2024-02-29T00:00:00+00:00,361.0,-14.03831337095551,FLAT,False,False,False,
2024-02-28T18:00:00+00:00,3346.33,3351.2,14.553256851535536,0.00043581,0.00062574,2024-02-29T00:00:00+00:00,360.0,-13.189343148464463,FLAT,False,False,False,
2024-02-28T18:01:00+00:00,3333.12,3337.0,11.640745007680819,0.00043581,0.00062574,2024-02-29T00:00:00+00:00,359.0,-16.101854992319183,FLAT,False,False,False,
2024-02-28T18:02:00+00:00,3332.31,3336.5,12.573860175073913,0.00043581,0.00062574,2024-02-29T00:00:00+00:00,358.0,-15.168739824926089,FLAT,False,False,False,
2024-02-28T18:03:00+00:00,3335.85,3339.4,10.641965316186825,0.00043581,0.00062574,2024-02-29T00:00:00+00:00,357.0,-17.100634683813176,FLAT,False,False,False,
2024-02-28T18:04:00+00:00,3315.9,3319.34,10.374257366024473,0.00043581,0.00062574,2024-02-29T00:00:00+00:00,356.0,-17.368342633975526,FLAT,False,False,False,
2024-02-28T18:05:00+00:00,3306.48,3310.81,13.095497326461759,0.00043581,0.00062574,2024-02-29T00:00:00+00:00,355.0,-14.647102673538242,FLAT,False,False,False,
2024-02-28T18:06:00+00:00,3322.65,3325.92,9.84154214256687,0.00043581,0.00062574,2024-02-29T00:00:00+00:00,354.0,-17.90105785743313,FLAT,False,False,False,
2024-02-28T18:07:00+00:00,3310.77,3314.83,12.263008303204225,0.00043581,0.00062574,2024-02-29T00:00:00+00:00,353.0,-15.479591696795776,FLAT,False,False,False,
2024-02-28T18:08:00+00:00,3312.41,3316.44,12.16636829378066,0.00043581,0.00062574,2024-02-29T00:00:00+00:00,352.0,-15.576231706219339,FLAT,False,False,False,
2024-02-28T18:09:00+00:00,3307.51,3311.22,11.216897303408249,0.00043581,0.00062574,2024-02-29T00:00:00+00:00,351.0,-16.52570269659175,FLAT,False,False,False,
2024-02-28T18:10:00+00:00,3298.66,3301.95,9.973746915414027,0.00043581,0.00062574,2024-02-29T00:00:00+00:00,350.0,-17.768853084585974,FLAT,False,False,False,
2024-02-28T18:11:00+00:00,3298.77,3303.02,12.88358994413069,0.00043581,0.00062574,2024-02-29T00:00:00+00:00,349.0,-14.859010055869309,FLAT,False,False,False,
2024-02-28T18:12:00+00:00,3310.14,3313.95,11.510087186644508,0.00043581,0.00062574,2024-02-29T00:00:00+00:00,348.0,-16.23251281335549,FLAT,False,False,False,
2024-02-28T18:13:00+00:00,3305.19,3309.58,13.282141117454286,0.00043581,0.00062574,2024-02-29T00:00:00+00:00,347.0,-14.460458882545716,FLAT,False,False,False,
2024-02-28T18:14:00+00:00,3312.37,3316.91,13.70619828098903,0.00043581,0.00062574,2024-02-29T00:00:00+00:00,346.0,-14.036401719010971,FLAT,False,False,False,
2024-02-28T18:15:00+00:00,3303.88,3308.7,14.588907587441762,0.00043581,0.00062574,2024-02-29T00:00:00+00:00,345.0,-13.15369241255824,FLAT,False,False,False,
2024-02-28T18:16:00+00:00,3302.53,3307.36,14.625151020580969,0.00043581,0.00062574,2024-02-29T00:00:00+00:00,344.0,-13.11744897941903,FLAT,False,False,False,
2024-02-28T18:17:00+00:00,3310.42,3315.15,14.288217205067689,0.00043581,0.00062574,2024-02-29T00:00:00+00:00,343.0,-13.454382794932311,FLAT,False,False,False,
2024-02-28T18:18:00+00:00,3299.11,3304.01,14.852490520170868,0.00043581,0.00062574,2024-02-29T00:00:00+00:00,342.0,-12.890109479829132,FLAT,False,False,False,
2024-02-28T18:19:00+00:00,3291.81,3297.0,15.766402070593546,0.00043581,0.00062574,2024-02-29T00:00:00+00:00,341.0,-11.976197929406453,FLAT,False,False,False,
2024-02-28T18:20:00+00:00,3282.0,3286.28,13.040828762950031,0.00043581,0.00062574,2024-02-29T00:00:00+00:00,340.0,-14.701771237049968,FLAT,False,False,False,
2024-02-28T18:21:00+00:00,3266.48,3269.34,8.755602360951627,0.00043581,0.00062574,2024-02-29T00:00:00+00:00,339.0,-18.986997639048372,FLAT,False,False,False,
2024-02-28T18:22:00+00:00,3249.99,3260.03,30.89240274585589,0.00043581,0.00062574,2024-02-29T00:00:00+00:00,338.0,3.1498027458558866,FLAT,False,False,False,
2024-02-28T18:23:00+00:00,3221.96,3224.33,7.3557710213655385,0.00043581,0.00062574,2024-02-29T00:00:00+00:00,337.0,-20.386828978634462,FLAT,False,False,False,
2024-02-28T18:24:00+00:00,3249.13,3252.0,8.833133792738026,0.00043581,0.00062574,2024-02-29T00:00:00+00:00,336.0,-18.909466207261975,FLAT,False,False,False,
2024-02-28T18:25:00+00:00,3227.54,3230.22,8.303537678850878,0.00043581,0.00062574,2024-02-29T00:00:00+00:00,335.0,-19.439062321149123,FLAT,False,False,False,
2024-02-28T18:26:00+00:00,3235.01,3239.5,13.879400681913753,0.00043581,0.00062574,2024-02-29T00:00:00+00:00,334.0,-13.863199318086249,FLAT,False,False,False,
2024-02-28T18:27:00+00:00,3248.35,3252.59,13.052780642480757,0.00043581,0.00062574,2024-02-29T00:00:00+00:00,333.0,-14.689819357519244,FLAT,False,False,False,
2024-02-28T18:28:00+00:00,3260.6,3265.44,14.843893761884763,0.00043581,0.00062574,2024-02-29T00:00:00+00:00,332.0,-12.898706238115238,FLAT,False,False,False,
2024-02-28T18:29:00+00:00,3270.57,3275.43,14.85979508159028,0.00043581,0.00062574,2024-02-29T00:00:00+00:00,331.0,-12.882804918409722,FLAT,False,False,False,
2024-02-28T18:30:00+00:00,3263.6,3268.68,15.565633043264885,0.00043581,0.00062574,2024-02-29T00:00:00+00:00,330.0,-12.176966956735114,FLAT,False,False,False,
2024-02-28T18:31:00+00:00,3284.63,3289.39,14.491738795540938,0.00043581,0.00062574,2024-02-29T00:00:00+00:00,329.0,-13.250861204459063,FLAT,False,False,False,
2024-02-28T18:32:00+00:00,3274.35,3278.06,11.330493074961554,0.00043581,0.00062574,2024-02-29T00:00:00+00:00,328.0,-16.412106925038447,FLAT,False,False,False,
2024-02-28T18:33:00+00:00,3280.16,3283.98,11.645773376908943,0.00043581,0.00062574,2024-02-29T00:00:00+00:00,327.0,-16.096826623091058,FLAT,False,False,False,
2024-02-28T18:34:00+00:00,3288.22,3292.25,12.255870957539946,0.00043581,0.00062574,2024-02-29T00:00:00+00:00,326.0,-15.486729042460055,FLAT,False,False,False,
2024-02-28T18:35:00+00:00,3292.8,3296.39,10.902575315839684,0.00043581,0.00062574,2024-02-29T00:00:00+00:00,325.0,-16.840024684160316,FLAT,False,False,False,
2024-02-28T18:36:00+00:00,3283.1,3286.92,11.635344643782291,0.00043581,0.00062574,2024-02-29T00:00:00+00:00,324.0,-16.10725535621771,FLAT,False,False,False,
2024-02-28T18:37:00+00:00,3282.7,3286.25,10.81426874219448,0.00043581,0.00062574,2024-02-29T00:00:00+00:00,323.0,-16.92833125780552,FLAT,False,False,False,
2024-02-28T18:38:00+00:00,3279.56,3283.23,11.190525558306824,0.00043581,0.00062574,2024-02-29T00:00:00+00:00,322.0,-16.552074441693176,FLAT,False,False,False,
2024-02-28T18:39:00+00:00,3273.8,3276.94,9.591300629237804,0.00043581,0.00062574,2024-02-29T00:00:00+00:00,321.0,-18.151299370762196,FLAT,False,False,False,
2024-02-28T18:40:00+00:00,3289.79,3293.32,10.730168187027743,0.00043581,0.00062574,2024-02-29T00:00:00+00:00,320.0,-17.012431812972256,FLAT,False,False,False,
2024-02-28T18:41:00+00:00,3290.78,3294.23,10.48383665878551,0.00043581,0.00062574,2024-02-29T00:00:00+00:00,319.0,-17.25876334121449,FLAT,False,False,False,
2024-02-28T18:42:00+00:00,3298.67,3302.0,10.09497767281943,0.00043581,0.00062574,2024-02-29T00:00:00+00:00,318.0,-17.64762232718057,FLAT,False,False,False,
2024-02-28T18:43:00+00:00,3294.32,3297.59,9.926175963476474,0.00043581,0.00062574,2024-02-29T00:00:00+00:00,317.0,-17.816424036523525,FLAT,False,False,False,
2024-02-28T18:44:00+00:00,3293.94,3297.3,10.200550101095123,0.00043581,0.00062574,2024-02-29T00:00:00+00:00,316.0,-17.542049898904878,FLAT,False,False,False,
2024-02-28T18:45:00+00:00,3299.5,3302.97,10.516744961357174,0.00043581,0.00062574,2024-02-29T00:00:00+00:00,315.0,-17.225855038642827,FLAT,False,False,False,
2024-02-28T18:46:00+00:00,3310.16,3314.37,12.71841844502996,0.00043581,0.00062574,2024-02-29T00:00:00+00:00,314.0,-15.024181554970042,FLAT,False,False,False,
2024-02-28T18:47:00+00:00,3303.99,3307.81,11.561778334680687,0.00043581,0.00062574,2024-02-29T00:00:00+00:00,313.0,-16.180821665319314,FLAT,False,False,False,
2024-02-28T18:48:00+00:00,3302.1,3306.29,12.688894945640818,0.00043581,0.00062574,2024-02-29T00:00:00+00:00,312.0,-15.053705054359181,FLAT,False,False,False,
2024-02-28T18:49:00+00:00,3308.65,3312.02,10.185423057742252,0.00043581,0.00062574,2024-02-29T00:00:00+00:00,311.0,-17.557176942257747,FLAT,False,False,False,
2024-02-28T18:50:00+00:00,3306.22,3309.59,10.192909122805942,0.00043581,0.00062574,2024-02-29T00:00:00+00:00,310.0,-17.54969087719406,FLAT,False,False,False,
2024-02-28T18:51:00+00:00,3304.8,3308.32,10.651174049866805,0.00043581,0.00062574,2024-02-29T00:00:00+00:00,309.0,-17.091425950133196,FLAT,False,False,False,
2024-02-28T18:52:00+00:00,3299.51,3302.91,10.304560374115054,0.00043581,0.00062574,2024-02-29T00:00:00+00:00,308.0,-17.438039625884947,FLAT,False,False,False,
2024-02-28T18:53:00+00:00,3298.78,3302.51,11.307210544504386,0.00043581,0.00062574,2024-02-29T00:00:00+00:00,307.0,-16.435389455495613,FLAT,False,False,False,
2024-02-28T18:54:00+00:00,3306.57,3310.08,10.615229679092726,0.00043581,0.00062574,2024-02-29T00:00:00+00:00,306.0,-17.127370320907275,FLAT,False,False,False,
2024-02-28T18:55:00+00:00,3313.11,3316.99,11.711050946088884,0.00043581,0.00062574,2024-02-29T00:00:00+00:00,305.0,-16.031549053911117,FLAT,False,False,False,
2024-02-28T18:56:00+00:00,3311.76,3315.59,11.564847694277143,0.00043581,0.00062574,2024-02-29T00:00:00+00:00,304.0,-16.17775230572286,FLAT,False,False,False,
2024-02-28T18:57:00+00:00,3317.18,3320.93,11.304782978312906,0.00043581,0.00062574,2024-02-29T00:00:00+00:00,303.0,-16.437817021687096,FLAT,False,False,False,
2024-02-28T18:58:00+00:00,3324.19,3328.04,11.581768791795621,0.00043581,0.00062574,2024-02-29T00:00:00+00:00,302.0,-16.160831208204378,FLAT,False,False,False,
2024-02-28T18:59:00+00:00,3318.34,3322.06,11.210424489352508,0.00043581,0.00062574,2024-02-29T00:00:00+00:00,301.0,-16.53217551064749,FLAT,False,False,False,
2024-02-28T19:00:00+00:00,3326.96,3330.79,11.512010964964793,0.00043581,0.00062574,2024-02-29T00:00:00+00:00,300.0,-16.23058903503521,FLAT,False,False,False,
2024-02-28T19:01:00+00:00,3325.41,3328.85,10.344589088262966,0.00043581,0.00062574,2024-02-29T00:00:00+00:00,299.0,-17.398010911737035,FLAT,False,False,False,
2024-02-28T19:02:00+00:00,3329.35,3333.04,11.083244477150357,0.00043581,0.00062574,2024-02-29T00:00:00+00:00,298.0,-16.659355522849644,FLAT,False,False,False,
2024-02-28T19:03:00+00:00,3328.84,3332.37,10.604294589105349,0.00043581,0.00062574,2024-02-29T00:00:00+00:00,297.0,-17.138305410894652,FLAT,False,False,False,
2024-02-28T19:04:00+00:00,3325.95,3329.45,10.523309129722335,0.00043581,0.00062574,2024-02-29T00:00:00+00:00,296.0,-17.219290870277664,FLAT,False,False,False,
2024-02-28T19:05:00+00:00,3323.56,3326.78,9.688406407587813,0.00043581,0.00062574,2024-02-29T00:00:00+00:00,295.0,-18.054193592412187,FLAT,False,False,False,
2024-02-28T19:06:00+00:00,3321.24,3324.69,10.38768652671976,0.00043581,0.00062574,2024-02-29T00:00:00+00:00,294.0,-17.35491347328024,FLAT,False,False,False,
2024-02-28T19:07:00+00:00,3325.82,3328.83,9.050399600699267,0.00043581,0.00062574,2024-02-29T00:00:00+00:00,293.0,-18.692200399300734,FLAT,False,False,False,
2024-02-28T19:08:00+00:00,3322.59,3325.44,8.577645752259258,0.00043581,0.00062574,2024-02-29T00:00:00+00:00,292.0,-19.16495424774074,FLAT,False,False,False,
2024-02-28T19:09:00+00:00,3316.34,3319.81,10.463342118117561,0.00043581,0.00062574,2024-02-29T00:00:00+00:00,291.0,-17.27925788188244,FLAT,False,False,False,
2024-02-28T19:10:00+00:00,3304.43,3307.54,9.411608053431689,0.00043581,0.00062574,2024-02-29T00:00:00+00:00,290.0,-18.33099194656831,FLAT,False,False,False,
2024-02-28T19:11:00+00:00,3312.12,3315.2,9.299179981401421,0.00043581,0.00062574,2024-02-29T00:00:00+00:00,289.0,-18.44342001859858,FLAT,False,False,False,
2024-02-28T19:12:00+00:00,3319.92,3323.48,10.723149955420448,0.00043581,0.00062574,2024-02-29T00:00:00+00:00,288.0,-17.019450044579553,FLAT,False,False,False,
2024-02-28T19:13:00+00:00,3312.65,3316.31,11.04855629179012,0.00043581,0.00062574,2024-02-29T00:00:00+00:00,287.0,-16.69404370820988,FLAT,False,False,False,
2024-02-28T19:14:00+00:00,3313.04,3316.74,11.167990727548771,0.00043581,0.00062574,2024-02-29T00:00:00+00:00,286.0,-16.57460927245123,FLAT,False,False,False,
2024-02-28T19:15:00+00:00,3317.35,3320.84,10.520445536347497,0.00043581,0.00062574,2024-02-29T00:00:00+00:00,285.0,-17.222154463652505,FLAT,False,False,False,
2024-02-28T19:16:00+00:00,3323.92,3327.56,10.950925413366965,0.00043581,0.00062574,2024-02-29T00:00:00+00:00,284.0,-16.791674586633036,FLAT,False,False,False,
2024-02-28T19:17:00+00:00,3320.17,3323.5,10.029606917717848,0.00043581,0.00062574,2024-02-29T00:00:00+00:00,283.0,-17.712993082282154,FLAT,False,False,False,
2024-02-28T19:18:00+00:00,3312.09,3315.23,9.480418708428433,0.00043581,0.00062574,2024-02-29T00:00:00+00:00,282.0,-18.26218129157157,FLAT,False,False,False,
2024-02-28T19:19:00+00:00,3315.21,3319.15,11.884616660784852,0.00043581,0.00062574,2024-02-29T00:00:00+00:00,281.0,-15.85798333921515,FLAT,False,False,False,
2024-02-28T19:20:00+00:00,3316.32,3319.61,9.920634920634809,0.00043581,0.00062574,2024-02-29T00:00:00+00:00,280.0,-17.821965079365192,FLAT,False,False,False,
2024-02-28T19:21:00+00:00,3313.61,3317.01,10.260712636671458,0.00043581,0.00062574,2024-02-29T00:00:00+00:00,279.0,-17.481887363328543,FLAT,False,False,False,
2024-02-28T19:22:00+00:00,3312.43,3315.67,9.78133877546163,0.00043581,0.00062574,2024-02-29T00:00:00+00:00,278.0,-17.96126122453837,FLAT,False,False,False,
2024-02-28T19:23:00+00:00,3314.42,3317.36,8.870330253860569,0.00043581,0.00062574,2024-02-29T00:00:00+00:00,277.0,-18.87226974613943,FLAT,False,False,False,
2024-02-28T19:24:00+00:00,3315.04,3318.23,9.622809981176863,0.00043581,0.00062574,2024-02-29T00:00:00+00:00,276.0,-18.11979001882314,FLAT,False,False,False,
2024-02-28T19:25:00+00:00,3318.52,3321.92,10.245531140388158,0.00043581,0.00062574,2024-02-29T00:00:00+00:00,275.0,-17.497068859611844,FLAT,False,False,False,
2024-02-28T19:26:00+00:00,3311.53,3314.82,9.934984735152524,0.00043581,0.00062574,2024-02-29T00:00:00+00:00,274.0,-17.807615264847477,FLAT,False,False,False,
2024-02-28T19:27:00+00:00,3316.44,3319.18,8.261871163053701,0.00043581,0.00062574,2024-02-29T00:00:00+00:00,273.0,-19.480728836946298,FLAT,False,False,False,
2024-02-28T19:28:00+00:00,3324.11,3327.7,10.799883277026604,0.00043581,0.00062574,2024-02-29T00:00:00+00:00,272.0,-16.942716722973397,FLAT,False,False,False,
2024-02-28T19:29:00+00:00,3323.58,3326.62,9.146763429795472,0.00043581,0.00062574,2024-02-29T00:00:00+00:00,271.0,-18.59583657020453,FLAT,False,False,False,
2024-02-28T19:30:00+00:00,3317.61,3320.64,9.133080741858583,0.00043581,0.00062574,2024-02-29T00:00:00+00:00,270.0,-18.609519258141418,FLAT,False,False,False,
2024-02-28T19:31:00+00:00,3316.44,3319.31,8.653857751082157,0.00043581,0.00062574,2024-02-29T00:00:00+00:00,269.0,-19.088742248917843,FLAT,False,False,False,
2024-02-28T19:32:00+00:00,3311.21,3314.78,10.781557195104398,0.00043581,0.00062574,2024-02-29T00:00:00+00:00,268.0,-16.9610428048956,FLAT,False,False,False,
2024-02-28T19:33:00+00:00,3312.52,3315.74,9.720696025985655,0.00043581,0.00062574,2024-02-29T00:00:00+00:00,267.0,-18.021903974014347,FLAT,False,False,False,
2024-02-28T19:34:00+00:00,3312.0,3315.26,9.842995169082785,0.00043581,0.00062574,2024-02-29T00:00:00+00:00,266.0,-17.899604830917216,FLAT,False,False,False,
2024-02-28T19:35:00+00:00,3308.38,3311.75,10.18625429968713,0.00043581,0.00062574,2024-02-29T00:00:00+00:00,265.0,-17.55634570031287,FLAT,False,False,False,
2024-02-28T19:36:00+00:00,3306.24,3309.67,10.374322493225813,0.00043581,0.00062574,2024-02-29T00:00:00+00:00,264.0,-17.368277506774188,FLAT,False,False,False,
2024-02-28T19:37:00+00:00,3304.51,3307.36,8.624576714853061,0.00043581,0.00062574,2024-02-29T00:00:00+00:00,263.0,-19.11802328514694,FLAT,False,False,False,
2024-02-28T19:38:00+00:00,3301.57,3304.31,8.299081951919183,0.00043581,0.00062574,2024-02-29T00:00:00+00:00,262.0,-19.44351804808082,FLAT,False,False,False,
2024-02-28T19:39:00+00:00,3302.76,3305.94,9.628310867274147,0.00043581,0.00062574,2024-02-29T00:00:00+00:00,261.0,-18.114289132725855,FLAT,False,False,False,
2024-02-28T19:40:00+00:00,3304.18,3307.28,9.382055457028262,0.00043581,0.00062574,2024-02-29T00:00:00+00:00,260.0,-18.360544542971738,FLAT,False,False,False,
2024-02-28T19:41:00+00:00,3290.69,3293.39,8.20496613172258,0.00043581,0.00062574,2024-02-29T00:00:00+00:00,259.0,-19.53763386827742,FLAT,False,False,False,
2024-02-28T19:42:00+00:00,3295.83,3298.92,9.37548356559697,0.00043581,0.00062574,2024-02-29T00:00:00+00:00,258.0,-18.36711643440303,FLAT,False,False,False,
2024-02-28T19:43:00+00:00,3293.54,3296.69,9.564177146778515,0.00043581,0.00062574,2024-02-29T00:00:00+00:00,257.0,-18.178422853221484,FLAT,False,False,False,
2024-02-28T19:44:00+00:00,3290.44,3293.63,9.694752069632191,0.00043581,0.00062574,2024-02-29T00:00:00+00:00,256.0,-18.04784793036781,FLAT,False,False,False,
2024-02-28T19:45:00+00:00,3284.13,3287.15,9.195738292942062,0.00043581,0.00062574,2024-02-29T00:00:00+00:00,255.0,-18.54686170705794,FLAT,False,False,False,
2024-02-28T19:46:00+00:00,3294.07,3297.14,9.319777661068857,0.00043581,0.00062574,2024-02-29T00:00:00+00:00,254.0,-18.422822338931145,FLAT,False,False,False,
2024-02-28T19:47:00+00:00,3292.83,3295.93,9.41439430520224,0.00043581,0.00062574,2024-02-29T00:00:00+00:00,253.0,-18.32820569479776,FLAT,False,False,False,
2024-02-28T19:48:00+00:00,3295.3,3298.24,8.92179771189148,0.00043581,0.00062574,2024-02-29T00:00:00+00:00,252.0,-18.82080228810852,FLAT,False,False,False,
2024-02-28T19:49:00+00:00,3299.42,3303.0,10.850391887058718,0.00043581,0.00062574,2024-02-29T00:00:00+00:00,251.0,-16.892208112941283,FLAT,False,False,False,
2024-02-28T19:50:00+00:00,3301.81,3305.35,10.721392206092911,0.00043581,0.00062574,2024-02-29T00:00:00+00:00,250.0,-17.021207793907088,FLAT,False,False,False,
2024-02-28T19:51:00+00:00,3298.95,3302.11,9.578805377469527,0.00043581,0.00062574,2024-02-29T00:00:00+00:00,249.0,-18.163794622530474,FLAT,False,False,False,
2024-02-28T19:52:00+00:00,3293.01,3296.07,9.292410287244634,0.00043581,0.00062574,2024-02-29T00:00:00+00:00,248.0,-18.450189712755368,FLAT,False,False,False,
2024-02-28T19:53:00+00:00,3296.48,3299.69,9.737659564141254,0.00043581,0.00062574,2024-02-29T00:00:00+00:00,247.0,-18.004940435858746,FLAT,False,False,False,
2024-02-28T19:54:00+00:00,3303.61,3306.65,9.202054721955568,0.00043581,0.00062574,2024-02-29T00:00:00+00:00,246.0,-18.540545278044434,FLAT,False,False,False,
2024-02-28T19:55:00+00:00,3298.14,3301.63,10.581721818965345,0.00043581,0.00062574,2024-02-29T00:00:00+00:00,245.0,-17.160878181034654,FLAT,False,False,False,
2024-02-28T19:56:00+00:00,3297.73,3301.09,10.188826859688717,0.00043581,0.00062574,2024-02-29T00:00:00+00:00,244.0,-17.553773140311282,FLAT,False,False,False,
2024-02-28T19:57:00+00:00,3296.02,3299.46,10.436829873605301,0.00043581,0.00062574,2024-02-29T00:00:00+00:00,243.0,-17.305770126394698,FLAT,False,False,False,
2024-02-28T19:58:00+00:00,3300.34,3303.81,10.514068247513286,0.00043581,0.00062574,2024-02-29T00:00:00+00:00,242.0,-17.228531752486713,FLAT,False,False,False,
2024-02-28T19:59:00+00:00,3299.12,3302.23,9.42675622590305,0.00043581,0.00062574,2024-02-29T00:00:00+00:00,241.0,-18.31584377409695,FLAT,False,False,False,
2024-02-28T20:00:00+00:00,3302.18,3305.28,9.387737797456117,0.00043581,0.00062574,2024-02-29T00:00:00+00:00,240.0,-18.354862202543885,FLAT,False,False,False,
2024-02-28T20:01:00+00:00,3297.4,3300.15,8.339904166919391,0.00043581,0.00062574,2024-02-29T00:00:00+00:00,239.0,-19.40269583308061,FLAT,False,False,False,
2024-02-28T20:02:00+00:00,3297.23,3299.93,8.18869172001898,0.00043581,0.00062574,2024-02-29T00:00:00+00:00,238.0,-19.55390827998102,FLAT,False,False,False,
2024-02-28T20:03:00+00:00,3291.96,3295.02,9.295374184376314,0.00043581,0.00062574,2024-02-29T00:00:00+00:00,237.0,-18.447225815623685,FLAT,False,False,False,
2024-02-28T20:04:00+00:00,3287.39,3290.4,9.156199903267389,0.00043581,0.00062574,2024-02-29T00:00:00+00:00,236.0,-18.58640009673261,FLAT,False,False,False,
2024-02-28T20:05:00+00:00,3280.04,3283.07,9.23769222326618,0.00043581,0.00062574,2024-02-29T00:00:00+00:00,235.0,-18.50490777673382,FLAT,False,False,False,
2024-02-28T20:06:00+00:00,3272.2,3274.86,8.129087464092382,0.00043581,0.00062574,2024-02-29T00:00:00+00:00,234.0,-19.613512535907617,FLAT,False,False,False,
2024-02-28T20:07:00+00:00,3272.61,3275.43,8.616975441619102,0.00043581,0.00062574,2024-02-29T00:00:00+00:00,233.0,-19.1256245583809,FLAT,False,False,False,
2024-02-28T20:08:00+00:00,3262.55,3265.41,8.766149177789375,0.00043581,0.00062574,2024-02-29T00:00:00+00:00,232.0,-18.976450822210627,FLAT,False,False,False,
2024-02-28T20:09:00+00:00,3270.98,3273.54,7.826400650569387,0.00043581,0.00062574,2024-02-29T00:00:00+00:00,231.0,-19.916199349430613,FLAT,False,False,False,
2024-02-28T20:10:00+00:00,3282.24,3285.66,10.419713366481648,0.00043581,0.00062574,2024-02-29T00:00:00+00:00,230.0,-17.32288663351835,FLAT,False,False,False,
2024-02-28T20:11:00+00:00,3272.63,3275.77,9.594729621130016,0.00043581,0.00062574,2024-02-29T00:00:00+00:00,229.0,-18.147870378869985,FLAT,False,False,False,
2024-02-28T20:12:00+00:00,3277.91,3281.15,9.884347038204943,0.00043581,0.00062574,2024-02-29T00:00:00+00:00,228.0,-17.858252961795056,FLAT,False,False,False,
2024-02-28T20:13:00+00:00,3276.49,3279.42,8.942496390955844,0.00043581,0.00062574,2024-02-29T00:00:00+00:00,227.0,-18.800103609044157,FLAT,False,False,False,
2024-02-28T20:14:00+00:00,3276.61,3279.44,8.636975410561304,0.00043581,0.00062574,2024-02-29T00:00:00+00:00,226.0,-19.105624589438698,FLAT,False,False,False,
2024-02-28T20:15:00+00:00,3266.21,3269.1,8.848175714359678,0.00043581,0.00062574,2024-02-29T00:00:00+00:00,225.0,-18.894424285640323,FLAT,False,False,False,
2024-02-28T20:16:00+00:00,3268.32,3270.88,7.8327703529640464,0.00043581,0.00062574,2024-02-29T00:00:00+00:00,224.0,-19.909829647035956,FLAT,False,False,False,
2024-02-28T20:17:00+00:00,3262.87,3266.24,10.328330580133107,0.00043581,0.00062574,2024-02-29T00:00:00+00:00,223.0,-17.414269419866894,FLAT,False,False,False,
2024-02-28T20:18:00+00:00,3271.65,3274.88,9.872694206287402,0.00043581,0.00062574,2024-02-29T00:00:00+00:00,222.0,-17.869905793712597,FLAT,False,False,False,
2024-02-28T20:19:00+00:00,3273.25,3276.28,9.256854807913236,0.00043581,0.00062574,2024-02-29T00:00:00+00:00,221.0,-18.485745192086764,FLAT,False,False,False,
2024-02-28T20:20:00+00:00,3273.67,3276.69,9.225120430587022,0.00043581,0.00062574,2024-02-29T00:00:00+00:00,220.0,-18.517479569412977,FLAT,False,False,False,
2024-02-28T20:21:00+00:00,3263.91,3266.61,8.272286919676931,0.00043581,0.00062574,2024-02-29T00:00:00+00:00,219.0,-19.47031308032307,FLAT,False,False,False,
2024-02-28T20:22:00+00:00,3270.89,3274.14,9.936133590551806,0.00043581,0.00062574,2024-02-29T00:00:00+00:00,218.0,-17.806466409448195,FLAT,False,False,False,
2024-02-28T20:23:00+00:00,3264.17,3267.08,8.914976854758956,0.00043581,0.00062574,2024-02-29T00:00:00+00:00,217.0,-18.827623145241045,FLAT,False,False,False,
2024-02-28T20:24:00+00:00,3264.97,3268.09,9.555983669069994,0.00043581,0.00062574,2024-02-29T00:00:00+00:00,216.0,-18.186616330930008,FLAT,False,False,False,
2024-02-28T20:25:00+00:00,3270.39,3273.26,8.775711765264527,0.00043581,0.00062574,2024-02-29T00:00:00+00:00,215.0,-18.966888234735475,FLAT,False,False,False,
2024-02-28T20:26:00+00:00,3268.41,3271.43,9.239966834026275,0.00043581,0.00062574,2024-02-29T00:00:00+00:00,214.0,-18.502633165973727,FLAT,False,False,False,
2024-02-28T20:27:00+00:00,3260.99,3264.08,9.47565003265924,0.00043581,0.00062574,2024-02-29T00:00:00+00:00,213.0,-18.26694996734076,FLAT,False,False,False,
2024-02-28T20:28:00+00:00,3263.22,3266.18,9.070795104222322,0.00043581,0.00062574,2024-02-29T00:00:00+00:00,212.0,-18.67180489577768,FLAT,False,False,False,
2024-02-28T20:29:00+00:00,3259.88,3262.68,8.589273224780444,0.00043581,0.00062574,2024-02-29T00:00:00+00:00,211.0,-19.153326775219558,FLAT,False,False,False,
2024-02-28T20:30:00+00:00,3270.13,3273.31,9.724384045893698,0.00043581,0.00062574,2024-02-29T00:00:00+00:00,210.0,-18.018215954106303,FLAT,False,False,False,
2024-02-28T20:31:00+00:00,3266.83,3270.11,10.040314310815685,0.00043581,0.00062574,2024-02-29T00:00:00+00:00,209.0,-17.702285689184315,FLAT,False,False,False,
2024-02-28T20:32:00+00:00,3274.06,3277.6,10.812263672626537,0.00043581,0.00062574,2024-02-29T00:00:00+00:00,208.0,-16.930336327373464,FLAT,False,False,False,
2024-02-28T20:33:00+00:00,3270.28,3273.09,8.592536418899744,0.00043581,0.00062574,2024-02-29T00:00:00+00:00,207.0,-19.150063581100255,FLAT,False,False,False,
2024-02-28T20:34:00+00:00,3281.93,3285.41,10.60351683308303,0.00043581,0.00062574,2024-02-29T00:00:00+00:00,206.0,-17.139083166916972,FLAT,False,False,False,
2024-02-28T20:35:00+00:00,3278.4,3281.35,8.998291849682218,0.00043581,0.00062574,2024-02-29T00:00:00+00:00,205.0,-18.74430815031778,FLAT,False,False,False,
2024-02-28T20:36:00+00:00,3277.82,3280.82,9.152424477244022,0.00043581,0.00062574,2024-02-29T00:00:00+00:00,204.0,-18.590175522755978,FLAT,False,False,False,
2024-02-28T20:37:00+00:00,3279.25,3282.25,9.148433330792102,0.00043581,0.00062574,2024-02-29T00:00:00+00:00,203.0,-18.594166669207898,FLAT,False,False,False,
2024-02-28T20:38:00+00:00,3284.84,3287.92,9.376407983341432,0.00043581,0.00062574,2024-02-29T00:00:00+00:00,202.0,-18.36619201665857,FLAT,False,False,False,
2024-02-28T20:39:00+00:00,3286.23,3289.68,10.498352215151765,0.00043581,0.00062574,2024-02-29T00:00:00+00:00,201.0,-17.244247784848234,FLAT,False,False,False,
2024-02-28T20:40:00+00:00,3285.0,3288.0,9.132420091324201,0.00043581,0.00062574,2024-02-29T00:00:00+00:00,200.0,-18.6101799086758,FLAT,False,False,False,
2024-02-28T20:41:00+00:00,3283.11,3286.27,9.625020179037115,0.00043581,0.00062574,2024-02-29T00:00:00+00:00,199.0,-18.117579820962884,FLAT,False,False,False,
2024-02-28T20:42:00+00:00,3283.02,3286.25,9.838502354539475,0.00043581,0.00062574,2024-02-29T00:00:00+00:00,198.0,-17.904097645460524,FLAT,False,False,False,
2024-02-28T20:43:00+00:00,3282.12,3285.39,9.963072648166374,0.00043581,0.00062574,2024-02-29T00:00:00+00:00,197.0,-17.779527351833625,FLAT,False,False,False,
2024-02-28T20:44:00+00:00,3280.11,3283.29,9.694796820837826,0.00043581,0.00062574,2024-02-29T00:00:00+00:00,196.0,-18.047803179162173,FLAT,False,False,False,
2024-02-28T20:45:00+00:00,3285.3,3288.32,9.192463397558766,0.00043581,0.00062574,2024-02-29T00:00:00+00:00,195.0,-18.550136602441235,FLAT,False,False,False,
2024-02-28T20:46:00+00:00,3282.35,3285.62,9.96237451825668,0.00043581,0.00062574,2024-02-29T00:00:00+00:00,194.0,-17.78022548174332,FLAT,False,False,False,
2024-02-28T20:47:00+00:00,3285.7,3289.42,11.32178835560232,0.00043581,0.00062574,2024-02-29T00:00:00+00:00,193.0,-16.42081164439768,FLAT,False,False,False,
2024-02-28T20:48:00+00:00,3294.16,3298.39,12.840906331204367,0.00043581,0.00062574,2024-02-29T00:00:00+00:00,192.0,-14.901693668795634,FLAT,False,False,False,
2024-02-28T20:49:00+00:00,3290.1,3293.61,10.668368742592074,0.00043581,0.00062574,2024-02-29T00:00:00+00:00,191.0,-17.074231257407927,FLAT,False,False,False,
2024-02-28T20:50:00+00:00,3289.13,3292.69,10.823530842502258,0.00043581,0.00062574,2024-02-29T00:00:00+00:00,190.0,-16.91906915749774,FLAT,False,False,False,
2024-02-28T20:51:00+00:00,3292.12,3295.78,11.117456228813985,0.00043581,0.00062574,2024-02-29T00:00:00+00:00,189.0,-16.625143771186014,FLAT,False,False,False,
2024-02-28T20:52:00+00:00,3291.9,3295.52,10.996688842309581,0.00043581,0.00062574,2024-02-29T00:00:00+00:00,188.0,-16.74591115769042,FLAT,False,False,False,
2024-02-28T20:53:00+00:00,3293.87,3297.56,11.20262791184854,0.00043581,0.00062574,2024-02-29T00:00:00+00:00,187.0,-16.539972088151462,FLAT,False,False,False,
2024-02-28T20:54:00+00:00,3296.19,3299.77,10.861024394831388,0.00043581,0.00062574,2024-02-29T00:00:00+00:00,186.0,-16.881575605168614,FLAT,False,False,False,
2024-02-28T20:55:00+00:00,3294.34,3297.57,9.8046953259227,0.00043581,0.00062574,2024-02-29T00:00:00+00:00,185.0,-17.937904674077302,FLAT,False,False,False,
2024-02-28T20:56:00+00:00,3296.48,3299.99,10.647721205648946,0.00043581,0.00062574,2024-02-29T00:00:00+00:00,184.0,-17.094878794351054,FLAT,False,False,False,
2024-02-28T20:57:00+00:00,3299.74,3302.96,9.758344596847797,0.00043581,0.00062574,2024-02-29T00:00:00+00:00,183.0,-17.984255403152204,FLAT,False,False,False,
2024-02-28T20:58:00+00:00,3293.81,3297.2,10.292032630904249,0.00043581,0.00062574,2024-02-29T00:00:00+00:00,182.0,-17.45056736909575,FLAT,False,False,False,
2024-02-28T20:59:00+00:00,3299.13,3302.94,11.548499149775685,0.00043581,0.00062574,2024-02-29T00:00:00+00:00,181.0,-16.194100850224316,FLAT,False,False,False,
2024-02-28T21:00:00+00:00,3294.46,3297.85,10.290002003362835,0.00043581,0.00062574,2024-02-29T00:00:00+00:00,180.0,-17.452597996637166,FLAT,False,False,False,
2024-02-28T21:01:00+00:00,3291.31,3294.93,10.998660107980989,0.00043581,0.00062574,2024-02-29T00:00:00+00:00,179.0,-16.74393989201901,FLAT,False,False,False,
2024-02-28T21:02:00+00:00,3285.46,3289.48,12.235729547764944,0.00043581,0.00062574,2024-02-29T00:00:00+00:00,178.0,-15.506870452235056,FLAT,False,False,False,
2024-02-28T21:03:00+00:00,3288.66,3292.6,11.98056351219054,0.00043581,0.00062574,2024-02-29T00:00:00+00:00,177.0,-15.76203648780946,FLAT,False,False,False,
2024-02-28T21:04:00+00:00,3291.09,3295.23,12.579418976691224,0.00043581,0.00062574,2024-02-29T00:00:00+00:00,176.0,-15.163181023308777,FLAT,False,False,False,
2024-02-28T21:05:00+00:00,3287.65,3291.47,11.619241707601809,0.00043581,0.00062574,2024-02-29T00:00:00+00:00,175.0,-16.12335829239819,FLAT,False,False,False,
2024-02-28T21:06:00+00:00,3285.89,3289.61,11.32113369589443,0.00043581,0.00062574,2024-02-29T00:00:00+00:00,174.0,-16.42146630410557,FLAT,False,False,False,
2024-02-28T21:07:00+00:00,3284.4,3288.3,11.87431494336893,0.00043581,0.00062574,2024-02-29T00:00:00+00:00,173.0,-15.86828505663107,FLAT,False,False,False,
2024-02-28T21:08:00+00:00,3280.65,3283.97,10.119945742458686,0.00043581,0.00062574,2024-02-29T00:00:00+00:00,172.0,-17.622654257541313,FLAT,False,False,False,
2024-02-28T21:09:00+00:00,3275.83,3278.92,9.432723920350401,0.00043581,0.00062574,2024-02-29T00:00:00+00:00,171.0,-18.309876079649598,FLAT,False,False,False,
2024-02-28T21:10:00+00:00,3281.81,3285.1,10.024955740886778,0.00043581,0.00062574,2024-02-29T00:00:00+00:00,170.0,-17.71764425911322,FLAT,False,False,False,
2024-02-28T21:11:00+00:00,3287.99,3291.77,11.496385329639688,0.00043581,0.00062574,2024-02-29T00:00:00+00:00,169.0,-16.246214670360313,FLAT,False,False,False,
2024-02-28T21:12:00+00:00,3291.72,3295.72,12.15170184584351,0.00043581,0.00062574,2024-02-29T00:00:00+00:00,168.0,-15.590898154156491,FLAT,False,False,False,
2024-02-28T21:13:00+00:00,3291.34,3295.45,12.48731519684892,0.00043581,0.00062574,2024-02-29T00:00:00+00:00,167.0,-15.255284803151081,FLAT,False,False,False,
2024-02-28T21:14:00+00:00,3290.96,3294.43,10.544035782871259,0.00043581,0.00062574,2024-02-29T00:00:00+00:00,166.0,-17.19856421712874,FLAT,False,False,False,
2024-02-28T21:15:00+00:00,3299.73,3303.99,12.910147193860599,0.00043581,0.00062574,2024-02-29T00:00:00+00:00,165.0,-14.8324528061394,FLAT,False,False,False,
2024-02-28T21:16:00+00:00,3298.23,3302.08,11.672927600561238,0.00043581,0.00062574,2024-02-29T00:00:00+00:00,164.0,-16.069672399438762,FLAT,False,False,False,
2024-02-28T21:17:00+00:00,3302.7,3306.51,11.536015986921004,0.00043581,0.00062574,2024-02-29T00:00:00+00:00,163.0,-16.206584013078995,FLAT,False,False,False,
2024-02-28T21:18:00+00:00,3304.12,3308.01,11.77318015084297,0.00043581,0.00062574,2024-02-29T00:00:00+00:00,162.0,-15.969419849157031,FLAT,False,False,False,
2024-02-28T21:19:00+00:00,3307.34,3311.37,12.18501877641774,0.00043581,0.00062574,2024-02-29T00:00:00+00:00,161.0,-15.557581223582261,FLAT,False,False,False,
2024-02-28T21:20:00+00:00,3309.2,3313.55,13.145171038318518,0.00043581,0.00062574,2024-02-29T00:00:00+00:00,160.0,-14.597428961681484,FLAT,False,False,False,
2024-02-28T21:21:00+00:00,3310.91,3315.17,12.866553304077181,0.00043581,0.00062574,2024-02-29T00:00:00+00:00,159.0,-14.87604669592282,FLAT,False,False,False,
2024-02-28T21:22:00+00:00,3313.81,3317.44,10.95415850637215,0.00043581,0.00062574,2024-02-29T00:00:00+00:00,158.0,-16.78844149362785,FLAT,False,False,False,
2024-02-28T21:23:00+00:00,3314.98,3319.07,12.337932657211041,0.00043581,0.00062574,2024-02-29T00:00:00+00:00,157.0,-15.404667342788958,FLAT,False,False,False,
2024-02-28T21:24:00+00:00,3311.53,3315.2,11.082490570822603,0.00043581,0.00062574,2024-02-29T00:00:00+00:00,156.0,-16.660109429177396,FLAT,False,False,False,
2024-02-28T21:25:00+00:00,3307.3,3310.94,11.00595652042413,0.00043581,0.00062574,2024-02-29T00:00:00+00:00,155.0,-16.73664347957587,FLAT,False,False,False,
2024-02-28T21:26:00+00:00,3313.78,3317.93,12.52346263179703,0.00043581,0.00062574,2024-02-29T00:00:00+00:00,154.0,-15.219137368202972,FLAT,False,False,False,
2024-02-28T21:27:00+00:00,3315.37,3319.51,12.487294027515262,0.00043581,0.00062574,2024-02-29T00:00:00+00:00,153.0,-15.255305972484738,FLAT,False,False,False,
2024-02-28T21:28:00+00:00,3312.28,3316.28,12.07627374497325,0.00043581,0.00062574,2024-02-29T00:00:00+00:00,152.0,-15.66632625502675,FLAT,False,False,False,
2024-02-28T21:29:00+00:00,3318.46,3322.01,10.69773328592233,0.00043581,0.00062574,2024-02-29T00:00:00+00:00,151.0,-17.04486671407767,FLAT,False,False,False,
2024-02-28T21:30:00+00:00,3312.29,3316.09,11.47242542168766,0.00043581,0.00062574,2024-02-29T00:00:00+00:00,150.0,-16.27017457831234,FLAT,False,False,False,
2024-02-28T21:31:00+00:00,3317.0,3321.05,12.209828157974622,0.00043581,0.00062574,2024-02-29T00:00:00+00:00,149.0,-15.53277184202538,FLAT,False,False,False,
2024-02-28T21:32:00+00:00,3318.02,3322.02,12.055382426869038,0.00043581,0.00062574,2024-02-29T00:00:00+00:00,148.0,-15.687217573130962,FLAT,False,False,False,
2024-02-28T21:33:00+00:00,3322.42,3326.31,11.70833308251176,0.00043581,0.00062574,2024-02-29T00:00:00+00:00,147.0,-16.03426691748824,FLAT,False,False,False,
2024-02-28T21:34:00+00:00,3320.6,3324.61,12.07613081973203,0.00043581,0.00062574,2024-02-29T00:00:00+00:00,146.0,-15.66646918026797,FLAT,False,False,False,
2024-02-28T21:35:00+00:00,3316.2,3320.42,12.725408600205823,0.00043581,0.00062574,2024-02-29T00:00:00+00:00,145.0,-15.017191399794179,FLAT,False,False,False,
2024-02-28T21:36:00+00:00,3315.87,3320.2,13.05841302584217,0.00043581,0.00062574,2024-02-29T00:00:00+00:00,144.0,-14.684186974157832,FLAT,False,False,False,
2024-02-28T21:37:00+00:00,3319.56,3323.69,12.441407897432518,0.00043581,0.00062574,2024-02-29T00:00:00+00:00,143.0,-15.301192102567484,FLAT,False,False,False,
2024-02-28T21:38:00+00:00,3322.6,3326.44,11.557214229820458,0.00043581,0.00062574,2024-02-29T00:00:00+00:00,142.0,-16.185385770179543,FLAT,False,False,False,
2024-02-28T21:39:00+00:00,3321.8,3325.41,10.867601902581951,0.00043581,0.00062574,2024-02-29T00:00:00+00:00,141.0,-16.87499809741805,FLAT,False,False,False,
2024-02-28T21:40:00+00:00,3324.28,3328.04,11.310719915289214,0.00043581,0.00062574,2024-02-29T00:00:00+00:00,140.0,-16.431880084710787,FLAT,False,False,False,
2024-02-28T21:41:00+00:00,3321.09,3324.48,10.207492118551055,0.00043581,0.00062574,2024-02-29T00:00:00+00:00,139.0,-17.535107881448944,FLAT,False,False,False,
2024-02-28T21:42:00+00:00,3318.22,3321.92,11.150556623732824,0.00043581,0.00062574,2024-02-29T00:00:00+00:00,138.0,-16.592043376267178,FLAT,False,False,False,
2024-02-28T21:43:00+00:00,3317.86,3321.65,11.423025685230732,0.00043581,0.00062574,2024-02-29T00:00:00+00:00,137.0,-16.31957431476927,FLAT,False,False,False,
2024-02-28T21:44:00+00:00,3320.38,3324.27,11.715526536118977,0.00043581,0.00062574,2024-02-29T00:00:00+00:00,136.0,-16.027073463881024,FLAT,False,False,False,
2024-02-28T21:45:00+00:00,3323.26,3327.02,11.314191486672012,0.00043581,0.00062574,2024-02-29T00:00:00+00:00,135.0,-16.428408513327987,FLAT,False,False,False,
2024-02-28T21:46:00+00:00,3323.58,3327.33,11.283014099254418,0.00043581,0.00062574,2024-02-29T00:00:00+00:00,134.0,-16.459585900745584,FLAT,False,False,False,
2024-02-28T21:47:00+00:00,3323.51,3327.31,11.433695099457282,0.00043581,0.00062574,2024-02-29T00:00:00+00:00,133.0,-16.308904900542718,FLAT,False,False,False,
2024-02-28T21:48:00+00:00,3324.47,3328.64,12.543352775029021,0.00043581,0.00062574,2024-02-29T00:00:00+00:00,132.0,-15.199247224970978,FLAT,False,False,False,
2024-02-28T21:49:00+00:00,3323.71,3327.97,12.817002686755954,0.00043581,0.00062574,2024-02-29T00:00:00+00:00,131.0,-14.925597313244047,FLAT,False,False,False,
2024-02-28T21:50:00+00:00,3323.42,3327.27,11.584452160725725,0.00043581,0.00062574,2024-02-29T00:00:00+00:00,130.0,-16.158147839274275,FLAT,False,False,False,
2024-02-28T21:51:00+00:00,3326.96,3330.86,11.722413254142193,0.00043581,0.00062574,2024-02-29T00:00:00+00:00,129.0,-16.020186745857806,FLAT,False,False,False,
2024-02-28T21:52:00+00:00,3326.27,3330.25,11.96535458636857,0.00043581,0.00062574,2024-02-29T00:00:00+00:00,128.0,-15.77724541363143,FLAT,False,False,False,
2024-02-28T21:53:00+00:00,3323.85,3327.8,11.883809437851507,0.00043581,0.00062574,2024-02-29T00:00:00+00:00,127.0,-15.858790562148492,FLAT,False,False,False,
2024-02-28T21:54:00+00:00,3323.39,3327.84,13.389942197576188,0.00043581,0.00062574,2024-02-29T00:00:00+00:00,126.0,-14.352657802423813,FLAT,False,False,False,
2024-02-28T21:55:00+00:00,3322.7,3326.77,12.249074547808,0.00043581,0.00062574,2024-02-29T00:00:00+00:00,125.0,-15.493525452192,FLAT,False,False,False,
2024-02-28T21:56:00+00:00,3319.67,3323.83,12.531366069518521,0.00043581,0.00062574,2024-02-29T00:00:00+00:00,124.0,-15.21123393048148,FLAT,False,False,False,
2024-02-28T21:57:00+00:00,3320.36,3324.0,10.962666698791313,0.00043581,0.00062574,2024-02-29T00:00:00+00:00,123.0,-16.779933301208686,FLAT,False,False,False,
2024-02-28T21:58:00+00:00,3321.54,3325.8,12.825376180928782,0.00043581,0.00062574,2024-02-29T00:00:00+00:00,122.0,-14.917223819071218,FLAT,False,False,False,
2024-02-28T21:59:00+00:00,3322.79,3326.74,11.887600480318703,0.00043581,0.00062574,2024-02-29T00:00:00+00:00,121.0,-15.854999519681297,FLAT,False,False,False,
2024-02-28T22:00:00+00:00,3322.61,3326.58,11.94843812544897,0.00043581,0.00062574,2024-02-29T00:00:00+00:00,120.0,-15.79416187455103,FLAT,False,False,False,
2024-02-28T22:01:00+00:00,3326.39,3330.71,12.987052029377686,0.00043581,0.00062574,2024-02-29T00:00:00+00:00,119.0,-14.755547970622313,FLAT,False,False,False,
2024-02-28T22:02:00+00:00,3328.41,3332.4,11.987705841528648,0.00043581,0.00062574,2024-02-29T00:00:00+00:00,118.0,-15.754894158471352,FLAT,False,False,False,
2024-02-28T22:03:00+00:00,3328.99,3332.95,11.895499836286792,0.00043581,0.00062574,2024-02-29T00:00:00+00:00,117.0,-15.847100163713208,FLAT,False,False,False,
2024-02-28T22:04:00+00:00,3324.5,3328.5,12.031884493908859,0.00043581,0.00062574,2024-02-29T00:00:00+00:00,116.0,-15.710715506091141,FLAT,False,False,False,
2024-02-28T22:05:00+00:00,3329.8,3334.29,13.484293350951353,0.00043581,0.00062574,2024-02-29T00:00:00+00:00,115.0,-14.258306649048649,FLAT,False,False,False,
2024-02-28T22:06:00+00:00,3332.96,3336.63,11.011233258125129,0.00043581,0.00062574,2024-02-29T00:00:00+00:00,114.0,-16.731366741874872,FLAT,False,False,False,
2024-02-28T22:07:00+00:00,3332.3,3336.63,12.994028148725885,0.00043581,0.00062574,2024-02-29T00:00:00+00:00,113.0,-14.748571851274114,FLAT,False,False,False,
2024-02-28T22:08:00+00:00,3334.34,3338.25,11.726458609499495,0.00043581,0.00062574,2024-02-29T00:00:00+00:00,112.0,-16.016141390500504,FLAT,False,False,False,
2024-02-28T22:09:00+00:00,3337.78,3342.38,13.781615325155968,0.00043581,0.00062574,2024-02-29T00:00:00+00:00,111.0,-13.960984674844031,FLAT,False,False,False,
2024-02-28T22:10:00+00:00,3338.09,3342.54,13.3309766962539,0.00043581,0.00062574,2024-02-29T00:00:00+00:00,110.0,-14.4116233037461,FLAT,False,False,False,
2024-02-28T22:11:00+00:00,3338.18,3342.18,11.982577332558462,0.00043581,0.00062574,2024-02-29T00:00:00+00:00,109.0,-15.76002266744154,FLAT,False,False,False,
2024-02-28T22:12:00+00:00,3338.4,3342.51,12.311286843997506,0.00043581,0.00062574,2024-02-29T00:00:00+00:00,108.0,-15.431313156002496,FLAT,False,False,False,
2024-02-28T22:13:00+00:00,3339.33,3343.93,13.775218382130275,0.00043581,0.00062574,2024-02-29T00:00:00+00:00,107.0,-13.967381617869727,FLAT,False,False,False,
2024-02-28T22:14:00+00:00,3339.77,3344.2,13.264386469726468,0.00043581,0.00062574,2024-02-29T00:00:00+00:00,106.0,-14.478213530273532,FLAT,False,False,False,
2024-02-28T22:15:00+00:00,3340.72,3345.41,14.038889820158692,0.00043581,0.00062574,2024-02-29T00:00:00+00:00,105.0,-13.703710179841309,FLAT,False,False,False,
2024-02-28T22:16:00+00:00,3335.18,3339.51,12.9828075246325,0.00043581,0.00062574,2024-02-29T00:00:00+00:00,104.0,-14.759792475367501,FLAT,False,False,False,
2024-02-28T22:17:00+00:00,3339.29,3343.9,13.805329875512841,0.00043581,0.00062574,2024-02-29T00:00:00+00:00,103.0,-13.93727012448716,FLAT,False,False,False,
2024-02-28T22:18:00+00:00,3337.8,3342.38,13.721613038528153,0.00043581,0.00062574,2024-02-29T00:00:00+00:00,102.0,-14.020986961471849,FLAT,False,False,False,
2024-02-28T22:19:00+00:00,3335.66,3339.9,12.711127632912937,0.00043581,0.00062574,2024-02-29T00:00:00+00:00,101.0,-15.031472367087062,FLAT,False,False,False,
2024-02-28T22:20:00+00:00,3332.05,3335.96,11.73451778934846,0.00043581,0.00062574,2024-02-29T00:00:00+00:00,100.0,-16.00808221065154,FLAT,False,False,False,
2024-02-28T22:21:00+00:00,3334.92,3339.33,13.223705516173865,0.00043581,0.00062574,2024-02-29T00:00:00+00:00,99.0,-14.518894483826134,FLAT,False,False,False,
2024-02-28T22:22:00+00:00,3338.78,3342.83,12.13017928704415,0.00043581,0.00062574,2024-02-29T00:00:00+00:00,98.0,-15.61242071295585,FLAT,False,False,False,
2024-02-28T22:23:00+00:00,3342.88,3347.28,13.162303163739324,0.00043581,0.00062574,2024-02-29T00:00:00+00:00,97.0,-14.580296836260676,FLAT,False,False,False,
2024-02-28T22:24:00+00:00,3342.85,3346.81,11.846179158502585,0.00043581,0.00062574,2024-02-29T00:00:00+00:00,96.0,-15.896420841497417,FLAT,False,False,False,
2024-02-28T22:25:00+00:00,3340.74,3344.23,10.446787238756194,0.00043581,0.00062574,2024-02-29T00:00:00+00:00,95.0,-17.295812761243806,FLAT,False,False,False,
2024-02-28T22:26:00+00:00,3339.11,3342.61,10.481834979979695,0.00043581,0.00062574,2024-02-29T00:00:00+00:00,94.0,-17.260765020020305,FLAT,False,False,False,
2024-02-28T22:27:00+00:00,3342.68,3346.07,10.141563057188625,0.00043581,0.00062574,2024-02-29T00:00:00+00:00,93.0,-17.601036942811376,FLAT,False,False,False,
2024-02-28T22:28:00+00:00,3342.87,3346.76,11.63670738018627,0.00043581,0.00062574,2024-02-29T00:00:00+00:00,92.0,-16.10589261981373,FLAT,False,False,False,
2024-02-28T22:29:00+00:00,3342.81,3346.3,10.440318175427969,0.00043581,0.00062574,2024-02-29T00:00:00+00:00,91.0,-17.30228182457203,FLAT,False,False,False,
2024-02-28T22:30:00+00:00,3339.12,3342.57,10.332063537699373,0.00043581,0.00062574,2024-02-29T00:00:00+00:00,90.0,-17.410536462300627,FLAT,False,False,False,
2024-02-28T22:31:00+00:00,3338.4,3341.93,10.573927630001634,0.00043581,0.00062574,2024-02-29T00:00:00+00:00,89.0,-17.168672369998365,FLAT,False,False,False,
2024-02-28T22:32:00+00:00,3336.62,3339.84,9.650484622163312,0.00043581,0.00062574,2024-02-29T00:00:00+00:00,88.0,-18.092115377836688,FLAT,False,False,False,
2024-02-28T22:33:00+00:00,3342.0,3345.45,10.3231597845596,0.00043581,0.00062574,2024-02-29T00:00:00+00:00,87.0,-17.4194402154404,FLAT,False,False,False,
2024-02-28T22:34:00+00:00,3334.01,3337.14,9.388094216872938,0.00043581,0.00062574,2024-02-29T00:00:00+00:00,86.0,-18.354505783127063,FLAT,False,False,False,
2024-02-28T22:35:00+00:00,3334.38,3337.94,10.676647532674576,0.00043581,0.00062574,2024-02-29T00:00:00+00:00,85.0,-17.065952467325424,FLAT,False,False,False,
2024-02-28T22:36:00+00:00,3337.67,3341.11,10.306591124946609,0.00043581,0.00062574,2024-02-29T00:00:00+00:00,84.0,-17.436008875053393,FLAT,False,False,False,
2024-02-28T22:37:00+00:00,3341.57,3344.73,9.456632660694986,0.00043581,0.00062574,2024-02-29T00:00:00+00:00,83.0,-18.285967339305014,FLAT,False,False,False,
2024-02-28T22:38:00+00:00,3337.69,3341.27,10.725981142646344,0.00043581,0.00062574,2024-02-29T00:00:00+00:00,82.0,-17.016618857353656,FLAT,False,False,False,
2024-02-28T22:39:00+00:00,3340.17,3343.2,9.071394569736706,0.00043581,0.00062574,2024-02-29T00:00:00+00:00,81.0,-18.671205430263296,FLAT,False,False,False,
2024-02-28T22:40:00+00:00,3338.58,3341.92,10.004253305297897,0.00043581,0.00062574,2024-02-29T00:00:00+00:00,80.0,-17.738346694702102,FLAT,False,False,False,
2024-02-28T22:41:00+00:00,3336.87,3339.67,8.391097046034703,0.00043581,0.00062574,2024-02-29T00:00:00+00:00,79.0,-19.351502953965298,FLAT,False,False,False,
2024-02-28T22:42:00+00:00,3334.48,3337.36,8.637028862071775,0.00043581,0.00062574,2024-02-29T00:00:00+00:00,78.0,-19.105571137928226,FLAT,False,False,False,
2024-02-28T22:43:00+00:00,3336.7,3339.99,9.86004135822808,0.00043581,0.00062574,2024-02-29T00:00:00+00:00,77.0,-17.88255864177192,FLAT,False,False,False,
2024-02-28T22:44:00+00:00,3337.81,3340.39,7.729619121519581,0.00043581,0.00062574,2024-02-29T00:00:00+00:00,76.0,-20.01298087848042,FLAT,False,False,False,
2024-02-28T22:45:00+00:00,3336.13,3339.27,9.412103245376747,0.00043581,0.00062574,2024-02-29T00:00:00+00:00,75.0,-18.330496754623255,FLAT,False,False,False,
2024-02-28T22:46:00+00:00,3334.81,3337.74,8.78610775426437,0.00043581,0.00062574,2024-02-29T00:00:00+00:00,74.0,-18.95649224573563,FLAT,False,False,False,
2024-02-28T22:47:00+00:00,3336.76,3340.0,9.710018101391114,0.00043581,0.00062574,2024-02-29T00:00:00+00:00,73.0,-18.032581898608885,FLAT,False,False,False,
2024-02-28T22:48:00+00:00,3337.27,3340.37,9.28902965597602,0.00043581,0.00062574,2024-02-29T00:00:00+00:00,72.0,-18.45357034402398,FLAT,False,False,False,
2024-02-28T22:49:00+00:00,3336.25,3339.21,8.872236792806403,0.00043581,0.00062574,2024-02-29T00:00:00+00:00,71.0,-18.8703632071936,FLAT,False,False,False,
2024-02-28T22:50:00+00:00,3335.14,3338.02,8.635319656746372,0.00043581,0.00062574,2024-02-29T00:00:00+00:00,70.0,-19.107280343253628,FLAT,False,False,False,
2024-02-28T22:51:00+00:00,3338.38,3341.47,9.25598643653416,0.00043581,0.00062574,2024-02-29T00:00:00+00:00,69.0,-18.48661356346584,FLAT,False,False,False,
2024-02-28T22:52:00+00:00,3341.93,3344.99,9.156385681327691,0.00043581,0.00062574,2024-02-29T00:00:00+00:00,68.0,-18.586214318672308,FLAT,False,False,False,
2024-02-28T22:53:00+00:00,3338.64,3341.59,8.835933194355405,0.00043581,0.00062574,2024-02-29T00:00:00+00:00,67.0,-18.906666805644594,FLAT,False,False,False,
2024-02-28T22:54:00+00:00,3340.2,3343.42,9.640141308904422,0.00043581,0.00062574,2024-02-29T00:00:00+00:00,66.0,-18.102458691095578,FLAT,False,False,False,
2024-02-28T22:55:00+00:00,3340.88,3344.17,9.847704796340974,0.00043581,0.00062574,2024-02-29T00:00:00+00:00,65.0,-17.894895203659026,FLAT,False,False,False,
2024-02-28T22:56:00+00:00,3336.5,3339.47,8.901543533642439,0.00043581,0.00062574,2024-02-29T00:00:00+00:00,64.0,-18.84105646635756,FLAT,False,False,False,
2024-02-28T22:57:00+00:00,3334.74,3337.94,9.59595050888607,0.00043581,0.00062574,2024-02-29T00:00:00+00:00,63.0,-18.14664949111393,FLAT,False,False,False,
2024-02-28T22:58:00+00:00,3338.38,3341.62,9.70530616646332,0.00043581,0.00062574,2024-02-29T00:00:00+00:00,62.0,-18.03729383353668,FLAT,False,False,False,
2024-02-28T22:59:00+00:00,3340.33,3343.45,9.340394511919154,0.00043581,0.00062574,2024-02-29T00:00:00+00:00,61.0,-18.402205488080845,FLAT,False,False,False,
2024-02-28T23:00:00+00:00,3339.64,3342.58,8.80334407301402,0.00043581,0.00062574,2024-02-29T00:00:00+00:00,60.0,-18.93925592698598,FLAT,False,False,False,
2024-02-28T23:01:00+00:00,3341.81,3344.97,9.455953510223067,0.00043581,0.00062574,2024-02-29T00:00:00+00:00,59.0,-18.286646489776935,FLAT,False,False,False,
2024-02-28T23:02:00+00:00,3345.22,3347.93,8.101111436617133,0.00043581,0.00062574,2024-02-29T00:00:00+00:00,58.0,-19.641488563382868,FLAT,False,False,False,
2024-02-28T23:03:00+00:00,3342.93,3345.56,7.867349899639267,0.00043581,0.00062574,2024-02-29T00:00:00+00:00,57.0,-19.875250100360734,FLAT,False,False,False,
2024-02-28T23:04:00+00:00,3345.54,3349.29,11.208952814792232,0.00043581,0.00062574,2024-02-29T00:00:00+00:00,56.0,-16.53364718520777,FLAT,False,False,False,
2024-02-28T23:05:00+00:00,3349.22,3352.51,9.823182711199678,0.00043581,0.00062574,2024-02-29T00:00:00+00:00,55.0,-17.91941728880032,FLAT,False,False,False,
2024-02-28T23:06:00+00:00,3353.0,3356.92,11.691022964509612,0.00043581,0.00062574,2024-02-29T00:00:00+00:00,54.0,-16.05157703549039,FLAT,False,False,False,
2024-02-28T23:07:00+00:00,3354.57,3358.21,10.850869112881451,0.00043581,0.00062574,2024-02-29T00:00:00+00:00,53.0,-16.89173088711855,FLAT,False,False,False,
2024-02-28T23:08:00+00:00,3354.15,3357.32,9.450978638403388,0.00043581,0.00062574,2024-02-29T00:00:00+00:00,52.0,-18.29162136159661,FLAT,False,False,False,
2024-02-28T23:09:00+00:00,3356.88,3360.53,10.873191773313586,0.00043581,0.00062574,2024-02-29T00:00:00+00:00,51.0,-16.869408226686414,FLAT,False,False,False,
2024-02-28T23:10:00+00:00,3352.8,3356.1,9.842519685038557,0.00043581,0.00062574,2024-02-29T00:00:00+00:00,50.0,-17.900080314961443,FLAT,False,False,False,
2024-02-28T23:11:00+00:00,3352.89,3356.08,9.514180304155683,0.00043581,0.00062574,2024-02-29T00:00:00+00:00,49.0,-18.228419695844316,FLAT,False,False,False,
2024-02-28T23:12:00+00:00,3353.69,3356.48,8.31919467810073,0.00043581,0.00062574,2024-02-29T00:00:00+00:00,48.0,-19.42340532189927,FLAT,False,False,False,
2024-02-28T23:13:00+00:00,3357.03,3359.43,7.149176504230335,0.00043581,0.00062574,2024-02-29T00:00:00+00:00,47.0,-20.593423495769667,FLAT,False,False,False,
2024-02-28T23:14:00+00:00,3360.28,3363.52,9.642053638386628,0.00043581,0.00062574,2024-02-29T00:00:00+00:00,46.0,-18.10054636161337,FLAT,False,False,False,
2024-02-28T23:15:00+00:00,3366.24,3369.66,10.15970340795687,0.00043581,0.00062574,2024-02-29T00:00:00+00:00,45.0,-17.58289659204313,FLAT,False,False,False,
2024-02-28T23:16:00+00:00,3365.13,3368.3,9.420141272402768,0.00043581,0.00062574,2024-02-29T00:00:00+00:00,44.0,-18.322458727597233,FLAT,False,False,False,
2024-02-28T23:17:00+00:00,3367.29,3370.71,10.156535374143814,0.00043581,0.00062574,2024-02-29T00:00:00+00:00,43.0,-17.586064625856185,FLAT,False,False,False,
2024-02-28T23:18:00+00:00,3370.47,3373.66,9.464555388417802,0.00043581,0.00062574,2024-02-29T00:00:00+00:00,42.0,-18.2780446115822,FLAT,False,False,False,
2024-02-28T23:19:00+00:00,3367.94,3370.99,9.055980807258226,0.00043581,0.00062574,2024-02-29T00:00:00+00:00,41.0,-18.686619192741773,FLAT,False,False,False,
2024-02-28T23:20:00+00:00,3358.78,3361.75,8.84249638261452,0.00043581,0.00062574,2024-02-29T00:00:00+00:00,40.0,-18.90010361738548,FLAT,False,False,False,
2024-02-28T23:21:00+00:00,3363.06,3366.44,10.050370793265982,0.00043581,0.00062574,2024-02-29T00:00:00+00:00,39.0,-17.69222920673402,FLAT,False,False,False,
2024-02-28T23:22:00+00:00,3364.99,3368.48,10.371501846960129,0.00043581,0.00062574,2024-02-29T00:00:00+00:00,38.0,-17.37109815303987,FLAT,False,False,False,
2024-02-28T23:23:00+00:00,3368.37,3371.84,10.301718635423825,0.00043581,0.00062574,2024-02-29T00:00:00+00:00,37.0,-17.440881364576175,FLAT,False,False,False,
2024-02-28T23:24:00+00:00,3364.37,3367.78,10.135627175371049,0.00043581,0.00062574,2024-02-29T00:00:00+00:00,36.0,-17.60697282462895,FLAT,False,False,False,
2024-02-28T23:25:00+00:00,3364.26,3367.45,9.482025764951578,0.00043581,0.00062574,2024-02-29T00:00:00+00:00,35.0,-18.260574235048423,FLAT,False,False,False,
2024-02-28T23:26:00+00:00,3366.73,3369.93,9.504771692413167,0.00043581,0.00062574,2024-02-29T00:00:00+00:00,34.0,-18.237828307586835,FLAT,False,False,False,
2024-02-28T23:27:00+00:00,3369.05,3371.98,8.69681364182733,0.00043581,0.00062574,2024-02-29T00:00:00+00:00,33.0,-19.04578635817267,FLAT,False,False,False,
2024-02-28T23:28:00+00:00,3373.45,3376.99,10.493708221553494,0.00043581,0.00062574,2024-02-29T00:00:00+00:00,32.0,-17.248891778446506,FLAT,False,False,False,
2024-02-28T23:29:00+00:00,3371.17,3374.27,9.195620511572864,0.00043581,0.00062574,2024-02-29T00:00:00+00:00,31.0,-18.546979488427137,FLAT,False,False,False,
2024-02-28T23:30:00+00:00,3367.03,3369.72,7.989236805135683,0.00043581,0.00062574,2024-02-29T00:00:00+00:00,30.0,-19.753363194864317,FLAT,False,False,False,
2024-02-28T23:31:00+00:00,3369.9,3372.33,7.210896465770012,0.00043581,0.00062574,2024-02-29T00:00:00+00:00,29.0,-20.53170353422999,FLAT,False,False,False,
2024-02-28T23:32:00+00:00,3371.81,3374.09,6.761946847539453,0.00043581,0.00062574,2024-02-29T00:00:00+00:00,28.0,-20.980653152460548,FLAT,False,False,False,
2024-02-28T23:33:00+00:00,3374.29,3376.98,7.9720474529458185,0.00043581,0.00062574,2024-02-29T00:00:00+00:00,27.0,-19.77055254705418,FLAT,False,False,False,
2024-02-28T23:34:00+00:00,3374.16,3376.92,8.179813642507227,0.00043581,0.00062574,2024-02-29T00:00:00+00:00,26.0,-19.562786357492772,FLAT,False,False,False,
2024-02-28T23:35:00+00:00,3368.91,3371.69,8.251927181195699,0.00043581,0.00062574,2024-02-29T00:00:00+00:00,25.0,-19.490672818804303,FLAT,False,False,False,
2024-02-28T23:36:00+00:00,3372.86,3375.85,8.864880249994904,0.00043581,0.00062574,2024-02-29T00:00:00+00:00,24.0,-18.877719750005095,FLAT,False,False,False,
2024-02-28T23:37:00+00:00,3373.06,3375.75,7.974954492360215,0.00043581,0.00062574,2024-02-29T00:00:00+00:00,23.0,-19.767645507639784,FLAT,False,False,False,
2024-02-28T23:38:00+00:00,3375.57,3379.05,10.309369973071266,0.00043581,0.00062574,2024-02-29T00:00:00+00:00,22.0,-17.433230026928733,FLAT,False,False,False,
2024-02-28T23:39:00+00:00,3379.2,3382.65,10.209517045455353,0.00043581,0.00062574,2024-02-29T00:00:00+00:00,21.0,-17.533082954544646,FLAT,False,False,False,
2024-02-28T23:40:00+00:00,3379.18,3382.91,11.038180860445488,0.00043581,0.00062574,2024-02-29T00:00:00+00:00,20.0,-16.704419139554513,FLAT,False,False,False,
2024-02-28T23:41:00+00:00,3376.39,3379.98,10.632657957167702,0.00043581,0.00062574,2024-02-29T00:00:00+00:00,19.0,-17.109942042832298,FLAT,False,False,False,
2024-02-28T23:42:00+00:00,3377.38,3380.21,8.379276243715326,0.00043581,0.00062574,2024-02-29T00:00:00+00:00,18.0,-19.363323756284675,FLAT,False,False,False,
2024-02-28T23:43:00+00:00,3376.89,3379.12,6.60370933018256,0.00043581,0.00062574,2024-02-29T00:00:00+00:00,17.0,-21.138890669817442,FLAT,False,False,False,
2024-02-28T23:44:00+00:00,3376.35,3378.56,6.545529936173787,0.00043581,0.00062574,2024-02-29T00:00:00+00:00,16.0,-21.197070063826214,FLAT,False,False,False,
2024-02-28T23:45:00+00:00,3375.06,3378.18,9.244280101686758,0.00043581,0.00062574,2024-02-29T00:00:00+00:00,15.0,-18.49831989831324,FLAT,False,False,False,
2024-02-28T23:46:00+00:00,3373.19,3375.79,7.707837388347259,0.00043581,0.00062574,2024-02-29T00:00:00+00:00,14.0,-20.03476261165274,FLAT,False,False,False,
2024-02-28T23:47:00+00:00,3371.96,3375.23,9.69762393385444,0.00043581,0.00062574,2024-02-29T00:00:00+00:00,13.0,-18.044976066145562,FLAT,False,False,False,
2024-02-28T23:48:00+00:00,3364.64,3367.5,8.500166436825715,0.00043581,0.00062574,2024-02-29T00:00:00+00:00,12.0,-19.242433563174284,FLAT,False,False,False,
2024-02-28T23:49:00+00:00,3369.62,3373.01,10.060481597332421,0.00043581,0.00062574,2024-02-29T00:00:00+00:00,11.0,-17.68211840266758,FLAT,False,False,False,
2024-02-28T23:50:00+00:00,3377.03,3380.79,11.134043819568564,0.00043581,0.00062574,2024-02-29T00:00:00+00:00,10.0,-16.608556180431435,FLAT,False,False,False,
2024-02-28T23:51:00+00:00,3379.84,3382.83,8.846572618821547,0.00043581,0.00062574,2024-02-29T00:00:00+00:00,9.0,-18.896027381178452,FLAT,False,False,False,
2024-02-28T23:52:00+00:00,3377.46,3380.79,9.859480201097652,0.00043581,0.00062574,2024-02-29T00:00:00+00:00,8.0,-17.88311979890235,FLAT,False,False,False,
2024-02-28T23:53:00+00:00,3377.12,3380.49,9.97891694698409,0.00043581,0.00062574,2024-02-29T00:00:00+00:00,7.0,-17.76368305301591,FLAT,False,False,False,
2024-02-28T23:54:00+00:00,3378.39,3381.64,9.619966907313838,0.00043581,0.00062574,2024-02-29T00:00:00+00:00,6.0,-18.12263309268616,FLAT,False,False,False,
2024-02-28T23:55:00+00:00,3377.24,3379.82,7.63937416351927,0.00043581,0.00062574,2024-02-29T00:00:00+00:00,5.0,-20.103225836480732,FLAT,False,False,False,
2024-02-28T23:56:00+00:00,3380.77,3384.29,10.41182925783174,0.00043581,0.00062574,2024-02-29T00:00:00+00:00,4.0,-17.33077074216826,FLAT,False,False,False,
2024-02-28T23:57:00+00:00,3382.47,3386.14,10.850059276209613,0.00043581,0.00062574,2024-02-29T00:00:00+00:00,3.0,-16.892540723790386,FLAT,False,False,False,
2024-02-28T23:58:00+00:00,3383.98,3387.16,9.397218659684267,0.00043581,0.00062574,2024-02-29T00:00:00+00:00,2.0,-18.345381340315733,FLAT,False,False,False,
2024-02-28T23:59:00+00:00,3383.1,3387.07,11.734799444297405,0.00043581,0.00062574,2024-02-29T00:00:00+00:00,1.0,-16.007800555702595,FLAT,False,False,False,
