timestamp_utc,instrument,direction,spot_price,perp_price,basis_bps,funding_rate_last,funding_rate_next,next_funding_time,minutes_to_next_funding,expected_edge_bps,confidence_score,state,signal_flag,entry_flag,exit_flag,note
2026-04-18T00:00:00+00:00,ETHUSDT,LONG_SPOT_SHORT_PERP,2420.8,2419.69,-4.585261070720948,1.819e-05,-2.327e-05,2026-04-18T00:00:00.001000+00:00,1.6666666666666667e-05,-20.817961070720948,0.023011763236119975,FLAT,False,False,False,
2026-04-18T00:01:00+00:00,ETHUSDT,LONG_SPOT_SHORT_PERP,2422.51,2421.22,-5.3250554177296205,-2.327e-05,-1.075e-05,2026-04-18T08:00:00.006000+00:00,479.00010000000003,-21.43255541772962,0.17167479986744272,FLAT,False,False,False,
2026-04-18T00:02:00+00:00,ETHUSDT,LONG_SPOT_SHORT_PERP,2421.75,2420.36,-5.73965107876483,-2.327e-05,-1.075e-05,2026-04-18T08:00:00.006000+00:00,478.00010000000003,-21.84715107876483,0.17081610264868052,FLAT,False,False,False,
2026-04-18T00:03:00+00:00,ETHUSDT,LONG_SPOT_SHORT_PERP,2421.64,2420.54,-4.542376240894225,-2.327e-05,-1.075e-05,2026-04-18T08:00:00.006000+00:00,477.00010000000003,-20.649876240894226,0.17339083696851315,FLAT,False,False,False,
2026-04-18T00:04:00+00:00,ETHUSDT,LONG_SPOT_SHORT_PERP,2420.26,2419.17,-4.5036483683577195,-2.327e-05,-1.075e-05,2026-04-18T08:00:00.006000+00:00,476.00010000000003,-20.611148368357718,0.1734790932360097,FLAT,False,False,False,
2026-04-18T00:05:00+00:00,ETHUSDT,LONG_SPOT_SHORT_PERP,2420.69,2419.37,-5.452990676212831,-2.327e-05,-1.075e-05,2026-04-18T08:00:00.006000+00:00,475.00010000000003,-21.56049067621283,0.17140620792533182,FLAT,False,False,False,
2026-04-18T00:06:00+00:00,ETHUSDT,LONG_SPOT_SHORT_PERP,2420.32,2418.85,-6.073577047664171,-2.327e-05,-1.075e-05,2026-04-18T08:00:00.006000+00:00,474.00010000000003,-22.18107704766417,0.17014868137473074,FLAT,False,False,False,
2026-04-18T00:07:00+00:00,ETHUSDT,LONG_SPOT_SHORT_PERP,2421.19,2419.86,-5.49316658337399,-2.327e-05,-1.075e-05,2026-04-18T08:00:00.006000+00:00,473.00010000000003,-21.60066658337399,0.17132253211644857,FLAT,False,False,False,
2026-04-18T00:08:00+00:00,ETHUSDT,LONG_SPOT_SHORT_PERP,2421.22,2419.98,-5.121385086856138,-2.327e-05,-1.075e-05,2026-04-18T08:00:00.006000+00:00,472.00010000000003,-21.22888508685614,0.1721091772051148,FLAT,False,False,False,
2026-04-18T00:09:00+00:00,ETHUSDT,LONG_SPOT_SHORT_PERP,2417.63,2416.38,-5.170352783511125,-2.327e-05,-1.075e-05,2026-04-18T08:00:00.006000+00:00,471.00010000000003,-21.277852783511126,0.1720039740663726,FLAT,False,False,False,
2026-04-18T00:10:00+00:00,ETHUSDT,LONG_SPOT_SHORT_PERP,2419.13,2417.99,-4.712437942567482,-2.327e-05,-1.075e-05,2026-04-18T08:00:00.006000+00:00,470.00010000000003,-20.81993794256748,0.17300708772302145,FLAT,False,False,False,
2026-04-18T00:11:00+00:00,ETHUSDT,LONG_SPOT_SHORT_PERP,2418.98,2417.6,-5.704883876675744,-2.327e-05,-1.075e-05,2026-04-18T08:00:00.006000+00:00,469.00010000000003,-21.812383876675746,0.17088681890081034,FLAT,False,False,False,
2026-04-18T00:12:00+00:00,ETHUSDT,LONG_SPOT_SHORT_PERP,2418.49,2417.06,-5.912780288526463,-2.327e-05,-1.075e-05,2026-04-18T08:00:00.006000+00:00,468.00010000000003,-22.020280288526465,0.17046742006100343,FLAT,False,False,False,
2026-04-18T00:13:00+00:00,ETHUSDT,LONG_SPOT_SHORT_PERP,2418.37,2417.27,-4.548518216815083,-2.327e-05,-1.075e-05,2026-04-18T08:00:00.006000+00:00,467.00010000000003,-20.656018216815085,0.17337686977550312,FLAT,False,False,False,
2026-04-18T00:14:00+00:00,ETHUSDT,LONG_SPOT_SHORT_PERP,2417.8,2416.56,-5.1286293324519665,-2.327e-05,-1.075e-05,2026-04-18T08:00:00.006000+00:00,466.00010000000003,-21.236129332451966,0.17209358272963293,FLAT,False,False,False,
2026-04-18T00:15:00+00:00,ETHUSDT,LONG_SPOT_SHORT_PERP,2419.09,2417.71,-5.704624466225354,-2.327e-05,-1.075e-05,2026-04-18T08:00:00.006000+00:00,465.00010000000003,-21.812124466225356,0.1708873474190976,FLAT,False,False,False,
2026-04-18T00:16:00+00:00,ETHUSDT,LONG_SPOT_SHORT_PERP,2420.69,2419.58,-4.5854694322698375,-2.327e-05,-1.075e-05,2026-04-18T08:00:00.006000+00:00,464.00010000000003,-20.692969432269837,0.17329301155722673,FLAT,False,False,False,
2026-04-18T00:17:00+00:00,ETHUSDT,LONG_SPOT_SHORT_PERP,2420.67,2419.19,-6.114009757629161,-2.327e-05,-1.075e-05,2026-04-18T08:00:00.006000+00:00,463.00010000000003,-22.22150975762916,0.17006929888880631,FLAT,False,False,False,
2026-04-18T00:18:00+00:00,ETHUSDT,LONG_SPOT_SHORT_PERP,2420.54,2419.23,-5.412015500673178,-2.327e-05,-1.075e-05,2026-04-18T08:00:00.006000+00:00,462.00010000000003,-21.51951550067318,0.1714918778678254,FLAT,False,False,False,
2026-04-18T00:19:00+00:00,ETHUSDT,LONG_SPOT_SHORT_PERP,2420.49,2419.23,-5.2055575523954385,-2.327e-05,-1.075e-05,2026-04-18T08:00:00.006000+00:00,461.00010000000003,-21.31305755239544,0.17192864072642727,FLAT,False,False,False,
2026-04-18T00:20:00+00:00,ETHUSDT,LONG_SPOT_SHORT_PERP,2419.45,2418.01,-5.95176589720639,-2.327e-05,-1.075e-05,2026-04-18T08:00:00.006000+00:00,460.00010000000003,-22.05926589720639,0.1703896922657573,FLAT,False,False,False,
2026-04-18T00:21:00+00:00,ETHUSDT,LONG_SPOT_SHORT_PERP,2419.26,2417.86,-5.786893512892748,-2.327e-05,-1.075e-05,2026-04-18T08:00:00.006000+00:00,459.00010000000003,-21.894393512892748,0.17072038582062185,FLAT,False,False,False,
2026-04-18T00:22:00+00:00,ETHUSDT,LONG_SPOT_SHORT_PERP,2419.23,2417.85,-5.704294341588477,-2.327e-05,-1.075e-05,2026-04-18T08:00:00.006000+00:00,458.00010000000003,-21.811794341588477,0.1708880200280759,FLAT,False,False,False,
2026-04-18T00:23:00+00:00,ETHUSDT,LONG_SPOT_SHORT_PERP,2417.93,2416.85,-4.466630547616877,-2.327e-05,-1.075e-05,2026-04-18T08:00:00.006000+00:00,457.00010000000003,-20.574130547616875,0.173563754876255,FLAT,False,False,False,
2026-04-18T00:24:00+00:00,ETHUSDT,LONG_SPOT_SHORT_PERP,2419.31,2418.0,-5.4147670203485525,-2.327e-05,-1.075e-05,2026-04-18T08:00:00.006000+00:00,456.00010000000003,-21.52226702034855,0.17148611460925062,FLAT,False,False,False,
2026-04-18T00:25:00+00:00,ETHUSDT,LONG_SPOT_SHORT_PERP,2419.71,2418.49,-5.041926511855779,-2.327e-05,-1.075e-05,2026-04-18T08:00:00.006000+00:00,455.00010000000003,-21.14942651185578,0.1722809300548705,FLAT,False,False,False,
2026-04-18T00:26:00+00:00,ETHUSDT,LONG_SPOT_SHORT_PERP,2421.21,2419.99,-5.038802912594342,-2.327e-05,-1.075e-05,2026-04-18T08:00:00.006000+00:00,454.00010000000003,-21.146302912594344,0.17228770829476892,FLAT,False,False,False,
2026-04-18T00:27:00+00:00,ETHUSDT,LONG_SPOT_SHORT_PERP,2420.59,2419.36,-5.081405772972779,-2.327e-05,-1.075e-05,2026-04-18T08:00:00.006000+00:00,453.00010000000003,-21.18890577297278,0.17219543239564503,FLAT,False,False,False,
2026-04-18T00:28:00+00:00,ETHUSDT,LONG_SPOT_SHORT_PERP,2421.8,2420.43,-5.656949376498247,-2.327e-05,-1.075e-05,2026-04-18T08:00:00.006000+00:00,452.00010000000003,-21.76444937649825,0.17098470148441428,FLAT,False,False,False,
2026-04-18T00:29:00+00:00,ETHUSDT,LONG_SPOT_SHORT_PERP,2421.61,2420.28,-5.492213857722454,-2.327e-05,-1.075e-05,2026-04-18T08:00:00.006000+00:00,451.00010000000003,-21.599713857722456,0.17132451269873553,FLAT,False,False,False,
2026-04-18T00:30:00+00:00,ETHUSDT,LONG_SPOT_SHORT_PERP,2421.72,2420.29,-5.904894042250287,-2.327e-05,-1.075e-05,2026-04-18T08:00:00.006000+00:00,450.00010000000003,-22.012394042250286,0.17048317841922855,FLAT,False,False,False,
2026-04-18T00:31:00+00:00,ETHUSDT,LONG_SPOT_SHORT_PERP,2421.99,2420.71,-5.284910342320759,-2.327e-05,-1.075e-05,2026-04-18T08:00:00.006000+00:00,449.00010000000003,-21.39241034232076,0.17175975640575117,FLAT,False,False,False,
2026-04-18T00:32:00+00:00,ETHUSDT,LONG_SPOT_SHORT_PERP,2421.26,2419.91,-5.5756093934578015,-2.327e-05,-1.075e-05,2026-04-18T08:00:00.006000+00:00,448.00010000000003,-21.6831093934578,0.17115182224631414,FLAT,False,False,False,
2026-04-18T00:33:00+00:00,ETHUSDT,LONG_SPOT_SHORT_PERP,2418.45,2417.01,-5.9542268808517855,-2.327e-05,-1.075e-05,2026-04-18T08:00:00.006000+00:00,447.00010000000003,-22.061726880851786,0.17038479533754416,FLAT,False,False,False,
2026-04-18T00:34:00+00:00,ETHUSDT,LONG_SPOT_SHORT_PERP,2413.3,2412.01,-5.345377698586846,-2.327e-05,-1.075e-05,2026-04-18T08:00:00.006000+00:00,446.00010000000003,-21.452877698586846,0.17163191631457925,FLAT,False,False,False,
2026-04-18T00:35:00+00:00,ETHUSDT,LONG_SPOT_SHORT_PERP,2414.2,2412.8,-5.799022450499694,-2.327e-05,-1.075e-05,2026-04-18T08:00:00.006000+00:00,445.00010000000003,-21.906522450499693,0.17069588096507843,FLAT,False,False,False,
2026-04-18T00:36:00+00:00,ETHUSDT,LONG_SPOT_SHORT_PERP,2412.19,2411.01,-4.891820296078817,-2.327e-05,-1.075e-05,2026-04-18T08:00:00.006000+00:00,444.00010000000003,-20.999320296078817,0.17260894035541605,FLAT,False,False,False,
2026-04-18T00:37:00+00:00,ETHUSDT,LONG_SPOT_SHORT_PERP,2412.39,2411.28,-4.601246067176835,-2.327e-05,-1.075e-05,2026-04-18T08:00:00.006000+00:00,443.00010000000003,-20.708746067176836,0.17325729669967485,FLAT,False,False,False,
2026-04-18T00:38:00+00:00,ETHUSDT,LONG_SPOT_SHORT_PERP,2416.99,2415.81,-4.882105428652317,-2.327e-05,-1.075e-05,2026-04-18T08:00:00.006000+00:00,442.00010000000003,-20.989605428652318,0.17263033025421254,FLAT,False,False,False,
2026-04-18T00:39:00+00:00,ETHUSDT,LONG_SPOT_SHORT_PERP,2415.36,2414.09,-5.25801536830941,-2.327e-05,-1.075e-05,2026-04-18T08:00:00.006000+00:00,441.00010000000003,-21.36551536830941,0.1718168538630663,FLAT,False,False,False,
2026-04-18T00:40:00+00:00,ETHUSDT,LONG_SPOT_SHORT_PERP,2417.24,2415.93,-5.419403948304452,-2.327e-05,-1.075e-05,2026-04-18T08:00:00.006000+00:00,440.00010000000003,-21.52690394830445,0.1714764056315091,FLAT,False,False,False,
2026-04-18T00:41:00+00:00,ETHUSDT,LONG_SPOT_SHORT_PERP,2416.98,2415.56,-5.875100331819348,-2.327e-05,-1.075e-05,2026-04-18T08:00:00.006000+00:00,439.00010000000003,-21.98260033181935,0.17054281930828463,FLAT,False,False,False,
2026-04-18T00:42:00+00:00,ETHUSDT,LONG_SPOT_SHORT_PERP,2416.77,2415.58,-4.923927390691106,-2.327e-05,-1.075e-05,2026-04-18T08:00:00.006000+00:00,438.00010000000003,-21.031427390691107,0.17253838773719665,FLAT,False,False,False,
2026-04-18T00:43:00+00:00,ETHUSDT,LONG_SPOT_SHORT_PERP,2416.6,2415.39,-5.007034676818821,-2.327e-05,-1.075e-05,2026-04-18T08:00:00.006000+00:00,437.00010000000003,-21.11453467681882,0.1723567597411604,FLAT,False,False,False,
2026-04-18T00:44:00+00:00,ETHUSDT,LONG_SPOT_SHORT_PERP,2414.11,2413.03,-4.4736983815978855,-2.327e-05,-1.075e-05,2026-04-18T08:00:00.006000+00:00,436.00010000000003,-20.581198381597886,0.17354756750581374,FLAT,False,False,False,
2026-04-18T00:45:00+00:00,ETHUSDT,LONG_SPOT_SHORT_PERP,2413.99,2412.99,-4.142519231645533,-2.327e-05,-1.075e-05,2026-04-18T08:00:00.006000+00:00,435.00010000000003,-20.25001923164553,0.17431778672628517,FLAT,False,False,False,
2026-04-18T00:46:00+00:00,ETHUSDT,LONG_SPOT_SHORT_PERP,2415.64,2414.52,-4.636452451523782,-2.327e-05,-1.075e-05,2026-04-18T08:00:00.006000+00:00,434.00010000000003,-20.743952451523782,0.17317778892551128,FLAT,False,False,False,
2026-04-18T00:47:00+00:00,ETHUSDT,LONG_SPOT_SHORT_PERP,2417.83,2416.92,-3.763705471434528,-2.327e-05,-1.075e-05,2026-04-18T08:00:00.006000+00:00,433.00010000000003,-19.87120547143453,0.17522878208794546,FLAT,False,False,False,
2026-04-18T00:48:00+00:00,ETHUSDT,LONG_SPOT_SHORT_PERP,2418.3,2417.21,-4.507298515486687,-2.327e-05,-1.075e-05,2026-04-18T08:00:00.006000+00:00,432.00010000000003,-20.614798515486687,0.1734707611887059,FLAT,False,False,False,
2026-04-18T00:49:00+00:00,ETHUSDT,LONG_SPOT_SHORT_PERP,2421.18,2420.09,-4.501937072004935,-2.327e-05,-1.075e-05,2026-04-18T08:00:00.006000+00:00,431.00010000000003,-20.609437072004937,0.17348300053433047,FLAT,False,False,False,
2026-04-18T00:50:00+00:00,ETHUSDT,LONG_SPOT_SHORT_PERP,2419.53,2418.29,-5.124962286064799,-2.327e-05,-1.075e-05,2026-04-18T08:00:00.006000+00:00,430.00010000000003,-21.2324622860648,0.17210147533458142,FLAT,False,False,False,
2026-04-18T00:51:00+00:00,ETHUSDT,LONG_SPOT_SHORT_PERP,2419.01,2417.78,-5.084724742766744,-2.327e-05,-1.075e-05,2026-04-18T08:00:00.006000+00:00,429.00010000000003,-21.192224742766744,0.1721882592855369,FLAT,False,False,False,
2026-04-18T00:52:00+00:00,ETHUSDT,LONG_SPOT_SHORT_PERP,2420.44,2419.37,-4.420683842607806,-2.327e-05,-1.075e-05,2026-04-18T08:00:00.006000+00:00,428.00010000000003,-20.528183842607806,0.17366924989633942,FLAT,False,False,False,
2026-04-18T00:53:00+00:00,ETHUSDT,LONG_SPOT_SHORT_PERP,2421.14,2420.23,-3.758560017181388,-2.327e-05,-1.075e-05,2026-04-18T08:00:00.006000+00:00,427.00010000000003,-19.86606001718139,0.175241381192524,FLAT,False,False,False,
2026-04-18T00:54:00+00:00,ETHUSDT,LONG_SPOT_SHORT_PERP,2422.04,2421.15,-3.6745883635277394,-2.327e-05,-1.075e-05,2026-04-18T08:00:00.006000+00:00,426.00010000000003,-19.78208836352774,0.17544785725878487,FLAT,False,False,False,
2026-04-18T00:55:00+00:00,ETHUSDT,LONG_SPOT_SHORT_PERP,2423.26,2422.31,-3.9203387172662976,-2.327e-05,-1.075e-05,2026-04-18T08:00:00.006000+00:00,425.00010000000003,-20.0278387172663,0.17484815615553093,FLAT,False,False,False,
2026-04-18T00:56:00+00:00,ETHUSDT,LONG_SPOT_SHORT_PERP,2421.44,2420.27,-4.831835601956161,-2.327e-05,-1.075e-05,2026-04-18T08:00:00.006000+00:00,424.00010000000003,-20.93933560195616,0.17274132763619948,FLAT,False,False,False,
2026-04-18T00:57:00+00:00,ETHUSDT,LONG_SPOT_SHORT_PERP,2419.45,2418.41,-4.298497592427881,-2.327e-05,-1.075e-05,2026-04-18T08:00:00.006000+00:00,423.00010000000003,-20.40599759242788,0.17395203017390157,FLAT,False,False,False,
2026-04-18T00:58:00+00:00,ETHUSDT,LONG_SPOT_SHORT_PERP,2419.21,2418.12,-4.505603068770985,-2.327e-05,-1.075e-05,2026-04-18T08:00:00.006000+00:00,422.00010000000003,-20.613103068770986,0.17347463096089458,FLAT,False,False,False,
2026-04-18T00:59:00+00:00,ETHUSDT,LONG_SPOT_SHORT_PERP,2420.99,2419.81,-4.874039132750802,-2.327e-05,-1.075e-05,2026-04-18T08:00:00.006000+00:00,421.00010000000003,-20.981539132750804,0.1726481053336619,FLAT,False,False,False,
2026-04-18T01:00:00+00:00,ETHUSDT,LONG_SPOT_SHORT_PERP,2418.99,2418.01,-4.051277599326841,-2.327e-05,-1.075e-05,2026-04-18T08:00:00.006000+00:00,420.00010000000003,-20.15877759932684,0.17453424790477054,FLAT,False,False,False,
2026-04-18T01:01:00+00:00,ETHUSDT,LONG_SPOT_SHORT_PERP,2417.27,2416.34,-3.8473153598887846,-2.327e-05,-1.075e-05,2026-04-18T08:00:00.006000+00:00,419.00010000000003,-19.954815359888784,0.17502490823083522,FLAT,False,False,False,
2026-04-18T01:02:00+00:00,ETHUSDT,LONG_SPOT_SHORT_PERP,2419.18,2418.25,-3.84427781314262,-2.327e-05,-1.075e-05,2026-04-18T08:00:00.006000+00:00,418.00010000000003,-19.95177781314262,0.1750322869239996,FLAT,False,False,False,
2026-04-18T01:03:00+00:00,ETHUSDT,LONG_SPOT_SHORT_PERP,2419.43,2418.45,-4.0505408298649614,-2.327e-05,-1.075e-05,2026-04-18T08:00:00.006000+00:00,417.00010000000003,-20.158040829864962,0.1745360033996817,FLAT,False,False,False,
2026-04-18T01:04:00+00:00,ETHUSDT,LONG_SPOT_SHORT_PERP,2420.18,2419.41,-3.181581535257633,-2.327e-05,-1.075e-05,2026-04-18T08:00:00.006000+00:00,416.00010000000003,-19.289081535257633,0.17669350790467242,FLAT,False,False,False,
2026-04-18T01:05:00+00:00,ETHUSDT,LONG_SPOT_SHORT_PERP,2421.28,2420.57,-2.9323333113065666,-2.327e-05,-1.075e-05,2026-04-18T08:00:00.006000+00:00,415.00010000000003,-19.039833311306566,0.17734552631502884,FLAT,False,False,False,
2026-04-18T01:06:00+00:00,ETHUSDT,LONG_SPOT_SHORT_PERP,2422.99,2422.06,-3.83823292708528,-2.327e-05,-1.075e-05,2026-04-18T08:00:00.006000+00:00,414.00010000000003,-19.94573292708528,0.1750469772085904,FLAT,False,False,False,
2026-04-18T01:07:00+00:00,ETHUSDT,LONG_SPOT_SHORT_PERP,2421.7,2420.65,-4.3357971672780575,-2.327e-05,-1.075e-05,2026-04-18T08:00:00.006000+00:00,413.00010000000003,-20.443297167278057,0.17386536024899335,FLAT,False,False,False,
2026-04-18T01:08:00+00:00,ETHUSDT,LONG_SPOT_SHORT_PERP,2421.63,2420.8,-3.4274434988000944,-2.327e-05,-1.075e-05,2026-04-18T08:00:00.006000+00:00,412.00010000000003,-19.534943498800093,0.1760650979099837,FLAT,False,False,False,
2026-04-18T01:09:00+00:00,ETHUSDT,LONG_SPOT_SHORT_PERP,2422.4,2421.32,-4.458388375164825,-2.327e-05,-1.075e-05,2026-04-18T08:00:00.006000+00:00,411.00010000000003,-20.565888375164825,0.17358264547334104,FLAT,False,False,False,
2026-04-18T01:10:00+00:00,ETHUSDT,LONG_SPOT_SHORT_PERP,2425.01,2424.29,-2.969059921403436,-2.327e-05,-1.075e-05,2026-04-18T08:00:00.006000+00:00,410.00010000000003,-19.076559921403437,0.1772484932773549,FLAT,False,False,False,
2026-04-18T01:11:00+00:00,ETHUSDT,LONG_SPOT_SHORT_PERP,2424.75,2423.86,-3.670481492936891,-2.327e-05,-1.075e-05,2026-04-18T08:00:00.006000+00:00,409.00010000000003,-19.777981492936892,0.17545799742978793,FLAT,False,False,False,
2026-04-18T01:12:00+00:00,ETHUSDT,LONG_SPOT_SHORT_PERP,2427.64,2426.61,-4.242803710598546,-2.327e-05,-1.075e-05,2026-04-18T08:00:00.006000+00:00,408.00010000000003,-20.350303710598546,0.1740820105405299,FLAT,False,False,False,
2026-04-18T01:13:00+00:00,ETHUSDT,LONG_SPOT_SHORT_PERP,2425.91,2424.99,-3.79239130882874,-2.327e-05,-1.075e-05,2026-04-18T08:00:00.006000+00:00,407.00010000000003,-19.89989130882874,0.17515865390951094,FLAT,False,False,False,
2026-04-18T01:14:00+00:00,ETHUSDT,LONG_SPOT_SHORT_PERP,2426.73,2425.63,-4.532848730595942,-2.327e-05,-1.075e-05,2026-04-18T08:00:00.006000+00:00,406.00010000000003,-20.640348730595942,0.173412519100819,FLAT,False,False,False,
2026-04-18T01:15:00+00:00,ETHUSDT,LONG_SPOT_SHORT_PERP,2425.58,2424.31,-5.235861113630479,-2.327e-05,-1.075e-05,2026-04-18T08:00:00.006000+00:00,405.00010000000003,-21.34336111363048,0.17186399642381037,FLAT,False,False,False,
2026-04-18T01:16:00+00:00,ETHUSDT,LONG_SPOT_SHORT_PERP,2424.41,2423.38,-4.248456325455453,-2.327e-05,-1.075e-05,2026-04-18T08:00:00.006000+00:00,404.00010000000003,-20.355956325455452,0.17406878710348933,FLAT,False,False,False,
2026-04-18T01:17:00+00:00,ETHUSDT,LONG_SPOT_SHORT_PERP,2424.19,2423.08,-4.578849017610531,-2.327e-05,-1.075e-05,2026-04-18T08:00:00.006000+00:00,403.00010000000003,-20.68634901761053,0.17330801460194611,FLAT,False,False,False,
2026-04-18T01:18:00+00:00,ETHUSDT,LONG_SPOT_SHORT_PERP,2424.49,2423.42,-4.413299291808624,-2.327e-05,-1.075e-05,2026-04-18T08:00:00.006000+00:00,402.00010000000003,-20.520799291808622,0.17368624778560446,FLAT,False,False,False,
2026-04-18T01:19:00+00:00,ETHUSDT,LONG_SPOT_SHORT_PERP,2424.74,2423.7,-4.289119658190007,-2.327e-05,-1.075e-05,2026-04-18T08:00:00.006000+00:00,401.00010000000003,-20.396619658190005,0.17397386893657818,FLAT,False,False,False,
2026-04-18T01:20:00+00:00,ETHUSDT,LONG_SPOT_SHORT_PERP,2423.94,2422.99,-3.919238925057026,-2.327e-05,-1.075e-05,2026-04-18T08:00:00.006000+00:00,400.00010000000003,-20.026738925057025,0.17485080918601922,FLAT,False,False,False,
2026-04-18T01:21:00+00:00,ETHUSDT,LONG_SPOT_SHORT_PERP,2423.69,2422.71,-4.04342139465038,-2.327e-05,-1.075e-05,2026-04-18T08:00:00.006000+00:00,399.00010000000003,-20.150921394650382,0.17455297310313997,FLAT,False,False,False,
2026-04-18T01:22:00+00:00,ETHUSDT,LONG_SPOT_SHORT_PERP,2424.36,2423.0,-5.6097279281960075,-2.327e-05,-1.075e-05,2026-04-18T08:00:00.006000+00:00,398.00010000000003,-21.717227928196007,0.17108156512221961,FLAT,False,False,False,
2026-04-18T01:23:00+00:00,ETHUSDT,LONG_SPOT_SHORT_PERP,2424.46,2423.37,-4.495846497777425,-2.327e-05,-1.075e-05,2026-04-18T08:00:00.006000+00:00,397.00010000000003,-20.603346497777423,0.17349691189611305,FLAT,False,False,False,
2026-04-18T01:24:00+00:00,ETHUSDT,LONG_SPOT_SHORT_PERP,2424.5,2423.59,-3.7533512064337162,-2.327e-05,-1.075e-05,2026-04-18T08:00:00.006000+00:00,396.00010000000003,-19.860851206433715,0.17525414164353031,FLAT,False,False,False,
2026-04-18T01:25:00+00:00,ETHUSDT,LONG_SPOT_SHORT_PERP,2423.7,2422.49,-4.992367042125826,-2.327e-05,-1.075e-05,2026-04-18T08:00:00.006000+00:00,395.00010000000003,-21.099867042125826,0.17238871151454152,FLAT,False,False,False,
2026-04-18T01:26:00+00:00,ETHUSDT,LONG_SPOT_SHORT_PERP,2424.06,2422.89,-4.826613202643799,-2.327e-05,-1.075e-05,2026-04-18T08:00:00.006000+00:00,394.00010000000003,-20.9341132026438,0.17275288917475856,FLAT,False,False,False,
2026-04-18T01:27:00+00:00,ETHUSDT,LONG_SPOT_SHORT_PERP,2424.38,2423.4,-4.04227060114346,-2.327e-05,-1.075e-05,2026-04-18T08:00:00.006000+00:00,393.00010000000003,-20.14977060114346,0.17455571717397794,FLAT,False,False,False,
2026-04-18T01:28:00+00:00,ETHUSDT,LONG_SPOT_SHORT_PERP,2423.42,2422.32,-4.5390398692752765,-2.327e-05,-1.075e-05,2026-04-18T08:00:00.006000+00:00,392.00010000000003,-20.646539869275276,0.17339842746060266,FLAT,False,False,False,
2026-04-18T01:29:00+00:00,ETHUSDT,LONG_SPOT_SHORT_PERP,2423.88,2422.88,-4.125616779708566,-2.327e-05,-1.075e-05,2026-04-18T08:00:00.006000+00:00,391.00010000000003,-20.233116779708567,0.1743577456538543,FLAT,False,False,False,
2026-04-18T01:30:00+00:00,ETHUSDT,LONG_SPOT_SHORT_PERP,2422.33,2421.35,-4.045691544917572,-2.327e-05,-1.075e-05,2026-04-18T08:00:00.006000+00:00,390.00010000000003,-20.153191544917572,0.17454756079482997,FLAT,False,False,False,
2026-04-18T01:31:00+00:00,ETHUSDT,LONG_SPOT_SHORT_PERP,2422.67,2421.68,-4.08640054155224,-2.327e-05,-1.075e-05,2026-04-18T08:00:00.006000+00:00,389.00010000000003,-20.19390054155224,0.17445070198135615,FLAT,False,False,False,
2026-04-18T01:32:00+00:00,ETHUSDT,LONG_SPOT_SHORT_PERP,2422.68,2421.73,-3.921277263195379,-2.327e-05,-1.075e-05,2026-04-18T08:00:00.006000+00:00,388.00010000000003,-20.02877726319538,0.17484589231694428,FLAT,False,False,False,
2026-04-18T01:33:00+00:00,ETHUSDT,LONG_SPOT_SHORT_PERP,2422.04,2421.0,-4.2939010090665874,-2.327e-05,-1.075e-05,2026-04-18T08:00:00.006000+00:00,387.00010000000003,-20.40140100906659,0.17396273200282256,FLAT,False,False,False,
2026-04-18T01:34:00+00:00,ETHUSDT,LONG_SPOT_SHORT_PERP,2420.42,2419.3,-4.627296089108051,-2.327e-05,-1.075e-05,2026-04-18T08:00:00.006000+00:00,386.00010000000003,-20.734796089108052,0.17319844159435888,FLAT,False,False,False,
2026-04-18T01:35:00+00:00,ETHUSDT,LONG_SPOT_SHORT_PERP,2421.1,2420.21,-3.67601503448793,-2.327e-05,-1.075e-05,2026-04-18T08:00:00.006000+00:00,385.00010000000003,-19.78351503448793,0.17544433561750672,FLAT,False,False,False,
2026-04-18T01:36:00+00:00,ETHUSDT,LONG_SPOT_SHORT_PERP,2420.52,2419.41,-4.585791482822399,-2.327e-05,-1.075e-05,2026-04-18T08:00:00.006000+00:00,384.00010000000003,-20.6932914828224,0.1732922819724492,FLAT,False,False,False,
2026-04-18T01:37:00+00:00,ETHUSDT,LONG_SPOT_SHORT_PERP,2419.89,2418.62,-5.248172437590064,-2.327e-05,-1.075e-05,2026-04-18T08:00:00.006000+00:00,383.00010000000003,-21.355672437590066,0.17183778663733654,FLAT,False,False,False,
2026-04-18T01:38:00+00:00,ETHUSDT,LONG_SPOT_SHORT_PERP,2418.84,2417.88,-3.9688445701246726,-2.327e-05,-1.075e-05,2026-04-18T08:00:00.006000+00:00,382.00010000000003,-20.07634457012467,0.1747314182671768,FLAT,False,False,False,
2026-04-18T01:39:00+00:00,ETHUSDT,LONG_SPOT_SHORT_PERP,2419.69,2418.74,-3.9261227677936956,-2.327e-05,-1.075e-05,2026-04-18T08:00:00.006000+00:00,381.00010000000003,-20.033622767793695,0.174834207802114,FLAT,False,False,False,
2026-04-18T01:40:00+00:00,ETHUSDT,LONG_SPOT_SHORT_PERP,2421.11,2420.18,-3.841213327772348,-2.327e-05,-1.075e-05,2026-04-18T08:00:00.006000+00:00,380.00010000000003,-19.94871332777235,0.17503973319319646,FLAT,False,False,False,
2026-04-18T01:41:00+00:00,ETHUSDT,LONG_SPOT_SHORT_PERP,2420.84,2419.87,-4.006873647164846,-2.327e-05,-1.075e-05,2026-04-18T08:00:00.006000+00:00,379.00010000000003,-20.114373647164847,0.17464026680703243,FLAT,False,False,False,
2026-04-18T01:42:00+00:00,ETHUSDT,LONG_SPOT_SHORT_PERP,2421.01,2420.06,-3.9239821396866295,-2.327e-05,-1.075e-05,2026-04-18T08:00:00.006000+00:00,378.00010000000003,-20.03148213968663,0.1748393690841535,FLAT,False,False,False,
2026-04-18T01:43:00+00:00,ETHUSDT,LONG_SPOT_SHORT_PERP,2422.31,2421.57,-3.054935165192654,-2.327e-05,-1.075e-05,2026-04-18T08:00:00.006000+00:00,377.00010000000003,-19.162435165192655,0.1770229053390432,FLAT,False,False,False,
2026-04-18T01:44:00+00:00,ETHUSDT,LONG_SPOT_SHORT_PERP,2420.01,2418.89,-4.628080049257423,-2.327e-05,-1.075e-05,2026-04-18T08:00:00.006000+00:00,376.00010000000003,-20.735580049257422,0.17319667263007332,FLAT,False,False,False,
2026-04-18T01:45:00+00:00,ETHUSDT,LONG_SPOT_SHORT_PERP,2421.25,2420.26,-4.088797108930436,-2.327e-05,-1.075e-05,2026-04-18T08:00:00.006000+00:00,375.00010000000003,-20.196297108930438,0.17444501140812868,FLAT,False,False,False,
2026-04-18T01:46:00+00:00,ETHUSDT,LONG_SPOT_SHORT_PERP,2422.42,2421.35,-4.417070532773688,-2.327e-05,-1.075e-05,2026-04-18T08:00:00.006000+00:00,374.00010000000003,-20.524570532773687,0.17367756559571354,FLAT,False,False,False,
2026-04-18T01:47:00+00:00,ETHUSDT,LONG_SPOT_SHORT_PERP,2422.62,2421.49,-4.664371630714306,-2.327e-05,-1.075e-05,2026-04-18T08:00:00.006000+00:00,373.00010000000003,-20.771871630714305,0.1731149259751042,FLAT,False,False,False,
2026-04-18T01:48:00+00:00,ETHUSDT,LONG_SPOT_SHORT_PERP,2421.96,2420.83,-4.665642702604953,-2.327e-05,-1.075e-05,2026-04-18T08:00:00.006000+00:00,372.00010000000003,-20.773142702604954,0.17311206797165363,FLAT,False,False,False,
2026-04-18T01:49:00+00:00,ETHUSDT,LONG_SPOT_SHORT_PERP,2419.42,2418.48,-3.885228691174143,-2.327e-05,-1.075e-05,2026-04-18T08:00:00.006000+00:00,371.00010000000003,-19.992728691174143,0.1749329878701873,FLAT,False,False,False,
2026-04-18T01:50:00+00:00,ETHUSDT,LONG_SPOT_SHORT_PERP,2420.35,2419.22,-4.66874625570727,-2.327e-05,-1.075e-05,2026-04-18T08:00:00.006000+00:00,370.00010000000003,-20.77624625570727,0.17310509107985128,FLAT,False,False,False,
2026-04-18T01:51:00+00:00,ETHUSDT,LONG_SPOT_SHORT_PERP,2419.91,2418.71,-4.958862106441224,-2.327e-05,-1.075e-05,2026-04-18T08:00:00.006000+00:00,369.00010000000003,-21.066362106441225,0.17246186495112592,FLAT,False,False,False,
2026-04-18T01:52:00+00:00,ETHUSDT,LONG_SPOT_SHORT_PERP,2418.85,2417.56,-5.333112842879731,-2.327e-05,-1.075e-05,2026-04-18T08:00:00.006000+00:00,368.00010000000003,-21.44061284287973,0.17165778740063298,FLAT,False,False,False,
2026-04-18T01:53:00+00:00,ETHUSDT,LONG_SPOT_SHORT_PERP,2419.13,2418.01,-4.629763592696096,-2.327e-05,-1.075e-05,2026-04-18T08:00:00.006000+00:00,367.00010000000003,-20.737263592696095,0.17319287424712243,FLAT,False,False,False,
2026-04-18T01:54:00+00:00,ETHUSDT,LONG_SPOT_SHORT_PERP,2419.34,2418.34,-4.133358684599932,-2.327e-05,-1.075e-05,2026-04-18T08:00:00.006000+00:00,366.00010000000003,-20.24085868459993,0.17433943518617295,FLAT,False,False,False,
2026-04-18T01:55:00+00:00,ETHUSDT,LONG_SPOT_SHORT_PERP,2418.98,2418.2,-3.224499582469471,-2.327e-05,-1.075e-05,2026-04-18T08:00:00.006000+00:00,365.00010000000003,-19.33199958246947,0.17658276522958316,FLAT,False,False,False,
2026-04-18T01:56:00+00:00,ETHUSDT,LONG_SPOT_SHORT_PERP,2418.36,2417.28,-4.465836351907604,-2.327e-05,-1.075e-05,2026-04-18T08:00:00.006000+00:00,364.00010000000003,-20.573336351907603,0.17356557448808838,FLAT,False,False,False,
2026-04-18T01:57:00+00:00,ETHUSDT,LONG_SPOT_SHORT_PERP,2419.96,2418.84,-4.628175672324711,-2.327e-05,-1.075e-05,2026-04-18T08:00:00.006000+00:00,363.00010000000003,-20.73567567232471,0.1731964568706907,FLAT,False,False,False,
2026-04-18T01:58:00+00:00,ETHUSDT,LONG_SPOT_SHORT_PERP,2420.53,2419.73,-3.305061288231015,-2.327e-05,-1.075e-05,2026-04-18T08:00:00.006000+00:00,362.00010000000003,-19.412561288231014,0.17637608895304938,FLAT,False,False,False,
2026-04-18T01:59:00+00:00,ETHUSDT,LONG_SPOT_SHORT_PERP,2420.99,2420.01,-4.047930805164679,-2.327e-05,-1.075e-05,2026-04-18T08:00:00.006000+00:00,361.00010000000003,-20.155430805164677,0.1745422232660685,FLAT,False,False,False,
2026-04-18T02:00:00+00:00,ETHUSDT,LONG_SPOT_SHORT_PERP,2420.17,2419.04,-4.66909349343273,-2.327e-05,-1.075e-05,2026-04-18T08:00:00.006000+00:00,360.00010000000003,-20.77659349343273,0.1731043106051149,FLAT,False,False,False,
2026-04-18T02:01:00+00:00,ETHUSDT,LONG_SPOT_SHORT_PERP,2417.2,2416.11,-4.509349660763242,-2.327e-05,-1.075e-05,2026-04-18T08:00:00.006000+00:00,359.00010000000003,-20.616849660763243,0.17346608038087305,FLAT,False,False,False,
2026-04-18T02:02:00+00:00,ETHUSDT,LONG_SPOT_SHORT_PERP,2417.91,2416.78,-4.673457655577149,-2.327e-05,-1.075e-05,2026-04-18T08:00:00.006000+00:00,358.00010000000003,-20.780957655577147,0.17309450360722034,FLAT,False,False,False,
2026-04-18T02:03:00+00:00,ETHUSDT,LONG_SPOT_SHORT_PERP,2417.56,2416.45,-4.591406211221758,-2.327e-05,-1.075e-05,2026-04-18T08:00:00.006000+00:00,357.00010000000003,-20.698906211221757,0.17327956573519998,FLAT,False,False,False,
2026-04-18T02:04:00+00:00,ETHUSDT,LONG_SPOT_SHORT_PERP,2418.41,2417.44,-4.01089972337114,-2.327e-05,-1.075e-05,2026-04-18T08:00:00.006000+00:00,356.00010000000003,-20.11839972337114,0.17463063585113714,FLAT,False,False,False,
2026-04-18T02:05:00+00:00,ETHUSDT,LONG_SPOT_SHORT_PERP,2419.39,2418.26,-4.670598787296196,-2.327e-05,-1.075e-05,2026-04-18T08:00:00.006000+00:00,355.00010000000003,-20.778098787296194,0.1731009275022881,FLAT,False,False,False,
2026-04-18T02:06:00+00:00,ETHUSDT,LONG_SPOT_SHORT_PERP,2418.47,2417.34,-4.672375510135145,-2.327e-05,-1.075e-05,2026-04-18T08:00:00.006000+00:00,354.00010000000003,-20.779875510135145,0.17309693499058626,FLAT,False,False,False,
2026-04-18T02:07:00+00:00,ETHUSDT,LONG_SPOT_SHORT_PERP,2419.23,2418.36,-3.596185563174609,-2.327e-05,-1.075e-05,2026-04-18T08:00:00.006000+00:00,353.00010000000003,-19.70368556317461,0.1756421172084743,FLAT,False,False,False,
2026-04-18T02:08:00+00:00,ETHUSDT,LONG_SPOT_SHORT_PERP,2421.13,2420.08,-4.336817932123355,-2.327e-05,-1.075e-05,2026-04-18T08:00:00.006000+00:00,352.00010000000003,-20.444317932123354,0.17386299266887084,FLAT,False,False,False,
2026-04-18T02:09:00+00:00,ETHUSDT,LONG_SPOT_SHORT_PERP,2420.43,2419.26,-4.8338518362423954,-2.327e-05,-1.075e-05,2026-04-18T08:00:00.006000+00:00,351.00010000000003,-20.941351836242397,0.17273686555185708,FLAT,False,False,False,
2026-04-18T02:10:00+00:00,ETHUSDT,LONG_SPOT_SHORT_PERP,2419.97,2419.03,-3.8843456737050452,-2.327e-05,-1.075e-05,2026-04-18T08:00:00.006000+00:00,350.00010000000003,-19.991845673705043,0.17493512500524558,FLAT,False,False,False,
2026-04-18T02:11:00+00:00,ETHUSDT,LONG_SPOT_SHORT_PERP,2419.83,2418.69,-4.711074744919572,-2.327e-05,-1.075e-05,2026-04-18T08:00:00.006000+00:00,349.00010000000003,-20.818574744919573,0.17301013934923937,FLAT,False,False,False,
2026-04-18T02:12:00+00:00,ETHUSDT,LONG_SPOT_SHORT_PERP,2419.7,2418.79,-3.7607967929902655,-2.327e-05,-1.075e-05,2026-04-18T08:00:00.006000+00:00,348.00010000000003,-19.868296792990265,0.17523590349781393,FLAT,False,False,False,
2026-04-18T02:13:00+00:00,ETHUSDT,LONG_SPOT_SHORT_PERP,2419.25,2418.34,-3.761496331507097,-2.327e-05,-1.075e-05,2026-04-18T08:00:00.006000+00:00,347.00010000000003,-19.8689963315071,0.17523419061748063,FLAT,False,False,False,
2026-04-18T02:14:00+00:00,ETHUSDT,LONG_SPOT_SHORT_PERP,2421.04,2419.93,-4.584806529425897,-2.327e-05,-1.075e-05,2026-04-18T08:00:00.006000+00:00,346.00010000000003,-20.6923065294259,0.1732945133908163,FLAT,False,False,False,
2026-04-18T02:15:00+00:00,ETHUSDT,LONG_SPOT_SHORT_PERP,2422.0,2421.28,-2.972749793558216,-2.327e-05,-1.075e-05,2026-04-18T08:00:00.006000+00:00,345.00010000000003,-19.080249793558217,0.1772387629245667,FLAT,False,False,False,
2026-04-18T02:16:00+00:00,ETHUSDT,LONG_SPOT_SHORT_PERP,2421.52,2420.45,-4.418712213816791,-2.327e-05,-1.075e-05,2026-04-18T08:00:00.006000+00:00,344.00010000000003,-20.52621221381679,0.1736737870664708,FLAT,False,False,False,
2026-04-18T02:17:00+00:00,ETHUSDT,LONG_SPOT_SHORT_PERP,2421.46,2420.45,-4.171037308071239,-2.327e-05,-1.075e-05,2026-04-18T08:00:00.006000+00:00,343.00010000000003,-20.27853730807124,0.17425051159617017,FLAT,False,False,False,
2026-04-18T02:18:00+00:00,ETHUSDT,LONG_SPOT_SHORT_PERP,2422.13,2421.27,-3.550593898759056,-2.327e-05,-1.075e-05,2026-04-18T08:00:00.006000+00:00,342.00010000000003,-19.658093898759056,0.175755740331056,FLAT,False,False,False,
2026-04-18T02:19:00+00:00,ETHUSDT,LONG_SPOT_SHORT_PERP,2422.59,2421.89,-2.8894695346726964,-2.327e-05,-1.075e-05,2026-04-18T08:00:00.006000+00:00,341.00010000000003,-18.996969534672697,0.17745919644397223,FLAT,False,False,False,
2026-04-18T02:20:00+00:00,ETHUSDT,LONG_SPOT_SHORT_PERP,2422.63,2421.58,-4.334132740039469,-2.327e-05,-1.075e-05,2026-04-18T08:00:00.006000+00:00,340.00010000000003,-20.44163274003947,0.17386922124034696,FLAT,False,False,False,
2026-04-18T02:21:00+00:00,ETHUSDT,LONG_SPOT_SHORT_PERP,2422.84,2422.05,-3.2606362780867233,-2.327e-05,-1.075e-05,2026-04-18T08:00:00.006000+00:00,339.00010000000003,-19.368136278086723,0.17648986556333943,FLAT,False,False,False,
2026-04-18T02:22:00+00:00,ETHUSDT,LONG_SPOT_SHORT_PERP,2423.81,2422.81,-4.125735928146183,-2.327e-05,-1.075e-05,2026-04-18T08:00:00.006000+00:00,338.00010000000003,-20.233235928146183,0.1743574637532614,FLAT,False,False,False,
2026-04-18T02:23:00+00:00,ETHUSDT,LONG_SPOT_SHORT_PERP,2423.65,2422.64,-4.167268376210337,-2.327e-05,-1.075e-05,2026-04-18T08:00:00.006000+00:00,337.00010000000003,-20.274768376210336,0.17425939226656634,FLAT,False,False,False,
2026-04-18T02:24:00+00:00,ETHUSDT,LONG_SPOT_SHORT_PERP,2422.63,2421.48,-4.7469072867094475,-2.327e-05,-1.075e-05,2026-04-18T08:00:00.006000+00:00,336.00010000000003,-20.854407286709446,0.17293005598367983,FLAT,False,False,False,
2026-04-18T02:25:00+00:00,ETHUSDT,LONG_SPOT_SHORT_PERP,2422.01,2420.81,-4.954562532773493,-2.327e-05,-1.075e-05,2026-04-18T08:00:00.006000+00:00,335.00010000000003,-21.062062532773492,0.1724712692999333,FLAT,False,False,False,
2026-04-18T02:26:00+00:00,ETHUSDT,LONG_SPOT_SHORT_PERP,2422.13,2421.09,-4.2937414589636544,-2.327e-05,-1.075e-05,2026-04-18T08:00:00.006000+00:00,334.00010000000003,-20.401241458963653,0.17396310355294142,FLAT,False,False,False,
2026-04-18T02:27:00+00:00,ETHUSDT,LONG_SPOT_SHORT_PERP,2423.09,2422.0,-4.498388421396421,-2.327e-05,-1.075e-05,2026-04-18T08:00:00.006000+00:00,333.00010000000003,-20.605888421396422,0.1734911049647183,FLAT,False,False,False,
2026-04-18T02:28:00+00:00,ETHUSDT,LONG_SPOT_SHORT_PERP,2422.49,2421.53,-3.962864655786326,-2.327e-05,-1.075e-05,2026-04-18T08:00:00.006000+00:00,332.00010000000003,-20.070364655786328,0.17474578118485837,FLAT,False,False,False,
2026-04-18T02:29:00+00:00,ETHUSDT,LONG_SPOT_SHORT_PERP,2421.99,2421.01,-4.046259480838334,-2.327e-05,-1.075e-05,2026-04-18T08:00:00.006000+00:00,331.00010000000003,-20.153759480838332,0.17454620694906325,FLAT,False,False,False,
2026-04-18T02:30:00+00:00,ETHUSDT,LONG_SPOT_SHORT_PERP,2420.94,2419.56,-5.7002651862504194,-2.327e-05,-1.075e-05,2026-04-18T08:00:00.006000+00:00,330.00010000000003,-21.80776518625042,0.17089623088992822,FLAT,False,False,False,
2026-04-18T02:31:00+00:00,ETHUSDT,LONG_SPOT_SHORT_PERP,2420.0,2419.01,-4.090909090908188,-2.327e-05,-1.075e-05,2026-04-18T08:00:00.006000+00:00,329.00010000000003,-20.19840909090819,0.17443999763925566,FLAT,False,False,False,
2026-04-18T02:32:00+00:00,ETHUSDT,LONG_SPOT_SHORT_PERP,2420.69,2419.62,-4.420227290566589,-2.327e-05,-1.075e-05,2026-04-18T08:00:00.006000+00:00,328.00010000000003,-20.527727290566588,0.17367030045216214,FLAT,False,False,False,
2026-04-18T02:33:00+00:00,ETHUSDT,LONG_SPOT_SHORT_PERP,2420.88,2419.8,-4.4611876672942365,-2.327e-05,-1.075e-05,2026-04-18T08:00:00.006000+00:00,327.00010000000003,-20.568687667294235,0.17357622800350286,FLAT,False,False,False,
2026-04-18T02:34:00+00:00,ETHUSDT,LONG_SPOT_SHORT_PERP,2420.0,2419.12,-3.636363636364087,-2.327e-05,-1.075e-05,2026-04-18T08:00:00.006000+00:00,326.00010000000003,-19.743863636364086,0.17554238849214684,FLAT,False,False,False,
2026-04-18T02:35:00+00:00,ETHUSDT,LONG_SPOT_SHORT_PERP,2419.54,2418.64,-3.719715317788055,-2.327e-05,-1.075e-05,2026-04-18T08:00:00.006000+00:00,325.00010000000003,-19.827215317788056,0.17533669293318044,FLAT,False,False,False,
2026-04-18T02:36:00+00:00,ETHUSDT,LONG_SPOT_SHORT_PERP,2419.99,2419.01,-4.049603510756505,-2.327e-05,-1.075e-05,2026-04-18T08:00:00.006000+00:00,324.00010000000003,-20.157103510756507,0.17453823691884351,FLAT,False,False,False,
2026-04-18T02:37:00+00:00,ETHUSDT,LONG_SPOT_SHORT_PERP,2421.89,2421.06,-3.4270755484350124,-2.327e-05,-1.075e-05,2026-04-18T08:00:00.006000+00:00,323.00010000000003,-19.53457554843501,0.17606602758267315,FLAT,False,False,False,
2026-04-18T02:38:00+00:00,ETHUSDT,LONG_SPOT_SHORT_PERP,2422.35,2421.31,-4.293351497512596,-2.327e-05,-1.075e-05,2026-04-18T08:00:00.006000+00:00,322.00010000000003,-20.400851497512598,0.1739640116938787,FLAT,False,False,False,
2026-04-18T02:39:00+00:00,ETHUSDT,LONG_SPOT_SHORT_PERP,2421.56,2420.72,-3.468838269545853,-2.327e-05,-1.075e-05,2026-04-18T08:00:00.006000+00:00,321.00010000000003,-19.576338269545854,0.1759607135895905,FLAT,False,False,False,
2026-04-18T02:40:00+00:00,ETHUSDT,LONG_SPOT_SHORT_PERP,2421.37,2420.4,-4.005996605226793,-2.327e-05,-1.075e-05,2026-04-18T08:00:00.006000+00:00,320.00010000000003,-20.113496605226793,0.17464236530261323,FLAT,False,False,False,
2026-04-18T02:41:00+00:00,ETHUSDT,LONG_SPOT_SHORT_PERP,2421.67,2420.64,-4.253263243960573,-2.327e-05,-1.075e-05,2026-04-18T08:00:00.006000+00:00,319.00010000000003,-20.360763243960573,0.1740575475915962,FLAT,False,False,False,
2026-04-18T02:42:00+00:00,ETHUSDT,LONG_SPOT_SHORT_PERP,2422.36,2421.25,-4.582308162288542,-2.327e-05,-1.075e-05,2026-04-18T08:00:00.006000+00:00,318.00010000000003,-20.689808162288543,0.17330017438976458,FLAT,False,False,False,
2026-04-18T02:43:00+00:00,ETHUSDT,LONG_SPOT_SHORT_PERP,2421.88,2420.74,-4.707087056337752,-2.327e-05,-1.075e-05,2026-04-18T08:00:00.006000+00:00,317.00010000000003,-20.81458705633775,0.1730190683662029,FLAT,False,False,False,
2026-04-18T02:44:00+00:00,ETHUSDT,LONG_SPOT_SHORT_PERP,2420.57,2419.74,-3.4289444221831302,-2.327e-05,-1.075e-05,2026-04-18T08:00:00.006000+00:00,316.00010000000003,-19.53644442218313,0.17606130597165406,FLAT,False,False,False,
2026-04-18T02:45:00+00:00,ETHUSDT,LONG_SPOT_SHORT_PERP,2420.76,2419.76,-4.13093408681571,-2.327e-05,-1.075e-05,2026-04-18T08:00:00.006000+00:00,315.00010000000003,-20.238434086815708,0.17434516819290077,FLAT,False,False,False,
2026-04-18T02:46:00+00:00,ETHUSDT,LONG_SPOT_SHORT_PERP,2420.69,2419.61,-4.461537825991462,-2.327e-05,-1.075e-05,2026-04-18T08:00:00.006000+00:00,314.00010000000003,-20.56903782599146,0.17357542537249393,FLAT,False,False,False,
2026-04-18T02:47:00+00:00,ETHUSDT,LONG_SPOT_SHORT_PERP,2420.68,2419.62,-4.378934844754141,-2.327e-05,-1.075e-05,2026-04-18T08:00:00.006000+00:00,313.00010000000003,-20.486434844754143,0.1737655045710228,FLAT,False,False,False,
2026-04-18T02:48:00+00:00,ETHUSDT,LONG_SPOT_SHORT_PERP,2420.07,2418.9,-4.834570900842011,-2.327e-05,-1.075e-05,2026-04-18T08:00:00.006000+00:00,312.00010000000003,-20.942070900842012,0.1727352744115821,FLAT,False,False,False,
2026-04-18T02:49:00+00:00,ETHUSDT,LONG_SPOT_SHORT_PERP,2420.11,2419.11,-4.132043584795732,-2.327e-05,-1.075e-05,2026-04-18T08:00:00.006000+00:00,311.00010000000003,-20.239543584795733,0.17434254460158907,FLAT,False,False,False,
2026-04-18T02:50:00+00:00,ETHUSDT,LONG_SPOT_SHORT_PERP,2419.51,2418.41,-4.546375092478906,-2.327e-05,-1.075e-05,2026-04-18T08:00:00.006000+00:00,310.00010000000003,-20.653875092478906,0.17338174243800122,FLAT,False,False,False,
2026-04-18T02:51:00+00:00,ETHUSDT,LONG_SPOT_SHORT_PERP,2419.37,2418.25,-4.629304323025791,-2.327e-05,-1.075e-05,2026-04-18T08:00:00.006000+00:00,309.00010000000003,-20.73680432302579,0.17319391038381388,FLAT,False,False,False,
2026-04-18T02:52:00+00:00,ETHUSDT,LONG_SPOT_SHORT_PERP,2419.4,2418.42,-4.050591055633703,-2.327e-05,-1.075e-05,2026-04-18T08:00:00.006000+00:00,308.00010000000003,-20.158091055633705,0.17453588372325918,FLAT,False,False,False,
2026-04-18T02:53:00+00:00,ETHUSDT,LONG_SPOT_SHORT_PERP,2419.34,2418.25,-4.5053609662145275,-2.327e-05,-1.075e-05,2026-04-18T08:00:00.006000+00:00,307.00010000000003,-20.612860966214527,0.17347518359842884,FLAT,False,False,False,
2026-04-18T02:54:00+00:00,ETHUSDT,LONG_SPOT_SHORT_PERP,2419.92,2418.74,-4.876194254356719,-2.327e-05,-1.075e-05,2026-04-18T08:00:00.006000+00:00,306.00010000000003,-20.98369425435672,0.17264335492804533,FLAT,False,False,False,
2026-04-18T02:55:00+00:00,ETHUSDT,LONG_SPOT_SHORT_PERP,2420.12,2419.19,-3.8427846553056724,-2.327e-05,-1.075e-05,2026-04-18T08:00:00.006000+00:00,305.00010000000003,-19.950284655305673,0.17503591481964495,FLAT,False,False,False,
2026-04-18T02:56:00+00:00,ETHUSDT,LONG_SPOT_SHORT_PERP,2419.88,2418.89,-4.091111955965736,-2.327e-05,-1.075e-05,2026-04-18T08:00:00.006000+00:00,304.00010000000003,-20.198611955965735,0.1744395160974752,FLAT,False,False,False,
2026-04-18T02:57:00+00:00,ETHUSDT,LONG_SPOT_SHORT_PERP,2419.49,2418.33,-4.794398819585345,-2.327e-05,-1.075e-05,2026-04-18T08:00:00.006000+00:00,303.00010000000003,-20.901898819585345,0.17282433303443492,FLAT,False,False,False,
2026-04-18T02:58:00+00:00,ETHUSDT,LONG_SPOT_SHORT_PERP,2419.7,2418.71,-4.091416291274877,-2.327e-05,-1.075e-05,2026-04-18T08:00:00.006000+00:00,302.00010000000003,-20.198916291274877,0.17443879371252807,FLAT,False,False,False,
2026-04-18T02:59:00+00:00,ETHUSDT,LONG_SPOT_SHORT_PERP,2419.2,2418.29,-3.761574074073473,-2.327e-05,-1.075e-05,2026-04-18T08:00:00.006000+00:00,301.00010000000003,-19.869074074073474,0.17523400026506708,FLAT,False,False,False,
2026-04-18T03:00:00+00:00,ETHUSDT,LONG_SPOT_SHORT_PERP,2417.42,2416.33,-4.508939282376026,-2.327e-05,-1.075e-05,2026-04-18T08:00:00.006000+00:00,300.00010000000003,-20.616439282376028,0.1734670168106366,FLAT,False,False,False,
2026-04-18T03:01:00+00:00,ETHUSDT,LONG_SPOT_SHORT_PERP,2415.98,2414.79,-4.925537463058695,-2.327e-05,-1.075e-05,2026-04-18T08:00:00.006000+00:00,299.00010000000003,-21.033037463058694,0.17253485538446933,FLAT,False,False,False,
2026-04-18T03:02:00+00:00,ETHUSDT,LONG_SPOT_SHORT_PERP,2416.85,2415.87,-4.054864803359821,-2.327e-05,-1.075e-05,2026-04-18T08:00:00.006000+00:00,298.00010000000003,-20.16236480335982,0.17452570244241672,FLAT,False,False,False,
2026-04-18T03:03:00+00:00,ETHUSDT,LONG_SPOT_SHORT_PERP,2417.33,2416.27,-4.385003288752241,-2.327e-05,-1.075e-05,2026-04-18T08:00:00.006000+00:00,297.00010000000003,-20.49250328875224,0.17375148985237365,FLAT,False,False,False,
2026-04-18T03:04:00+00:00,ETHUSDT,LONG_SPOT_SHORT_PERP,2418.49,2417.28,-5.003121782598157,-2.327e-05,-1.075e-05,2026-04-18T08:00:00.006000+00:00,296.00010000000003,-21.11062178259816,0.17236527919420278,FLAT,False,False,False,
2026-04-18T03:05:00+00:00,ETHUSDT,LONG_SPOT_SHORT_PERP,2417.55,2416.51,-4.301875866062598,-2.327e-05,-1.075e-05,2026-04-18T08:00:00.006000+00:00,295.00010000000003,-20.409375866062597,0.1739441677894891,FLAT,False,False,False,
2026-04-18T03:06:00+00:00,ETHUSDT,LONG_SPOT_SHORT_PERP,2417.98,2417.0,-4.052969834324594,-2.327e-05,-1.075e-05,2026-04-18T08:00:00.006000+00:00,294.00010000000003,-20.160469834324594,0.17453021629089885,FLAT,False,False,False,
2026-04-18T03:07:00+00:00,ETHUSDT,LONG_SPOT_SHORT_PERP,2418.21,2417.4,-3.3495850236329576,-2.327e-05,-1.075e-05,2026-04-18T08:00:00.006000+00:00,293.00010000000003,-19.457085023632956,0.17626253417215842,FLAT,False,False,False,
2026-04-18T03:08:00+00:00,ETHUSDT,LONG_SPOT_SHORT_PERP,2418.02,2417.17,-3.5152728265271134,-2.327e-05,-1.075e-05,2026-04-18T08:00:00.006000+00:00,292.00010000000003,-19.622772826527115,0.17584410233873038,FLAT,False,False,False,
2026-04-18T03:09:00+00:00,ETHUSDT,LONG_SPOT_SHORT_PERP,2418.32,2417.34,-4.052400013232401,-2.327e-05,-1.075e-05,2026-04-18T08:00:00.006000+00:00,291.00010000000003,-20.159900013232402,0.1745315737720641,FLAT,False,False,False,
2026-04-18T03:10:00+00:00,ETHUSDT,LONG_SPOT_SHORT_PERP,2417.87,2416.86,-4.177230372186112,-2.327e-05,-1.075e-05,2026-04-18T08:00:00.006000+00:00,290.00010000000003,-20.28473037218611,0.17423592583607042,FLAT,False,False,False,
2026-04-18T03:11:00+00:00,ETHUSDT,LONG_SPOT_SHORT_PERP,2417.43,2416.41,-4.219356920365768,-2.327e-05,-1.075e-05,2026-04-18T08:00:00.006000+00:00,289.00010000000003,-20.326856920365767,0.17413693610104342,FLAT,False,False,False,
2026-04-18T03:12:00+00:00,ETHUSDT,LONG_SPOT_SHORT_PERP,2417.88,2417.06,-3.391400731219761,-2.327e-05,-1.075e-05,2026-04-18T08:00:00.006000+00:00,288.00010000000003,-19.498900731219763,0.17615631711353336,FLAT,False,False,False,
2026-04-18T03:13:00+00:00,ETHUSDT,LONG_SPOT_SHORT_PERP,2417.08,2416.16,-3.8062455524851178,-2.327e-05,-1.075e-05,2026-04-18T08:00:00.006000+00:00,287.00010000000003,-19.913745552485118,0.1751248521965584,FLAT,False,False,False,
2026-04-18T03:14:00+00:00,ETHUSDT,LONG_SPOT_SHORT_PERP,2416.81,2415.85,-3.9721782018447307,-2.327e-05,-1.075e-05,2026-04-18T08:00:00.006000+00:00,286.00010000000003,-20.07967820184473,0.17472341486109158,FLAT,False,False,False,
2026-04-18T03:15:00+00:00,ETHUSDT,LONG_SPOT_SHORT_PERP,2416.48,2415.5,-4.055485665099725,-2.327e-05,-1.075e-05,2026-04-18T08:00:00.006000+00:00,285.00010000000003,-20.162985665099725,0.1745242237144781,FLAT,False,False,False,
2026-04-18T03:16:00+00:00,ETHUSDT,LONG_SPOT_SHORT_PERP,2417.07,2416.03,-4.302730165034375,-2.327e-05,-1.075e-05,2026-04-18T08:00:00.006000+00:00,284.00010000000003,-20.410230165034374,0.1739421799441068,FLAT,False,False,False,
2026-04-18T03:17:00+00:00,ETHUSDT,LONG_SPOT_SHORT_PERP,2418.03,2417.08,-3.928818087452483,-2.327e-05,-1.075e-05,2026-04-18T08:00:00.006000+00:00,283.00010000000003,-20.036318087452482,0.1748277105791228,FLAT,False,False,False,
2026-04-18T03:18:00+00:00,ETHUSDT,LONG_SPOT_SHORT_PERP,2418.6,2417.52,-4.465393202678935,-2.327e-05,-1.075e-05,2026-04-18T08:00:00.006000+00:00,282.00010000000003,-20.572893202678934,0.1735665898633836,FLAT,False,False,False,
2026-04-18T03:19:00+00:00,ETHUSDT,LONG_SPOT_SHORT_PERP,2418.84,2417.7,-4.713002927024224,-2.327e-05,-1.075e-05,2026-04-18T08:00:00.006000+00:00,281.00010000000003,-20.820502927024222,0.17300582307576562,FLAT,False,False,False,
2026-04-18T03:20:00+00:00,ETHUSDT,LONG_SPOT_SHORT_PERP,2418.33,2417.21,-4.6312951499584045,-2.327e-05,-1.075e-05,2026-04-18T08:00:00.006000+00:00,280.00010000000003,-20.738795149958406,0.1731894192980088,FLAT,False,False,False,
2026-04-18T03:21:00+00:00,ETHUSDT,LONG_SPOT_SHORT_PERP,2417.57,2416.67,-3.722746394106855,-2.327e-05,-1.075e-05,2026-04-18T08:00:00.006000+00:00,279.00010000000003,-19.830246394106855,0.17532924316684623,FLAT,False,False,False,
2026-04-18T03:22:00+00:00,ETHUSDT,LONG_SPOT_SHORT_PERP,2417.41,2416.54,-3.59889303014338,-2.327e-05,-1.075e-05,2026-04-18T08:00:00.006000+00:00,278.00010000000003,-19.70639303014338,0.17563538498268,FLAT,False,False,False,
2026-04-18T03:23:00+00:00,ETHUSDT,LONG_SPOT_SHORT_PERP,2418.41,2417.33,-4.465744021898385,-2.327e-05,-1.075e-05,2026-04-18T08:00:00.006000+00:00,277.00010000000003,-20.573244021898386,0.17356578603772227,FLAT,False,False,False,
2026-04-18T03:24:00+00:00,ETHUSDT,LONG_SPOT_SHORT_PERP,2418.91,2418.0,-3.762025044337551,-2.327e-05,-1.075e-05,2026-04-18T08:00:00.006000+00:00,276.00010000000003,-19.86952504433755,0.17523289609334144,FLAT,False,False,False,
2026-04-18T03:25:00+00:00,ETHUSDT,LONG_SPOT_SHORT_PERP,2418.63,2417.66,-4.010534889587306,-2.327e-05,-1.075e-05,2026-04-18T08:00:00.006000+00:00,275.00010000000003,-20.118034889587307,0.17463150843575564,FLAT,False,False,False,
2026-04-18T03:26:00+00:00,ETHUSDT,LONG_SPOT_SHORT_PERP,2418.26,2417.19,-4.424668976868342,-2.327e-05,-1.075e-05,2026-04-18T08:00:00.006000+00:00,274.00010000000003,-20.53216897686834,0.17366008176710893,FLAT,False,False,False,
2026-04-18T03:27:00+00:00,ETHUSDT,LONG_SPOT_SHORT_PERP,2417.28,2416.0,-5.295207836908426,-2.327e-05,-1.075e-05,2026-04-18T08:00:00.006000+00:00,273.0001,-21.402707836908426,0.17173793358630993,FLAT,False,False,False,
2026-04-18T03:28:00+00:00,ETHUSDT,LONG_SPOT_SHORT_PERP,2416.68,2415.64,-4.303424532830014,-2.327e-05,-1.075e-05,2026-04-18T08:00:00.006000+00:00,272.0001,-20.410924532830013,0.17394056435634941,FLAT,False,False,False,
2026-04-18T03:29:00+00:00,ETHUSDT,LONG_SPOT_SHORT_PERP,2416.57,2415.71,-3.5587630401773063,-2.327e-05,-1.075e-05,2026-04-18T08:00:00.006000+00:00,271.0001,-19.666263040177306,0.17573534546651828,FLAT,False,False,False,
2026-04-18T03:30:00+00:00,ETHUSDT,LONG_SPOT_SHORT_PERP,2416.84,2415.9,-3.8893762102582485,-2.327e-05,-1.075e-05,2026-04-18T08:00:00.006000+00:00,270.0001,-19.99687621025825,0.17492295215702514,FLAT,False,False,False,
2026-04-18T03:31:00+00:00,ETHUSDT,LONG_SPOT_SHORT_PERP,2415.94,2414.74,-4.967010770136149,-2.327e-05,-1.075e-05,2026-04-18T08:00:00.006000+00:00,269.0001,-21.07451077013615,0.17244405208881772,FLAT,False,False,False,
2026-04-18T03:32:00+00:00,ETHUSDT,LONG_SPOT_SHORT_PERP,2414.46,2413.65,-3.3547874058793496,-2.327e-05,-1.075e-05,2026-04-18T08:00:00.006000+00:00,268.0001,-19.46228740587935,0.1762492967689162,FLAT,False,False,False,
2026-04-18T03:33:00+00:00,ETHUSDT,LONG_SPOT_SHORT_PERP,2416.56,2415.7,-3.558777766743335,-2.327e-05,-1.075e-05,2026-04-18T08:00:00.006000+00:00,267.0001,-19.666277766743335,0.17573530871469054,FLAT,False,False,False,
2026-04-18T03:34:00+00:00,ETHUSDT,LONG_SPOT_SHORT_PERP,2415.7,2414.53,-4.843316636998047,-2.327e-05,-1.075e-05,2026-04-18T08:00:00.006000+00:00,266.0001,-20.95081663699805,0.17271593058411114,FLAT,False,False,False,
2026-04-18T03:35:00+00:00,ETHUSDT,LONG_SPOT_SHORT_PERP,2415.38,2414.43,-3.933128534641641,-2.327e-05,-1.075e-05,2026-04-18T08:00:00.006000+00:00,265.0001,-20.04062853464164,0.17481732342484355,FLAT,False,False,False,
2026-04-18T03:36:00+00:00,ETHUSDT,LONG_SPOT_SHORT_PERP,2415.57,2414.5,-4.429596327161555,-2.327e-05,-1.075e-05,2026-04-18T08:00:00.006000+00:00,264.0001,-20.537096327161557,0.17364875076162223,FLAT,False,False,False,
2026-04-18T03:37:00+00:00,ETHUSDT,LONG_SPOT_SHORT_PERP,2416.83,2415.89,-3.8893923031411175,-2.327e-05,-1.075e-05,2026-04-18T08:00:00.006000+00:00,263.0001,-19.996892303141117,0.17492291322485745,FLAT,False,False,False,
2026-04-18T03:38:00+00:00,ETHUSDT,LONG_SPOT_SHORT_PERP,2416.57,2415.49,-4.4691442830142805,-2.327e-05,-1.075e-05,2026-04-18T08:00:00.006000+00:00,262.0001,-20.576644283014282,0.17355799646166997,FLAT,False,False,False,
2026-04-18T03:39:00+00:00,ETHUSDT,LONG_SPOT_SHORT_PERP,2415.32,2413.87,-6.0033453124235,-2.327e-05,-1.075e-05,2026-04-18T08:00:00.006000+00:00,261.0001,-22.1108453124235,0.17028729783241522,FLAT,False,False,False,
2026-04-18T03:40:00+00:00,ETHUSDT,LONG_SPOT_SHORT_PERP,2415.21,2414.12,-4.513065116491508,-2.327e-05,-1.075e-05,2026-04-18T08:00:00.006000+00:00,260.0001,-20.62056511649151,0.1734576038494487,FLAT,False,False,False,
2026-04-18T03:41:00+00:00,ETHUSDT,LONG_SPOT_SHORT_PERP,2415.0,2414.1,-3.726708074534538,-2.327e-05,-1.075e-05,2026-04-18T08:00:00.006000+00:00,259.0001,-19.834208074534537,0.17531950936672028,FLAT,False,False,False,
2026-04-18T03:42:00+00:00,ETHUSDT,LONG_SPOT_SHORT_PERP,2415.08,2414.12,-3.9750236017027856,-2.327e-05,-1.075e-05,2026-04-18T08:00:00.006000+00:00,258.0001,-20.082523601702785,0.17471658559290526,FLAT,False,False,False,
2026-04-18T03:43:00+00:00,ETHUSDT,LONG_SPOT_SHORT_PERP,2415.96,2415.07,-3.6838358250959145,-2.327e-05,-1.075e-05,2026-04-18T08:00:00.006000+00:00,257.0001,-19.791335825095913,0.17542503891170008,FLAT,False,False,False,
2026-04-18T03:44:00+00:00,ETHUSDT,LONG_SPOT_SHORT_PERP,2415.59,2414.4,-4.9263326971880765,-2.327e-05,-1.075e-05,2026-04-18T08:00:00.006000+00:00,256.0001,-21.033832697188075,0.17253311091161158,FLAT,False,False,False,
2026-04-18T03:45:00+00:00,ETHUSDT,LONG_SPOT_SHORT_PERP,2416.0,2414.86,-4.718543046357088,-2.327e-05,-1.075e-05,2026-04-18T08:00:00.006000+00:00,255.0001,-20.82604304635709,0.17299342578935695,FLAT,False,False,False,
2026-04-18T03:46:00+00:00,ETHUSDT,LONG_SPOT_SHORT_PERP,2416.42,2415.48,-3.890052226020537,-2.327e-05,-1.075e-05,2026-04-18T08:00:00.006000+00:00,254.0001,-19.997552226020538,0.17492131677933903,FLAT,False,False,False,
2026-04-18T03:47:00+00:00,ETHUSDT,LONG_SPOT_SHORT_PERP,2416.77,2415.7,-4.427396897512646,-2.327e-05,-1.075e-05,2026-04-18T08:00:00.006000+00:00,253.0001,-20.534896897512645,0.1736538079501569,FLAT,False,False,False,
2026-04-18T03:48:00+00:00,ETHUSDT,LONG_SPOT_SHORT_PERP,2415.74,2414.58,-4.801841257750646,-2.327e-05,-1.075e-05,2026-04-18T08:00:00.006000+00:00,252.0001,-20.909341257750647,0.17280780811956792,FLAT,False,False,False,
2026-04-18T03:49:00+00:00,ETHUSDT,LONG_SPOT_SHORT_PERP,2417.56,2416.6,-3.970945912407702,-2.327e-05,-1.075e-05,2026-04-18T08:00:00.006000+00:00,251.0001,-20.0784459124077,0.17472637305734232,FLAT,False,False,False,
2026-04-18T03:50:00+00:00,ETHUSDT,LONG_SPOT_SHORT_PERP,2419.35,2418.31,-4.298675264017045,-2.327e-05,-1.075e-05,2026-04-18T08:00:00.006000+00:00,250.0001,-20.406175264017044,0.1739516166096239,FLAT,False,False,False,
2026-04-18T03:51:00+00:00,ETHUSDT,LONG_SPOT_SHORT_PERP,2418.95,2417.92,-4.258045846337235,-2.327e-05,-1.075e-05,2026-04-18T08:00:00.006000+00:00,249.0001,-20.365545846337234,0.17404636999271003,FLAT,False,False,False,
2026-04-18T03:52:00+00:00,ETHUSDT,LONG_SPOT_SHORT_PERP,2416.97,2415.79,-4.882145827212734,-2.327e-05,-1.075e-05,2026-04-18T08:00:00.006000+00:00,248.0001,-20.989645827212733,0.1726302412651521,FLAT,False,False,False,
2026-04-18T03:53:00+00:00,ETHUSDT,LONG_SPOT_SHORT_PERP,2407.91,2406.87,-4.319098305169063,-2.327e-05,-1.075e-05,2026-04-18T08:00:00.006000+00:00,247.0001,-20.426598305169062,0.17390412429165547,FLAT,False,False,False,
2026-04-18T03:54:00+00:00,ETHUSDT,LONG_SPOT_SHORT_PERP,2405.14,2404.12,-4.24091736863543,-2.327e-05,-1.075e-05,2026-04-18T08:00:00.006000+00:00,246.0001,-20.34841736863543,0.17408642492147985,FLAT,False,False,False,
2026-04-18T03:55:00+00:00,ETHUSDT,LONG_SPOT_SHORT_PERP,2406.52,2405.49,-4.280039226768113,-2.327e-05,-1.075e-05,2026-04-18T08:00:00.006000+00:00,245.0001,-20.387539226768112,0.173995033315896,FLAT,False,False,False,
2026-04-18T03:56:00+00:00,ETHUSDT,LONG_SPOT_SHORT_PERP,2401.34,2399.94,-5.830078206335175,-2.327e-05,-1.075e-05,2026-04-18T08:00:00.006000+00:00,244.0001,-21.937578206335175,0.17063326580215987,FLAT,False,False,False,
2026-04-18T03:57:00+00:00,ETHUSDT,LONG_SPOT_SHORT_PERP,2404.32,2403.42,-3.743262128169673,-2.327e-05,-1.075e-05,2026-04-18T08:00:00.006000+00:00,243.0001,-19.850762128169674,0.17527887547492796,FLAT,False,False,False,
2026-04-18T03:58:00+00:00,ETHUSDT,LONG_SPOT_SHORT_PERP,2403.79,2402.6,-4.950515644045672,-2.327e-05,-1.075e-05,2026-04-18T08:00:00.006000+00:00,242.0001,-21.05801564404567,0.17248012445673092,FLAT,False,False,False,
2026-04-18T03:59:00+00:00,ETHUSDT,LONG_SPOT_SHORT_PERP,2405.04,2404.0,-4.32425240328628,-2.327e-05,-1.075e-05,2026-04-18T08:00:00.006000+00:00,241.0001,-20.431752403286282,0.17389215326420385,FLAT,False,False,False,
2026-04-18T04:00:00+00:00,ETHUSDT,LONG_SPOT_SHORT_PERP,2401.37,2399.94,-5.954934058474273,-2.327e-05,-1.075e-05,2026-04-18T08:00:00.006000+00:00,240.0001,-22.062434058474274,0.1703833883896207,FLAT,False,False,False,
2026-04-18T04:01:00+00:00,ETHUSDT,LONG_SPOT_SHORT_PERP,2405.67,2404.54,-4.6972361130167855,-2.327e-05,-1.075e-05,2026-04-18T08:00:00.006000+00:00,239.0001,-20.804736113016787,0.17304114050760502,FLAT,False,False,False,
2026-04-18T04:02:00+00:00,ETHUSDT,LONG_SPOT_SHORT_PERP,2407.04,2405.74,-5.400824248870737,-2.327e-05,-1.075e-05,2026-04-18T08:00:00.006000+00:00,238.0001,-21.508324248870736,0.17151533428180388,FLAT,False,False,False,
2026-04-18T04:03:00+00:00,ETHUSDT,LONG_SPOT_SHORT_PERP,2407.44,2406.05,-5.773767985909815,-2.327e-05,-1.075e-05,2026-04-18T08:00:00.006000+00:00,237.0001,-21.881267985909815,0.17074693602047303,FLAT,False,False,False,
2026-04-18T04:04:00+00:00,ETHUSDT,LONG_SPOT_SHORT_PERP,2408.18,2407.08,-4.567764868074268,-2.327e-05,-1.075e-05,2026-04-18T08:00:00.006000+00:00,236.0001,-20.67526486807427,0.17333315429458507,FLAT,False,False,False,
2026-04-18T04:05:00+00:00,ETHUSDT,LONG_SPOT_SHORT_PERP,2408.51,2407.32,-4.9408140302512935,-2.327e-05,-1.075e-05,2026-04-18T08:00:00.006000+00:00,235.0001,-21.048314030251294,0.17250136676649813,FLAT,False,False,False,
2026-04-18T04:06:00+00:00,ETHUSDT,LONG_SPOT_SHORT_PERP,2407.98,2406.9,-4.485087085440607,-2.327e-05,-1.075e-05,2026-04-18T08:00:00.006000+00:00,234.0001,-20.592587085440606,0.17352150682830525,FLAT,False,False,False,
2026-04-18T04:07:00+00:00,ETHUSDT,LONG_SPOT_SHORT_PERP,2407.93,2406.76,-4.858945235117375,-2.327e-05,-1.075e-05,2026-04-18T08:00:00.006000+00:00,233.0001,-20.966445235117376,0.1726814030875173,FLAT,False,False,False,
2026-04-18T04:08:00+00:00,ETHUSDT,LONG_SPOT_SHORT_PERP,2408.64,2407.36,-5.314202205392858,-2.327e-05,-1.075e-05,2026-04-18T08:00:00.006000+00:00,232.0001,-21.421702205392858,0.1716977359379247,FLAT,False,False,False,
2026-04-18T04:09:00+00:00,ETHUSDT,LONG_SPOT_SHORT_PERP,2409.24,2408.13,-4.607262041140246,-2.327e-05,-1.075e-05,2026-04-18T08:00:00.006000+00:00,231.0001,-20.714762041140247,0.17324369186889788,FLAT,False,False,False,
2026-04-18T04:10:00+00:00,ETHUSDT,LONG_SPOT_SHORT_PERP,2408.3,2407.25,-4.359921936636556,-2.327e-05,-1.075e-05,2026-04-18T08:00:00.006000+00:00,230.0001,-20.467421936636555,0.17380946579781026,FLAT,False,False,False,
2026-04-18T04:11:00+00:00,ETHUSDT,LONG_SPOT_SHORT_PERP,2409.23,2407.93,-5.395914877368213,-2.327e-05,-1.075e-05,2026-04-18T08:00:00.006000+00:00,229.0001,-21.503414877368215,0.17152563199414814,FLAT,False,False,False,
2026-04-18T04:12:00+00:00,ETHUSDT,LONG_SPOT_SHORT_PERP,2410.0,2408.72,-5.311203319502904,-2.327e-05,-1.075e-05,2026-04-18T08:00:00.006000+00:00,228.0001,-21.418703319502903,0.17170407764356288,FLAT,False,False,False,
2026-04-18T04:13:00+00:00,ETHUSDT,LONG_SPOT_SHORT_PERP,2409.74,2408.37,-5.6852606505261605,-2.327e-05,-1.075e-05,2026-04-18T08:00:00.006000+00:00,227.0001,-21.792760650526162,0.17092683574396156,FLAT,False,False,False,
2026-04-18T04:14:00+00:00,ETHUSDT,LONG_SPOT_SHORT_PERP,2410.02,2408.79,-5.103692085542934,-2.327e-05,-1.075e-05,2026-04-18T08:00:00.006000+00:00,226.0001,-21.211192085542933,0.1721473094597536,FLAT,False,False,False,
2026-04-18T04:15:00+00:00,ETHUSDT,LONG_SPOT_SHORT_PERP,2409.2,2407.82,-5.728042503734246,-2.327e-05,-1.075e-05,2026-04-18T08:00:00.006000+00:00,225.0001,-21.835542503734246,0.17083968841629965,FLAT,False,False,False,
2026-04-18T04:16:00+00:00,ETHUSDT,LONG_SPOT_SHORT_PERP,2408.62,2407.6,-4.2347900457522645,-2.327e-05,-1.075e-05,2026-04-18T08:00:00.006000+00:00,224.0001,-20.342290045752264,0.1741007693848494,FLAT,False,False,False,
2026-04-18T04:17:00+00:00,ETHUSDT,LONG_SPOT_SHORT_PERP,2409.03,2407.99,-4.3170902811522405,-2.327e-05,-1.075e-05,2026-04-18T08:00:00.006000+00:00,223.0001,-20.42459028115224,0.17390878975112667,FLAT,False,False,False,
2026-04-18T04:18:00+00:00,ETHUSDT,LONG_SPOT_SHORT_PERP,2408.55,2407.49,-4.400988146396795,-2.327e-05,-1.075e-05,2026-04-18T08:00:00.006000+00:00,222.0001,-20.508488146396793,0.1737146121617945,FLAT,False,False,False,
2026-04-18T04:19:00+00:00,ETHUSDT,LONG_SPOT_SHORT_PERP,2409.45,2408.33,-4.648363734461769,-2.327e-05,-1.075e-05,2026-04-18T08:00:00.006000+00:00,221.0001,-20.75586373446177,0.17315094912853485,FLAT,False,False,False,
2026-04-18T04:20:00+00:00,ETHUSDT,LONG_SPOT_SHORT_PERP,2407.81,2406.77,-4.319277683870254,-2.327e-05,-1.075e-05,2026-04-18T08:00:00.006000+00:00,220.0001,-20.426777683870256,0.17390370756472645,FLAT,False,False,False,
2026-04-18T04:21:00+00:00,ETHUSDT,LONG_SPOT_SHORT_PERP,2407.22,2405.93,-5.358878706557621,-2.327e-05,-1.075e-05,2026-04-18T08:00:00.006000+00:00,219.0001,-21.46637870655762,0.1716034725291278,FLAT,False,False,False,
2026-04-18T04:22:00+00:00,ETHUSDT,LONG_SPOT_SHORT_PERP,2408.49,2407.37,-4.650216525706526,-2.327e-05,-1.075e-05,2026-04-18T08:00:00.006000+00:00,218.0001,-20.757716525706527,0.17314677693393954,FLAT,False,False,False,
2026-04-18T04:23:00+00:00,ETHUSDT,LONG_SPOT_SHORT_PERP,2407.48,2406.39,-4.527555784472334,-2.327e-05,-1.075e-05,2026-04-18T08:00:00.006000+00:00,217.0001,-20.635055784472335,0.17342457290473848,FLAT,False,False,False,
2026-04-18T04:24:00+00:00,ETHUSDT,LONG_SPOT_SHORT_PERP,2407.54,2406.56,-4.070545037673385,-2.327e-05,-1.075e-05,2026-04-18T08:00:00.006000+00:00,216.0001,-20.178045037673385,0.17448838277031975,FLAT,False,False,False,
2026-04-18T04:25:00+00:00,ETHUSDT,LONG_SPOT_SHORT_PERP,2405.97,2404.69,-5.32009958561306,-2.327e-05,-1.075e-05,2026-04-18T08:00:00.006000+00:00,215.0001,-21.42759958561306,0.17168527008629864,FLAT,False,False,False,
2026-04-18T04:26:00+00:00,ETHUSDT,LONG_SPOT_SHORT_PERP,2406.36,2405.1,-5.2361242706835975,-2.327e-05,-1.075e-05,2026-04-18T08:00:00.006000+00:00,214.0001,-21.3436242706836,0.1718634358640973,FLAT,False,False,False,
2026-04-18T04:27:00+00:00,ETHUSDT,LONG_SPOT_SHORT_PERP,2406.48,2405.2,-5.318972108640837,-2.327e-05,-1.075e-05,2026-04-18T08:00:00.006000+00:00,213.0001,-21.426472108640837,0.17168765280190118,FLAT,False,False,False,
2026-04-18T04:28:00+00:00,ETHUSDT,LONG_SPOT_SHORT_PERP,2402.72,2401.33,-5.7851102084299155,-2.327e-05,-1.075e-05,2026-04-18T08:00:00.006000+00:00,212.0001,-21.892610208429915,0.1707239911274779,FLAT,False,False,False,
2026-04-18T04:29:00+00:00,ETHUSDT,LONG_SPOT_SHORT_PERP,2402.97,2401.53,-5.992584177079197,-2.327e-05,-1.075e-05,2026-04-18T08:00:00.006000+00:00,211.0001,-22.100084177079196,0.17030861913077255,FLAT,False,False,False,
2026-04-18T04:30:00+00:00,ETHUSDT,LONG_SPOT_SHORT_PERP,2401.98,2400.56,-5.911789440378657,-2.327e-05,-1.075e-05,2026-04-18T08:00:00.006000+00:00,210.0001,-22.019289440378657,0.1704693993317533,FLAT,False,False,False,
2026-04-18T04:31:00+00:00,ETHUSDT,LONG_SPOT_SHORT_PERP,2401.16,2399.73,-5.955454863481969,-2.327e-05,-1.075e-05,2026-04-18T08:00:00.006000+00:00,209.0001,-22.06295486348197,0.1703823522953357,FLAT,False,False,False,
2026-04-18T04:32:00+00:00,ETHUSDT,LONG_SPOT_SHORT_PERP,2400.45,2399.27,-4.915744964485144,-2.327e-05,-1.075e-05,2026-04-18T08:00:00.006000+00:00,208.0001,-21.023244964485144,0.17255634756372146,FLAT,False,False,False,
2026-04-18T04:33:00+00:00,ETHUSDT,LONG_SPOT_SHORT_PERP,2401.97,2400.66,-5.45385662601925,-2.327e-05,-1.075e-05,2026-04-18T08:00:00.006000+00:00,207.0001,-21.56135662601925,0.17140440101187682,FLAT,False,False,False,
2026-04-18T04:34:00+00:00,ETHUSDT,LONG_SPOT_SHORT_PERP,2402.55,2401.52,-4.287111610581257,-2.327e-05,-1.075e-05,2026-04-18T08:00:00.006000+00:00,206.0001,-20.394611610581258,0.17397854766823673,FLAT,False,False,False,
2026-04-18T04:35:00+00:00,ETHUSDT,LONG_SPOT_SHORT_PERP,2404.08,2403.04,-4.325979168746313,-2.327e-05,-1.075e-05,2026-04-18T08:00:00.006000+00:00,205.0001,-20.433479168746313,0.17388814394089677,FLAT,False,False,False,
2026-04-18T04:36:00+00:00,ETHUSDT,LONG_SPOT_SHORT_PERP,2405.81,2404.68,-4.69696276929645,-2.327e-05,-1.075e-05,2026-04-18T08:00:00.006000+00:00,204.0001,-20.80446276929645,0.173041753258093,FLAT,False,False,False,
2026-04-18T04:37:00+00:00,ETHUSDT,LONG_SPOT_SHORT_PERP,2406.22,2405.17,-4.363690768091559,-2.327e-05,-1.075e-05,2026-04-18T08:00:00.006000+00:00,203.0001,-20.47119076809156,0.17380074531753834,FLAT,False,False,False,
2026-04-18T04:38:00+00:00,ETHUSDT,LONG_SPOT_SHORT_PERP,2407.05,2405.9,-4.777632371575542,-2.327e-05,-1.075e-05,2026-04-18T08:00:00.006000+00:00,202.0001,-20.885132371575544,0.17286160330519756,FLAT,False,False,False,
2026-04-18T04:39:00+00:00,ETHUSDT,LONG_SPOT_SHORT_PERP,2406.96,2405.95,-4.196164456410652,-2.327e-05,-1.075e-05,2026-04-18T08:00:00.006000+00:00,201.0001,-20.30366445641065,0.17419138551747645,FLAT,False,False,False,
2026-04-18T04:40:00+00:00,ETHUSDT,LONG_SPOT_SHORT_PERP,2406.88,2405.53,-5.608921092866736,-2.327e-05,-1.075e-05,2026-04-18T08:00:00.006000+00:00,200.0001,-21.716421092866735,0.1710832239346486,FLAT,False,False,False,
2026-04-18T04:41:00+00:00,ETHUSDT,LONG_SPOT_SHORT_PERP,2406.58,2405.41,-4.861670918897659,-2.327e-05,-1.075e-05,2026-04-18T08:00:00.006000+00:00,199.0001,-20.96917091889766,0.17267538659723136,FLAT,False,False,False,
2026-04-18T04:42:00+00:00,ETHUSDT,LONG_SPOT_SHORT_PERP,2406.23,2404.88,-5.610436242586574,-2.327e-05,-1.075e-05,2026-04-18T08:00:00.006000+00:00,198.0001,-21.717936242586575,0.17108010896867956,FLAT,False,False,False,
2026-04-18T04:43:00+00:00,ETHUSDT,LONG_SPOT_SHORT_PERP,2406.86,2405.79,-4.4456262516314355,-2.327e-05,-1.075e-05,2026-04-18T08:00:00.006000+00:00,197.0001,-20.553126251631436,0.1736119245743426,FLAT,False,False,False,
2026-04-18T04:44:00+00:00,ETHUSDT,LONG_SPOT_SHORT_PERP,2404.74,2403.51,-5.114898076297494,-2.327e-05,-1.075e-05,2026-04-18T08:00:00.006000+00:00,196.0001,-21.222398076297495,0.1721231506944921,FLAT,False,False,False,
2026-04-18T04:45:00+00:00,ETHUSDT,LONG_SPOT_SHORT_PERP,2405.2,2404.01,-4.947613504072842,-2.327e-05,-1.075e-05,2026-04-18T08:00:00.006000+00:00,195.0001,-21.055113504072843,0.17248647683367782,FLAT,False,False,False,
2026-04-18T04:46:00+00:00,ETHUSDT,LONG_SPOT_SHORT_PERP,2404.44,2403.16,-5.323484886294522,-2.327e-05,-1.075e-05,2026-04-18T08:00:00.006000+00:00,194.0001,-21.43098488629452,0.17167811740648622,FLAT,False,False,False,
2026-04-18T04:47:00+00:00,ETHUSDT,LONG_SPOT_SHORT_PERP,2404.72,2403.75,-4.033733657140124,-2.327e-05,-1.075e-05,2026-04-18T08:00:00.006000+00:00,193.0001,-20.141233657140123,0.17457608283772402,FLAT,False,False,False,
2026-04-18T04:48:00+00:00,ETHUSDT,LONG_SPOT_SHORT_PERP,2406.56,2405.39,-4.861711322385782,-2.327e-05,-1.075e-05,2026-04-18T08:00:00.006000+00:00,192.0001,-20.96921132238578,0.17267529742497637,FLAT,False,False,False,
2026-04-18T04:49:00+00:00,ETHUSDT,LONG_SPOT_SHORT_PERP,2406.38,2405.08,-5.402305537779494,-2.327e-05,-1.075e-05,2026-04-18T08:00:00.006000+00:00,191.0001,-21.509805537779492,0.17151222812854056,FLAT,False,False,False,
2026-04-18T04:50:00+00:00,ETHUSDT,LONG_SPOT_SHORT_PERP,2407.8,2406.73,-4.443890688596078,-2.327e-05,-1.075e-05,2026-04-18T08:00:00.006000+00:00,190.0001,-20.55139068859608,0.17361590906202834,FLAT,False,False,False,
2026-04-18T04:51:00+00:00,ETHUSDT,LONG_SPOT_SHORT_PERP,2407.67,2406.67,-4.153393114504895,-2.327e-05,-1.075e-05,2026-04-18T08:00:00.006000+00:00,189.0001,-20.260893114504896,0.17429211352059093,FLAT,False,False,False,
2026-04-18T04:52:00+00:00,ETHUSDT,LONG_SPOT_SHORT_PERP,2408.0,2406.73,-5.274086378737466,-2.327e-05,-1.075e-05,2026-04-18T08:00:00.006000+00:00,188.0001,-21.381586378737467,0.17178271793320998,FLAT,False,False,False,
2026-04-18T04:53:00+00:00,ETHUSDT,LONG_SPOT_SHORT_PERP,2408.53,2407.16,-5.68811681814362,-2.327e-05,-1.075e-05,2026-04-18T08:00:00.006000+00:00,187.0001,-21.79561681814362,0.17092100663433932,FLAT,False,False,False,
2026-04-18T04:54:00+00:00,ETHUSDT,LONG_SPOT_SHORT_PERP,2408.89,2407.53,-5.64575385343321,-2.327e-05,-1.075e-05,2026-04-18T08:00:00.006000+00:00,186.0001,-21.75325385343321,0.17100762714846895,FLAT,False,False,False,
2026-04-18T04:55:00+00:00,ETHUSDT,LONG_SPOT_SHORT_PERP,2408.01,2406.67,-5.564760943684393,-2.327e-05,-1.075e-05,2026-04-18T08:00:00.006000+00:00,185.0001,-21.672260943684392,0.17117420922027343,FLAT,False,False,False,
2026-04-18T04:56:00+00:00,ETHUSDT,LONG_SPOT_SHORT_PERP,2408.66,2407.55,-4.608371459648405,-2.327e-05,-1.075e-05,2026-04-18T08:00:00.006000+00:00,184.0001,-20.715871459648405,0.17324118381806247,FLAT,False,False,False,
2026-04-18T04:57:00+00:00,ETHUSDT,LONG_SPOT_SHORT_PERP,2409.08,2407.7,-5.728327826390611,-2.327e-05,-1.075e-05,2026-04-18T08:00:00.006000+00:00,183.0001,-21.835827826390613,0.1708391083987043,FLAT,False,False,False,
2026-04-18T04:58:00+00:00,ETHUSDT,LONG_SPOT_SHORT_PERP,2408.72,2407.43,-5.355541532432013,-2.327e-05,-1.075e-05,2026-04-18T08:00:00.006000+00:00,182.0001,-21.463041532432012,0.1716104998625593,FLAT,False,False,False,
2026-04-18T04:59:00+00:00,ETHUSDT,LONG_SPOT_SHORT_PERP,2407.48,2406.27,-5.0260022928540895,-2.327e-05,-1.075e-05,2026-04-18T08:00:00.006000+00:00,181.0001,-21.13350229285409,0.1723155067265318,FLAT,False,False,False,
2026-04-18T05:00:00+00:00,ETHUSDT,LONG_SPOT_SHORT_PERP,2407.9,2406.6,-5.398895302961841,-2.327e-05,-1.075e-05,2026-04-18T08:00:00.006000+00:00,180.0001,-21.50639530296184,0.17151937979351609,FLAT,False,False,False,
2026-04-18T05:01:00+00:00,ETHUSDT,LONG_SPOT_SHORT_PERP,2408.84,2407.68,-4.815595888478724,-2.327e-05,-1.075e-05,2026-04-18T08:00:00.006000+00:00,179.0001,-20.923095888478723,0.17277729846006815,FLAT,False,False,False,
2026-04-18T05:02:00+00:00,ETHUSDT,LONG_SPOT_SHORT_PERP,2409.77,2408.54,-5.104221564713721,-2.327e-05,-1.075e-05,2026-04-18T08:00:00.006000+00:00,178.0001,-21.21172156471372,0.17214616738877794,FLAT,False,False,False,
2026-04-18T05:03:00+00:00,ETHUSDT,LONG_SPOT_SHORT_PERP,2409.76,2408.5,-5.2287364716827325,-2.327e-05,-1.075e-05,2026-04-18T08:00:00.006000+00:00,177.0001,-21.33623647168273,0.1718791781826612,FLAT,False,False,False,
2026-04-18T05:04:00+00:00,ETHUSDT,LONG_SPOT_SHORT_PERP,2410.22,2408.99,-5.1032685812914105,-2.327e-05,-1.075e-05,2026-04-18T08:00:00.006000+00:00,176.0001,-21.21076858129141,0.1721482229872094,FLAT,False,False,False,
2026-04-18T05:05:00+00:00,ETHUSDT,LONG_SPOT_SHORT_PERP,2410.39,2409.0,-5.766701654088644,-2.327e-05,-1.075e-05,2026-04-18T08:00:00.006000+00:00,175.0001,-21.874201654088644,0.17076124346640445,FLAT,False,False,False,
2026-04-18T05:06:00+00:00,ETHUSDT,LONG_SPOT_SHORT_PERP,2410.3,2408.96,-5.559473924408354,-2.327e-05,-1.075e-05,2026-04-18T08:00:00.006000+00:00,174.0001,-21.666973924408353,0.17118512793488275,FLAT,False,False,False,
2026-04-18T05:07:00+00:00,ETHUSDT,LONG_SPOT_SHORT_PERP,2410.53,2409.19,-5.558943468864297,-2.327e-05,-1.075e-05,2026-04-18T08:00:00.006000+00:00,173.0001,-21.666443468864298,0.17118622373069908,FLAT,False,False,False,
2026-04-18T05:08:00+00:00,ETHUSDT,LONG_SPOT_SHORT_PERP,2411.31,2409.98,-5.515674052693048,-2.327e-05,-1.075e-05,2026-04-18T08:00:00.006000+00:00,172.0001,-21.62317405269305,0.171275794356834,FLAT,False,False,False,
2026-04-18T05:09:00+00:00,ETHUSDT,LONG_SPOT_SHORT_PERP,2412.3,2411.14,-4.8086888032181285,-2.327e-05,-1.075e-05,2026-04-18T08:00:00.006000+00:00,171.0001,-20.916188803218127,0.17279261435933094,FLAT,False,False,False,
2026-04-18T05:10:00+00:00,ETHUSDT,LONG_SPOT_SHORT_PERP,2412.2,2411.1,-4.560152557830649,-2.327e-05,-1.075e-05,2026-04-18T08:00:00.006000+00:00,170.0001,-20.66765255783065,0.1733504348524408,FLAT,False,False,False,
2026-04-18T05:11:00+00:00,ETHUSDT,LONG_SPOT_SHORT_PERP,2412.18,2410.87,-5.430772164597773,-2.327e-05,-1.075e-05,2026-04-18T08:00:00.006000+00:00,169.0001,-21.53827216459777,0.17145262050235258,FLAT,False,False,False,
2026-04-18T05:12:00+00:00,ETHUSDT,LONG_SPOT_SHORT_PERP,2413.15,2411.94,-5.014193067153042,-2.327e-05,-1.075e-05,2026-04-18T08:00:00.006000+00:00,168.0001,-21.121693067153043,0.17234118211693975,FLAT,False,False,False,
2026-04-18T05:13:00+00:00,ETHUSDT,LONG_SPOT_SHORT_PERP,2412.13,2410.73,-5.803998955280564,-2.327e-05,-1.075e-05,2026-04-18T08:00:00.006000+00:00,167.0001,-21.911498955280564,0.17068583479694546,FLAT,False,False,False,
2026-04-18T05:14:00+00:00,ETHUSDT,LONG_SPOT_SHORT_PERP,2411.75,2410.43,-5.473204104903758,-2.327e-05,-1.075e-05,2026-04-18T08:00:00.006000+00:00,166.0001,-21.58070410490376,0.171364068781584,FLAT,False,False,False,
2026-04-18T05:15:00+00:00,ETHUSDT,LONG_SPOT_SHORT_PERP,2411.17,2409.93,-5.142731536972659,-2.327e-05,-1.075e-05,2026-04-18T08:00:00.006000+00:00,165.0001,-21.25023153697266,0.17206325602662687,FLAT,False,False,False,
2026-04-18T05:16:00+00:00,ETHUSDT,LONG_SPOT_SHORT_PERP,2410.69,2409.43,-5.226719321025176,-2.327e-05,-1.075e-05,2026-04-18T08:00:00.006000+00:00,164.0001,-21.334219321025177,0.17188347835308163,FLAT,False,False,False,
2026-04-18T05:17:00+00:00,ETHUSDT,LONG_SPOT_SHORT_PERP,2411.22,2409.75,-6.0964988677922385,-2.327e-05,-1.075e-05,2026-04-18T08:00:00.006000+00:00,163.0001,-22.203998867792237,0.17010364089402727,FLAT,False,False,False,
2026-04-18T05:18:00+00:00,ETHUSDT,LONG_SPOT_SHORT_PERP,2410.67,2409.36,-5.434173901861081,-2.327e-05,-1.075e-05,2026-04-18T08:00:00.006000+00:00,162.0001,-21.54167390186108,0.17144550821324125,FLAT,False,False,False,
2026-04-18T05:19:00+00:00,ETHUSDT,LONG_SPOT_SHORT_PERP,2409.74,2408.68,-4.398814809896277,-2.327e-05,-1.075e-05,2026-04-18T08:00:00.006000+00:00,161.0001,-20.506314809896278,0.17371962286533005,FLAT,False,False,False,
2026-04-18T05:20:00+00:00,ETHUSDT,LONG_SPOT_SHORT_PERP,2409.8,2408.38,-5.892605195452206,-2.327e-05,-1.075e-05,2026-04-18T08:00:00.006000+00:00,160.0001,-22.000105195452207,0.17050775767660467,FLAT,False,False,False,
2026-04-18T05:21:00+00:00,ETHUSDT,LONG_SPOT_SHORT_PERP,2410.53,2409.39,-4.729250413810769,-2.327e-05,-1.075e-05,2026-04-18T08:00:00.006000+00:00,159.0001,-20.83675041381077,0.17296948400522927,FLAT,False,False,False,
2026-04-18T05:22:00+00:00,ETHUSDT,LONG_SPOT_SHORT_PERP,2410.44,2409.35,-4.5219959841362805,-2.327e-05,-1.075e-05,2026-04-18T08:00:00.006000+00:00,158.0001,-20.62949598413628,0.17343724091831872,FLAT,False,False,False,
2026-04-18T05:23:00+00:00,ETHUSDT,LONG_SPOT_SHORT_PERP,2410.59,2409.01,-6.554411990425278,-2.327e-05,-1.075e-05,2026-04-18T08:00:00.006000+00:00,157.0001,-22.661911990425278,0.16922417861657577,FLAT,False,False,False,
2026-04-18T05:24:00+00:00,ETHUSDT,LONG_SPOT_SHORT_PERP,2410.28,2409.01,-5.26909736628102,-2.327e-05,-1.075e-05,2026-04-18T08:00:00.006000+00:00,156.0001,-21.37659736628102,0.1717933093681908,FLAT,False,False,False,
2026-04-18T05:25:00+00:00,ETHUSDT,LONG_SPOT_SHORT_PERP,2408.78,2407.4,-5.729041257400465,-2.327e-05,-1.075e-05,2026-04-18T08:00:00.006000+00:00,155.0001,-21.836541257400466,0.1708376581707642,FLAT,False,False,False,
2026-04-18T05:26:00+00:00,ETHUSDT,LONG_SPOT_SHORT_PERP,2409.69,2408.51,-4.896895451281435,-2.327e-05,-1.075e-05,2026-04-18T08:00:00.006000+00:00,154.0001,-21.004395451281436,0.17259777385479488,FLAT,False,False,False,
2026-04-18T05:27:00+00:00,ETHUSDT,LONG_SPOT_SHORT_PERP,2409.44,2408.32,-4.648383026760952,-2.327e-05,-1.075e-05,2026-04-18T08:00:00.006000+00:00,153.0001,-20.75588302676095,0.17315090568154431,FLAT,False,False,False,
2026-04-18T05:28:00+00:00,ETHUSDT,LONG_SPOT_SHORT_PERP,2409.31,2408.06,-5.188207412080637,-2.327e-05,-1.075e-05,2026-04-18T08:00:00.006000+00:00,152.0001,-21.295707412080638,0.17196573619779845,FLAT,False,False,False,
2026-04-18T05:29:00+00:00,ETHUSDT,LONG_SPOT_SHORT_PERP,2408.97,2407.62,-5.604054845016373,-2.327e-05,-1.075e-05,2026-04-18T08:00:00.006000+00:00,151.0001,-21.711554845016373,0.17109323139044044,FLAT,False,False,False,
2026-04-18T05:30:00+00:00,ETHUSDT,LONG_SPOT_SHORT_PERP,2408.87,2407.5,-5.687313968789892,-2.327e-05,-1.075e-05,2026-04-18T08:00:00.006000+00:00,150.0001,-21.794813968789892,0.17092264499759985,FLAT,False,False,False,
2026-04-18T05:31:00+00:00,ETHUSDT,LONG_SPOT_SHORT_PERP,2408.27,2406.72,-6.436155414468402,-2.327e-05,-1.075e-05,2026-04-18T08:00:00.006000+00:00,149.0001,-22.543655414468404,0.1694476344138791,FLAT,False,False,False,
2026-04-18T05:32:00+00:00,ETHUSDT,LONG_SPOT_SHORT_PERP,2407.17,2405.86,-5.4420751338706665,-2.327e-05,-1.075e-05,2026-04-18T08:00:00.006000+00:00,148.0001,-21.54957513387067,0.17142899732644062,FLAT,False,False,False,
2026-04-18T05:33:00+00:00,ETHUSDT,LONG_SPOT_SHORT_PERP,2407.82,2406.73,-4.526916463855875,-2.327e-05,-1.075e-05,2026-04-18T08:00:00.006000+00:00,147.0001,-20.634416463855874,0.17342602925914033,FLAT,False,False,False,
2026-04-18T05:34:00+00:00,ETHUSDT,LONG_SPOT_SHORT_PERP,2408.21,2406.82,-5.771921883888334,-2.327e-05,-1.075e-05,2026-04-18T08:00:00.006000+00:00,146.0001,-21.879421883888334,0.1707506729590176,FLAT,False,False,False,
2026-04-18T05:35:00+00:00,ETHUSDT,LONG_SPOT_SHORT_PERP,2407.21,2405.88,-5.525068440227181,-2.327e-05,-1.075e-05,2026-04-18T08:00:00.006000+00:00,145.0001,-21.632568440227182,0.1712563160330456,FLAT,False,False,False,
2026-04-18T05:36:00+00:00,ETHUSDT,LONG_SPOT_SHORT_PERP,2407.2,2405.84,-5.649717514122934,-2.327e-05,-1.075e-05,2026-04-18T08:00:00.006000+00:00,144.0001,-21.757217514122935,0.17099950776101905,FLAT,False,False,False,
2026-04-18T05:37:00+00:00,ETHUSDT,LONG_SPOT_SHORT_PERP,2405.83,2404.5,-5.528237656026931,-2.327e-05,-1.075e-05,2026-04-18T08:00:00.006000+00:00,143.0001,-21.635737656026933,0.17124974890111333,FLAT,False,False,False,
2026-04-18T05:38:00+00:00,ETHUSDT,LONG_SPOT_SHORT_PERP,2406.17,2404.88,-5.361217204104296,-2.327e-05,-1.075e-05,2026-04-18T08:00:00.006000+00:00,142.0001,-21.468717204104294,0.17159854950879228,FLAT,False,False,False,
2026-04-18T05:39:00+00:00,ETHUSDT,LONG_SPOT_SHORT_PERP,2407.74,2406.32,-5.897646755877371,-2.327e-05,-1.075e-05,2026-04-18T08:00:00.006000+00:00,141.0001,-22.00514675587737,0.17049767043630748,FLAT,False,False,False,
2026-04-18T05:40:00+00:00,ETHUSDT,LONG_SPOT_SHORT_PERP,2406.99,2405.67,-5.484027769121222,-2.327e-05,-1.075e-05,2026-04-18T08:00:00.006000+00:00,140.0001,-21.59152776912122,0.17134153781048522,FLAT,False,False,False,
2026-04-18T05:41:00+00:00,ETHUSDT,LONG_SPOT_SHORT_PERP,2406.86,2405.5,-5.650515609549901,-2.327e-05,-1.075e-05,2026-04-18T08:00:00.006000+00:00,139.0001,-21.7580156095499,0.1709978732670375,FLAT,False,False,False,
2026-04-18T05:42:00+00:00,ETHUSDT,LONG_SPOT_SHORT_PERP,2407.27,2405.77,-6.231124884204929,-2.327e-05,-1.075e-05,2026-04-18T08:00:00.006000+00:00,138.0001,-22.33862488420493,0.1698410824815898,FLAT,False,False,False,
2026-04-18T05:43:00+00:00,ETHUSDT,LONG_SPOT_SHORT_PERP,2407.49,2406.39,-4.56907401484496,-2.327e-05,-1.075e-05,2026-04-18T08:00:00.006000+00:00,137.0001,-20.67657401484496,0.1733301836785615,FLAT,False,False,False,
2026-04-18T05:44:00+00:00,ETHUSDT,LONG_SPOT_SHORT_PERP,2407.49,2406.17,-5.482888817813196,-2.327e-05,-1.075e-05,2026-04-18T08:00:00.006000+00:00,136.0001,-21.590388817813196,0.17134390760670393,FLAT,False,False,False,
2026-04-18T05:45:00+00:00,ETHUSDT,LONG_SPOT_SHORT_PERP,2407.91,2406.72,-4.942045176107307,-2.327e-05,-1.075e-05,2026-04-18T08:00:00.006000+00:00,135.0001,-21.04954517610731,0.1724986700117799,FLAT,False,False,False,
2026-04-18T05:46:00+00:00,ETHUSDT,LONG_SPOT_SHORT_PERP,2407.53,2406.22,-5.441261375768526,-2.327e-05,-1.075e-05,2026-04-18T08:00:00.006000+00:00,134.0001,-21.548761375768528,0.17143069723186818,FLAT,False,False,False,
2026-04-18T05:47:00+00:00,ETHUSDT,LONG_SPOT_SHORT_PERP,2407.67,2406.51,-4.817936012825074,-2.327e-05,-1.075e-05,2026-04-18T08:00:00.006000+00:00,133.0001,-20.925436012825074,0.17277211169502724,FLAT,False,False,False,
2026-04-18T05:48:00+00:00,ETHUSDT,LONG_SPOT_SHORT_PERP,2407.28,2406.06,-5.067960519757796,-2.327e-05,-1.075e-05,2026-04-18T08:00:00.006000+00:00,132.0001,-21.175460519757795,0.17222451399075578,FLAT,False,False,False,
2026-04-18T05:49:00+00:00,ETHUSDT,LONG_SPOT_SHORT_PERP,2407.62,2406.53,-4.527292512936804,-2.327e-05,-1.075e-05,2026-04-18T08:00:00.006000+00:00,131.0001,-20.634792512936805,0.17342517261924473,FLAT,False,False,False,
2026-04-18T05:50:00+00:00,ETHUSDT,LONG_SPOT_SHORT_PERP,2408.21,2407.18,-4.2770356405803485,-2.327e-05,-1.075e-05,2026-04-18T08:00:00.006000+00:00,130.0001,-20.38453564058035,0.17400203797056835,FLAT,False,False,False,
2026-04-18T05:51:00+00:00,ETHUSDT,LONG_SPOT_SHORT_PERP,2408.49,2407.25,-5.148454010603249,-2.327e-05,-1.075e-05,2026-04-18T08:00:00.006000+00:00,129.0001,-21.255954010603247,0.17205096144289062,FLAT,False,False,False,
2026-04-18T05:52:00+00:00,ETHUSDT,LONG_SPOT_SHORT_PERP,2408.73,2407.65,-4.483690575531202,-2.327e-05,-1.075e-05,2026-04-18T08:00:00.006000+00:00,128.0001,-20.5911905755312,0.1735247009425047,FLAT,False,False,False,
2026-04-18T05:53:00+00:00,ETHUSDT,LONG_SPOT_SHORT_PERP,2408.11,2407.0,-4.609423988107384,-2.327e-05,-1.075e-05,2026-04-18T08:00:00.006000+00:00,127.0001,-20.716923988107382,0.17323880462110033,FLAT,False,False,False,
2026-04-18T05:54:00+00:00,ETHUSDT,LONG_SPOT_SHORT_PERP,2408.39,2407.0,-5.771490497800907,-2.327e-05,-1.075e-05,2026-04-18T08:00:00.006000+00:00,126.0001,-21.878990497800906,0.1707515462790707,FLAT,False,False,False,
2026-04-18T05:55:00+00:00,ETHUSDT,LONG_SPOT_SHORT_PERP,2408.18,2407.0,-4.899965949388485,-2.327e-05,-1.075e-05,2026-04-18T08:00:00.006000+00:00,125.0001,-21.007465949388486,0.1725910206623984,FLAT,False,False,False,
2026-04-18T05:56:00+00:00,ETHUSDT,LONG_SPOT_SHORT_PERP,2408.94,2407.73,-5.0229561549894814,-2.327e-05,-1.075e-05,2026-04-18T08:00:00.006000+00:00,124.0001,-21.13045615498948,0.1723221268314926,FLAT,False,False,False,
2026-04-18T05:57:00+00:00,ETHUSDT,LONG_SPOT_SHORT_PERP,2408.93,2407.63,-5.396586866366923,-2.327e-05,-1.075e-05,2026-04-18T08:00:00.006000+00:00,123.0001,-21.504086866366922,0.17152422217185986,FLAT,False,False,False,
2026-04-18T05:58:00+00:00,ETHUSDT,LONG_SPOT_SHORT_PERP,2408.94,2407.49,-6.019244979120579,-2.327e-05,-1.075e-05,2026-04-18T08:00:00.006000+00:00,122.0001,-22.12674497912058,0.1702558354000239,FLAT,False,False,False,
2026-04-18T05:59:00+00:00,ETHUSDT,LONG_SPOT_SHORT_PERP,2408.95,2407.6,-5.604101371966663,-2.327e-05,-1.075e-05,2026-04-18T08:00:00.006000+00:00,121.0001,-21.711601371966662,0.17109313568568812,FLAT,False,False,False,
2026-04-18T06:00:00+00:00,ETHUSDT,LONG_SPOT_SHORT_PERP,2408.93,2407.45,-6.143806586326785,-2.327e-05,-1.075e-05,2026-04-18T08:00:00.006000+00:00,120.0001,-22.251306586326784,0.17001099348732834,FLAT,False,False,False,
2026-04-18T06:01:00+00:00,ETHUSDT,LONG_SPOT_SHORT_PERP,2409.9,2408.38,-6.3073156562512205,-2.327e-05,-1.075e-05,2026-04-18T08:00:00.006000+00:00,119.0001,-22.41481565625122,0.16969397539682007,FLAT,False,False,False,
2026-04-18T06:02:00+00:00,ETHUSDT,LONG_SPOT_SHORT_PERP,2409.55,2408.37,-4.897179971365155,-2.327e-05,-1.075e-05,2026-04-18T08:00:00.006000+00:00,118.0001,-21.004679971365157,0.1725971480044505,FLAT,False,False,False,
2026-04-18T06:03:00+00:00,ETHUSDT,LONG_SPOT_SHORT_PERP,2410.86,2409.57,-5.350787685721956,-2.327e-05,-1.075e-05,2026-04-18T08:00:00.006000+00:00,117.0001,-21.458287685721956,0.1716205142324456,FLAT,False,False,False,
2026-04-18T06:04:00+00:00,ETHUSDT,LONG_SPOT_SHORT_PERP,2409.45,2408.16,-5.35391894415723,-2.327e-05,-1.075e-05,2026-04-18T08:00:00.006000+00:00,116.0001,-21.46141894415723,0.17161391747056587,FLAT,False,False,False,
2026-04-18T06:05:00+00:00,ETHUSDT,LONG_SPOT_SHORT_PERP,2408.35,2407.04,-5.439408723814834,-2.327e-05,-1.075e-05,2026-04-18T08:00:00.006000+00:00,115.0001,-21.546908723814834,0.1714345678315336,FLAT,False,False,False,
2026-04-18T06:06:00+00:00,ETHUSDT,LONG_SPOT_SHORT_PERP,2409.44,2407.69,-7.263098479314696,-2.327e-05,-1.075e-05,2026-04-18T08:00:00.006000+00:00,114.0001,-23.370598479314694,0.16793669611093492,FLAT,False,False,False,
2026-04-18T06:07:00+00:00,ETHUSDT,LONG_SPOT_SHORT_PERP,2409.11,2407.8,-5.437692757906221,-2.327e-05,-1.075e-05,2026-04-18T08:00:00.006000+00:00,113.0001,-21.54519275790622,0.17143815347129093,FLAT,False,False,False,
2026-04-18T06:08:00+00:00,ETHUSDT,LONG_SPOT_SHORT_PERP,2409.2,2407.93,-5.271459405611746,-2.327e-05,-1.075e-05,2026-04-18T08:00:00.006000+00:00,112.0001,-21.378959405611745,0.17178829424670844,FLAT,False,False,False,
2026-04-18T06:09:00+00:00,ETHUSDT,LONG_SPOT_SHORT_PERP,2409.35,2407.93,-5.893705771266411,-2.327e-05,-1.075e-05,2026-04-18T08:00:00.006000+00:00,111.0001,-22.001205771266413,0.170505555212701,FLAT,False,False,False,
2026-04-18T06:10:00+00:00,ETHUSDT,LONG_SPOT_SHORT_PERP,2409.36,2407.94,-5.893681309559686,-2.327e-05,-1.075e-05,2026-04-18T08:00:00.006000+00:00,110.0001,-22.001181309559687,0.17050560416277466,FLAT,False,False,False,
2026-04-18T06:11:00+00:00,ETHUSDT,LONG_SPOT_SHORT_PERP,2409.99,2408.84,-4.771804032380368,-2.327e-05,-1.075e-05,2026-04-18T08:00:00.006000+00:00,109.0001,-20.879304032380368,0.17287457302269063,FLAT,False,False,False,
2026-04-18T06:12:00+00:00,ETHUSDT,LONG_SPOT_SHORT_PERP,2410.58,2409.35,-5.102506450729775,-2.327e-05,-1.075e-05,2026-04-18T08:00:00.006000+00:00,108.0001,-21.210006450729775,0.1721498670470135,FLAT,False,False,False,
2026-04-18T06:13:00+00:00,ETHUSDT,LONG_SPOT_SHORT_PERP,2409.7,2408.32,-5.726853965222453,-2.327e-05,-1.075e-05,2026-04-18T08:00:00.006000+00:00,107.0001,-21.834353965222455,0.1708421047037803,FLAT,False,False,False,
2026-04-18T06:14:00+00:00,ETHUSDT,LONG_SPOT_SHORT_PERP,2409.41,2407.97,-5.976566877368546,-2.327e-05,-1.075e-05,2026-04-18T08:00:00.006000+00:00,106.0001,-22.084066877368546,0.17034039508302465,FLAT,False,False,False,
2026-04-18T06:15:00+00:00,ETHUSDT,LONG_SPOT_SHORT_PERP,2408.88,2407.57,-5.4382119491213565,-2.327e-05,-1.075e-05,2026-04-18T08:00:00.006000+00:00,105.0001,-21.545711949121355,0.17143706852057403,FLAT,False,False,False,
2026-04-18T06:16:00+00:00,ETHUSDT,LONG_SPOT_SHORT_PERP,2409.25,2407.68,-6.516550793816182,-2.327e-05,-1.075e-05,2026-04-18T08:00:00.006000+00:00,104.0001,-22.62405079381618,0.1692954462272862,FLAT,False,False,False,
2026-04-18T06:17:00+00:00,ETHUSDT,LONG_SPOT_SHORT_PERP,2408.29,2406.7,-6.602194918386679,-2.327e-05,-1.075e-05,2026-04-18T08:00:00.006000+00:00,103.0001,-22.709694918386678,0.16913460190433383,FLAT,False,False,False,
2026-04-18T06:18:00+00:00,ETHUSDT,LONG_SPOT_SHORT_PERP,2408.37,2406.99,-5.7300165672222665,-2.327e-05,-1.075e-05,2026-04-18T08:00:00.006000+00:00,102.0001,-21.837516567222266,0.17083567576746933,FLAT,False,False,False,
2026-04-18T06:19:00+00:00,ETHUSDT,LONG_SPOT_SHORT_PERP,2408.3,2406.9,-5.813229248848112,-2.327e-05,-1.075e-05,2026-04-18T08:00:00.006000+00:00,101.0001,-21.92072924884811,0.17066721400888915,FLAT,False,False,False,
2026-04-18T06:20:00+00:00,ETHUSDT,LONG_SPOT_SHORT_PERP,2407.13,2405.65,-6.148400792645259,-2.327e-05,-1.075e-05,2026-04-18T08:00:00.006000+00:00,100.0001,-22.25590079264526,0.1700020184244927,FLAT,False,False,False,
2026-04-18T06:21:00+00:00,ETHUSDT,LONG_SPOT_SHORT_PERP,2407.62,2406.44,-4.901105656207526,-2.327e-05,-1.075e-05,2026-04-18T08:00:00.006000+00:00,99.0001,-21.008605656207525,0.17258851451349713,FLAT,False,False,False,
2026-04-18T06:22:00+00:00,ETHUSDT,LONG_SPOT_SHORT_PERP,2407.84,2406.46,-5.731277825769607,-2.327e-05,-1.075e-05,2026-04-18T08:00:00.006000+00:00,98.0001,-21.838777825769608,0.17083311242076732,FLAT,False,False,False,
2026-04-18T06:23:00+00:00,ETHUSDT,LONG_SPOT_SHORT_PERP,2407.22,2405.58,-6.812838045545786,-2.327e-05,-1.075e-05,2026-04-18T08:00:00.006000+00:00,97.0001,-22.920338045545787,0.16874455550461734,FLAT,False,False,False,
2026-04-18T06:24:00+00:00,ETHUSDT,LONG_SPOT_SHORT_PERP,2406.7,2405.09,-6.689658037975953,-2.327e-05,-1.075e-05,2026-04-18T08:00:00.006000+00:00,96.0001,-22.797158037975954,0.16897169352145405,FLAT,False,False,False,
2026-04-18T06:25:00+00:00,ETHUSDT,LONG_SPOT_SHORT_PERP,2405.53,2404.33,-4.988505651562328,-2.327e-05,-1.075e-05,2026-04-18T08:00:00.006000+00:00,95.0001,-21.09600565156233,0.17239713049972266,FLAT,False,False,False,
2026-04-18T06:26:00+00:00,ETHUSDT,LONG_SPOT_SHORT_PERP,2406.43,2405.25,-4.903529294431321,-2.327e-05,-1.075e-05,2026-04-18T08:00:00.006000+00:00,94.0001,-21.01102929443132,0.17258318597321398,FLAT,False,False,False,
2026-04-18T06:27:00+00:00,ETHUSDT,LONG_SPOT_SHORT_PERP,2407.03,2405.95,-4.486857247314665,-2.327e-05,-1.075e-05,2026-04-18T08:00:00.006000+00:00,93.0001,-20.594357247314665,0.17351745869838012,FLAT,False,False,False,
2026-04-18T06:28:00+00:00,ETHUSDT,LONG_SPOT_SHORT_PERP,2408.21,2406.94,-5.273626469452339,-2.327e-05,-1.075e-05,2026-04-18T08:00:00.006000+00:00,92.0001,-21.38112646945234,0.17178369408888441,FLAT,False,False,False,
2026-04-18T06:29:00+00:00,ETHUSDT,LONG_SPOT_SHORT_PERP,2408.64,2407.38,-5.231167795933653,-2.327e-05,-1.075e-05,2026-04-18T08:00:00.006000+00:00,91.0001,-21.338667795933652,0.17187399616857774,FLAT,False,False,False,
2026-04-18T06:30:00+00:00,ETHUSDT,LONG_SPOT_SHORT_PERP,2409.54,2408.13,-5.851739336138244,-2.327e-05,-1.075e-05,2026-04-18T08:00:00.006000+00:00,90.0001,-21.959239336138243,0.1705897016471238,FLAT,False,False,False,
2026-04-18T06:31:00+00:00,ETHUSDT,LONG_SPOT_SHORT_PERP,2409.54,2408.29,-5.187712177428057,-2.327e-05,-1.075e-05,2026-04-18T08:00:00.006000+00:00,89.0001,-21.295212177428056,0.1719667959305817,FLAT,False,False,False,
2026-04-18T06:32:00+00:00,ETHUSDT,LONG_SPOT_SHORT_PERP,2410.54,2409.23,-5.434466965907827,-2.327e-05,-1.075e-05,2026-04-18T08:00:00.006000+00:00,88.0001,-21.541966965907825,0.17144489558785062,FLAT,False,False,False,
2026-04-18T06:33:00+00:00,ETHUSDT,LONG_SPOT_SHORT_PERP,2410.83,2409.6,-5.101977327310586,-2.327e-05,-1.075e-05,2026-04-18T08:00:00.006000+00:00,87.0001,-21.209477327310587,0.17215100853618467,FLAT,False,False,False,
2026-04-18T06:34:00+00:00,ETHUSDT,LONG_SPOT_SHORT_PERP,2410.99,2409.66,-5.516406123625263,-2.327e-05,-1.075e-05,2026-04-18T08:00:00.006000+00:00,86.0001,-21.62390612362526,0.17127427585631588,FLAT,False,False,False,
2026-04-18T06:35:00+00:00,ETHUSDT,LONG_SPOT_SHORT_PERP,2411.46,2410.12,-5.556799615171496,-2.327e-05,-1.075e-05,2026-04-18T08:00:00.006000+00:00,85.0001,-21.664299615171494,0.17119065298857802,FLAT,False,False,False,
2026-04-18T06:36:00+00:00,ETHUSDT,LONG_SPOT_SHORT_PERP,2410.82,2409.28,-6.38786802830557,-2.327e-05,-1.075e-05,2026-04-18T08:00:00.006000+00:00,84.0001,-22.49536802830557,0.16953960510460403,FLAT,False,False,False,
2026-04-18T06:37:00+00:00,ETHUSDT,LONG_SPOT_SHORT_PERP,2409.95,2408.39,-6.473163343637609,-2.327e-05,-1.075e-05,2026-04-18T08:00:00.006000+00:00,83.0001,-22.58066334363761,0.16937743346261092,FLAT,False,False,False,
2026-04-18T06:38:00+00:00,ETHUSDT,LONG_SPOT_SHORT_PERP,2410.24,2408.83,-5.850039830057814,-2.327e-05,-1.075e-05,2026-04-18T08:00:00.006000+00:00,82.0001,-21.957539830057815,0.17059311639301275,FLAT,False,False,False,
2026-04-18T06:39:00+00:00,ETHUSDT,LONG_SPOT_SHORT_PERP,2409.55,2408.11,-5.976219626071484,-2.327e-05,-1.075e-05,2026-04-18T08:00:00.006000+00:00,81.0001,-22.083719626071485,0.17034108451506072,FLAT,False,False,False,
2026-04-18T06:40:00+00:00,ETHUSDT,LONG_SPOT_SHORT_PERP,2409.54,2408.13,-5.851739336138244,-2.327e-05,-1.075e-05,2026-04-18T08:00:00.006000+00:00,80.0001,-21.959239336138243,0.1705897016471238,FLAT,False,False,False,
2026-04-18T06:41:00+00:00,ETHUSDT,LONG_SPOT_SHORT_PERP,2409.85,2408.33,-6.307446521567657,-2.327e-05,-1.075e-05,2026-04-18T08:00:00.006000+00:00,79.0001,-22.414946521567657,0.16969372364390728,FLAT,False,False,False,
2026-04-18T06:42:00+00:00,ETHUSDT,LONG_SPOT_SHORT_PERP,2410.78,2409.42,-5.641327703067584,-2.327e-05,-1.075e-05,2026-04-18T08:00:00.006000+00:00,78.0001,-21.748827703067583,0.17101669754216864,FLAT,False,False,False,
2026-04-18T06:43:00+00:00,ETHUSDT,LONG_SPOT_SHORT_PERP,2410.8,2409.51,-5.3509208561471855,-2.327e-05,-1.075e-05,2026-04-18T08:00:00.006000+00:00,77.0001,-21.458420856147185,0.17162023363644882,FLAT,False,False,False,
2026-04-18T06:44:00+00:00,ETHUSDT,LONG_SPOT_SHORT_PERP,2411.13,2409.9,-5.101342524044817,-2.327e-05,-1.075e-05,2026-04-18T08:00:00.006000+00:00,76.0001,-21.20884252404482,0.1721523780862762,FLAT,False,False,False,
2026-04-18T06:45:00+00:00,ETHUSDT,LONG_SPOT_SHORT_PERP,2411.51,2410.26,-5.183474254720071,-2.327e-05,-1.075e-05,2026-04-18T08:00:00.006000+00:00,75.0001,-21.29097425472007,0.17197586652701624,FLAT,False,False,False,
2026-04-18T06:46:00+00:00,ETHUSDT,LONG_SPOT_SHORT_PERP,2411.6,2410.25,-5.597943274174445,-2.327e-05,-1.075e-05,2026-04-18T08:00:00.006000+00:00,74.0001,-21.705443274174446,0.1711058064154249,FLAT,False,False,False,
2026-04-18T06:47:00+00:00,ETHUSDT,LONG_SPOT_SHORT_PERP,2411.6,2410.04,-6.4687344501573465,-2.327e-05,-1.075e-05,2026-04-18T08:00:00.006000+00:00,73.0001,-22.576234450157347,0.16938582164914492,FLAT,False,False,False,
2026-04-18T06:48:00+00:00,ETHUSDT,LONG_SPOT_SHORT_PERP,2410.45,2409.11,-5.559127963656956,-2.327e-05,-1.075e-05,2026-04-18T08:00:00.006000+00:00,72.0001,-21.666627963656957,0.1711858426017864,FLAT,False,False,False,
2026-04-18T06:49:00+00:00,ETHUSDT,LONG_SPOT_SHORT_PERP,2410.44,2409.05,-5.766582034814691,-2.327e-05,-1.075e-05,2026-04-18T08:00:00.006000+00:00,71.0001,-21.87408203481469,0.17076148574645753,FLAT,False,False,False,
2026-04-18T06:50:00+00:00,ETHUSDT,LONG_SPOT_SHORT_PERP,2410.82,2409.44,-5.724193427962723,-2.327e-05,-1.075e-05,2026-04-18T08:00:00.006000+00:00,70.0001,-21.831693427962723,0.17084751454070765,FLAT,False,False,False,
2026-04-18T06:51:00+00:00,ETHUSDT,LONG_SPOT_SHORT_PERP,2410.01,2408.65,-5.643130111493841,-2.327e-05,-1.075e-05,2026-04-18T08:00:00.006000+00:00,69.0001,-21.75063011149384,0.17101300345331222,FLAT,False,False,False,
2026-04-18T06:52:00+00:00,ETHUSDT,LONG_SPOT_SHORT_PERP,2409.64,2408.23,-5.851496489101503,-2.327e-05,-1.075e-05,2026-04-18T08:00:00.006000+00:00,68.0001,-21.9589964891015,0.17059018955561658,FLAT,False,False,False,
2026-04-18T06:53:00+00:00,ETHUSDT,LONG_SPOT_SHORT_PERP,2409.65,2408.43,-5.06297595086529,-2.327e-05,-1.075e-05,2026-04-18T08:00:00.006000+00:00,67.0001,-21.17047595086529,0.17223530485160177,FLAT,False,False,False,
2026-04-18T06:54:00+00:00,ETHUSDT,LONG_SPOT_SHORT_PERP,2410.43,2409.07,-5.642146836870071,-2.327e-05,-1.075e-05,2026-04-18T08:00:00.006000+00:00,66.0001,-21.74964683687007,0.17101501862499366,FLAT,False,False,False,
2026-04-18T06:55:00+00:00,ETHUSDT,LONG_SPOT_SHORT_PERP,2410.22,2408.63,-6.596908166058247,-2.327e-05,-1.075e-05,2026-04-18T08:00:00.006000+00:00,65.0001,-22.704408166058247,0.16914449266695814,FLAT,False,False,False,
2026-04-18T06:56:00+00:00,ETHUSDT,LONG_SPOT_SHORT_PERP,2410.05,2408.45,-6.638866413561393,-2.327e-05,-1.075e-05,2026-04-18T08:00:00.006000+00:00,64.0001,-22.746366413561393,0.16906613203240672,FLAT,False,False,False,
2026-04-18T06:57:00+00:00,ETHUSDT,LONG_SPOT_SHORT_PERP,2410.22,2408.81,-5.850088373674829,-2.327e-05,-1.075e-05,2026-04-18T08:00:00.006000+00:00,63.000099999999996,-21.95758837367483,0.1705930188487089,FLAT,False,False,False,
2026-04-18T06:58:00+00:00,ETHUSDT,LONG_SPOT_SHORT_PERP,2409.9,2408.32,-6.5562886426819675,-2.327e-05,-1.075e-05,2026-04-18T08:00:00.006000+00:00,62.000099999999996,-22.66378864268197,0.16922065281705906,FLAT,False,False,False,
2026-04-18T06:59:00+00:00,ETHUSDT,LONG_SPOT_SHORT_PERP,2410.0,2408.35,-6.84647302904602,-2.327e-05,-1.075e-05,2026-04-18T08:00:00.006000+00:00,61.000099999999996,-22.95397302904602,0.1686829975851887,FLAT,False,False,False,
2026-04-18T07:00:00+00:00,ETHUSDT,LONG_SPOT_SHORT_PERP,2409.32,2408.01,-5.4372188003251765,-2.327e-05,-1.075e-05,2026-04-18T08:00:00.006000+00:00,60.000099999999996,-21.544718800325178,0.17143914394426069,FLAT,False,False,False,
2026-04-18T07:01:00+00:00,ETHUSDT,LONG_SPOT_SHORT_PERP,2409.72,2408.39,-5.519313447205183,-2.327e-05,-1.075e-05,2026-04-18T08:00:00.006000+00:00,59.000099999999996,-21.626813447205183,0.1712682463732384,FLAT,False,False,False,
2026-04-18T07:02:00+00:00,ETHUSDT,LONG_SPOT_SHORT_PERP,2409.77,2408.39,-5.726687609191372,-2.327e-05,-1.075e-05,2026-04-18T08:00:00.006000+00:00,58.000099999999996,-21.83418760919137,0.17084244292579623,FLAT,False,False,False,
2026-04-18T07:03:00+00:00,ETHUSDT,LONG_SPOT_SHORT_PERP,2410.35,2408.85,-6.223162611239032,-2.327e-05,-1.075e-05,2026-04-18T08:00:00.006000+00:00,57.000099999999996,-22.33066261123903,0.16985651758599815,FLAT,False,False,False,
2026-04-18T07:04:00+00:00,ETHUSDT,LONG_SPOT_SHORT_PERP,2411.11,2409.46,-6.843321125954813,-2.327e-05,-1.075e-05,2026-04-18T08:00:00.006000+00:00,56.000099999999996,-22.950821125954814,0.16868875771918435,FLAT,False,False,False,
2026-04-18T07:05:00+00:00,ETHUSDT,LONG_SPOT_SHORT_PERP,2410.65,2409.1,-6.429801090992811,-2.327e-05,-1.075e-05,2026-04-18T08:00:00.006000+00:00,55.000099999999996,-22.537301090992813,0.16945971299356544,FLAT,False,False,False,
2026-04-18T07:06:00+00:00,ETHUSDT,LONG_SPOT_SHORT_PERP,2410.3,2408.96,-5.559473924408354,-2.327e-05,-1.075e-05,2026-04-18T08:00:00.006000+00:00,54.000099999999996,-21.666973924408353,0.17118512793488275,FLAT,False,False,False,
2026-04-18T07:07:00+00:00,ETHUSDT,LONG_SPOT_SHORT_PERP,2409.84,2408.47,-5.6850247319338445,-2.327e-05,-1.075e-05,2026-04-18T08:00:00.006000+00:00,53.000099999999996,-21.792524731933845,0.1709273172974537,FLAT,False,False,False,
2026-04-18T07:08:00+00:00,ETHUSDT,LONG_SPOT_SHORT_PERP,2409.21,2407.79,-5.8940482564827175,-2.327e-05,-1.075e-05,2026-04-18T08:00:00.006000+00:00,52.000099999999996,-22.001548256482717,0.1705048698809698,FLAT,False,False,False,
2026-04-18T07:09:00+00:00,ETHUSDT,LONG_SPOT_SHORT_PERP,2409.01,2407.43,-6.558710839724127,-2.327e-05,-1.075e-05,2026-04-18T08:00:00.006000+00:00,51.000099999999996,-22.666210839724126,0.1692161029977274,FLAT,False,False,False,
2026-04-18T07:10:00+00:00,ETHUSDT,LONG_SPOT_SHORT_PERP,2408.8,2407.26,-6.39322484224495,-2.327e-05,-1.075e-05,2026-04-18T08:00:00.006000+00:00,50.000099999999996,-22.50072484224495,0.16952938132745854,FLAT,False,False,False,
2026-04-18T07:11:00+00:00,ETHUSDT,LONG_SPOT_SHORT_PERP,2409.99,2408.44,-6.431561956687485,-2.327e-05,-1.075e-05,2026-04-18T08:00:00.006000+00:00,49.000099999999996,-22.539061956687483,0.1694563651284226,FLAT,False,False,False,
2026-04-18T07:12:00+00:00,ETHUSDT,LONG_SPOT_SHORT_PERP,2408.88,2407.51,-5.687290359004561,-2.327e-05,-1.075e-05,2026-04-18T08:00:00.006000+00:00,48.000099999999996,-21.794790359004562,0.17092269317964603,FLAT,False,False,False,
2026-04-18T07:13:00+00:00,ETHUSDT,LONG_SPOT_SHORT_PERP,2408.84,2407.57,-5.272247222729536,-2.327e-05,-1.075e-05,2026-04-18T08:00:00.006000+00:00,47.000099999999996,-21.379747222729534,0.17178662179012166,FLAT,False,False,False,
2026-04-18T07:14:00+00:00,ETHUSDT,LONG_SPOT_SHORT_PERP,2409.25,2407.67,-6.55805748676944,-2.327e-05,-1.075e-05,2026-04-18T08:00:00.006000+00:00,46.000099999999996,-22.66555748676944,0.1692173301426863,FLAT,False,False,False,
2026-04-18T07:15:00+00:00,ETHUSDT,LONG_SPOT_SHORT_PERP,2408.92,2407.68,-5.147534994936471,-2.327e-05,-1.075e-05,2026-04-18T08:00:00.006000+00:00,45.000099999999996,-21.255034994936473,0.17205293547424372,FLAT,False,False,False,
2026-04-18T07:16:00+00:00,ETHUSDT,LONG_SPOT_SHORT_PERP,2408.91,2407.49,-5.8947822874249045,-2.327e-05,-1.075e-05,2026-04-18T08:00:00.006000+00:00,44.000099999999996,-22.002282287424904,0.17050340111997747,FLAT,False,False,False,
2026-04-18T07:17:00+00:00,ETHUSDT,LONG_SPOT_SHORT_PERP,2408.75,2407.67,-4.483653347171467,-2.327e-05,-1.075e-05,2026-04-18T08:00:00.006000+00:00,43.000099999999996,-20.591153347171467,0.17352478609742153,FLAT,False,False,False,
2026-04-18T07:18:00+00:00,ETHUSDT,LONG_SPOT_SHORT_PERP,2408.01,2406.82,-4.941839942525382,-2.327e-05,-1.075e-05,2026-04-18T08:00:00.006000+00:00,42.000099999999996,-21.049339942525382,0.17249911954238648,FLAT,False,False,False,
2026-04-18T07:19:00+00:00,ETHUSDT,LONG_SPOT_SHORT_PERP,2407.64,2406.47,-4.859530494592517,-2.327e-05,-1.075e-05,2026-04-18T08:00:00.006000+00:00,41.000099999999996,-20.967030494592517,0.17268011109439768,FLAT,False,False,False,
2026-04-18T07:20:00+00:00,ETHUSDT,LONG_SPOT_SHORT_PERP,2407.44,2405.99,-6.022995380986745,-2.327e-05,-1.075e-05,2026-04-18T08:00:00.006000+00:00,40.000099999999996,-22.130495380986744,0.1702484210055098,FLAT,False,False,False,
2026-04-18T07:21:00+00:00,ETHUSDT,LONG_SPOT_SHORT_PERP,2407.46,2405.98,-6.147558007194379,-2.327e-05,-1.075e-05,2026-04-18T08:00:00.006000+00:00,39.000099999999996,-22.25505800719438,0.17000366456310842,FLAT,False,False,False,
2026-04-18T07:22:00+00:00,ETHUSDT,LONG_SPOT_SHORT_PERP,2408.59,2407.4,-4.940649923814574,-2.327e-05,-1.075e-05,2026-04-18T08:00:00.006000+00:00,38.000099999999996,-21.048149923814574,0.17250172625603002,FLAT,False,False,False,
2026-04-18T07:23:00+00:00,ETHUSDT,LONG_SPOT_SHORT_PERP,2408.7,2407.22,-6.144393241167511,-2.327e-05,-1.075e-05,2026-04-18T08:00:00.006000+00:00,37.000099999999996,-22.25189324116751,0.1700098472023945,FLAT,False,False,False,
2026-04-18T07:24:00+00:00,ETHUSDT,LONG_SPOT_SHORT_PERP,2407.67,2406.24,-5.939352153743208,-2.327e-05,-1.075e-05,2026-04-18T08:00:00.006000+00:00,36.000099999999996,-22.04685215374321,0.17041441094714949,FLAT,False,False,False,
2026-04-18T07:25:00+00:00,ETHUSDT,LONG_SPOT_SHORT_PERP,2406.46,2404.99,-6.10855779859318,-2.327e-05,-1.075e-05,2026-04-18T08:00:00.006000+00:00,35.000099999999996,-22.21605779859318,0.17007998501973318,FLAT,False,False,False,
2026-04-18T07:26:00+00:00,ETHUSDT,LONG_SPOT_SHORT_PERP,2406.32,2404.99,-5.527111938563374,-2.327e-05,-1.075e-05,2026-04-18T08:00:00.006000+00:00,34.0001,-21.634611938563374,0.17125208134484687,FLAT,False,False,False,
2026-04-18T07:27:00+00:00,ETHUSDT,LONG_SPOT_SHORT_PERP,2407.14,2405.94,-4.985169121861704,-2.327e-05,-1.075e-05,2026-04-18T08:00:00.006000+00:00,33.0001,-21.092669121861704,0.1724044076119522,FLAT,False,False,False,
2026-04-18T07:28:00+00:00,ETHUSDT,LONG_SPOT_SHORT_PERP,2406.46,2405.11,-5.609900019114837,-2.327e-05,-1.075e-05,2026-04-18T08:00:00.006000+00:00,32.0001,-21.717400019114837,0.17108121132849552,FLAT,False,False,False,
2026-04-18T07:29:00+00:00,ETHUSDT,LONG_SPOT_SHORT_PERP,2406.2,2404.82,-5.735184107720284,-2.327e-05,-1.075e-05,2026-04-18T08:00:00.006000+00:00,31.0001,-21.842684107720284,0.17082517535269282,FLAT,False,False,False,
2026-04-18T07:30:00+00:00,ETHUSDT,LONG_SPOT_SHORT_PERP,2406.54,2405.37,-4.861751726545466,-2.327e-05,-1.075e-05,2026-04-18T08:00:00.006000+00:00,30.0001,-20.969251726545465,0.17267520825158028,FLAT,False,False,False,
2026-04-18T07:31:00+00:00,ETHUSDT,LONG_SPOT_SHORT_PERP,2406.45,2405.26,-4.945043528847887,-2.327e-05,-1.075e-05,2026-04-18T08:00:00.006000+00:00,29.0001,-21.052543528847888,0.1724921036064975,FLAT,False,False,False,
2026-04-18T07:32:00+00:00,ETHUSDT,LONG_SPOT_SHORT_PERP,2405.69,2404.52,-4.863469524336356,-2.327e-05,-1.075e-05,2026-04-18T08:00:00.006000+00:00,28.0001,-20.970969524336354,0.1726714173271578,FLAT,False,False,False,
2026-04-18T07:33:00+00:00,ETHUSDT,LONG_SPOT_SHORT_PERP,2406.43,2405.21,-5.069750626445813,-2.327e-05,-1.075e-05,2026-04-18T08:00:00.006000+00:00,27.0001,-21.17725062644581,0.17222063991611128,FLAT,False,False,False,
2026-04-18T07:34:00+00:00,ETHUSDT,LONG_SPOT_SHORT_PERP,2406.36,2405.29,-4.446549975897885,-2.327e-05,-1.075e-05,2026-04-18T08:00:00.006000+00:00,26.0001,-20.554049975897886,0.17360980416400829,FLAT,False,False,False,
2026-04-18T07:35:00+00:00,ETHUSDT,LONG_SPOT_SHORT_PERP,2406.26,2405.27,-4.1142686160275135,-2.327e-05,-1.075e-05,2026-04-18T08:00:00.006000+00:00,25.0001,-20.221768616027514,0.17438460948706777,FLAT,False,False,False,
2026-04-18T07:36:00+00:00,ETHUSDT,LONG_SPOT_SHORT_PERP,2406.35,2405.26,-4.529681883349017,-2.327e-05,-1.075e-05,2026-04-18T08:00:00.006000+00:00,24.0001,-20.637181883349015,0.17341973034394856,FLAT,False,False,False,
2026-04-18T07:37:00+00:00,ETHUSDT,LONG_SPOT_SHORT_PERP,2406.7,2405.67,-4.279719117462689,-2.327e-05,-1.075e-05,2026-04-18T08:00:00.006000+00:00,23.0001,-20.38721911746269,0.17399577974737754,FLAT,False,False,False,
2026-04-18T07:38:00+00:00,ETHUSDT,LONG_SPOT_SHORT_PERP,2406.43,2405.39,-4.321754632380596,-2.327e-05,-1.075e-05,2026-04-18T08:00:00.006000+00:00,22.0001,-20.429254632380598,0.17389795391746915,FLAT,False,False,False,
2026-04-18T07:39:00+00:00,ETHUSDT,LONG_SPOT_SHORT_PERP,2405.39,2404.06,-5.529248895189251,-2.327e-05,-1.075e-05,2026-04-18T08:00:00.006000+00:00,21.0001,-21.63674889518925,0.17124765386473093,FLAT,False,False,False,
2026-04-18T07:40:00+00:00,ETHUSDT,LONG_SPOT_SHORT_PERP,2405.14,2403.6,-6.402953674214239,-2.327e-05,-1.075e-05,2026-04-18T08:00:00.006000+00:00,20.0001,-22.51045367421424,0.1695108266676698,FLAT,False,False,False,
2026-04-18T07:41:00+00:00,ETHUSDT,LONG_SPOT_SHORT_PERP,2403.41,2402.23,-4.909690814300666,-2.327e-05,-1.075e-05,2026-04-18T08:00:00.006000+00:00,19.0001,-21.017190814300665,0.17256964494013283,FLAT,False,False,False,
2026-04-18T07:42:00+00:00,ETHUSDT,LONG_SPOT_SHORT_PERP,2403.64,2402.38,-5.242049558169125,-2.327e-05,-1.075e-05,2026-04-18T08:00:00.006000+00:00,18.0001,-21.349549558169123,0.17185081791325135,FLAT,False,False,False,
2026-04-18T07:43:00+00:00,ETHUSDT,LONG_SPOT_SHORT_PERP,2404.42,2403.0,-5.905790169770975,-2.327e-05,-1.075e-05,2026-04-18T08:00:00.006000+00:00,17.0001,-22.013290169770976,0.17048138717454903,FLAT,False,False,False,
2026-04-18T07:44:00+00:00,ETHUSDT,LONG_SPOT_SHORT_PERP,2405.34,2404.19,-4.781028877414797,-2.327e-05,-1.075e-05,2026-04-18T08:00:00.006000+00:00,16.0001,-20.888528877414796,0.17285404840866608,FLAT,False,False,False,
2026-04-18T07:45:00+00:00,ETHUSDT,LONG_SPOT_SHORT_PERP,2404.89,2403.73,-4.823505440996697,-2.327e-05,-1.075e-05,2026-04-18T08:00:00.006000+00:00,15.0001,-20.931005440996696,0.17275977196382417,FLAT,False,False,False,
2026-04-18T07:46:00+00:00,ETHUSDT,LONG_SPOT_SHORT_PERP,2404.53,2403.47,-4.408345913756119,-2.327e-05,-1.075e-05,2026-04-18T08:00:00.006000+00:00,14.0001,-20.51584591375612,0.1736976562021109,FLAT,False,False,False,
2026-04-18T07:47:00+00:00,ETHUSDT,LONG_SPOT_SHORT_PERP,2404.45,2403.36,-4.533261244774026,-2.327e-05,-1.075e-05,2026-04-18T08:00:00.006000+00:00,13.0001,-20.640761244774026,0.1734115799216356,FLAT,False,False,False,
2026-04-18T07:48:00+00:00,ETHUSDT,LONG_SPOT_SHORT_PERP,2404.75,2403.67,-4.491111342135055,-2.327e-05,-1.075e-05,2026-04-18T08:00:00.006000+00:00,12.0001,-20.598611342135055,0.17350773290472243,FLAT,False,False,False,
2026-04-18T07:49:00+00:00,ETHUSDT,LONG_SPOT_SHORT_PERP,2403.68,2402.58,-4.5763163149833135,-2.327e-05,-1.075e-05,2026-04-18T08:00:00.006000+00:00,11.0001,-20.683816314983314,0.1733137566426327,FLAT,False,False,False,
2026-04-18T07:50:00+00:00,ETHUSDT,LONG_SPOT_SHORT_PERP,2403.23,2402.1,-4.702005217977926,-2.327e-05,-1.075e-05,2026-04-18T08:00:00.006000+00:00,10.0001,-20.809505217977925,0.17303045222596503,FLAT,False,False,False,
2026-04-18T07:51:00+00:00,ETHUSDT,LONG_SPOT_SHORT_PERP,2402.21,2400.99,-5.078656736922478,-2.327e-05,-1.075e-05,2026-04-18T08:00:00.006000+00:00,9.0001,-21.186156736922477,0.15720287544744838,FLAT,False,False,False,
2026-04-18T07:52:00+00:00,ETHUSDT,LONG_SPOT_SHORT_PERP,2403.06,2402.08,-4.078133712849526,-2.327e-05,-1.075e-05,2026-04-18T08:00:00.006000+00:00,8.0001,-20.185633712849526,0.14447184117038603,FLAT,False,False,False,
2026-04-18T07:53:00+00:00,ETHUSDT,LONG_SPOT_SHORT_PERP,2403.99,2402.97,-4.242946102105175,-2.327e-05,-1.075e-05,2026-04-18T08:00:00.006000+00:00,7.0001,-20.350446102105174,0.12908317735056668,FLAT,False,False,False,
2026-04-18T07:54:00+00:00,ETHUSDT,LONG_SPOT_SHORT_PERP,2404.24,2403.0,-5.1575549861901555,-2.327e-05,-1.075e-05,2026-04-18T08:00:00.006000+00:00,6.0001,-21.265054986190155,0.11203292197202691,FLAT,False,False,False,
2026-04-18T07:55:00+00:00,ETHUSDT,LONG_SPOT_SHORT_PERP,2404.0,2402.67,-5.532445923460596,-2.327e-05,-1.075e-05,2026-04-18T08:00:00.006000+00:00,5.0001,-21.639945923460594,0.09624253174003652,FLAT,False,False,False,
2026-04-18T07:56:00+00:00,ETHUSDT,LONG_SPOT_SHORT_PERP,2403.65,2402.59,-4.409959852723755,-2.327e-05,-1.075e-05,2026-04-18T08:00:00.006000+00:00,4.0001,-20.517459852723753,0.083695438458215,FLAT,False,False,False,
2026-04-18T07:57:00+00:00,ETHUSDT,LONG_SPOT_SHORT_PERP,2405.35,2404.31,-4.323695096347574,-2.327e-05,-1.075e-05,2026-04-18T08:00:00.006000+00:00,3.0001,-20.431195096347572,0.06889494739742316,FLAT,False,False,False,
2026-04-18T07:58:00+00:00,ETHUSDT,LONG_SPOT_SHORT_PERP,2404.58,2403.31,-5.281587636926123,-2.327e-05,-1.075e-05,2026-04-18T08:00:00.006000+00:00,2.0001,-21.389087636926124,0.0517683025532112,FLAT,False,False,False,
2026-04-18T07:59:00+00:00,ETHUSDT,LONG_SPOT_SHORT_PERP,2403.71,2402.38,-5.53311339554242,-2.327e-05,-1.075e-05,2026-04-18T08:00:00.006000+00:00,1.0001,-21.64061339554242,0.03624114943382672,FLAT,False,False,False,
2026-04-18T08:00:00+00:00,ETHUSDT,LONG_SPOT_SHORT_PERP,2403.07,2401.77,-5.409746699014934,-2.327e-05,-1.075e-05,2026-04-18T08:00:00.006000+00:00,0.0001,-21.517246699014933,0.0214981311709984,FLAT,False,False,False,
2026-04-18T08:01:00+00:00,ETHUSDT,LONG_SPOT_SHORT_PERP,2402.72,2401.23,-6.201305187453311,-1.075e-05,-0.00015064,2026-04-18T16:00:00+00:00,479.0,-23.70770518745331,0.16735425560474768,FLAT,False,False,False,
2026-04-18T08:02:00+00:00,ETHUSDT,LONG_SPOT_SHORT_PERP,2402.22,2400.88,-5.578173522823433,-1.075e-05,-0.00015064,2026-04-18T16:00:00+00:00,478.0,-23.084573522823433,0.16844584376643862,FLAT,False,False,False,
2026-04-18T08:03:00+00:00,ETHUSDT,LONG_SPOT_SHORT_PERP,2403.41,2402.33,-4.4936153215636425,-1.075e-05,-0.00015064,2026-04-18T16:00:00+00:00,477.0,-22.000015321563644,0.1705079375417323,FLAT,False,False,False,
2026-04-18T08:04:00+00:00,ETHUSDT,LONG_SPOT_SHORT_PERP,2403.85,2402.7,-4.783992345612626,-1.075e-05,-0.00015064,2026-04-18T16:00:00+00:00,476.0,-22.290392345612627,0.16993476241230865,FLAT,False,False,False,
2026-04-18T08:05:00+00:00,ETHUSDT,LONG_SPOT_SHORT_PERP,2404.84,2403.83,-4.199863608390655,-1.075e-05,-0.00015064,2026-04-18T16:00:00+00:00,475.0,-21.706263608390657,0.17110411809054724,FLAT,False,False,False,
2026-04-18T08:06:00+00:00,ETHUSDT,LONG_SPOT_SHORT_PERP,2404.33,2403.08,-5.198953554628525,-1.075e-05,-0.00015064,2026-04-18T16:00:00+00:00,474.0,-22.705353554628523,0.16914272361258054,FLAT,False,False,False,
2026-04-18T08:07:00+00:00,ETHUSDT,LONG_SPOT_SHORT_PERP,2401.47,2400.18,-5.371709827730363,-1.075e-05,-0.00015064,2026-04-18T16:00:00+00:00,473.0,-22.878109827730363,0.16882212129935267,FLAT,False,False,False,
2026-04-18T08:08:00+00:00,ETHUSDT,LONG_SPOT_SHORT_PERP,2403.04,2401.82,-5.076902590051768,-1.075e-05,-0.00015064,2026-04-18T16:00:00+00:00,472.0,-22.58330259005177,0.1693724364977193,FLAT,False,False,False,
2026-04-18T08:09:00+00:00,ETHUSDT,LONG_SPOT_SHORT_PERP,2403.22,2402.21,-4.20269471791914,-1.075e-05,-0.00015064,2026-04-18T16:00:00+00:00,471.0,-21.70909471791914,0.17109829241205507,FLAT,False,False,False,
2026-04-18T08:10:00+00:00,ETHUSDT,LONG_SPOT_SHORT_PERP,2402.27,2401.27,-4.162729418425073,-1.075e-05,-0.00015064,2026-04-18T16:00:00+00:00,470.0,-21.669129418425072,0.17118067576169266,FLAT,False,False,False,
2026-04-18T08:11:00+00:00,ETHUSDT,LONG_SPOT_SHORT_PERP,2402.11,2401.07,-4.329526957549669,-1.075e-05,-0.00015064,2026-04-18T16:00:00+00:00,469.0,-21.83592695754967,0.17083890688380823,FLAT,False,False,False,
2026-04-18T08:12:00+00:00,ETHUSDT,LONG_SPOT_SHORT_PERP,2401.49,2400.34,-4.788693686001759,-1.075e-05,-0.00015064,2026-04-18T16:00:00+00:00,468.0,-22.29509368600176,0.16992561225071023,FLAT,False,False,False,
2026-04-18T08:13:00+00:00,ETHUSDT,LONG_SPOT_SHORT_PERP,2400.55,2399.48,-4.457311866031383,-1.075e-05,-0.00015064,2026-04-18T16:00:00+00:00,467.0,-21.96371186603138,0.17058071781989606,FLAT,False,False,False,
2026-04-18T08:14:00+00:00,ETHUSDT,LONG_SPOT_SHORT_PERP,2398.49,2397.36,-4.711297524691179,-1.075e-05,-0.00015064,2026-04-18T16:00:00+00:00,466.0,-22.21769752469118,0.1700767704852962,FLAT,False,False,False,
2026-04-18T08:15:00+00:00,ETHUSDT,LONG_SPOT_SHORT_PERP,2391.52,2389.99,-6.39760487054342,-1.075e-05,-0.00015064,2026-04-18T16:00:00+00:00,465.0,-23.90400487054342,0.16702367017966913,FLAT,False,False,False,
2026-04-18T08:16:00+00:00,ETHUSDT,LONG_SPOT_SHORT_PERP,2391.04,2389.66,-5.771547109208165,-1.075e-05,-0.00015064,2026-04-18T16:00:00+00:00,464.0,-23.277947109208164,0.16810009906189946,FLAT,False,False,False,
2026-04-18T08:17:00+00:00,ETHUSDT,LONG_SPOT_SHORT_PERP,2384.97,2383.51,-6.121670293544915,-1.075e-05,-0.00015064,2026-04-18T16:00:00+00:00,463.0,-23.628070293544916,0.16749015272266474,FLAT,False,False,False,
2026-04-18T08:18:00+00:00,ETHUSDT,LONG_SPOT_SHORT_PERP,2389.99,2388.77,-5.104623868718279,-1.075e-05,-0.00015064,2026-04-18T16:00:00+00:00,462.0,-22.611023868718277,0.16932002693959125,FLAT,False,False,False,
2026-04-18T08:19:00+00:00,ETHUSDT,LONG_SPOT_SHORT_PERP,2392.52,2391.01,-6.3113370003166684,-1.075e-05,-0.00015064,2026-04-18T16:00:00+00:00,461.0,-23.81773700031667,0.16716818596381067,FLAT,False,False,False,
2026-04-18T08:20:00+00:00,ETHUSDT,LONG_SPOT_SHORT_PERP,2391.6,2390.16,-6.021073758153766,-1.075e-05,-0.00015064,2026-04-18T16:00:00+00:00,460.0,-23.527473758153768,0.16766331089587427,FLAT,False,False,False,
2026-04-18T08:21:00+00:00,ETHUSDT,LONG_SPOT_SHORT_PERP,2387.83,2386.59,-5.19299950163865,-1.075e-05,-0.00015064,2026-04-18T16:00:00+00:00,459.0,-22.699399501638652,0.16915386777410552,FLAT,False,False,False,
2026-04-18T08:22:00+00:00,ETHUSDT,LONG_SPOT_SHORT_PERP,2384.27,2382.49,-7.465597436532776,-1.075e-05,-0.00015064,2026-04-18T16:00:00+00:00,458.0,-24.971997436532774,0.16533037635179829,FLAT,False,False,False,
2026-04-18T08:23:00+00:00,ETHUSDT,LONG_SPOT_SHORT_PERP,2384.79,2383.43,-5.702808213721658,-1.075e-05,-0.00015064,2026-04-18T16:00:00+00:00,457.0,-23.20920821372166,0.16822226928458947,FLAT,False,False,False,
2026-04-18T08:24:00+00:00,ETHUSDT,LONG_SPOT_SHORT_PERP,2385.17,2384.09,-4.527979137755075,-1.075e-05,-0.00015064,2026-04-18T16:00:00+00:00,456.0,-22.034379137755074,0.17043927709227255,FLAT,False,False,False,
2026-04-18T08:25:00+00:00,ETHUSDT,LONG_SPOT_SHORT_PERP,2385.48,2384.05,-5.994600667370241,-1.075e-05,-0.00015064,2026-04-18T16:00:00+00:00,455.0,-23.501000667370242,0.16770915758048077,FLAT,False,False,False,
2026-04-18T08:26:00+00:00,ETHUSDT,LONG_SPOT_SHORT_PERP,2383.91,2382.43,-6.208288064566273,-1.075e-05,-0.00015064,2026-04-18T16:00:00+00:00,454.0,-23.714688064566275,0.16734238873167773,FLAT,False,False,False,
2026-04-18T08:27:00+00:00,ETHUSDT,LONG_SPOT_SHORT_PERP,2385.41,2384.18,-5.156346288478787,-1.075e-05,-0.00015064,2026-04-18T16:00:00+00:00,453.0,-22.662746288478786,0.16922261108373232,FLAT,False,False,False,
2026-04-18T08:28:00+00:00,ETHUSDT,LONG_SPOT_SHORT_PERP,2385.82,2384.58,-5.197374487598546,-1.075e-05,-0.00015064,2026-04-18T16:00:00+00:00,452.0,-22.703774487598547,0.16914567852451143,FLAT,False,False,False,
2026-04-18T08:29:00+00:00,ETHUSDT,LONG_SPOT_SHORT_PERP,2387.32,2386.24,-4.523901278422591,-1.075e-05,-0.00015064,2026-04-18T16:00:00+00:00,451.0,-22.03030127842259,0.17044741309940714,FLAT,False,False,False,
2026-04-18T08:30:00+00:00,ETHUSDT,LONG_SPOT_SHORT_PERP,2385.43,2384.0,-5.994726317686272,-1.075e-05,-0.00015064,2026-04-18T16:00:00+00:00,450.0,-23.50112631768627,0.16770893970163628,FLAT,False,False,False,
2026-04-18T08:31:00+00:00,ETHUSDT,LONG_SPOT_SHORT_PERP,2387.39,2385.82,-6.576219218475862,-1.075e-05,-0.00015064,2026-04-18T16:00:00+00:00,449.0,-24.082619218475863,0.16672823344670606,FLAT,False,False,False,
2026-04-18T08:32:00+00:00,ETHUSDT,LONG_SPOT_SHORT_PERP,2386.72,2385.36,-5.698196688340789,-1.075e-05,-0.00015064,2026-04-18T16:00:00+00:00,448.0,-23.20459668834079,0.1682304941968524,FLAT,False,False,False,
2026-04-18T08:33:00+00:00,ETHUSDT,LONG_SPOT_SHORT_PERP,2385.72,2384.53,-4.988012004759988,-1.075e-05,-0.00015064,2026-04-18T16:00:00+00:00,447.0,-22.494412004759987,0.1695414302781949,FLAT,False,False,False,
2026-04-18T08:34:00+00:00,ETHUSDT,LONG_SPOT_SHORT_PERP,2378.45,2377.02,-6.012318947212833,-1.075e-05,-0.00015064,2026-04-18T16:00:00+00:00,446.0,-23.518718947212832,0.1676784597999545,FLAT,False,False,False,
2026-04-18T08:35:00+00:00,ETHUSDT,LONG_SPOT_SHORT_PERP,2375.87,2374.25,-6.818554887261891,-1.075e-05,-0.00015064,2026-04-18T16:00:00+00:00,445.0,-24.324954887261892,0.16633541830327397,FLAT,False,False,False,
2026-04-18T08:36:00+00:00,ETHUSDT,LONG_SPOT_SHORT_PERP,2372.72,2371.56,-4.88890387403425,-1.075e-05,-0.00015064,2026-04-18T16:00:00+00:00,444.0,-22.39530387403425,0.16973154647896663,FLAT,False,False,False,
2026-04-18T08:37:00+00:00,ETHUSDT,LONG_SPOT_SHORT_PERP,2371.16,2369.69,-6.1994972924636045,-1.075e-05,-0.00015064,2026-04-18T16:00:00+00:00,443.0,-23.705897292463604,0.16735732928146418,FLAT,False,False,False,
2026-04-18T08:38:00+00:00,ETHUSDT,LONG_SPOT_SHORT_PERP,2371.34,2369.97,-5.777324213315448,-1.075e-05,-0.00015064,2026-04-18T16:00:00+00:00,442.0,-23.28372421331545,0.16808986794159364,FLAT,False,False,False,
2026-04-18T08:39:00+00:00,ETHUSDT,LONG_SPOT_SHORT_PERP,2376.0,2374.78,-5.134680134679292,-1.075e-05,-0.00015064,2026-04-18T16:00:00+00:00,441.0,-22.641080134679292,0.1692633593561338,FLAT,False,False,False,
2026-04-18T08:40:00+00:00,ETHUSDT,LONG_SPOT_SHORT_PERP,2374.21,2372.71,-6.317891003744403,-1.075e-05,-0.00015064,2026-04-18T16:00:00+00:00,440.0,-23.824291003744403,0.16715716466211825,FLAT,False,False,False,
2026-04-18T08:41:00+00:00,ETHUSDT,LONG_SPOT_SHORT_PERP,2372.71,2371.6,-4.6781949753662575,-1.075e-05,-0.00015064,2026-04-18T16:00:00+00:00,439.0,-22.18459497536626,0.1701417623937929,FLAT,False,False,False,
2026-04-18T08:42:00+00:00,ETHUSDT,LONG_SPOT_SHORT_PERP,2371.54,2370.19,-5.6925036052519,-1.075e-05,-0.00015064,2026-04-18T16:00:00+00:00,438.0,-23.1989036052519,0.16824065313597567,FLAT,False,False,False,
2026-04-18T08:43:00+00:00,ETHUSDT,LONG_SPOT_SHORT_PERP,2373.18,2371.88,-5.477881997993103,-1.075e-05,-0.00015064,2026-04-18T16:00:00+00:00,437.0,-22.984281997993104,0.16862769615507367,FLAT,False,False,False,
2026-04-18T08:44:00+00:00,ETHUSDT,LONG_SPOT_SHORT_PERP,2374.13,2372.74,-5.85477627594246,-1.075e-05,-0.00015064,2026-04-18T16:00:00+00:00,436.0,-23.361176275942462,0.16795324726743238,FLAT,False,False,False,
2026-04-18T08:45:00+00:00,ETHUSDT,LONG_SPOT_SHORT_PERP,2376.99,2375.93,-4.459421369042131,-1.075e-05,-0.00015064,2026-04-18T16:00:00+00:00,435.0,-21.965821369042132,0.170576481855696,FLAT,False,False,False,
2026-04-18T08:46:00+00:00,ETHUSDT,LONG_SPOT_SHORT_PERP,2376.79,2375.63,-4.880532146297546,-1.075e-05,-0.00015064,2026-04-18T16:00:00+00:00,434.0,-22.386932146297546,0.1697476881759741,FLAT,False,False,False,
2026-04-18T08:47:00+00:00,ETHUSDT,LONG_SPOT_SHORT_PERP,2378.88,2377.74,-4.7921711057318035,-1.075e-05,-0.00015064,2026-04-18T16:00:00+00:00,433.0,-22.298571105731803,0.16991884682846145,FLAT,False,False,False,
2026-04-18T08:48:00+00:00,ETHUSDT,LONG_SPOT_SHORT_PERP,2377.99,2376.79,-5.046278579808234,-1.075e-05,-0.00015064,2026-04-18T16:00:00+00:00,432.0,-22.552678579808234,0.16943049536046972,FLAT,False,False,False,
2026-04-18T08:49:00+00:00,ETHUSDT,LONG_SPOT_SHORT_PERP,2377.8,2376.5,-5.467238623938858,-1.075e-05,-0.00015064,2026-04-18T16:00:00+00:00,431.0,-22.973638623938857,0.16864709769048372,FLAT,False,False,False,
2026-04-18T08:50:00+00:00,ETHUSDT,LONG_SPOT_SHORT_PERP,2376.65,2375.26,-5.848568363031464,-1.075e-05,-0.00015064,2026-04-18T16:00:00+00:00,430.0,-23.354968363031464,0.16796416032751543,FLAT,False,False,False,
2026-04-18T08:51:00+00:00,ETHUSDT,LONG_SPOT_SHORT_PERP,2377.74,2376.51,-5.172979383782767,-1.075e-05,-0.00015064,2026-04-18T16:00:00+00:00,429.0,-22.679379383782766,0.1691913858004304,FLAT,False,False,False,
2026-04-18T08:52:00+00:00,ETHUSDT,LONG_SPOT_SHORT_PERP,2378.38,2376.9,-6.222723029961648,-1.075e-05,-0.00015064,2026-04-18T16:00:00+00:00,428.0,-23.72912302996165,0.16731788278059018,FLAT,False,False,False,
2026-04-18T08:53:00+00:00,ETHUSDT,LONG_SPOT_SHORT_PERP,2378.01,2376.67,-5.634963688126398,-1.075e-05,-0.00015064,2026-04-18T16:00:00+00:00,427.0,-23.141363688126397,0.16834364067169463,FLAT,False,False,False,
2026-04-18T08:54:00+00:00,ETHUSDT,LONG_SPOT_SHORT_PERP,2379.64,2378.26,-5.799196517118785,-1.075e-05,-0.00015064,2026-04-18T16:00:00+00:00,426.0,-23.305596517118786,0.16805118381962397,FLAT,False,False,False,
2026-04-18T08:55:00+00:00,ETHUSDT,LONG_SPOT_SHORT_PERP,2378.72,2377.25,-6.179794175017657,-1.075e-05,-0.00015064,2026-04-18T16:00:00+00:00,425.0,-23.686194175017658,0.16739086194211067,FLAT,False,False,False,
2026-04-18T08:56:00+00:00,ETHUSDT,LONG_SPOT_SHORT_PERP,2380.93,2379.6,-5.586052508893278,-1.075e-05,-0.00015064,2026-04-18T16:00:00+00:00,424.0,-23.092452508893277,0.16843163105903225,FLAT,False,False,False,
2026-04-18T08:57:00+00:00,ETHUSDT,LONG_SPOT_SHORT_PERP,2380.51,2379.28,-5.1669600211720095,-1.075e-05,-0.00015064,2026-04-18T16:00:00+00:00,423.0,-22.67336002117201,0.16920268021484494,FLAT,False,False,False,
2026-04-18T08:58:00+00:00,ETHUSDT,LONG_SPOT_SHORT_PERP,2381.42,2380.15,-5.332952608107691,-1.075e-05,-0.00015064,2026-04-18T16:00:00+00:00,422.0,-22.839352608107692,0.16889358751137185,FLAT,False,False,False,
2026-04-18T08:59:00+00:00,ETHUSDT,LONG_SPOT_SHORT_PERP,2380.57,2379.29,-5.3768635242828395,-1.075e-05,-0.00015064,2026-04-18T16:00:00+00:00,421.0,-22.88326352428284,0.16881263808622698,FLAT,False,False,False,
2026-04-18T09:00:00+00:00,ETHUSDT,LONG_SPOT_SHORT_PERP,2379.36,2377.88,-6.220160043036859,-1.075e-05,-0.00015064,2026-04-18T16:00:00+00:00,420.0,-23.72656004303686,0.16732223143490654,FLAT,False,False,False,
2026-04-18T09:01:00+00:00,ETHUSDT,LONG_SPOT_SHORT_PERP,2377.7,2376.14,-6.560962274466693,-1.075e-05,-0.00015064,2026-04-18T16:00:00+00:00,419.0,-24.067362274466692,0.16675327167914492,FLAT,False,False,False,
2026-04-18T09:02:00+00:00,ETHUSDT,LONG_SPOT_SHORT_PERP,2378.09,2376.63,-6.139380763554097,-1.075e-05,-0.00015064,2026-04-18T16:00:00+00:00,418.0,-23.645780763554097,0.16745983996595865,FLAT,False,False,False,
2026-04-18T09:03:00+00:00,ETHUSDT,LONG_SPOT_SHORT_PERP,2377.44,2376.19,-5.2577562420082105,-1.075e-05,-0.00015064,2026-04-18T16:00:00+00:00,417.0,-22.764156242008212,0.16903300267880758,FLAT,False,False,False,
2026-04-18T09:04:00+00:00,ETHUSDT,LONG_SPOT_SHORT_PERP,2378.55,2377.37,-4.96100565470682,-1.075e-05,-0.00015064,2026-04-18T16:00:00+00:00,416.0,-22.46740565470682,0.1695930577493897,FLAT,False,False,False,
2026-04-18T09:05:00+00:00,ETHUSDT,LONG_SPOT_SHORT_PERP,2377.79,2376.37,-5.971931919976418,-1.075e-05,-0.00015064,2026-04-18T16:00:00+00:00,415.0,-23.47833191997642,0.16774850836729896,FLAT,False,False,False,
2026-04-18T09:06:00+00:00,ETHUSDT,LONG_SPOT_SHORT_PERP,2377.07,2375.82,-5.2585746317946045,-1.075e-05,-0.00015064,2026-04-18T16:00:00+00:00,414.0,-22.764974631794605,0.1690314799751735,FLAT,False,False,False,
2026-04-18T09:07:00+00:00,ETHUSDT,LONG_SPOT_SHORT_PERP,2376.99,2375.81,-4.964261524027599,-1.075e-05,-0.00015064,2026-04-18T16:00:00+00:00,413.0,-22.470661524027598,0.16958682651927035,FLAT,False,False,False,
2026-04-18T09:08:00+00:00,ETHUSDT,LONG_SPOT_SHORT_PERP,2376.99,2375.71,-5.384961653182157,-1.075e-05,-0.00015064,2026-04-18T16:00:00+00:00,412.0,-22.89136165318216,0.1687977463156952,FLAT,False,False,False,
2026-04-18T09:09:00+00:00,ETHUSDT,LONG_SPOT_SHORT_PERP,2371.17,2369.8,-5.777738416055748,-1.075e-05,-0.00015064,2026-04-18T16:00:00+00:00,411.0,-23.284138416055747,0.16808913461532737,FLAT,False,False,False,
2026-04-18T09:10:00+00:00,ETHUSDT,LONG_SPOT_SHORT_PERP,2375.4,2373.87,-6.441020459712891,-1.075e-05,-0.00015064,2026-04-18T16:00:00+00:00,410.0,-23.94742045971289,0.1669513918851351,FLAT,False,False,False,
2026-04-18T09:11:00+00:00,ETHUSDT,LONG_SPOT_SHORT_PERP,2374.75,2373.36,-5.853247710284757,-1.075e-05,-0.00015064,2026-04-18T16:00:00+00:00,409.0,-23.359647710284758,0.1679559337727547,FLAT,False,False,False,
2026-04-18T09:12:00+00:00,ETHUSDT,LONG_SPOT_SHORT_PERP,2379.22,2377.71,-6.346617799109639,-1.075e-05,-0.00015064,2026-04-18T16:00:00+00:00,408.0,-23.85301779910964,0.16710893898542645,FLAT,False,False,False,
2026-04-18T09:13:00+00:00,ETHUSDT,LONG_SPOT_SHORT_PERP,2379.99,2378.52,-6.176496539900588,-1.075e-05,-0.00015064,2026-04-18T16:00:00+00:00,407.0,-23.68289653990059,0.16739648036769064,FLAT,False,False,False,
2026-04-18T09:14:00+00:00,ETHUSDT,LONG_SPOT_SHORT_PERP,2376.28,2374.71,-6.606965509115775,-1.075e-05,-0.00015064,2026-04-18T16:00:00+00:00,406.0,-24.113365509115773,0.16667788694337526,FLAT,False,False,False,
2026-04-18T09:15:00+00:00,ETHUSDT,LONG_SPOT_SHORT_PERP,2376.36,2374.9,-6.143850258378514,-1.075e-05,-0.00015064,2026-04-18T16:00:00+00:00,405.0,-23.650250258378513,0.16745219823224705,FLAT,False,False,False,
2026-04-18T09:16:00+00:00,ETHUSDT,LONG_SPOT_SHORT_PERP,2371.8,2369.99,-7.631334851169576,-1.075e-05,-0.00015064,2026-04-18T16:00:00+00:00,404.0,-25.137734851169576,0.16508286002232705,FLAT,False,False,False,
2026-04-18T09:17:00+00:00,ETHUSDT,LONG_SPOT_SHORT_PERP,2373.41,2371.89,-6.4042875019485965,-1.075e-05,-0.00015064,2026-04-18T16:00:00+00:00,403.0,-23.910687501948598,0.1670125253061036,FLAT,False,False,False,
2026-04-18T09:18:00+00:00,ETHUSDT,LONG_SPOT_SHORT_PERP,2374.48,2373.14,-5.643340857788424,-1.075e-05,-0.00015064,2026-04-18T16:00:00+00:00,402.0,-23.149740857788423,0.1683286115436072,FLAT,False,False,False,
2026-04-18T09:19:00+00:00,ETHUSDT,LONG_SPOT_SHORT_PERP,2374.0,2372.51,-6.276326874472543,-1.075e-05,-0.00015064,2026-04-18T16:00:00+00:00,401.0,-23.782726874472544,0.16722717701781112,FLAT,False,False,False,
2026-04-18T09:20:00+00:00,ETHUSDT,LONG_SPOT_SHORT_PERP,2375.06,2373.6,-6.147213123037045,-1.075e-05,-0.00015064,2026-04-18T16:00:00+00:00,400.0,-23.653613123037047,0.16744645072198097,FLAT,False,False,False,
2026-04-18T09:21:00+00:00,ETHUSDT,LONG_SPOT_SHORT_PERP,2375.34,2373.66,-7.072671701736556,-1.075e-05,-0.00015064,2026-04-18T16:00:00+00:00,399.0,-24.579071701736556,0.16593322098636296,FLAT,False,False,False,
2026-04-18T09:22:00+00:00,ETHUSDT,LONG_SPOT_SHORT_PERP,2374.63,2373.12,-6.358885384250254,-1.075e-05,-0.00015064,2026-04-18T16:00:00+00:00,398.0,-23.865285384250253,0.16708838501198722,FLAT,False,False,False,
2026-04-18T09:23:00+00:00,ETHUSDT,LONG_SPOT_SHORT_PERP,2373.86,2372.43,-6.023944124760058,-1.075e-05,-0.00015064,2026-04-18T16:00:00+00:00,397.0,-23.530344124760056,0.16765834691777,FLAT,False,False,False,
2026-04-18T09:24:00+00:00,ETHUSDT,LONG_SPOT_SHORT_PERP,2374.03,2372.61,-5.981390294141492,-1.075e-05,-0.00015064,2026-04-18T16:00:00+00:00,396.0,-23.48779029414149,0.16773207913728647,FLAT,False,False,False,
2026-04-18T09:25:00+00:00,ETHUSDT,LONG_SPOT_SHORT_PERP,2376.29,2375.0,-5.428630343939349,-1.075e-05,-0.00015064,2026-04-18T16:00:00+00:00,395.0,-22.93503034393935,0.16871764167340533,FLAT,False,False,False,
2026-04-18T09:26:00+00:00,ETHUSDT,LONG_SPOT_SHORT_PERP,2377.56,2376.35,-5.089251165060131,-1.075e-05,-0.00015064,2026-04-18T16:00:00+00:00,394.0,-22.595651165060133,0.16934907328302193,FLAT,False,False,False,
2026-04-18T09:27:00+00:00,ETHUSDT,LONG_SPOT_SHORT_PERP,2377.78,2376.3,-6.224293248324143,-1.075e-05,-0.00015064,2026-04-18T16:00:00+00:00,393.0,-23.730693248324144,0.16731521909812097,FLAT,False,False,False,
2026-04-18T09:28:00+00:00,ETHUSDT,LONG_SPOT_SHORT_PERP,2377.95,2376.49,-6.139742214933183,-1.075e-05,-0.00015064,2026-04-18T16:00:00+00:00,392.0,-23.646142214933185,0.16745922185152506,FLAT,False,False,False,
2026-04-18T09:29:00+00:00,ETHUSDT,LONG_SPOT_SHORT_PERP,2378.12,2376.65,-6.181353337929962,-1.075e-05,-0.00015064,2026-04-18T16:00:00+00:00,391.0,-23.687753337929962,0.16738820609922522,FLAT,False,False,False,
2026-04-18T09:30:00+00:00,ETHUSDT,LONG_SPOT_SHORT_PERP,2377.07,2375.86,-5.09030024357733,-1.075e-05,-0.00015064,2026-04-18T16:00:00+00:00,390.0,-22.59670024357733,0.16934708971979548,FLAT,False,False,False,
2026-04-18T09:31:00+00:00,ETHUSDT,LONG_SPOT_SHORT_PERP,2377.95,2376.66,-5.424840724153004,-1.075e-05,-0.00015064,2026-04-18T16:00:00+00:00,389.0,-22.931240724153003,0.16872458000536786,FLAT,False,False,False,
2026-04-18T09:32:00+00:00,ETHUSDT,LONG_SPOT_SHORT_PERP,2378.71,2377.28,-6.011661783066605,-1.075e-05,-0.00015064,2026-04-18T16:00:00+00:00,388.0,-23.518061783066607,0.16767959743816727,FLAT,False,False,False,
2026-04-18T09:33:00+00:00,ETHUSDT,LONG_SPOT_SHORT_PERP,2380.24,2378.84,-5.881759822537376,-1.075e-05,-0.00015064,2026-04-18T16:00:00+00:00,387.0,-23.388159822537375,0.16790588747850846,FLAT,False,False,False,
2026-04-18T09:34:00+00:00,ETHUSDT,LONG_SPOT_SHORT_PERP,2380.49,2379.26,-5.167003432064674,-1.075e-05,-0.00015064,2026-04-18T16:00:00+00:00,386.0,-22.673403432064674,0.16920259873769536,FLAT,False,False,False,
2026-04-18T09:35:00+00:00,ETHUSDT,LONG_SPOT_SHORT_PERP,2379.76,2378.36,-5.882946179447049,-1.075e-05,-0.00015064,2026-04-18T16:00:00+00:00,385.0,-23.38934617944705,0.16790380806882202,FLAT,False,False,False,
2026-04-18T09:36:00+00:00,ETHUSDT,LONG_SPOT_SHORT_PERP,2379.16,2377.61,-6.514904420046265,-1.075e-05,-0.00015064,2026-04-18T16:00:00+00:00,384.0,-24.021304420046263,0.16682908037561542,FLAT,False,False,False,
2026-04-18T09:37:00+00:00,ETHUSDT,LONG_SPOT_SHORT_PERP,2377.72,2376.21,-6.350621603888446,-1.075e-05,-0.00015064,2026-04-18T16:00:00+00:00,383.0,-23.857021603888448,0.16710222806936054,FLAT,False,False,False,
2026-04-18T09:38:00+00:00,ETHUSDT,LONG_SPOT_SHORT_PERP,2375.99,2374.66,-5.5976666568458935,-1.075e-05,-0.00015064,2026-04-18T16:00:00+00:00,382.0,-23.104066656845895,0.16841070011019335,FLAT,False,False,False,
2026-04-18T09:39:00+00:00,ETHUSDT,LONG_SPOT_SHORT_PERP,2377.25,2375.74,-6.35187716899871,-1.075e-05,-0.00015064,2026-04-18T16:00:00+00:00,381.0,-23.85827716899871,0.1671001241042177,FLAT,False,False,False,
2026-04-18T09:40:00+00:00,ETHUSDT,LONG_SPOT_SHORT_PERP,2378.03,2376.52,-6.349793736833505,-1.075e-05,-0.00015064,2026-04-18T16:00:00+00:00,380.0,-23.856193736833504,0.16710361547457386,FLAT,False,False,False,
2026-04-18T09:41:00+00:00,ETHUSDT,LONG_SPOT_SHORT_PERP,2377.8,2376.29,-6.350407940113627,-1.075e-05,-0.00015064,2026-04-18T16:00:00+00:00,379.0,-23.856807940113626,0.16710258613349177,FLAT,False,False,False,
2026-04-18T09:42:00+00:00,ETHUSDT,LONG_SPOT_SHORT_PERP,2377.08,2375.51,-6.604741952310015,-1.075e-05,-0.00015064,2026-04-18T16:00:00+00:00,378.0,-24.111141952310014,0.16668152299151967,FLAT,False,False,False,
2026-04-18T09:43:00+00:00,ETHUSDT,LONG_SPOT_SHORT_PERP,2376.98,2375.4,-6.647090004963976,-1.075e-05,-0.00015064,2026-04-18T16:00:00+00:00,377.0,-24.153490004963977,0.16661240708701808,FLAT,False,False,False,
2026-04-18T09:44:00+00:00,ETHUSDT,LONG_SPOT_SHORT_PERP,2376.49,2375.26,-5.175700297495733,-1.075e-05,-0.00015064,2026-04-18T16:00:00+00:00,376.0,-22.682100297495733,0.1691862825514706,FLAT,False,False,False,
2026-04-18T09:45:00+00:00,ETHUSDT,LONG_SPOT_SHORT_PERP,2376.22,2374.84,-5.807543072609668,-1.075e-05,-0.00015064,2026-04-18T16:00:00+00:00,375.0,-23.313943072609668,0.1680364431531265,FLAT,False,False,False,
2026-04-18T09:46:00+00:00,ETHUSDT,LONG_SPOT_SHORT_PERP,2377.25,2375.89,-5.72089599327007,-1.075e-05,-0.00015064,2026-04-18T16:00:00+00:00,374.0,-23.22729599327007,0.168190043745359,FLAT,False,False,False,
2026-04-18T09:47:00+00:00,ETHUSDT,LONG_SPOT_SHORT_PERP,2377.03,2375.41,-6.815227405629485,-1.075e-05,-0.00015064,2026-04-18T16:00:00+00:00,373.0,-24.321627405629485,0.16634075027492462,FLAT,False,False,False,
2026-04-18T09:48:00+00:00,ETHUSDT,LONG_SPOT_SHORT_PERP,2377.13,2375.68,-6.099792607052508,-1.075e-05,-0.00015064,2026-04-18T16:00:00+00:00,372.0,-23.606192607052506,0.1675276691118779,FLAT,False,False,False,
2026-04-18T09:49:00+00:00,ETHUSDT,LONG_SPOT_SHORT_PERP,2376.78,2375.52,-5.301289980562855,-1.075e-05,-0.00015064,2026-04-18T16:00:00+00:00,371.0,-22.807689980562856,0.1689521684334532,FLAT,False,False,False,
2026-04-18T09:50:00+00:00,ETHUSDT,LONG_SPOT_SHORT_PERP,2376.46,2374.79,-7.0272590323425295,-1.075e-05,-0.00015064,2026-04-18T16:00:00+00:00,370.0,-24.53365903234253,0.166004377056231,FLAT,False,False,False,
2026-04-18T09:51:00+00:00,ETHUSDT,LONG_SPOT_SHORT_PERP,2375.67,2374.32,-5.68260743285014,-1.075e-05,-0.00015064,2026-04-18T16:00:00+00:00,369.0,-23.18900743285014,0.16825832539565666,FLAT,False,False,False,
2026-04-18T09:52:00+00:00,ETHUSDT,LONG_SPOT_SHORT_PERP,2375.06,2373.64,-5.978796325145777,-1.075e-05,-0.00015064,2026-04-18T16:00:00+00:00,368.0,-23.48519632514578,0.1677365833889703,FLAT,False,False,False,
2026-04-18T09:53:00+00:00,ETHUSDT,LONG_SPOT_SHORT_PERP,2374.51,2373.07,-6.064409078083708,-1.075e-05,-0.00015064,2026-04-18T16:00:00+00:00,367.0,-23.57080907808371,0.16758851244819814,FLAT,False,False,False,
2026-04-18T09:54:00+00:00,ETHUSDT,LONG_SPOT_SHORT_PERP,2374.01,2372.53,-6.2341776150901556,-1.075e-05,-0.00015064,2026-04-18T16:00:00+00:00,366.0,-23.740577615090157,0.16729846069372162,FLAT,False,False,False,
2026-04-18T09:55:00+00:00,ETHUSDT,LONG_SPOT_SHORT_PERP,2373.33,2371.99,-5.646075345612053,-1.075e-05,-0.00015064,2026-04-18T16:00:00+00:00,365.0,-23.152475345612054,0.16832370832135732,FLAT,False,False,False,
2026-04-18T09:56:00+00:00,ETHUSDT,LONG_SPOT_SHORT_PERP,2374.53,2373.21,-5.558994832662311,-1.075e-05,-0.00015064,2026-04-18T16:00:00+00:00,364.0,-23.06539483266231,0.1684804845347746,FLAT,False,False,False,
2026-04-18T09:57:00+00:00,ETHUSDT,LONG_SPOT_SHORT_PERP,2375.84,2374.39,-6.103104586168567,-1.075e-05,-0.00015064,2026-04-18T16:00:00+00:00,363.0,-23.60950458616857,0.1675219845933491,FLAT,False,False,False,
2026-04-18T09:58:00+00:00,ETHUSDT,LONG_SPOT_SHORT_PERP,2376.59,2375.19,-5.89079311113861,-1.075e-05,-0.00015064,2026-04-18T16:00:00+00:00,362.0,-23.39719311113861,0.16789006015861688,FLAT,False,False,False,
2026-04-18T09:59:00+00:00,ETHUSDT,LONG_SPOT_SHORT_PERP,2376.04,2374.58,-6.144677699028789,-1.075e-05,-0.00015064,2026-04-18T16:00:00+00:00,361.0,-23.65107769902879,0.16745078387209106,FLAT,False,False,False,
2026-04-18T10:00:00+00:00,ETHUSDT,LONG_SPOT_SHORT_PERP,2374.55,2373.09,-6.148533406329773,-1.075e-05,-0.00015064,2026-04-18T16:00:00+00:00,360.0,-23.654933406329775,0.16744419471741562,FLAT,False,False,False,
2026-04-18T10:01:00+00:00,ETHUSDT,LONG_SPOT_SHORT_PERP,2373.64,2372.0,-6.909219595220307,-1.075e-05,-0.00015064,2026-04-18T16:00:00+00:00,359.0,-24.415619595220306,0.16619079142347679,FLAT,False,False,False,
2026-04-18T10:02:00+00:00,ETHUSDT,LONG_SPOT_SHORT_PERP,2371.04,2369.68,-5.73587961400958,-1.075e-05,-0.00015064,2026-04-18T16:00:00+00:00,358.0,-23.24227961400958,0.16816339085610407,FLAT,False,False,False,
2026-04-18T10:03:00+00:00,ETHUSDT,LONG_SPOT_SHORT_PERP,2371.3,2369.8,-6.325644161430438,-1.075e-05,-0.00015064,2026-04-18T16:00:00+00:00,357.0,-23.83204416143044,0.16714413579329143,FLAT,False,False,False,
2026-04-18T10:04:00+00:00,ETHUSDT,LONG_SPOT_SHORT_PERP,2367.79,2366.2,-6.715122540428609,-1.075e-05,-0.00015064,2026-04-18T16:00:00+00:00,356.0,-24.22152254042861,0.16650195894633463,FLAT,False,False,False,
2026-04-18T10:05:00+00:00,ETHUSDT,LONG_SPOT_SHORT_PERP,2365.79,2364.2,-6.720799394705978,-1.075e-05,-0.00015064,2026-04-18T16:00:00+00:00,355.0,-24.227199394705977,0.16649277539990848,FLAT,False,False,False,
2026-04-18T10:06:00+00:00,ETHUSDT,LONG_SPOT_SHORT_PERP,2369.17,2367.68,-6.28912235086649,-1.075e-05,-0.00015064,2026-04-18T16:00:00+00:00,354.0,-23.79552235086649,0.16720559402683186,FLAT,False,False,False,
2026-04-18T10:07:00+00:00,ETHUSDT,LONG_SPOT_SHORT_PERP,2367.79,2366.45,-5.659285663002823,-1.075e-05,-0.00015064,2026-04-18T16:00:00+00:00,353.0,-23.165685663002822,0.16830003890491538,FLAT,False,False,False,
2026-04-18T10:08:00+00:00,ETHUSDT,LONG_SPOT_SHORT_PERP,2358.48,2356.59,-8.013635901088296,-1.075e-05,-0.00015064,2026-04-18T16:00:00+00:00,352.0,-25.520035901088296,0.16452679231076722,FLAT,False,False,False,
2026-04-18T10:09:00+00:00,ETHUSDT,LONG_SPOT_SHORT_PERP,2357.83,2356.27,-6.616253080162461,-1.075e-05,-0.00015064,2026-04-18T16:00:00+00:00,351.0,-24.12265308016246,0.16666270793486743,FLAT,False,False,False,
2026-04-18T10:10:00+00:00,ETHUSDT,LONG_SPOT_SHORT_PERP,2358.0,2356.48,-6.446140797285758,-1.075e-05,-0.00015064,2026-04-18T16:00:00+00:00,350.0,-23.952540797285756,0.16694288738823565,FLAT,False,False,False,
2026-04-18T10:11:00+00:00,ETHUSDT,LONG_SPOT_SHORT_PERP,2359.2,2357.81,-5.891827738215805,-1.075e-05,-0.00015064,2026-04-18T16:00:00+00:00,349.0,-23.398227738215805,0.1678882482516101,FLAT,False,False,False,
2026-04-18T10:12:00+00:00,ETHUSDT,LONG_SPOT_SHORT_PERP,2356.7,2355.0,-7.213476471336268,-1.075e-05,-0.00015064,2026-04-18T16:00:00+00:00,348.0,-24.719876471336267,0.16571456431465692,FLAT,False,False,False,
2026-04-18T10:13:00+00:00,ETHUSDT,LONG_SPOT_SHORT_PERP,2358.11,2356.68,-6.06417851584655,-1.075e-05,-0.00015064,2026-04-18T16:00:00+00:00,347.0,-23.57057851584655,0.16758890958599904,FLAT,False,False,False,
2026-04-18T10:14:00+00:00,ETHUSDT,LONG_SPOT_SHORT_PERP,2362.01,2360.58,-6.054165731729716,-1.075e-05,-0.00015064,2026-04-18T16:00:00+00:00,346.0,-23.560565731729717,0.16760616483145008,FLAT,False,False,False,
2026-04-18T10:15:00+00:00,ETHUSDT,LONG_SPOT_SHORT_PERP,2363.5,2362.3,-5.077215993229609,-1.075e-05,-0.00015064,2026-04-18T16:00:00+00:00,345.0,-22.583615993229607,0.1693718432056276,FLAT,False,False,False,
2026-04-18T10:16:00+00:00,ETHUSDT,LONG_SPOT_SHORT_PERP,2363.52,2362.22,-5.500270782562373,-1.075e-05,-0.00015064,2026-04-18T16:00:00+00:00,344.0,-23.006670782562374,0.16858694860527113,FLAT,False,False,False,
2026-04-18T10:17:00+00:00,ETHUSDT,LONG_SPOT_SHORT_PERP,2363.93,2362.58,-5.710829000858355,-1.075e-05,-0.00015064,2026-04-18T16:00:00+00:00,343.0,-23.217229000858353,0.16820797240955018,FLAT,False,False,False,
2026-04-18T10:18:00+00:00,ETHUSDT,LONG_SPOT_SHORT_PERP,2364.08,2362.7,-5.837365909783548,-1.075e-05,-0.00015064,2026-04-18T16:00:00+00:00,342.0,-23.34376590978355,0.16798386985277752,FLAT,False,False,False,
2026-04-18T10:19:00+00:00,ETHUSDT,LONG_SPOT_SHORT_PERP,2364.26,2362.87,-5.879218021707965,-1.075e-05,-0.00015064,2026-04-18T16:00:00+00:00,341.0,-23.385618021707966,0.16791034346393227,FLAT,False,False,False,
2026-04-18T10:20:00+00:00,ETHUSDT,LONG_SPOT_SHORT_PERP,2360.38,2358.8,-6.693837432955402,-1.075e-05,-0.00015064,2026-04-18T16:00:00+00:00,340.0,-24.2002374329554,0.16653643688752565,FLAT,False,False,False,
2026-04-18T10:21:00+00:00,ETHUSDT,LONG_SPOT_SHORT_PERP,2360.6,2359.04,-6.608489367109826,-1.075e-05,-0.00015064,2026-04-18T16:00:00+00:00,339.0,-24.114889367109825,0.16667539551898022,FLAT,False,False,False,
2026-04-18T10:22:00+00:00,ETHUSDT,LONG_SPOT_SHORT_PERP,2361.28,2359.73,-6.564236346389169,-1.075e-05,-0.00015064,2026-04-18T16:00:00+00:00,338.0,-24.07063634638917,0.1667478954936277,FLAT,False,False,False,
2026-04-18T10:23:00+00:00,ETHUSDT,LONG_SPOT_SHORT_PERP,2361.3,2359.89,-5.971287002923428,-1.075e-05,-0.00015064,2026-04-18T16:00:00+00:00,337.0,-23.477687002923428,0.1677496291329087,FLAT,False,False,False,
2026-04-18T10:24:00+00:00,ETHUSDT,LONG_SPOT_SHORT_PERP,2361.24,2359.73,-6.394945028882129,-1.075e-05,-0.00015064,2026-04-18T16:00:00+00:00,336.0,-23.90134502888213,0.16702810808629792,FLAT,False,False,False,
2026-04-18T10:25:00+00:00,ETHUSDT,LONG_SPOT_SHORT_PERP,2361.47,2360.0,-6.2249361626436075,-1.075e-05,-0.00015064,2026-04-18T16:00:00+00:00,335.0,-23.731336162643608,0.16731412858875594,FLAT,False,False,False,
2026-04-18T10:26:00+00:00,ETHUSDT,LONG_SPOT_SHORT_PERP,2359.49,2358.0,-6.31492398781,-1.075e-05,-0.00015064,2026-04-18T16:00:00+00:00,334.0,-23.82132398781,0.16716215317794636,FLAT,False,False,False,
2026-04-18T10:27:00+00:00,ETHUSDT,LONG_SPOT_SHORT_PERP,2360.86,2359.35,-6.395974348331618,-1.075e-05,-0.00015064,2026-04-18T16:00:00+00:00,333.0,-23.90237434833162,0.16702639054755425,FLAT,False,False,False,
2026-04-18T10:28:00+00:00,ETHUSDT,LONG_SPOT_SHORT_PERP,2361.53,2360.0,-6.478850575686949,-1.075e-05,-0.00015064,2026-04-18T16:00:00+00:00,332.0,-23.985250575686948,0.16688865745652043,FLAT,False,False,False,
2026-04-18T10:29:00+00:00,ETHUSDT,LONG_SPOT_SHORT_PERP,2361.3,2359.9,-5.928937449710291,-1.075e-05,-0.00015064,2026-04-18T16:00:00+00:00,331.0,-23.43533744971029,0.1678233778780411,FLAT,False,False,False,
2026-04-18T10:30:00+00:00,ETHUSDT,LONG_SPOT_SHORT_PERP,2359.1,2357.55,-6.570302233901603,-1.075e-05,-0.00015064,2026-04-18T16:00:00+00:00,330.0,-24.076702233901603,0.16673793947811139,FLAT,False,False,False,
2026-04-18T10:31:00+00:00,ETHUSDT,LONG_SPOT_SHORT_PERP,2360.69,2359.14,-6.565876925814833,-1.075e-05,-0.00015064,2026-04-18T16:00:00+00:00,329.0,-24.072276925814833,0.16674520221815498,FLAT,False,False,False,
2026-04-18T10:32:00+00:00,ETHUSDT,LONG_SPOT_SHORT_PERP,2360.24,2358.68,-6.609497339253405,-1.075e-05,-0.00015064,2026-04-18T16:00:00+00:00,328.0,-24.115897339253404,0.1666737477401312,FLAT,False,False,False,
2026-04-18T10:33:00+00:00,ETHUSDT,LONG_SPOT_SHORT_PERP,2360.47,2358.95,-6.439395544107665,-1.075e-05,-0.00015064,2026-04-18T16:00:00+00:00,327.0,-23.945795544107664,0.16695409162219732,FLAT,False,False,False,
2026-04-18T10:34:00+00:00,ETHUSDT,LONG_SPOT_SHORT_PERP,2360.78,2359.09,-7.158650954345829,-1.075e-05,-0.00015064,2026-04-18T16:00:00+00:00,326.0,-24.66505095434583,0.1657993510167296,FLAT,False,False,False,
2026-04-18T10:35:00+00:00,ETHUSDT,LONG_SPOT_SHORT_PERP,2359.98,2358.54,-6.1017466249716295,-1.075e-05,-0.00015064,2026-04-18T16:00:00+00:00,325.0,-23.60814662497163,0.167524315113027,FLAT,False,False,False,
2026-04-18T10:36:00+00:00,ETHUSDT,LONG_SPOT_SHORT_PERP,2361.48,2359.91,-6.648373054187052,-1.075e-05,-0.00015064,2026-04-18T16:00:00+00:00,324.0,-24.154773054187054,0.16661031741938453,FLAT,False,False,False,
2026-04-18T10:37:00+00:00,ETHUSDT,LONG_SPOT_SHORT_PERP,2361.14,2359.73,-5.971691640478135,-1.075e-05,-0.00015064,2026-04-18T16:00:00+00:00,323.0,-23.478091640478134,0.1677489259276291,FLAT,False,False,False,
2026-04-18T10:38:00+00:00,ETHUSDT,LONG_SPOT_SHORT_PERP,2361.59,2360.0,-6.732752086518597,-1.075e-05,-0.00015064,2026-04-18T16:00:00+00:00,322.0,-24.239152086518597,0.16647345569662428,FLAT,False,False,False,
2026-04-18T10:39:00+00:00,ETHUSDT,LONG_SPOT_SHORT_PERP,2361.53,2360.0,-6.478850575686949,-1.075e-05,-0.00015064,2026-04-18T16:00:00+00:00,321.0,-23.985250575686948,0.16688865745652043,FLAT,False,False,False,
2026-04-18T10:40:00+00:00,ETHUSDT,LONG_SPOT_SHORT_PERP,2361.54,2359.98,-6.605858888691047,-1.075e-05,-0.00015064,2026-04-18T16:00:00+00:00,320.0,-24.11225888869105,0.16667969643582375,FLAT,False,False,False,
2026-04-18T10:41:00+00:00,ETHUSDT,LONG_SPOT_SHORT_PERP,2361.38,2359.99,-5.886388467761764,-1.075e-05,-0.00015064,2026-04-18T16:00:00+00:00,319.0,-23.392788467761765,0.16789777586972868,FLAT,False,False,False,
2026-04-18T10:42:00+00:00,ETHUSDT,LONG_SPOT_SHORT_PERP,2360.82,2359.16,-7.031455172356678,-1.075e-05,-0.00015064,2026-04-18T16:00:00+00:00,318.0,-24.53785517235668,0.1659977891727844,FLAT,False,False,False,
2026-04-18T10:43:00+00:00,ETHUSDT,LONG_SPOT_SHORT_PERP,2359.29,2357.57,-7.290328870125334,-1.075e-05,-0.00015064,2026-04-18T16:00:00+00:00,317.0,-24.796728870125335,0.16559646449826787,FLAT,False,False,False,
2026-04-18T10:44:00+00:00,ETHUSDT,LONG_SPOT_SHORT_PERP,2357.15,2355.62,-6.490889421548056,-1.075e-05,-0.00015064,2026-04-18T16:00:00+00:00,316.0,-23.997289421548057,0.16686874095329182,FLAT,False,False,False,
2026-04-18T10:45:00+00:00,ETHUSDT,LONG_SPOT_SHORT_PERP,2359.37,2357.92,-6.145708388255416,-1.075e-05,-0.00015064,2026-04-18T16:00:00+00:00,315.0,-23.652108388255417,0.1674490222522021,FLAT,False,False,False,
2026-04-18T10:46:00+00:00,ETHUSDT,LONG_SPOT_SHORT_PERP,2359.29,2357.69,-6.781701274535599,-1.075e-05,-0.00015064,2026-04-18T16:00:00+00:00,314.0,-24.2881012745356,0.1663945679901348,FLAT,False,False,False,
2026-04-18T10:47:00+00:00,ETHUSDT,LONG_SPOT_SHORT_PERP,2360.79,2359.36,-6.057294380270318,-1.075e-05,-0.00015064,2026-04-18T16:00:00+00:00,313.0,-23.56369438027032,0.16760077138526328,FLAT,False,False,False,
2026-04-18T10:48:00+00:00,ETHUSDT,LONG_SPOT_SHORT_PERP,2361.33,2359.87,-6.182956215353366,-1.075e-05,-0.00015064,2026-04-18T16:00:00+00:00,312.0,-23.689356215353367,0.16738547620800331,FLAT,False,False,False,
2026-04-18T10:49:00+00:00,ETHUSDT,LONG_SPOT_SHORT_PERP,2360.82,2359.51,-5.548919443244065,-1.075e-05,-0.00015064,2026-04-18T16:00:00+00:00,311.0,-23.055319443244066,0.1684987082952943,FLAT,False,False,False,
2026-04-18T10:50:00+00:00,ETHUSDT,LONG_SPOT_SHORT_PERP,2360.0,2358.56,-6.101694915254469,-1.075e-05,-0.00015064,2026-04-18T16:00:00+00:00,310.0,-23.60809491525447,0.16752440386273332,FLAT,False,False,False,
2026-04-18T10:51:00+00:00,ETHUSDT,LONG_SPOT_SHORT_PERP,2358.53,2357.0,-6.487091535830368,-1.075e-05,-0.00015064,2026-04-18T16:00:00+00:00,309.0,-23.99349153583037,0.16687502151177033,FLAT,False,False,False,
2026-04-18T10:52:00+00:00,ETHUSDT,LONG_SPOT_SHORT_PERP,2358.29,2356.83,-6.190926476387706,-1.075e-05,-0.00015064,2026-04-18T16:00:00+00:00,308.0,-23.69732647638771,0.1673719081338219,FLAT,False,False,False,
2026-04-18T10:53:00+00:00,ETHUSDT,LONG_SPOT_SHORT_PERP,2358.36,2356.91,-6.148340372124157,-1.075e-05,-0.00015064,2026-04-18T16:00:00+00:00,307.0,-23.65474037212416,0.16744452454247236,FLAT,False,False,False,
2026-04-18T10:54:00+00:00,ETHUSDT,LONG_SPOT_SHORT_PERP,2358.86,2357.46,-5.9350703305838035,-1.075e-05,-0.00015064,2026-04-18T16:00:00+00:00,306.0,-23.441470330583805,0.16781267936191813,FLAT,False,False,False,
2026-04-18T10:55:00+00:00,ETHUSDT,LONG_SPOT_SHORT_PERP,2359.17,2357.7,-6.231004972088721,-1.075e-05,-0.00015064,2026-04-18T16:00:00+00:00,305.0,-23.737404972088722,0.16730383800524912,FLAT,False,False,False,
2026-04-18T10:56:00+00:00,ETHUSDT,LONG_SPOT_SHORT_PERP,2359.84,2358.59,-5.296969286053291,-1.075e-05,-0.00015064,2026-04-18T16:00:00+00:00,304.0,-22.80336928605329,0.16896017615945727,FLAT,False,False,False,
2026-04-18T10:57:00+00:00,ETHUSDT,LONG_SPOT_SHORT_PERP,2359.0,2357.46,-6.528189910979074,-1.075e-05,-0.00015064,2026-04-18T16:00:00+00:00,303.0,-24.034589910979072,0.1668071787612995,FLAT,False,False,False,
2026-04-18T10:58:00+00:00,ETHUSDT,LONG_SPOT_SHORT_PERP,2358.89,2357.46,-6.062173310327469,-1.075e-05,-0.00015064,2026-04-18T16:00:00+00:00,302.0,-23.56857331032747,0.16759236387349746,FLAT,False,False,False,
2026-04-18T10:59:00+00:00,ETHUSDT,LONG_SPOT_SHORT_PERP,2359.34,2357.97,-5.806708655811987,-1.075e-05,-0.00015064,2026-04-18T16:00:00+00:00,301.0,-23.313108655811988,0.16803791626816522,FLAT,False,False,False,
2026-04-18T11:00:00+00:00,ETHUSDT,LONG_SPOT_SHORT_PERP,2358.32,2356.8,-6.445266121645839,-1.075e-05,-0.00015064,2026-04-18T16:00:00+00:00,300.0,-23.95166612164584,0.16694433986282403,FLAT,False,False,False,
2026-04-18T11:01:00+00:00,ETHUSDT,LONG_SPOT_SHORT_PERP,2358.77,2357.35,-6.0200867401233396,-1.075e-05,-0.00015064,2026-04-18T16:00:00+00:00,299.0,-23.52648674012334,0.16766501814875598,FLAT,False,False,False,
2026-04-18T11:02:00+00:00,ETHUSDT,LONG_SPOT_SHORT_PERP,2355.79,2354.29,-6.367290802660678,-1.075e-05,-0.00015064,2026-04-18T16:00:00+00:00,298.0,-23.87369080266068,0.16707431594889582,FLAT,False,False,False,
2026-04-18T11:03:00+00:00,ETHUSDT,LONG_SPOT_SHORT_PERP,2357.76,2356.34,-6.022665580890645,-1.075e-05,-0.00015064,2026-04-18T16:00:00+00:00,297.0,-23.529065580890645,0.1676605578477656,FLAT,False,False,False,
2026-04-18T11:04:00+00:00,ETHUSDT,LONG_SPOT_SHORT_PERP,2359.86,2358.4,-6.1868076919818815,-1.075e-05,-0.00015064,2026-04-18T16:00:00+00:00,296.0,-23.693207691981883,0.16737891839990263,FLAT,False,False,False,
2026-04-18T11:05:00+00:00,ETHUSDT,LONG_SPOT_SHORT_PERP,2359.59,2358.23,-5.763713187461073,-1.075e-05,-0.00015064,2026-04-18T16:00:00+00:00,295.0,-23.270113187461074,0.16811398180230097,FLAT,False,False,False,
2026-04-18T11:06:00+00:00,ETHUSDT,LONG_SPOT_SHORT_PERP,2358.02,2356.59,-6.064409971076735,-1.075e-05,-0.00015064,2026-04-18T16:00:00+00:00,294.0,-23.570809971076734,0.1675885109100566,FLAT,False,False,False,
2026-04-18T11:07:00+00:00,ETHUSDT,LONG_SPOT_SHORT_PERP,2354.06,2352.71,-5.734773115383248,-1.075e-05,-0.00015064,2026-04-18T16:00:00+00:00,293.0,-23.241173115383248,0.1681653577906694,FLAT,False,False,False,
2026-04-18T11:08:00+00:00,ETHUSDT,LONG_SPOT_SHORT_PERP,2355.57,2354.14,-6.0707174908845465,-1.075e-05,-0.00015064,2026-04-18T16:00:00+00:00,292.0,-23.577117490884547,0.1675776497667677,FLAT,False,False,False,
2026-04-18T11:09:00+00:00,ETHUSDT,LONG_SPOT_SHORT_PERP,2356.68,2355.25,-6.0678581733618335,-1.075e-05,-0.00015064,2026-04-18T16:00:00+00:00,291.0,-23.574258173361834,0.16758257251383102,FLAT,False,False,False,
2026-04-18T11:10:00+00:00,ETHUSDT,LONG_SPOT_SHORT_PERP,2358.23,2356.86,-5.809441827132599,-1.075e-05,-0.00015064,2026-04-18T16:00:00+00:00,290.0,-23.3158418271326,0.1680330914494535,FLAT,False,False,False,
2026-04-18T11:11:00+00:00,ETHUSDT,LONG_SPOT_SHORT_PERP,2356.39,2354.99,-5.9412915519081775,-1.075e-05,-0.00015064,2026-04-18T16:00:00+00:00,289.0,-23.44769155190818,0.16780183316097008,FLAT,False,False,False,
2026-04-18T11:12:00+00:00,ETHUSDT,LONG_SPOT_SHORT_PERP,2353.46,2352.13,-5.651253898515068,-1.075e-05,-0.00015064,2026-04-18T16:00:00+00:00,288.0,-23.15765389851507,0.16831442614994951,FLAT,False,False,False,
2026-04-18T11:13:00+00:00,ETHUSDT,LONG_SPOT_SHORT_PERP,2353.05,2351.5,-6.587195342216195,-1.075e-05,-0.00015064,2026-04-18T16:00:00+00:00,287.0,-24.093595342216197,0.16671024316885372,FLAT,False,False,False,
2026-04-18T11:14:00+00:00,ETHUSDT,LONG_SPOT_SHORT_PERP,2352.03,2350.73,-5.527140385114908,-1.075e-05,-0.00015064,2026-04-18T16:00:00+00:00,286.0,-23.033540385114907,0.16853816101127386,FLAT,False,False,False,
2026-04-18T11:15:00+00:00,ETHUSDT,LONG_SPOT_SHORT_PERP,2355.0,2353.43,-6.6666666666673615,-1.075e-05,-0.00015064,2026-04-18T16:00:00+00:00,285.0,-24.17306666666736,0.16658055111407288,FLAT,False,False,False,
2026-04-18T11:16:00+00:00,ETHUSDT,LONG_SPOT_SHORT_PERP,2354.27,2352.65,-6.881113890929634,-1.075e-05,-0.00015064,2026-04-18T16:00:00+00:00,284.0,-24.387513890929633,0.1662354903898254,FLAT,False,False,False,
2026-04-18T11:17:00+00:00,ETHUSDT,LONG_SPOT_SHORT_PERP,2353.95,2352.46,-6.329786104206894,-1.075e-05,-0.00015064,2026-04-18T16:00:00+00:00,283.0,-23.836186104206895,0.16713717939717196,FLAT,False,False,False,
2026-04-18T11:18:00+00:00,ETHUSDT,LONG_SPOT_SHORT_PERP,2356.46,2355.0,-6.195734279385333,-1.075e-05,-0.00015064,2026-04-18T16:00:00+00:00,282.0,-23.702134279385334,0.16736372864445745,FLAT,False,False,False,
2026-04-18T11:19:00+00:00,ETHUSDT,LONG_SPOT_SHORT_PERP,2356.25,2354.96,-5.4748010610078035,-1.075e-05,-0.00015064,2026-04-18T16:00:00+00:00,281.0,-22.981201061007802,0.16863331028628353,FLAT,False,False,False,
2026-04-18T11:20:00+00:00,ETHUSDT,LONG_SPOT_SHORT_PERP,2355.78,2354.21,-6.664459329819269,-1.075e-05,-0.00015064,2026-04-18T16:00:00+00:00,280.0,-24.17085932981927,0.16658413998916038,FLAT,False,False,False,
2026-04-18T11:21:00+00:00,ETHUSDT,LONG_SPOT_SHORT_PERP,2356.42,2355.02,-5.941215912274089,-1.075e-05,-0.00015064,2026-04-18T16:00:00+00:00,279.0,-23.447615912274088,0.16780196499379205,FLAT,False,False,False,
2026-04-18T11:22:00+00:00,ETHUSDT,LONG_SPOT_SHORT_PERP,2358.48,2356.99,-6.317628302975799,-1.075e-05,-0.00015064,2026-04-18T16:00:00+00:00,278.0,-23.824028302975798,0.16715760628998058,FLAT,False,False,False,
2026-04-18T11:23:00+00:00,ETHUSDT,LONG_SPOT_SHORT_PERP,2356.19,2354.66,-6.493534052857367,-1.075e-05,-0.00015064,2026-04-18T16:00:00+00:00,277.0,-23.999934052857366,0.16686436888274708,FLAT,False,False,False,
2026-04-18T11:24:00+00:00,ETHUSDT,LONG_SPOT_SHORT_PERP,2356.36,2354.72,-6.959887283778062,-1.075e-05,-0.00015064,2026-04-18T16:00:00+00:00,276.0,-24.466287283778062,0.16611051482314346,FLAT,False,False,False,
2026-04-18T11:25:00+00:00,ETHUSDT,LONG_SPOT_SHORT_PERP,2356.12,2354.6,-6.451284314890506,-1.075e-05,-0.00015064,2026-04-18T16:00:00+00:00,275.0,-23.957684314890507,0.16693434859942852,FLAT,False,False,False,
2026-04-18T11:26:00+00:00,ETHUSDT,LONG_SPOT_SHORT_PERP,2355.5,2353.99,-6.410528550202583,-1.075e-05,-0.00015064,2026-04-18T16:00:00+00:00,274.0,-23.916928550202584,0.16700212333177256,FLAT,False,False,False,
2026-04-18T11:27:00+00:00,ETHUSDT,LONG_SPOT_SHORT_PERP,2355.55,2354.0,-6.58020419859558,-1.075e-05,-0.00015064,2026-04-18T16:00:00+00:00,273.0,-24.08660419859558,0.16672169972162992,FLAT,False,False,False,
2026-04-18T11:28:00+00:00,ETHUSDT,LONG_SPOT_SHORT_PERP,2355.26,2353.88,-5.859225733040551,-1.075e-05,-0.00015064,2026-04-18T16:00:00+00:00,272.0,-23.365625733040552,0.1679454294359321,FLAT,False,False,False,
2026-04-18T11:29:00+00:00,ETHUSDT,LONG_SPOT_SHORT_PERP,2356.38,2354.82,-6.620324395895167,-1.075e-05,-0.00015064,2026-04-18T16:00:00+00:00,271.0,-24.126724395895167,0.16665605830736466,FLAT,False,False,False,
2026-04-18T11:30:00+00:00,ETHUSDT,LONG_SPOT_SHORT_PERP,2356.92,2355.21,-7.255231403696503,-1.075e-05,-0.00015064,2026-04-18T16:00:00+00:00,270.0,-24.761631403696505,0.16565029066796605,FLAT,False,False,False,
2026-04-18T11:31:00+00:00,ETHUSDT,LONG_SPOT_SHORT_PERP,2357.6,2356.03,-6.659314557175556,-1.075e-05,-0.00015064,2026-04-18T16:00:00+00:00,269.0,-24.165714557175555,0.16659250775154316,FLAT,False,False,False,
2026-04-18T11:32:00+00:00,ETHUSDT,LONG_SPOT_SHORT_PERP,2357.7,2356.25,-6.150061500614235,-1.075e-05,-0.00015064,2026-04-18T16:00:00+00:00,268.0,-23.656461500614235,0.1674415839770444,FLAT,False,False,False,
2026-04-18T11:33:00+00:00,ETHUSDT,LONG_SPOT_SHORT_PERP,2356.79,2355.2,-6.746464470742601,-1.075e-05,-0.00015064,2026-04-18T16:00:00+00:00,267.0,-24.2528644707426,0.16645131904133545,FLAT,False,False,False,
2026-04-18T11:34:00+00:00,ETHUSDT,LONG_SPOT_SHORT_PERP,2357.28,2355.71,-6.660218556981621,-1.075e-05,-0.00015064,2026-04-18T16:00:00+00:00,266.0,-24.16661855698162,0.16659103713320367,FLAT,False,False,False,
2026-04-18T11:35:00+00:00,ETHUSDT,LONG_SPOT_SHORT_PERP,2355.14,2353.62,-6.45396876618792,-1.075e-05,-0.00015064,2026-04-18T16:00:00+00:00,265.0,-23.96036876618792,0.16692989379791165,FLAT,False,False,False,
2026-04-18T11:36:00+00:00,ETHUSDT,LONG_SPOT_SHORT_PERP,2352.18,2350.35,-7.780016835445958,-1.075e-05,-0.00015064,2026-04-18T16:00:00+00:00,264.0,-25.28641683544596,0.16486415655973247,FLAT,False,False,False,
2026-04-18T11:37:00+00:00,ETHUSDT,LONG_SPOT_SHORT_PERP,2354.24,2352.85,-5.904240859045267,-1.075e-05,-0.00015064,2026-04-18T16:00:00+00:00,263.0,-23.410640859045266,0.16786652357377949,FLAT,False,False,False,
2026-04-18T11:38:00+00:00,ETHUSDT,LONG_SPOT_SHORT_PERP,2351.85,2350.29,-6.6330760890360585,-1.075e-05,-0.00015064,2026-04-18T16:00:00+00:00,262.0,-24.13947608903606,0.16663524795578,FLAT,False,False,False,
2026-04-18T11:39:00+00:00,ETHUSDT,LONG_SPOT_SHORT_PERP,2345.55,2343.83,-7.333034895867726,-1.075e-05,-0.00015064,2026-04-18T16:00:00+00:00,261.0,-24.839434895867726,0.165531214655563,FLAT,False,False,False,
2026-04-18T11:40:00+00:00,ETHUSDT,LONG_SPOT_SHORT_PERP,2346.77,2345.34,-6.0934816790730935,-1.075e-05,-0.00015064,2026-04-18T16:00:00+00:00,260.0,-23.599881679073093,0.16753850587713048,FLAT,False,False,False,
2026-04-18T11:41:00+00:00,ETHUSDT,LONG_SPOT_SHORT_PERP,2347.75,2346.49,-5.366840592057153,-1.075e-05,-0.00015064,2026-04-18T16:00:00+00:00,259.0,-22.873240592057154,0.1688310853740763,FLAT,False,False,False,
2026-04-18T11:42:00+00:00,ETHUSDT,LONG_SPOT_SHORT_PERP,2348.24,2346.82,-6.047082069974186,-1.075e-05,-0.00015064,2026-04-18T16:00:00+00:00,258.0,-23.553482069974187,0.1676183822643581,FLAT,False,False,False,
2026-04-18T11:43:00+00:00,ETHUSDT,LONG_SPOT_SHORT_PERP,2346.18,2344.9,-5.455676887535251,-1.075e-05,-0.00015064,2026-04-18T16:00:00+00:00,257.0,-22.96207688753525,0.16866819566987493,FLAT,False,False,False,
2026-04-18T11:44:00+00:00,ETHUSDT,LONG_SPOT_SHORT_PERP,2348.34,2347.14,-5.109992590511905,-1.075e-05,-0.00015064,2026-04-18T16:00:00+00:00,256.0,-22.616392590511907,0.16930989291007958,FLAT,False,False,False,
2026-04-18T11:45:00+00:00,ETHUSDT,LONG_SPOT_SHORT_PERP,2347.4,2345.98,-6.049245974269715,-1.075e-05,-0.00015064,2026-04-18T16:00:00+00:00,255.0,-23.555645974269716,0.1676146492247955,FLAT,False,False,False,
2026-04-18T11:46:00+00:00,ETHUSDT,LONG_SPOT_SHORT_PERP,2350.09,2348.53,-6.638043649391919,-1.075e-05,-0.00015064,2026-04-18T16:00:00+00:00,254.0,-24.144443649391917,0.16662714795632944,FLAT,False,False,False,
2026-04-18T11:47:00+00:00,ETHUSDT,LONG_SPOT_SHORT_PERP,2347.79,2346.19,-6.81491956265215,-1.075e-05,-0.00015064,2026-04-18T16:00:00+00:00,253.0,-24.32131956265215,0.1663412436501285,FLAT,False,False,False,
2026-04-18T11:48:00+00:00,ETHUSDT,LONG_SPOT_SHORT_PERP,2348.35,2346.92,-6.089381906444254,-1.075e-05,-0.00015064,2026-04-18T16:00:00+00:00,252.0,-23.595781906444255,0.16754554928675802,FLAT,False,False,False,
2026-04-18T11:49:00+00:00,ETHUSDT,LONG_SPOT_SHORT_PERP,2348.9,2347.54,-5.789944229214216,-1.075e-05,-0.00015064,2026-04-18T16:00:00+00:00,251.0,-23.296344229214217,0.16806753785370976,FLAT,False,False,False,
2026-04-18T11:50:00+00:00,ETHUSDT,LONG_SPOT_SHORT_PERP,2348.59,2347.29,-5.535236035238938,-1.075e-05,-0.00015064,2026-04-18T16:00:00+00:00,250.0,-23.041636035238938,0.16852348616169327,FLAT,False,False,False,
2026-04-18T11:51:00+00:00,ETHUSDT,LONG_SPOT_SHORT_PERP,2351.4,2349.93,-6.251594794591539,-1.075e-05,-0.00015064,2026-04-18T16:00:00+00:00,249.0,-23.75799479459154,0.16726896945904562,FLAT,False,False,False,
2026-04-18T11:52:00+00:00,ETHUSDT,LONG_SPOT_SHORT_PERP,2352.53,2350.98,-6.588651366827126,-1.075e-05,-0.00015064,2026-04-18T16:00:00+00:00,248.0,-24.095051366827125,0.16670785811478134,FLAT,False,False,False,
2026-04-18T11:53:00+00:00,ETHUSDT,LONG_SPOT_SHORT_PERP,2353.35,2352.11,-5.269084496567793,-1.075e-05,-0.00015064,2026-04-18T16:00:00+00:00,247.0,-22.775484496567792,0.16901193579976215,FLAT,False,False,False,
2026-04-18T11:54:00+00:00,ETHUSDT,LONG_SPOT_SHORT_PERP,2352.69,2351.15,-6.545698753341765,-1.075e-05,-0.00015064,2026-04-18T16:00:00+00:00,246.0,-24.052098753341767,0.16677835745081343,FLAT,False,False,False,
2026-04-18T11:55:00+00:00,ETHUSDT,LONG_SPOT_SHORT_PERP,2351.74,2350.26,-6.293212685073875,-1.075e-05,-0.00015064,2026-04-18T16:00:00+00:00,245.0,-23.799612685073875,0.16719870017227406,FLAT,False,False,False,
2026-04-18T11:56:00+00:00,ETHUSDT,LONG_SPOT_SHORT_PERP,2352.41,2350.66,-7.439179394748364,-1.075e-05,-0.00015064,2026-04-18T16:00:00+00:00,244.0,-24.945579394748364,0.16537019643739362,FLAT,False,False,False,
2026-04-18T11:57:00+00:00,ETHUSDT,LONG_SPOT_SHORT_PERP,2354.44,2352.99,-6.158576986460784,-1.075e-05,-0.00015064,2026-04-18T16:00:00+00:00,243.0,-23.664976986460786,0.1674270423222234,FLAT,False,False,False,
2026-04-18T11:58:00+00:00,ETHUSDT,LONG_SPOT_SHORT_PERP,2353.52,2351.99,-6.5009007784093615,-1.075e-05,-0.00015064,2026-04-18T16:00:00+00:00,242.0,-24.007300778409363,0.16685219615930424,FLAT,False,False,False,
2026-04-18T11:59:00+00:00,ETHUSDT,LONG_SPOT_SHORT_PERP,2352.96,2351.45,-6.417448660411644,-1.075e-05,-0.00015064,2026-04-18T16:00:00+00:00,241.0,-23.923848660411643,0.16699059684671202,FLAT,False,False,False,
2026-04-18T12:00:00+00:00,ETHUSDT,LONG_SPOT_SHORT_PERP,2355.27,2353.57,-7.2178561268976305,-1.075e-05,-0.00015064,2026-04-18T16:00:00+00:00,240.0,-24.72425612689763,0.16570781054174366,FLAT,False,False,False,
2026-04-18T12:01:00+00:00,ETHUSDT,LONG_SPOT_SHORT_PERP,2357.81,2356.46,-5.725652194196773,-1.075e-05,-0.00015064,2026-04-18T16:00:00+00:00,239.0,-23.232052194196772,0.16818157926563257,FLAT,False,False,False,
2026-04-18T12:02:00+00:00,ETHUSDT,LONG_SPOT_SHORT_PERP,2357.86,2356.41,-6.1496441688661445,-1.075e-05,-0.00015064,2026-04-18T16:00:00+00:00,238.0,-23.656044168866146,0.16744229694798268,FLAT,False,False,False,
2026-04-18T12:03:00+00:00,ETHUSDT,LONG_SPOT_SHORT_PERP,2357.29,2355.9,-5.8966016060810205,-1.075e-05,-0.00015064,2026-04-18T16:00:00+00:00,237.0,-23.40300160608102,0.16787989026559155,FLAT,False,False,False,
2026-04-18T12:04:00+00:00,ETHUSDT,LONG_SPOT_SHORT_PERP,2358.45,2357.04,-5.978502830248064,-1.075e-05,-0.00015064,2026-04-18T16:00:00+00:00,236.0,-23.484902830248064,0.16773709309351648,FLAT,False,False,False,
2026-04-18T12:05:00+00:00,ETHUSDT,LONG_SPOT_SHORT_PERP,2357.13,2355.52,-6.830340286705135,-1.075e-05,-0.00015064,2026-04-18T16:00:00+00:00,235.0,-24.336740286705137,0.16631654704184623,FLAT,False,False,False,
2026-04-18T12:06:00+00:00,ETHUSDT,LONG_SPOT_SHORT_PERP,2357.23,2355.52,-7.254277266113347,-1.075e-05,-0.00015064,2026-04-18T16:00:00+00:00,234.0,-24.760677266113348,0.16565175649443672,FLAT,False,False,False,
2026-04-18T12:07:00+00:00,ETHUSDT,LONG_SPOT_SHORT_PERP,2356.62,2355.05,-6.662083831927545,-1.075e-05,-0.00015064,2026-04-18T16:00:00+00:00,233.0,-24.168483831927546,0.1665880031252776,FLAT,False,False,False,
2026-04-18T12:08:00+00:00,ETHUSDT,LONG_SPOT_SHORT_PERP,2358.0,2356.68,-5.597964376591025,-1.075e-05,-0.00015064,2026-04-18T16:00:00+00:00,232.0,-23.104364376591025,0.16841016386708418,FLAT,False,False,False,
2026-04-18T12:09:00+00:00,ETHUSDT,LONG_SPOT_SHORT_PERP,2357.49,2355.86,-6.914133251889316,-1.075e-05,-0.00015064,2026-04-18T16:00:00+00:00,231.0,-24.420533251889317,0.16618298920662397,FLAT,False,False,False,
2026-04-18T12:10:00+00:00,ETHUSDT,LONG_SPOT_SHORT_PERP,2357.5,2355.98,-6.447507953340326,-1.075e-05,-0.00015064,2026-04-18T16:00:00+00:00,230.0,-23.953907953340327,0.16694061735162338,FLAT,False,False,False,
2026-04-18T12:11:00+00:00,ETHUSDT,LONG_SPOT_SHORT_PERP,2357.91,2356.47,-6.107103324554604,-1.075e-05,-0.00015064,2026-04-18T16:00:00+00:00,229.0,-23.613503324554603,0.16751512375978522,FLAT,False,False,False,
2026-04-18T12:12:00+00:00,ETHUSDT,LONG_SPOT_SHORT_PERP,2357.01,2355.51,-6.363995061539831,-1.075e-05,-0.00015064,2026-04-18T16:00:00+00:00,228.0,-23.87039506153983,0.16707983103662374,FLAT,False,False,False,
2026-04-18T12:13:00+00:00,ETHUSDT,LONG_SPOT_SHORT_PERP,2359.45,2357.79,-7.035537943164105,-1.075e-05,-0.00015064,2026-04-18T16:00:00+00:00,227.0,-24.541937943164104,0.1659913818304333,FLAT,False,False,False,
2026-04-18T12:14:00+00:00,ETHUSDT,LONG_SPOT_SHORT_PERP,2358.51,2356.98,-6.487146545913309,-1.075e-05,-0.00015064,2026-04-18T16:00:00+00:00,226.0,-23.99354654591331,0.16687493052532096,FLAT,False,False,False,
2026-04-18T12:15:00+00:00,ETHUSDT,LONG_SPOT_SHORT_PERP,2359.14,2357.93,-5.128987681952052,-1.075e-05,-0.00015064,2026-04-18T16:00:00+00:00,225.0,-22.635387681952054,0.169274079334553,FLAT,False,False,False,
2026-04-18T12:16:00+00:00,ETHUSDT,LONG_SPOT_SHORT_PERP,2358.99,2357.58,-5.977134282043818,-1.075e-05,-0.00015064,2026-04-18T16:00:00+00:00,224.0,-23.48353428204382,0.16773947000295672,FLAT,False,False,False,
2026-04-18T12:17:00+00:00,ETHUSDT,LONG_SPOT_SHORT_PERP,2360.0,2358.63,-5.80508474576225,-1.075e-05,-0.00015064,2026-04-18T16:00:00+00:00,223.0,-23.31148474576225,0.16804078352575397,FLAT,False,False,False,
2026-04-18T12:18:00+00:00,ETHUSDT,LONG_SPOT_SHORT_PERP,2361.07,2359.67,-5.9295150080264065,-1.075e-05,-0.00015064,2026-04-18T16:00:00+00:00,222.0,-23.435915008026406,0.16782237008715548,FLAT,False,False,False,
2026-04-18T12:19:00+00:00,ETHUSDT,LONG_SPOT_SHORT_PERP,2358.92,2357.37,-6.570803588083454,-1.075e-05,-0.00015064,2026-04-18T16:00:00+00:00,221.0,-24.077203588083453,0.16673711685887765,FLAT,False,False,False,
2026-04-18T12:20:00+00:00,ETHUSDT,LONG_SPOT_SHORT_PERP,2356.52,2354.97,-6.577495629148838,-1.075e-05,-0.00015064,2026-04-18T16:00:00+00:00,220.0,-24.083895629148838,0.16672614038697092,FLAT,False,False,False,
2026-04-18T12:21:00+00:00,ETHUSDT,LONG_SPOT_SHORT_PERP,2357.09,2355.56,-6.491054647892953,-1.075e-05,-0.00015064,2026-04-18T16:00:00+00:00,219.0,-23.99745464789295,0.16686846777069886,FLAT,False,False,False,
2026-04-18T12:22:00+00:00,ETHUSDT,LONG_SPOT_SHORT_PERP,2357.03,2355.57,-6.194235966449456,-1.075e-05,-0.00015064,2026-04-18T16:00:00+00:00,218.0,-23.700635966449457,0.16736627731163353,FLAT,False,False,False,
2026-04-18T12:23:00+00:00,ETHUSDT,LONG_SPOT_SHORT_PERP,2357.76,2356.22,-6.531623235615237,-1.075e-05,-0.00015064,2026-04-18T16:00:00+00:00,217.0,-24.03802323561524,0.1668015233436992,FLAT,False,False,False,
2026-04-18T12:24:00+00:00,ETHUSDT,LONG_SPOT_SHORT_PERP,2357.25,2355.69,-6.617881005408614,-1.075e-05,-0.00015064,2026-04-18T16:00:00+00:00,216.0,-24.124281005408612,0.1666600487534448,FLAT,False,False,False,
2026-04-18T12:25:00+00:00,ETHUSDT,LONG_SPOT_SHORT_PERP,2356.8,2355.24,-6.619144602853021,-1.075e-05,-0.00015064,2026-04-18T16:00:00+00:00,215.0,-24.125544602853022,0.16665798498046933,FLAT,False,False,False,
2026-04-18T12:26:00+00:00,ETHUSDT,LONG_SPOT_SHORT_PERP,2356.55,2355.01,-6.534976979058214,-1.075e-05,-0.00015064,2026-04-18T16:00:00+00:00,214.0,-24.041376979058214,0.16679600081358473,FLAT,False,False,False,
2026-04-18T12:27:00+00:00,ETHUSDT,LONG_SPOT_SHORT_PERP,2356.87,2355.13,-7.3826727821211255,-1.075e-05,-0.00015064,2026-04-18T16:00:00+00:00,213.0,-24.889072782121126,0.1654557103463478,FLAT,False,False,False,
2026-04-18T12:28:00+00:00,ETHUSDT,LONG_SPOT_SHORT_PERP,2356.65,2355.08,-6.661999024039054,-1.075e-05,-0.00015064,2026-04-18T16:00:00+00:00,212.0,-24.168399024039054,0.16658814105979214,FLAT,False,False,False,
2026-04-18T12:29:00+00:00,ETHUSDT,LONG_SPOT_SHORT_PERP,2355.1,2353.59,-6.411617341088546,-1.075e-05,-0.00015064,2026-04-18T16:00:00+00:00,211.0,-23.918017341088547,0.16700030927902543,FLAT,False,False,False,
2026-04-18T12:30:00+00:00,ETHUSDT,LONG_SPOT_SHORT_PERP,2354.08,2352.78,-5.522327193637119,-1.075e-05,-0.00015064,2026-04-18T16:00:00+00:00,210.0,-23.02872719363712,0.16854689119022603,FLAT,False,False,False,
2026-04-18T12:31:00+00:00,ETHUSDT,LONG_SPOT_SHORT_PERP,2355.58,2353.99,-6.749929953557704,-1.075e-05,-0.00015064,2026-04-18T16:00:00+00:00,209.0,-24.256329953557703,0.16644572913951905,FLAT,False,False,False,
2026-04-18T12:32:00+00:00,ETHUSDT,LONG_SPOT_SHORT_PERP,2356.49,2355.14,-5.728859447737563,-1.075e-05,-0.00015064,2026-04-18T16:00:00+00:00,208.0,-23.235259447737562,0.16817587357998048,FLAT,False,False,False,
2026-04-18T12:33:00+00:00,ETHUSDT,LONG_SPOT_SHORT_PERP,2357.44,2356.14,-5.514456359441521,-1.075e-05,-0.00015064,2026-04-18T16:00:00+00:00,207.0,-23.02085635944152,0.1685611759909536,FLAT,False,False,False,
2026-04-18T12:34:00+00:00,ETHUSDT,LONG_SPOT_SHORT_PERP,2356.82,2355.22,-6.788808648943761,-1.075e-05,-0.00015064,2026-04-18T16:00:00+00:00,206.0,-24.295208648943763,0.16638314440539878,FLAT,False,False,False,
2026-04-18T12:35:00+00:00,ETHUSDT,LONG_SPOT_SHORT_PERP,2355.43,2354.09,-5.688982478781754,-1.075e-05,-0.00015064,2026-04-18T16:00:00+00:00,205.0,-23.195382478781752,0.1682469391298519,FLAT,False,False,False,
2026-04-18T12:36:00+00:00,ETHUSDT,LONG_SPOT_SHORT_PERP,2356.21,2354.78,-6.06906854652105,-1.075e-05,-0.00015064,2026-04-18T16:00:00+00:00,204.0,-23.57546854652105,0.16758048850888907,FLAT,False,False,False,
2026-04-18T12:37:00+00:00,ETHUSDT,LONG_SPOT_SHORT_PERP,2353.49,2351.7,-7.605725964418646,-1.075e-05,-0.00015064,2026-04-18T16:00:00+00:00,203.0,-25.112125964418645,0.16512084704883292,FLAT,False,False,False,
2026-04-18T12:38:00+00:00,ETHUSDT,LONG_SPOT_SHORT_PERP,2353.86,2352.6,-5.352909688767464,-1.075e-05,-0.00015064,2026-04-18T16:00:00+00:00,202.0,-22.859309688767464,0.16885675467991762,FLAT,False,False,False,
2026-04-18T12:39:00+00:00,ETHUSDT,LONG_SPOT_SHORT_PERP,2352.47,2350.93,-6.546310898757322,-1.075e-05,-0.00015064,2026-04-18T16:00:00+00:00,201.0,-24.052710898757322,0.1667773506747246,FLAT,False,False,False,
2026-04-18T12:40:00+00:00,ETHUSDT,LONG_SPOT_SHORT_PERP,2353.34,2352.08,-5.354092481325343,-1.075e-05,-0.00015064,2026-04-18T16:00:00+00:00,200.0,-22.860492481325345,0.16885457391955866,FLAT,False,False,False,
2026-04-18T12:41:00+00:00,ETHUSDT,LONG_SPOT_SHORT_PERP,2354.28,2352.83,-6.158995531543711,-1.075e-05,-0.00015064,2026-04-18T16:00:00+00:00,199.0,-23.665395531543712,0.1674263278907326,FLAT,False,False,False,
2026-04-18T12:42:00+00:00,ETHUSDT,LONG_SPOT_SHORT_PERP,2353.88,2352.28,-6.797287882134641,-1.075e-05,-0.00015064,2026-04-18T16:00:00+00:00,198.0,-24.30368788213464,0.16636952605878394,FLAT,False,False,False,
2026-04-18T12:43:00+00:00,ETHUSDT,LONG_SPOT_SHORT_PERP,2355.72,2354.36,-5.773181872207532,-1.075e-05,-0.00015064,2026-04-18T16:00:00+00:00,197.0,-23.279581872207533,0.16809720335959408,FLAT,False,False,False,
2026-04-18T12:44:00+00:00,ETHUSDT,LONG_SPOT_SHORT_PERP,2356.79,2355.33,-6.194866746719209,-1.075e-05,-0.00015064,2026-04-18T16:00:00+00:00,196.0,-23.70126674671921,0.16736520429423127,FLAT,False,False,False,
2026-04-18T12:45:00+00:00,ETHUSDT,LONG_SPOT_SHORT_PERP,2358.44,2356.98,-6.190532725021779,-1.075e-05,-0.00015064,2026-04-18T16:00:00+00:00,195.0,-23.696932725021778,0.1673725781880189,FLAT,False,False,False,
2026-04-18T12:46:00+00:00,ETHUSDT,LONG_SPOT_SHORT_PERP,2356.63,2355.23,-5.9406864887576365,-1.075e-05,-0.00015064,2026-04-18T16:00:00+00:00,194.0,-23.447086488757638,0.16780288775631136,FLAT,False,False,False,
2026-04-18T12:47:00+00:00,ETHUSDT,LONG_SPOT_SHORT_PERP,2358.42,2356.94,-6.275387759601844,-1.075e-05,-0.00015064,2026-04-18T16:00:00+00:00,193.0,-23.781787759601844,0.16722876213004598,FLAT,False,False,False,
2026-04-18T12:48:00+00:00,ETHUSDT,LONG_SPOT_SHORT_PERP,2356.68,2355.16,-6.4497513451125394,-1.075e-05,-0.00015064,2026-04-18T16:00:00+00:00,192.0,-23.956151345112538,0.16693689305195888,FLAT,False,False,False,
2026-04-18T12:49:00+00:00,ETHUSDT,LONG_SPOT_SHORT_PERP,2357.62,2356.41,-5.132294432521086,-1.075e-05,-0.00015064,2026-04-18T16:00:00+00:00,191.0,-22.638694432521085,0.1692678513809584,FLAT,False,False,False,
2026-04-18T12:50:00+00:00,ETHUSDT,LONG_SPOT_SHORT_PERP,2358.68,2357.33,-5.723540285243904,-1.075e-05,-0.00015064,2026-04-18T16:00:00+00:00,190.0,-23.229940285243906,0.16818533729613794,FLAT,False,False,False,
2026-04-18T12:51:00+00:00,ETHUSDT,LONG_SPOT_SHORT_PERP,2357.39,2355.81,-6.702327574138888,-1.075e-05,-0.00015064,2026-04-18T16:00:00+00:00,189.0,-24.208727574138887,0.16652267597085788,FLAT,False,False,False,
2026-04-18T12:52:00+00:00,ETHUSDT,LONG_SPOT_SHORT_PERP,2357.28,2355.57,-7.2541233964570875,-1.075e-05,-0.00015064,2026-04-18T16:00:00+00:00,188.0,-24.76052339645709,0.16565199289456872,FLAT,False,False,False,
2026-04-18T12:53:00+00:00,ETHUSDT,LONG_SPOT_SHORT_PERP,2358.3,2356.98,-5.597252257983139,-1.075e-05,-0.00015064,2026-04-18T16:00:00+00:00,187.0,-23.10365225798314,0.16841144653735488,FLAT,False,False,False,
2026-04-18T12:54:00+00:00,ETHUSDT,LONG_SPOT_SHORT_PERP,2358.01,2356.55,-6.191661612970412,-1.075e-05,-0.00015064,2026-04-18T16:00:00+00:00,186.0,-23.698061612970413,0.1673706572056245,FLAT,False,False,False,
2026-04-18T12:55:00+00:00,ETHUSDT,LONG_SPOT_SHORT_PERP,2358.22,2356.7,-6.445539432283596,-1.075e-05,-0.00015064,2026-04-18T16:00:00+00:00,185.0,-23.951939432283595,0.166943885993757,FLAT,False,False,False,
2026-04-18T12:56:00+00:00,ETHUSDT,LONG_SPOT_SHORT_PERP,2357.12,2355.76,-5.769752918814794,-1.075e-05,-0.00015064,2026-04-18T16:00:00+00:00,184.0,-23.276152918814795,0.16810327768420866,FLAT,False,False,False,
2026-04-18T12:57:00+00:00,ETHUSDT,LONG_SPOT_SHORT_PERP,2357.56,2356.24,-5.599009145048965,-1.075e-05,-0.00015064,2026-04-18T16:00:00+00:00,183.0,-23.105409145048966,0.1684082821850011,FLAT,False,False,False,
2026-04-18T12:58:00+00:00,ETHUSDT,LONG_SPOT_SHORT_PERP,2357.9,2356.45,-6.149539844778289,-1.075e-05,-0.00015064,2026-04-18T16:00:00+00:00,182.0,-23.65593984477829,0.16744247518005725,FLAT,False,False,False,
2026-04-18T12:59:00+00:00,ETHUSDT,LONG_SPOT_SHORT_PERP,2357.93,2356.49,-6.107051524006457,-1.075e-05,-0.00015064,2026-04-18T16:00:00+00:00,181.0,-23.613451524006457,0.16751521261973654,FLAT,False,False,False,
2026-04-18T13:00:00+00:00,ETHUSDT,LONG_SPOT_SHORT_PERP,2356.51,2355.02,-6.322909726673074,-1.075e-05,-0.00015064,2026-04-18T16:00:00+00:00,180.0,-23.829309726673074,0.16714872979412063,FLAT,False,False,False,
2026-04-18T13:01:00+00:00,ETHUSDT,LONG_SPOT_SHORT_PERP,2356.64,2355.24,-5.940661280467491,-1.075e-05,-0.00015064,2026-04-18T16:00:00+00:00,179.0,-23.44706128046749,0.16780293169444907,FLAT,False,False,False,
2026-04-18T13:02:00+00:00,ETHUSDT,LONG_SPOT_SHORT_PERP,2357.36,2355.91,-6.150948518683073,-1.075e-05,-0.00015064,2026-04-18T16:00:00+00:00,178.0,-23.657348518683072,0.16744006868721326,FLAT,False,False,False,
2026-04-18T13:03:00+00:00,ETHUSDT,LONG_SPOT_SHORT_PERP,2358.09,2356.4,-7.166817212235557,-1.075e-05,-0.00015064,2026-04-18T16:00:00+00:00,177.0,-24.673217212235556,0.16578669365447002,FLAT,False,False,False,
2026-04-18T13:04:00+00:00,ETHUSDT,LONG_SPOT_SHORT_PERP,2356.62,2355.35,-5.389074182515561,-1.075e-05,-0.00015064,2026-04-18T16:00:00+00:00,176.0,-22.89547418251556,0.1687901881357221,FLAT,False,False,False,
2026-04-18T13:05:00+00:00,ETHUSDT,LONG_SPOT_SHORT_PERP,2356.56,2355.03,-6.492514512678419,-1.075e-05,-0.00015064,2026-04-18T16:00:00+00:00,175.0,-23.998914512678418,0.1668660542419708,FLAT,False,False,False,
2026-04-18T13:06:00+00:00,ETHUSDT,LONG_SPOT_SHORT_PERP,2357.1,2355.57,-6.491027109582731,-1.075e-05,-0.00015064,2026-04-18T16:00:00+00:00,174.0,-23.99742710958273,0.16686851330179903,FLAT,False,False,False,
2026-04-18T13:07:00+00:00,ETHUSDT,LONG_SPOT_SHORT_PERP,2356.41,2355.01,-5.941241125269525,-1.075e-05,-0.00015064,2026-04-18T16:00:00+00:00,173.0,-23.447641125269527,0.16780192104978825,FLAT,False,False,False,
2026-04-18T13:08:00+00:00,ETHUSDT,LONG_SPOT_SHORT_PERP,2356.79,2355.27,-6.449450311652637,-1.075e-05,-0.00015064,2026-04-18T16:00:00+00:00,172.0,-23.955850311652636,0.16693739275704259,FLAT,False,False,False,
2026-04-18T13:09:00+00:00,ETHUSDT,LONG_SPOT_SHORT_PERP,2355.88,2354.54,-5.687895818123781,-1.075e-05,-0.00015064,2026-04-18T16:00:00+00:00,171.0,-23.19429581812378,0.16824887948859943,FLAT,False,False,False,
2026-04-18T13:10:00+00:00,ETHUSDT,LONG_SPOT_SHORT_PERP,2356.39,2354.99,-5.9412915519081775,-1.075e-05,-0.00015064,2026-04-18T16:00:00+00:00,170.0,-23.44769155190818,0.16780183316097008,FLAT,False,False,False,
2026-04-18T13:11:00+00:00,ETHUSDT,LONG_SPOT_SHORT_PERP,2355.76,2354.52,-5.263694094475822,-1.075e-05,-0.00015064,2026-04-18T16:00:00+00:00,169.0,-22.770094094475823,0.16902195735628417,FLAT,False,False,False,
2026-04-18T13:12:00+00:00,ETHUSDT,LONG_SPOT_SHORT_PERP,2355.74,2354.57,-4.9665922385306445,-1.075e-05,-0.00015064,2026-04-18T16:00:00+00:00,168.0,-22.472992238530644,0.1695823670807374,FLAT,False,False,False,
2026-04-18T13:13:00+00:00,ETHUSDT,LONG_SPOT_SHORT_PERP,2355.75,2354.25,-6.367398917542184,-1.075e-05,-0.00015064,2026-04-18T16:00:00+00:00,167.0,-23.873798917542185,0.16707413505918467,FLAT,False,False,False,
2026-04-18T13:14:00+00:00,ETHUSDT,LONG_SPOT_SHORT_PERP,2355.61,2354.2,-5.985710707631183,-1.075e-05,-0.00015064,2026-04-18T16:00:00+00:00,166.0,-23.492110707631184,0.1677245795164988,FLAT,False,False,False,
2026-04-18T13:15:00+00:00,ETHUSDT,LONG_SPOT_SHORT_PERP,2354.22,2352.84,-5.86181410403299,-1.075e-05,-0.00015064,2026-04-18T16:00:00+00:00,165.0,-23.36821410403299,0.16794088312187933,FLAT,False,False,False,
2026-04-18T13:16:00+00:00,ETHUSDT,LONG_SPOT_SHORT_PERP,2352.73,2351.29,-6.120549319301639,-1.075e-05,-0.00015064,2026-04-18T16:00:00+00:00,164.0,-23.626949319301637,0.1674920730843358,FLAT,False,False,False,
2026-04-18T13:17:00+00:00,ETHUSDT,LONG_SPOT_SHORT_PERP,2354.08,2352.48,-6.796710392169803,-1.075e-05,-0.00015064,2026-04-18T16:00:00+00:00,163.0,-24.303110392169803,0.16637045320293092,FLAT,False,False,False,
2026-04-18T13:18:00+00:00,ETHUSDT,LONG_SPOT_SHORT_PERP,2355.09,2353.83,-5.350114008382771,-1.075e-05,-0.00015064,2026-04-18T16:00:00+00:00,162.0,-22.85651400838277,0.1688619101638703,FLAT,False,False,False,
2026-04-18T13:19:00+00:00,ETHUSDT,LONG_SPOT_SHORT_PERP,2356.19,2354.74,-6.1540028605514525,-1.075e-05,-0.00015064,2026-04-18T16:00:00+00:00,161.0,-23.660402860551454,0.16743485195174151,FLAT,False,False,False,
2026-04-18T13:20:00+00:00,ETHUSDT,LONG_SPOT_SHORT_PERP,2358.15,2356.51,-6.954604244852416,-1.075e-05,-0.00015064,2026-04-18T16:00:00+00:00,160.0,-24.46100424485242,0.16611886687488928,FLAT,False,False,False,
2026-04-18T13:21:00+00:00,ETHUSDT,LONG_SPOT_SHORT_PERP,2360.07,2358.81,-5.338824695878589,-1.075e-05,-0.00015064,2026-04-18T16:00:00+00:00,159.0,-22.84522469587859,0.16888274267914333,FLAT,False,False,False,
2026-04-18T13:22:00+00:00,ETHUSDT,LONG_SPOT_SHORT_PERP,2358.44,2357.0,-6.105730906870875,-1.075e-05,-0.00015064,2026-04-18T16:00:00+00:00,158.0,-23.612130906870874,0.1675174781883391,FLAT,False,False,False,
2026-04-18T13:23:00+00:00,ETHUSDT,LONG_SPOT_SHORT_PERP,2357.74,2356.32,-6.022716669351235,-1.075e-05,-0.00015064,2026-04-18T16:00:00+00:00,157.0,-23.529116669351236,0.1676604694975283,FLAT,False,False,False,
2026-04-18T13:24:00+00:00,ETHUSDT,LONG_SPOT_SHORT_PERP,2356.75,2355.19,-6.619285032353645,-1.075e-05,-0.00015064,2026-04-18T16:00:00+00:00,156.0,-24.125685032353644,0.1666577556391849,FLAT,False,False,False,
2026-04-18T13:25:00+00:00,ETHUSDT,LONG_SPOT_SHORT_PERP,2357.28,2355.86,-6.023891943256943,-1.075e-05,-0.00015064,2026-04-18T16:00:00+00:00,155.0,-23.53029194325694,0.1676584371476581,FLAT,False,False,False,
2026-04-18T13:26:00+00:00,ETHUSDT,LONG_SPOT_SHORT_PERP,2356.08,2354.59,-6.324063699024574,-1.075e-05,-0.00015064,2026-04-18T16:00:00+00:00,154.0,-23.830463699024573,0.1671467909100585,FLAT,False,False,False,
2026-04-18T13:27:00+00:00,ETHUSDT,LONG_SPOT_SHORT_PERP,2356.21,2354.64,-6.663243089538554,-1.075e-05,-0.00015064,2026-04-18T16:00:00+00:00,153.0,-24.169643089538553,0.1665861177808736,FLAT,False,False,False,
2026-04-18T13:28:00+00:00,ETHUSDT,LONG_SPOT_SHORT_PERP,2354.04,2352.77,-5.3949805440858345,-1.075e-05,-0.00015064,2026-04-18T16:00:00+00:00,152.0,-22.901380544085836,0.1687793383711725,FLAT,False,False,False,
2026-04-18T13:29:00+00:00,ETHUSDT,LONG_SPOT_SHORT_PERP,2353.92,2352.47,-6.159937466015298,-1.075e-05,-0.00015064,2026-04-18T16:00:00+00:00,151.0,-23.6663374660153,0.16742472016965732,FLAT,False,False,False,
2026-04-18T13:30:00+00:00,ETHUSDT,LONG_SPOT_SHORT_PERP,2352.11,2350.6,-6.419767782970261,-1.075e-05,-0.00015064,2026-04-18T16:00:00+00:00,150.0,-23.92616778297026,0.16698673571187228,FLAT,False,False,False,
2026-04-18T13:31:00+00:00,ETHUSDT,LONG_SPOT_SHORT_PERP,2352.07,2350.77,-5.527046388926273,-1.075e-05,-0.00015064,2026-04-18T16:00:00+00:00,149.0,-23.033446388926272,0.168538331463329,FLAT,False,False,False,
2026-04-18T13:32:00+00:00,ETHUSDT,LONG_SPOT_SHORT_PERP,2353.75,2352.17,-6.712692511948708,-1.075e-05,-0.00015064,2026-04-18T16:00:00+00:00,148.0,-24.21909251194871,0.16650589157773907,FLAT,False,False,False,
2026-04-18T13:33:00+00:00,ETHUSDT,LONG_SPOT_SHORT_PERP,2352.71,2351.13,-6.715659813576375,-1.075e-05,-0.00015064,2026-04-18T16:00:00+00:00,147.0,-24.222059813576376,0.16650108957546902,FLAT,False,False,False,
2026-04-18T13:34:00+00:00,ETHUSDT,LONG_SPOT_SHORT_PERP,2350.86,2349.51,-5.742579311400547,-1.075e-05,-0.00015064,2026-04-18T16:00:00+00:00,146.0,-23.248979311400547,0.16815148578588648,FLAT,False,False,False,
2026-04-18T13:35:00+00:00,ETHUSDT,LONG_SPOT_SHORT_PERP,2349.58,2347.99,-6.767166897914289,-1.075e-05,-0.00015064,2026-04-18T16:00:00+00:00,145.0,-24.27356689791429,0.16641795321023156,FLAT,False,False,False,
2026-04-18T13:36:00+00:00,ETHUSDT,LONG_SPOT_SHORT_PERP,2349.06,2347.69,-5.832120082074919,-1.075e-05,-0.00015064,2026-04-18T16:00:00+00:00,144.0,-23.33852008207492,0.1679931066006498,FLAT,False,False,False,
2026-04-18T13:37:00+00:00,ETHUSDT,LONG_SPOT_SHORT_PERP,2351.22,2349.94,-5.443982273031641,-1.075e-05,-0.00015064,2026-04-18T16:00:00+00:00,143.0,-22.950382273031643,0.1686895598648995,FLAT,False,False,False,
2026-04-18T13:38:00+00:00,ETHUSDT,LONG_SPOT_SHORT_PERP,2350.28,2348.81,-6.254573923108117,-1.075e-05,-0.00015064,2026-04-18T16:00:00+00:00,142.0,-23.760973923108118,0.1672639300522007,FLAT,False,False,False,
2026-04-18T13:39:00+00:00,ETHUSDT,LONG_SPOT_SHORT_PERP,2347.04,2345.48,-6.646669847978497,-1.075e-05,-0.00015064,2026-04-18T16:00:00+00:00,141.0,-24.153069847978497,0.1666130914413573,FLAT,False,False,False,
2026-04-18T13:40:00+00:00,ETHUSDT,LONG_SPOT_SHORT_PERP,2346.15,2344.72,-6.0950919591683865,-1.075e-05,-0.00015064,2026-04-18T16:00:00+00:00,140.0,-23.601491959168385,0.16753574017297482,FLAT,False,False,False,
2026-04-18T13:41:00+00:00,ETHUSDT,LONG_SPOT_SHORT_PERP,2347.53,2345.89,-6.986066205758084,-1.075e-05,-0.00015064,2026-04-18T16:00:00+00:00,139.0,-24.492466205758085,0.1660691906733729,FLAT,False,False,False,
2026-04-18T13:42:00+00:00,ETHUSDT,LONG_SPOT_SHORT_PERP,2349.62,2348.22,-5.958410296133379,-1.075e-05,-0.00015064,2026-04-18T16:00:00+00:00,138.0,-23.46481029613338,0.16777202135126723,FLAT,False,False,False,
2026-04-18T13:43:00+00:00,ETHUSDT,LONG_SPOT_SHORT_PERP,2350.49,2348.99,-6.381648081889309,-1.075e-05,-0.00015064,2026-04-18T16:00:00+00:00,137.0,-23.88804808188931,0.16705031084565872,FLAT,False,False,False,
2026-04-18T13:44:00+00:00,ETHUSDT,LONG_SPOT_SHORT_PERP,2350.32,2348.87,-6.16937268116798,-1.075e-05,-0.00015064,2026-04-18T16:00:00+00:00,136.0,-23.67577268116798,0.1674086238815927,FLAT,False,False,False,
2026-04-18T13:45:00+00:00,ETHUSDT,LONG_SPOT_SHORT_PERP,2350.03,2348.88,-4.8935545503678295,-1.075e-05,-0.00015064,2026-04-18T16:00:00+00:00,135.0,-22.39995455036783,0.16972258498214698,FLAT,False,False,False,
2026-04-18T13:46:00+00:00,ETHUSDT,LONG_SPOT_SHORT_PERP,2348.78,2347.47,-5.577363567470773,-1.075e-05,-0.00015064,2026-04-18T16:00:00+00:00,134.0,-23.083763567470772,0.16844730543209663,FLAT,False,False,False,
2026-04-18T13:47:00+00:00,ETHUSDT,LONG_SPOT_SHORT_PERP,2350.96,2349.61,-5.742335046108436,-1.075e-05,-0.00015064,2026-04-18T16:00:00+00:00,133.0,-23.248735046108436,0.16815191970056234,FLAT,False,False,False,
2026-04-18T13:48:00+00:00,ETHUSDT,LONG_SPOT_SHORT_PERP,2352.93,2351.37,-6.630031492649358,-1.075e-05,-0.00015064,2026-04-18T16:00:00+00:00,132.0,-24.136431492649358,0.16664021432191928,FLAT,False,False,False,
2026-04-18T13:49:00+00:00,ETHUSDT,LONG_SPOT_SHORT_PERP,2355.0,2353.52,-6.284501061571202,-1.075e-05,-0.00015064,2026-04-18T16:00:00+00:00,131.0,-23.7909010615712,0.16721338600974933,FLAT,False,False,False,
2026-04-18T13:50:00+00:00,ETHUSDT,LONG_SPOT_SHORT_PERP,2356.54,2355.0,-6.535004710295449,-1.075e-05,-0.00015064,2026-04-18T16:00:00+00:00,130.0,-24.04140471029545,0.16679595515662646,FLAT,False,False,False,
2026-04-18T13:51:00+00:00,ETHUSDT,LONG_SPOT_SHORT_PERP,2356.7,2355.1,-6.789154325963887,-1.075e-05,-0.00015064,2026-04-18T16:00:00+00:00,129.0,-24.295554325963888,0.1663825890025365,FLAT,False,False,False,
2026-04-18T13:52:00+00:00,ETHUSDT,LONG_SPOT_SHORT_PERP,2356.77,2355.12,-7.001107447905782,-1.075e-05,-0.00015064,2026-04-18T16:00:00+00:00,128.0,-24.50750744790578,0.166045494699352,FLAT,False,False,False,
2026-04-18T13:53:00+00:00,ETHUSDT,LONG_SPOT_SHORT_PERP,2356.21,2354.74,-6.238832701670287,-1.075e-05,-0.00015064,2026-04-18T16:00:00+00:00,127.0,-23.745232701670286,0.1672905737508128,FLAT,False,False,False,
2026-04-18T13:54:00+00:00,ETHUSDT,LONG_SPOT_SHORT_PERP,2356.54,2355.15,-5.898478277474062,-1.075e-05,-0.00015064,2026-04-18T16:00:00+00:00,126.0,-23.40487827747406,0.16787660567580256,FLAT,False,False,False,
2026-04-18T13:55:00+00:00,ETHUSDT,LONG_SPOT_SHORT_PERP,2356.33,2354.81,-6.450709365835778,-1.075e-05,-0.00015064,2026-04-18T16:00:00+00:00,125.0,-23.957109365835777,0.16693530286696537,FLAT,False,False,False,
2026-04-18T13:56:00+00:00,ETHUSDT,LONG_SPOT_SHORT_PERP,2356.1,2354.55,-6.578668138023544,-1.075e-05,-0.00015064,2026-04-18T16:00:00+00:00,124.0,-24.085068138023544,0.16672421793167402,FLAT,False,False,False,
2026-04-18T13:57:00+00:00,ETHUSDT,LONG_SPOT_SHORT_PERP,2355.05,2353.62,-6.072057918092146,-1.075e-05,-0.00015064,2026-04-18T16:00:00+00:00,123.0,-23.57845791809215,0.16757534248334865,FLAT,False,False,False,
2026-04-18T13:58:00+00:00,ETHUSDT,LONG_SPOT_SHORT_PERP,2355.85,2354.36,-6.32468111297316,-1.075e-05,-0.00015064,2026-04-18T16:00:00+00:00,122.0,-23.83108111297316,0.16714575363016276,FLAT,False,False,False,
2026-04-18T13:59:00+00:00,ETHUSDT,LONG_SPOT_SHORT_PERP,2355.13,2353.94,-5.052799633141502,-1.075e-05,-0.00015064,2026-04-18T16:00:00+00:00,121.0,-22.559199633141503,0.16941811812773747,FLAT,False,False,False,
2026-04-18T14:00:00+00:00,ETHUSDT,LONG_SPOT_SHORT_PERP,2356.92,2355.43,-6.321809819596068,-1.075e-05,-0.00015064,2026-04-18T16:00:00+00:00,120.0,-23.82820981959607,0.16715057803852965,FLAT,False,False,False,
2026-04-18T14:01:00+00:00,ETHUSDT,LONG_SPOT_SHORT_PERP,2357.0,2355.81,-5.048790835808462,-1.075e-05,-0.00015064,2026-04-18T16:00:00+00:00,119.0,-22.55519083580846,0.16942572608110362,FLAT,False,False,False,
2026-04-18T14:02:00+00:00,ETHUSDT,LONG_SPOT_SHORT_PERP,2355.73,2354.17,-6.622151095413929,-1.075e-05,-0.00015064,2026-04-18T16:00:00+00:00,118.0,-24.12855109541393,0.16665307562784362,FLAT,False,False,False,
2026-04-18T14:03:00+00:00,ETHUSDT,LONG_SPOT_SHORT_PERP,2355.09,2354.04,-4.458428340318976,-1.075e-05,-0.00015064,2026-04-18T16:00:00+00:00,117.0,-21.964828340318977,0.1705784757901209,FLAT,False,False,False,
2026-04-18T14:04:00+00:00,ETHUSDT,LONG_SPOT_SHORT_PERP,2354.47,2352.99,-6.285915726256942,-1.075e-05,-0.00015064,2026-04-18T16:00:00+00:00,116.0,-23.79231572625694,0.1672110003683881,FLAT,False,False,False,
2026-04-18T14:05:00+00:00,ETHUSDT,LONG_SPOT_SHORT_PERP,2352.83,2351.38,-6.162791191883044,-1.075e-05,-0.00015064,2026-04-18T16:00:00+00:00,115.0,-23.669191191883044,0.16741985023398653,FLAT,False,False,False,
2026-04-18T14:06:00+00:00,ETHUSDT,LONG_SPOT_SHORT_PERP,2355.24,2354.0,-5.264856235457032,-1.075e-05,-0.00015064,2026-04-18T16:00:00+00:00,114.0,-22.77125623545703,0.1690197963275741,FLAT,False,False,False,
2026-04-18T14:07:00+00:00,ETHUSDT,LONG_SPOT_SHORT_PERP,2355.39,2354.04,-5.731534905047186,-1.075e-05,-0.00015064,2026-04-18T16:00:00+00:00,113.0,-23.237934905047187,0.1681711152966912,FLAT,False,False,False,
2026-04-18T14:08:00+00:00,ETHUSDT,LONG_SPOT_SHORT_PERP,2356.81,2355.47,-5.685651367739213,-1.075e-05,-0.00015064,2026-04-18T16:00:00+00:00,112.0,-23.192051367739214,0.1682528878542064,FLAT,False,False,False,
2026-04-18T14:09:00+00:00,ETHUSDT,LONG_SPOT_SHORT_PERP,2355.62,2354.24,-5.858330290964202,-1.075e-05,-0.00015064,2026-04-18T16:00:00+00:00,111.0,-23.364730290964204,0.16794700248714353,FLAT,False,False,False,
2026-04-18T14:10:00+00:00,ETHUSDT,LONG_SPOT_SHORT_PERP,2355.62,2354.16,-6.197943641164689,-1.075e-05,-0.00015064,2026-04-18T16:00:00+00:00,110.0,-23.70434364116469,0.16735997113387852,FLAT,False,False,False,
2026-04-18T14:11:00+00:00,ETHUSDT,LONG_SPOT_SHORT_PERP,2356.2,2354.8,-5.941770647651457,-1.075e-05,-0.00015064,2026-04-18T16:00:00+00:00,109.0,-23.44817064765146,0.16780099816399888,FLAT,False,False,False,
2026-04-18T14:12:00+00:00,ETHUSDT,LONG_SPOT_SHORT_PERP,2356.04,2354.72,-5.602621347685794,-1.075e-05,-0.00015064,2026-04-18T16:00:00+00:00,108.0,-23.109021347685793,0.1684017778700974,FLAT,False,False,False,
2026-04-18T14:13:00+00:00,ETHUSDT,LONG_SPOT_SHORT_PERP,2356.0,2354.24,-7.470288624788703,-1.075e-05,-0.00015064,2026-04-18T16:00:00+00:00,107.0,-24.976688624788704,0.16532331588897592,FLAT,False,False,False,
2026-04-18T14:14:00+00:00,ETHUSDT,LONG_SPOT_SHORT_PERP,2356.57,2355.01,-6.619790627903883,-1.075e-05,-0.00015064,2026-04-18T16:00:00+00:00,106.0,-24.12619062790388,0.16665692995559422,FLAT,False,False,False,
2026-04-18T14:15:00+00:00,ETHUSDT,LONG_SPOT_SHORT_PERP,2356.37,2354.87,-6.365723549357699,-1.075e-05,-0.00015064,2026-04-18T16:00:00+00:00,105.0,-23.8721235493577,0.1670769383704229,FLAT,False,False,False,
2026-04-18T14:16:00+00:00,ETHUSDT,LONG_SPOT_SHORT_PERP,2356.84,2355.37,-6.237165017566974,-1.075e-05,-0.00015064,2026-04-18T16:00:00+00:00,104.0,-23.743565017566972,0.16729339884212258,FLAT,False,False,False,
2026-04-18T14:17:00+00:00,ETHUSDT,LONG_SPOT_SHORT_PERP,2356.77,2355.27,-6.364643134459451,-1.075e-05,-0.00015064,2026-04-18T16:00:00+00:00,103.0,-23.871043134459452,0.16707874641467124,FLAT,False,False,False,
2026-04-18T14:18:00+00:00,ETHUSDT,LONG_SPOT_SHORT_PERP,2357.37,2355.87,-6.363023199582586,-1.075e-05,-0.00015064,2026-04-18T16:00:00+00:00,102.0,-23.869423199582585,0.16708145768191746,FLAT,False,False,False,
2026-04-18T14:19:00+00:00,ETHUSDT,LONG_SPOT_SHORT_PERP,2356.47,2355.08,-5.898653494421202,-1.075e-05,-0.00015064,2026-04-18T16:00:00+00:00,101.0,-23.405053494421203,0.16787629903755008,FLAT,False,False,False,
2026-04-18T14:20:00+00:00,ETHUSDT,LONG_SPOT_SHORT_PERP,2355.7,2354.39,-5.5609797512414385,-1.075e-05,-0.00015064,2026-04-18T16:00:00+00:00,100.0,-23.06737975124144,0.1684768964033321,FLAT,False,False,False,
2026-04-18T14:21:00+00:00,ETHUSDT,LONG_SPOT_SHORT_PERP,2355.37,2352.95,-10.274394256529007,-1.075e-05,-0.00015064,2026-04-18T16:00:00+00:00,99.0,-27.780794256529006,0.16162761588559607,FLAT,False,False,False,
2026-04-18T14:22:00+00:00,ETHUSDT,LONG_SPOT_SHORT_PERP,2352.4,2350.64,-7.481720795783958,-1.075e-05,-0.00015064,2026-04-18T16:00:00+00:00,98.0,-24.988120795783956,0.16530612328951746,FLAT,False,False,False,
2026-04-18T14:23:00+00:00,ETHUSDT,LONG_SPOT_SHORT_PERP,2351.13,2349.44,-7.188032988393047,-1.075e-05,-0.00015064,2026-04-18T16:00:00+00:00,97.0,-24.694432988393046,0.1657538565560431,FLAT,False,False,False,
2026-04-18T14:24:00+00:00,ETHUSDT,LONG_SPOT_SHORT_PERP,2352.24,2350.76,-6.29187497874181,-1.075e-05,-0.00015064,2026-04-18T16:00:00+00:00,96.0,-23.79827497874181,0.16720095444652058,FLAT,False,False,False,
2026-04-18T14:25:00+00:00,ETHUSDT,LONG_SPOT_SHORT_PERP,2354.01,2352.37,-6.966835315059526,-1.075e-05,-0.00015064,2026-04-18T16:00:00+00:00,95.0,-24.473235315059526,0.166099537015737,FLAT,False,False,False,
2026-04-18T14:26:00+00:00,ETHUSDT,LONG_SPOT_SHORT_PERP,2355.38,2353.78,-6.792959097894646,-1.075e-05,-0.00015064,2026-04-18T16:00:00+00:00,94.0,-24.299359097894644,0.16637647705548417,FLAT,False,False,False,
2026-04-18T14:27:00+00:00,ETHUSDT,LONG_SPOT_SHORT_PERP,2356.78,2355.35,-6.067600709443779,-1.075e-05,-0.00015064,2026-04-18T16:00:00+00:00,93.0,-23.57400070944378,0.1675830158430839,FLAT,False,False,False,
2026-04-18T14:28:00+00:00,ETHUSDT,LONG_SPOT_SHORT_PERP,2356.45,2354.9,-6.577691018267848,-1.075e-05,-0.00015064,2026-04-18T16:00:00+00:00,92.0,-24.08409101826785,0.1667258200103115,FLAT,False,False,False,
2026-04-18T14:29:00+00:00,ETHUSDT,LONG_SPOT_SHORT_PERP,2356.16,2354.51,-7.002920005431025,-1.075e-05,-0.00015064,2026-04-18T16:00:00+00:00,91.0,-24.509320005431025,0.16604264151081294,FLAT,False,False,False,
2026-04-18T14:30:00+00:00,ETHUSDT,LONG_SPOT_SHORT_PERP,2357.34,2355.77,-6.6600490383235496,-1.075e-05,-0.00015064,2026-04-18T16:00:00+00:00,90.0,-24.16644903832355,0.16659131289482226,FLAT,False,False,False,
2026-04-18T14:31:00+00:00,ETHUSDT,LONG_SPOT_SHORT_PERP,2358.16,2356.91,-5.300742952132171,-1.075e-05,-0.00015064,2026-04-18T16:00:00+00:00,89.0,-22.80714295213217,0.16895318208164445,FLAT,False,False,False,
2026-04-18T14:32:00+00:00,ETHUSDT,LONG_SPOT_SHORT_PERP,2358.19,2356.57,-6.869675471441617,-1.075e-05,-0.00015064,2026-04-18T16:00:00+00:00,88.0,-24.376075471441617,0.16625371653485255,FLAT,False,False,False,
2026-04-18T14:33:00+00:00,ETHUSDT,LONG_SPOT_SHORT_PERP,2358.14,2356.66,-6.276132884392013,-1.075e-05,-0.00015064,2026-04-18T16:00:00+00:00,87.0,-23.782532884392012,0.16722750443788295,FLAT,False,False,False,
2026-04-18T14:34:00+00:00,ETHUSDT,LONG_SPOT_SHORT_PERP,2359.49,2358.29,-5.0858448223972905,-1.075e-05,-0.00015064,2026-04-18T16:00:00+00:00,86.0,-22.59224482239729,0.16935551525354672,FLAT,False,False,False,
2026-04-18T14:35:00+00:00,ETHUSDT,LONG_SPOT_SHORT_PERP,2360.69,2359.16,-6.481155933223762,-1.075e-05,-0.00015064,2026-04-18T16:00:00+00:00,85.0,-23.98755593322376,0.16688484179828816,FLAT,False,False,False,
2026-04-18T14:36:00+00:00,ETHUSDT,LONG_SPOT_SHORT_PERP,2360.24,2358.6,-6.948445920753282,-1.075e-05,-0.00015064,2026-04-18T16:00:00+00:00,84.0,-24.454845920753282,0.16612860804060567,FLAT,False,False,False,
2026-04-18T14:37:00+00:00,ETHUSDT,LONG_SPOT_SHORT_PERP,2359.49,2357.87,-6.8658905102369205,-1.075e-05,-0.00015064,2026-04-18T16:00:00+00:00,83.0,-24.372290510236923,0.1662597519638791,FLAT,False,False,False,
2026-04-18T14:38:00+00:00,ETHUSDT,LONG_SPOT_SHORT_PERP,2358.98,2357.3,-7.121722100229066,-1.075e-05,-0.00015064,2026-04-18T16:00:00+00:00,82.0,-24.628122100229067,0.16585671363413296,FLAT,False,False,False,
2026-04-18T14:39:00+00:00,ETHUSDT,LONG_SPOT_SHORT_PERP,2359.74,2358.04,-7.204183511742048,-1.075e-05,-0.00015064,2026-04-18T16:00:00+00:00,81.0,-24.710583511742048,0.16572890422628003,FLAT,False,False,False,
2026-04-18T14:40:00+00:00,ETHUSDT,LONG_SPOT_SHORT_PERP,2359.47,2357.81,-7.035478306568232,-1.075e-05,-0.00015064,2026-04-18T16:00:00+00:00,80.0,-24.541878306568233,0.1659914754036798,FLAT,False,False,False,
2026-04-18T14:41:00+00:00,ETHUSDT,LONG_SPOT_SHORT_PERP,2359.29,2357.58,-7.247943237160486,-1.075e-05,-0.00015064,2026-04-18T16:00:00+00:00,79.0,-24.754343237160487,0.16566149077902922,FLAT,False,False,False,
2026-04-18T14:42:00+00:00,ETHUSDT,LONG_SPOT_SHORT_PERP,2359.89,2358.25,-6.949476458647957,-1.075e-05,-0.00015064,2026-04-18T16:00:00+00:00,78.0,-24.455876458647957,0.16612697754559463,FLAT,False,False,False,
2026-04-18T14:43:00+00:00,ETHUSDT,LONG_SPOT_SHORT_PERP,2360.12,2358.5,-6.8640577597744645,-1.075e-05,-0.00015064,2026-04-18T16:00:00+00:00,77.0,-24.370457759774464,0.16626267522338825,FLAT,False,False,False,
2026-04-18T14:44:00+00:00,ETHUSDT,LONG_SPOT_SHORT_PERP,2359.99,2358.56,-6.05934770909977,-1.075e-05,-0.00015064,2026-04-18T16:00:00+00:00,76.0,-23.56574770909977,0.16759723255111156,FLAT,False,False,False,
2026-04-18T14:45:00+00:00,ETHUSDT,LONG_SPOT_SHORT_PERP,2360.41,2358.71,-7.202138611511637,-1.075e-05,-0.00015064,2026-04-18T16:00:00+00:00,75.0,-24.708538611511635,0.16573206142287003,FLAT,False,False,False,
2026-04-18T14:46:00+00:00,ETHUSDT,LONG_SPOT_SHORT_PERP,2360.35,2358.87,-6.270256529752021,-1.075e-05,-0.00015064,2026-04-18T16:00:00+00:00,74.0,-23.77665652975202,0.16723742554757184,FLAT,False,False,False,
2026-04-18T14:47:00+00:00,ETHUSDT,LONG_SPOT_SHORT_PERP,2360.33,2358.81,-6.439777488740905,-1.075e-05,-0.00015064,2026-04-18T16:00:00+00:00,73.0,-23.946177488740904,0.16695345699747724,FLAT,False,False,False,
2026-04-18T14:48:00+00:00,ETHUSDT,LONG_SPOT_SHORT_PERP,2361.0,2359.43,-6.649724692927419,-1.075e-05,-0.00015064,2026-04-18T16:00:00+00:00,72.0,-24.15612469292742,0.16660811632050115,FLAT,False,False,False,
2026-04-18T14:49:00+00:00,ETHUSDT,LONG_SPOT_SHORT_PERP,2361.86,2360.66,-5.08074144953669,-1.075e-05,-0.00015064,2026-04-18T16:00:00+00:00,71.0,-22.58714144953669,0.16936517051573774,FLAT,False,False,False,
2026-04-18T14:50:00+00:00,ETHUSDT,LONG_SPOT_SHORT_PERP,2362.88,2361.41,-6.221221560131088,-1.075e-05,-0.00015064,2026-04-18T16:00:00+00:00,70.0,-23.727621560131087,0.16732043021490017,FLAT,False,False,False,
2026-04-18T14:51:00+00:00,ETHUSDT,LONG_SPOT_SHORT_PERP,2363.13,2361.61,-6.43214719461046,-1.075e-05,-0.00015064,2026-04-18T16:00:00+00:00,69.0,-23.93854719461046,0.1669661396173976,FLAT,False,False,False,
2026-04-18T14:52:00+00:00,ETHUSDT,LONG_SPOT_SHORT_PERP,2364.64,2363.22,-6.005142431829254,-1.075e-05,-0.00015064,2026-04-18T16:00:00+00:00,68.0,-23.511542431829255,0.16769088718099995,FLAT,False,False,False,
2026-04-18T14:53:00+00:00,ETHUSDT,LONG_SPOT_SHORT_PERP,2362.73,2361.28,-6.136968676064629,-1.075e-05,-0.00015064,2026-04-18T16:00:00+00:00,67.0,-23.64336867606463,0.16746396540152247,FLAT,False,False,False,
2026-04-18T14:54:00+00:00,ETHUSDT,LONG_SPOT_SHORT_PERP,2363.78,2362.09,-7.149565526402856,-1.075e-05,-0.00015064,2026-04-18T16:00:00+00:00,66.0,-24.655965526402856,0.16581344475490045,FLAT,False,False,False,
2026-04-18T14:55:00+00:00,ETHUSDT,LONG_SPOT_SHORT_PERP,2363.82,2362.3,-6.430269648281095,-1.075e-05,-0.00015064,2026-04-18T16:00:00+00:00,65.0,-23.936669648281097,0.1669692617875742,FLAT,False,False,False,
2026-04-18T14:56:00+00:00,ETHUSDT,LONG_SPOT_SHORT_PERP,2365.0,2362.22,-11.754756871036786,-1.075e-05,-0.00015064,2026-04-18T16:00:00+00:00,64.0,-29.261156871036786,0.16004656483754992,FLAT,False,False,False,
2026-04-18T14:57:00+00:00,ETHUSDT,LONG_SPOT_SHORT_PERP,2364.23,2362.31,-8.121037293326253,-1.075e-05,-0.00015064,2026-04-18T16:00:00+00:00,63.0,-25.627437293326253,0.1643742316951413,FLAT,False,False,False,
2026-04-18T14:58:00+00:00,ETHUSDT,LONG_SPOT_SHORT_PERP,2364.91,2363.05,-7.8649927481370225,-1.075e-05,-0.00015064,2026-04-18T16:00:00+00:00,62.0,-25.371392748137023,0.16474056333828865,FLAT,False,False,False,
2026-04-18T14:59:00+00:00,ETHUSDT,LONG_SPOT_SHORT_PERP,2365.23,2363.38,-7.821649480177019,-1.075e-05,-0.00015064,2026-04-18T16:00:00+00:00,61.0,-25.328049480177018,0.16480347729698017,FLAT,False,False,False,
2026-04-18T15:00:00+00:00,ETHUSDT,LONG_SPOT_SHORT_PERP,2364.53,2362.56,-8.331465449794482,-1.075e-05,-0.00015064,2026-04-18T16:00:00+00:00,60.0,-25.83786544979448,0.1640798756429367,FLAT,False,False,False,
2026-04-18T15:01:00+00:00,ETHUSDT,LONG_SPOT_SHORT_PERP,2368.41,2366.77,-6.9244767586687805,-1.075e-05,-0.00015064,2026-04-18T16:00:00+00:00,59.0,-24.43087675866878,0.16616657717541033,FLAT,False,False,False,
2026-04-18T15:02:00+00:00,ETHUSDT,LONG_SPOT_SHORT_PERP,2366.59,2364.78,-7.648135080431953,-1.075e-05,-0.00015064,2026-04-18T16:00:00+00:00,58.0,-25.154535080431952,0.1650579902657285,FLAT,False,False,False,
2026-04-18T15:03:00+00:00,ETHUSDT,LONG_SPOT_SHORT_PERP,2364.01,2362.05,-8.290997077000673,-1.075e-05,-0.00015064,2026-04-18T16:00:00+00:00,57.0,-25.797397077000674,0.16413602054149598,FLAT,False,False,False,
2026-04-18T15:04:00+00:00,ETHUSDT,LONG_SPOT_SHORT_PERP,2364.53,2362.89,-6.935839257697417,-1.075e-05,-0.00015064,2026-04-18T16:00:00+00:00,56.0,-24.442239257697416,0.1661485671227605,FLAT,False,False,False,
2026-04-18T15:05:00+00:00,ETHUSDT,LONG_SPOT_SHORT_PERP,2363.62,2361.24,-10.069300479773014,-1.075e-05,-0.00015064,2026-04-18T16:00:00+00:00,55.0,-27.575700479773015,0.16186519008708658,FLAT,False,False,False,
2026-04-18T15:06:00+00:00,ETHUSDT,LONG_SPOT_SHORT_PERP,2363.65,2361.75,-8.038415162989828,-1.075e-05,-0.00015064,2026-04-18T16:00:00+00:00,54.0,-25.544815162989828,0.16449145348614572,FLAT,False,False,False,
2026-04-18T15:07:00+00:00,ETHUSDT,LONG_SPOT_SHORT_PERP,2363.0,2360.96,-8.633093525179703,-1.075e-05,-0.00015064,2026-04-18T16:00:00+00:00,53.0,-26.139493525179702,0.16366825520468695,FLAT,False,False,False,
2026-04-18T15:08:00+00:00,ETHUSDT,LONG_SPOT_SHORT_PERP,2363.06,2360.98,-8.802146369537496,-1.075e-05,-0.00015064,2026-04-18T16:00:00+00:00,52.0,-26.308546369537495,0.1634427552100307,FLAT,False,False,False,
2026-04-18T15:09:00+00:00,ETHUSDT,LONG_SPOT_SHORT_PERP,2362.54,2360.71,-7.745900598508077,-1.075e-05,-0.00015064,2026-04-18T16:00:00+00:00,51.0,-25.25230059850808,0.16491406277927118,FLAT,False,False,False,
2026-04-18T15:10:00+00:00,ETHUSDT,LONG_SPOT_SHORT_PERP,2359.58,2357.89,-7.162291594267008,-1.075e-05,-0.00015064,2026-04-18T16:00:00+00:00,50.0,-24.66869159426701,0.1657937069458652,FLAT,False,False,False,
2026-04-18T15:11:00+00:00,ETHUSDT,LONG_SPOT_SHORT_PERP,2361.38,2359.8,-6.691002718748897,-1.075e-05,-0.00015064,2026-04-18T16:00:00+00:00,49.0,-24.197402718748897,0.16654103392529196,FLAT,False,False,False,
2026-04-18T15:12:00+00:00,ETHUSDT,LONG_SPOT_SHORT_PERP,2362.21,2360.65,-6.603985251099375,-1.075e-05,-0.00015064,2026-04-18T16:00:00+00:00,48.0,-24.110385251099373,0.166682760556466,FLAT,False,False,False,
2026-04-18T15:13:00+00:00,ETHUSDT,LONG_SPOT_SHORT_PERP,2362.68,2361.19,-6.306397819424475,-1.075e-05,-0.00015064,2026-04-18T16:00:00+00:00,47.0,-23.812797819424475,0.16717649633927498,FLAT,False,False,False,
2026-04-18T15:14:00+00:00,ETHUSDT,LONG_SPOT_SHORT_PERP,2364.18,2362.53,-6.979164023042392,-1.075e-05,-0.00015064,2026-04-18T16:00:00+00:00,46.0,-24.485564023042393,0.16608007585720513,FLAT,False,False,False,
2026-04-18T15:15:00+00:00,ETHUSDT,LONG_SPOT_SHORT_PERP,2362.93,2361.2,-7.3214187470641034,-1.075e-05,-0.00015064,2026-04-18T16:00:00+00:00,45.0,-24.827818747064104,0.16554893620953093,FLAT,False,False,False,
2026-04-18T15:16:00+00:00,ETHUSDT,LONG_SPOT_SHORT_PERP,2362.86,2361.35,-6.390560591826084,-1.075e-05,-0.00015064,2026-04-18T16:00:00+00:00,44.0,-23.896960591826083,0.16703542592872517,FLAT,False,False,False,
2026-04-18T15:17:00+00:00,ETHUSDT,LONG_SPOT_SHORT_PERP,2361.26,2359.74,-6.4372411339726945,-1.075e-05,-0.00015064,2026-04-18T16:00:00+00:00,43.0,-23.943641133972694,0.16695767174427673,FLAT,False,False,False,
2026-04-18T15:18:00+00:00,ETHUSDT,LONG_SPOT_SHORT_PERP,2360.41,2358.99,-6.015904016675378,-1.075e-05,-0.00015064,2026-04-18T16:00:00+00:00,42.0,-23.522304016675378,0.16767225483118878,FLAT,False,False,False,
2026-04-18T15:19:00+00:00,ETHUSDT,LONG_SPOT_SHORT_PERP,2361.15,2359.71,-6.098723079855387,-1.075e-05,-0.00015064,2026-04-18T16:00:00+00:00,41.0,-23.60512307985539,0.16752950518150975,FLAT,False,False,False,
2026-04-18T15:20:00+00:00,ETHUSDT,LONG_SPOT_SHORT_PERP,2360.98,2359.31,-7.073333954544607,-1.075e-05,-0.00015064,2026-04-18T16:00:00+00:00,40.0,-24.579733954544608,0.1659321856166791,FLAT,False,False,False,
2026-04-18T15:21:00+00:00,ETHUSDT,LONG_SPOT_SHORT_PERP,2361.33,2359.92,-5.9712111394843355,-1.075e-05,-0.00015064,2026-04-18T16:00:00+00:00,39.0,-23.477611139484335,0.16774976097632865,FLAT,False,False,False,
2026-04-18T15:22:00+00:00,ETHUSDT,LONG_SPOT_SHORT_PERP,2362.52,2361.1,-6.010531127779121,-1.075e-05,-0.00015064,2026-04-18T16:00:00+00:00,38.0,-23.51693112777912,0.16768155491997966,FLAT,False,False,False,
2026-04-18T15:23:00+00:00,ETHUSDT,LONG_SPOT_SHORT_PERP,2363.01,2361.66,-5.713052420431414,-1.075e-05,-0.00015064,2026-04-18T16:00:00+00:00,37.0,-23.219452420431416,0.1682040111561306,FLAT,False,False,False,
2026-04-18T15:24:00+00:00,ETHUSDT,LONG_SPOT_SHORT_PERP,2364.73,2363.16,-6.639235768989117,-1.075e-05,-0.00015064,2026-04-18T16:00:00+00:00,36.0,-24.145635768989116,0.1666252046863649,FLAT,False,False,False,
2026-04-18T15:25:00+00:00,ETHUSDT,LONG_SPOT_SHORT_PERP,2364.28,2362.66,-6.851980306902505,-1.075e-05,-0.00015064,2026-04-18T16:00:00+00:00,35.0,-24.358380306902504,0.16628195179973837,FLAT,False,False,False,
2026-04-18T15:26:00+00:00,ETHUSDT,LONG_SPOT_SHORT_PERP,2364.19,2362.77,-6.006285450831248,-1.075e-05,-0.00015064,2026-04-18T16:00:00+00:00,34.0,-23.51268545083125,0.16768890727304664,FLAT,False,False,False,
2026-04-18T15:27:00+00:00,ETHUSDT,LONG_SPOT_SHORT_PERP,2364.33,2362.94,-5.879043957484246,-1.075e-05,-0.00015064,2026-04-18T16:00:00+00:00,33.0,-23.385443957484245,0.16791064865249233,FLAT,False,False,False,
2026-04-18T15:28:00+00:00,ETHUSDT,LONG_SPOT_SHORT_PERP,2364.6,2362.94,-7.020214835489531,-1.075e-05,-0.00015064,2026-04-18T16:00:00+00:00,32.0,-24.526614835489532,0.16601544233383336,FLAT,False,False,False,
2026-04-18T15:29:00+00:00,ETHUSDT,LONG_SPOT_SHORT_PERP,2364.4,2362.9,-6.344104212485196,-1.075e-05,-0.00015064,2026-04-18T16:00:00+00:00,31.0,-23.8505042124852,0.16711315341300248,FLAT,False,False,False,
2026-04-18T15:30:00+00:00,ETHUSDT,LONG_SPOT_SHORT_PERP,2364.25,2362.34,-8.078671883260462,-1.075e-05,-0.00015064,2026-04-18T16:00:00+00:00,30.0,-25.58507188326046,0.16443422158328774,FLAT,False,False,False,
2026-04-18T15:31:00+00:00,ETHUSDT,LONG_SPOT_SHORT_PERP,2364.17,2362.66,-6.387019545972659,-1.075e-05,-0.00015064,2026-04-18T16:00:00+00:00,29.0,-23.89341954597266,0.16704133835808638,FLAT,False,False,False,
2026-04-18T15:32:00+00:00,ETHUSDT,LONG_SPOT_SHORT_PERP,2365.62,2364.21,-5.960382479011229,-1.075e-05,-0.00015064,2026-04-18T16:00:00+00:00,28.0,-23.46678247901123,0.1677685899906471,FLAT,False,False,False,
2026-04-18T15:33:00+00:00,ETHUSDT,LONG_SPOT_SHORT_PERP,2365.25,2363.68,-6.637776133601791,-1.075e-05,-0.00015064,2026-04-18T16:00:00+00:00,27.0,-24.14417613360179,0.1666275840634599,FLAT,False,False,False,
2026-04-18T15:34:00+00:00,ETHUSDT,LONG_SPOT_SHORT_PERP,2364.88,2363.5,-5.835391224925193,-1.075e-05,-0.00015064,2026-04-18T16:00:00+00:00,26.0,-23.341791224925192,0.1679873462935364,FLAT,False,False,False,
2026-04-18T15:35:00+00:00,ETHUSDT,LONG_SPOT_SHORT_PERP,2364.32,2362.69,-6.894159842999717,-1.075e-05,-0.00015064,2026-04-18T16:00:00+00:00,25.0,-24.40055984299972,0.16621472724059982,FLAT,False,False,False,
2026-04-18T15:36:00+00:00,ETHUSDT,LONG_SPOT_SHORT_PERP,2365.22,2363.8,-6.003669848891935,-1.075e-05,-0.00015064,2026-04-18T16:00:00+00:00,24.0,-23.510069848891934,0.16769343827080327,FLAT,False,False,False,
2026-04-18T15:37:00+00:00,ETHUSDT,LONG_SPOT_SHORT_PERP,2363.66,2362.11,-6.557626731423839,-1.075e-05,-0.00015064,2026-04-18T16:00:00+00:00,23.0,-24.064026731423837,0.1667587505422432,FLAT,False,False,False,
2026-04-18T15:38:00+00:00,ETHUSDT,LONG_SPOT_SHORT_PERP,2364.4,2362.86,-6.513280324817981,-1.075e-05,-0.00015064,2026-04-18T16:00:00+00:00,22.0,-24.019680324817983,0.1668317596730187,FLAT,False,False,False,
2026-04-18T15:39:00+00:00,ETHUSDT,LONG_SPOT_SHORT_PERP,2363.75,2362.11,-6.938127974616067,-1.075e-05,-0.00015064,2026-04-18T16:00:00+00:00,21.0,-24.444527974616065,0.16614494178881958,FLAT,False,False,False,
2026-04-18T15:40:00+00:00,ETHUSDT,LONG_SPOT_SHORT_PERP,2363.35,2361.73,-6.854676624282865,-1.075e-05,-0.00015064,2026-04-18T16:00:00+00:00,20.0,-24.361076624282866,0.16627764632101258,FLAT,False,False,False,
2026-04-18T15:41:00+00:00,ETHUSDT,LONG_SPOT_SHORT_PERP,2363.19,2361.66,-6.474299569650346,-1.075e-05,-0.00015064,2026-04-18T16:00:00+00:00,19.0,-23.980699569650348,0.16689619242708398,FLAT,False,False,False,
2026-04-18T15:42:00+00:00,ETHUSDT,LONG_SPOT_SHORT_PERP,2363.25,2361.68,-6.64339363165202,-1.075e-05,-0.00015064,2026-04-18T16:00:00+00:00,18.0,-24.14979363165202,0.16661842871090743,FLAT,False,False,False,
2026-04-18T15:43:00+00:00,ETHUSDT,LONG_SPOT_SHORT_PERP,2362.13,2360.6,-6.477204895582377,-1.075e-05,-0.00015064,2026-04-18T16:00:00+00:00,17.0,-23.983604895582378,0.16689138178194468,FLAT,False,False,False,
2026-04-18T15:44:00+00:00,ETHUSDT,LONG_SPOT_SHORT_PERP,2361.51,2359.89,-6.860017531157376,-1.075e-05,-0.00015064,2026-04-18T16:00:00+00:00,16.0,-24.366417531157374,0.16626912125789065,FLAT,False,False,False,
2026-04-18T15:45:00+00:00,ETHUSDT,LONG_SPOT_SHORT_PERP,2361.29,2359.71,-6.691257744707034,-1.075e-05,-0.00015064,2026-04-18T16:00:00+00:00,15.0,-24.197657744707033,0.1665406203000681,FLAT,False,False,False,
2026-04-18T15:46:00+00:00,ETHUSDT,LONG_SPOT_SHORT_PERP,2361.95,2360.34,-6.816401701982145,-1.075e-05,-0.00015064,2026-04-18T16:00:00+00:00,14.0,-24.322801701982144,0.1663388683823289,FLAT,False,False,False,
2026-04-18T15:47:00+00:00,ETHUSDT,LONG_SPOT_SHORT_PERP,2362.31,2360.85,-6.180391227231127,-1.075e-05,-0.00015064,2026-04-18T16:00:00+00:00,13.0,-23.686791227231126,0.16738984488993477,FLAT,False,False,False,
2026-04-18T15:48:00+00:00,ETHUSDT,LONG_SPOT_SHORT_PERP,2361.3,2359.75,-6.56418074789388,-1.075e-05,-0.00015064,2026-04-18T16:00:00+00:00,12.0,-24.070580747893878,0.16674798677495228,FLAT,False,False,False,
2026-04-18T15:49:00+00:00,ETHUSDT,LONG_SPOT_SHORT_PERP,2361.22,2359.55,-7.072615004106429,-1.075e-05,-0.00015064,2026-04-18T16:00:00+00:00,11.0,-24.57901500410643,0.16593330963081687,FLAT,False,False,False,
2026-04-18T15:50:00+00:00,ETHUSDT,LONG_SPOT_SHORT_PERP,2361.6,2359.93,-7.071476964769956,-1.075e-05,-0.00015064,2026-04-18T16:00:00+00:00,10.0,-24.577876964769956,0.1659350890116459,FLAT,False,False,False,
2026-04-18T15:51:00+00:00,ETHUSDT,LONG_SPOT_SHORT_PERP,2361.11,2359.01,-8.894121832527535,-1.075e-05,-0.00015064,2026-04-18T16:00:00+00:00,9.0,-26.400521832527534,0.14832161056883672,FLAT,False,False,False,
2026-04-18T15:52:00+00:00,ETHUSDT,LONG_SPOT_SHORT_PERP,2360.27,2358.52,-7.414405978976982,-1.075e-05,-0.00015064,2026-04-18T16:00:00+00:00,8.0,-24.920805978976983,0.13540762980100182,FLAT,False,False,False,
2026-04-18T15:53:00+00:00,ETHUSDT,LONG_SPOT_SHORT_PERP,2361.26,2359.51,-7.411297358190119,-1.075e-05,-0.00015064,2026-04-18T16:00:00+00:00,7.0,-24.917697358190118,0.1204123333332207,FLAT,False,False,False,
2026-04-18T15:54:00+00:00,ETHUSDT,LONG_SPOT_SHORT_PERP,2362.1,2360.4,-7.196985733033395,-1.075e-05,-0.00015064,2026-04-18T16:00:00+00:00,6.0,-24.703385733033393,0.10574001989898169,FLAT,False,False,False,
2026-04-18T15:55:00+00:00,ETHUSDT,LONG_SPOT_SHORT_PERP,2363.84,2362.32,-6.430215242994373,-1.075e-05,-0.00015064,2026-04-18T16:00:00+00:00,5.0,-23.93661524299437,0.0919693522664693,FLAT,False,False,False,
2026-04-18T15:56:00+00:00,ETHUSDT,LONG_SPOT_SHORT_PERP,2363.91,2362.06,-7.826017064947097,-1.075e-05,-0.00015064,2026-04-18T16:00:00+00:00,4.0,-25.332417064947098,0.07479712569461139,FLAT,False,False,False,
2026-04-18T15:57:00+00:00,ETHUSDT,LONG_SPOT_SHORT_PERP,2364.08,2362.34,-7.3601570166821,-1.075e-05,-0.00015064,2026-04-18T16:00:00+00:00,3.0,-24.8665570166821,0.06048991438316392,FLAT,False,False,False,
2026-04-18T15:58:00+00:00,ETHUSDT,LONG_SPOT_SHORT_PERP,2363.19,2361.48,-7.235981871961359,-1.075e-05,-0.00015064,2026-04-18T16:00:00+00:00,2.0,-24.74238187196136,0.04567988949009531,FLAT,False,False,False,
2026-04-18T15:59:00+00:00,ETHUSDT,LONG_SPOT_SHORT_PERP,2363.64,2361.99,-6.980758491141168,-1.075e-05,-0.00015064,2026-04-18T16:00:00+00:00,1.0,-24.48715849114117,0.03107756063684942,FLAT,False,False,False,
2026-04-18T16:00:00+00:00,ETHUSDT,LONG_SPOT_SHORT_PERP,2359.0,2357.0,-8.47816871555744,-0.00015064,-0.00010377,2026-04-19T00:00:00.002000+00:00,480.00003333333336,-25.51586871555744,0.1645327436343526,FLAT,False,False,False,
2026-04-18T16:01:00+00:00,ETHUSDT,LONG_SPOT_SHORT_PERP,2359.31,2357.44,-7.926046174516663,-0.00015064,-0.00010377,2026-04-19T00:00:00.002000+00:00,479.00003333333336,-24.963746174516665,0.16534280264503934,FLAT,False,False,False,
2026-04-18T16:02:00+00:00,ETHUSDT,LONG_SPOT_SHORT_PERP,2361.19,2359.48,-7.242110969468938,-0.00015064,-0.00010377,2026-04-19T00:00:00.002000+00:00,478.00003333333336,-24.27981096946894,0.16640790274960215,FLAT,False,False,False,
2026-04-18T16:03:00+00:00,ETHUSDT,LONG_SPOT_SHORT_PERP,2359.02,2357.24,-7.545506184772491,-0.00015064,-0.00010377,2026-04-19T00:00:00.002000+00:00,477.00003333333336,-24.583206184772493,0.1659267581928429,FLAT,False,False,False,
2026-04-18T16:04:00+00:00,ETHUSDT,LONG_SPOT_SHORT_PERP,2359.09,2357.33,-7.460503838345371,-0.00015064,-0.00010377,2026-04-19T00:00:00.002000+00:00,476.00003333333336,-24.498203838345372,0.16606014756040566,FLAT,False,False,False,
2026-04-18T16:05:00+00:00,ETHUSDT,LONG_SPOT_SHORT_PERP,2360.52,2358.98,-6.5239862403197755,-0.00015064,-0.00010377,2026-04-19T00:00:00.002000+00:00,475.00003333333336,-23.561686240319776,0.16760423301188707,FLAT,False,False,False,
2026-04-18T16:06:00+00:00,ETHUSDT,LONG_SPOT_SHORT_PERP,2361.35,2359.5,-7.8345014504411,-0.00015064,-0.00010377,2026-04-19T00:00:00.002000+00:00,474.00003333333336,-24.8722014504411,0.16548133286815364,FLAT,False,False,False,
2026-04-18T16:07:00+00:00,ETHUSDT,LONG_SPOT_SHORT_PERP,2361.66,2360.09,-6.6478663313081015,-0.00015064,-0.00010377,2026-04-19T00:00:00.002000+00:00,473.00003333333336,-23.685566331308102,0.16739193150906845,FLAT,False,False,False,
2026-04-18T16:08:00+00:00,ETHUSDT,LONG_SPOT_SHORT_PERP,2362.7,2361.0,-7.195158081854735,-0.00015064,-0.00010377,2026-04-19T00:00:00.002000+00:00,472.00003333333336,-24.232858081854737,0.1664836262284302,FLAT,False,False,False,
2026-04-18T16:09:00+00:00,ETHUSDT,LONG_SPOT_SHORT_PERP,2363.82,2362.35,-6.218747620378263,-0.00015064,-0.00010377,2026-04-19T00:00:00.002000+00:00,471.00003333333336,-23.256447620378264,0.1681382239228546,FLAT,False,False,False,
2026-04-18T16:10:00+00:00,ETHUSDT,LONG_SPOT_SHORT_PERP,2364.47,2362.88,-6.724551379377581,-0.00015064,-0.00010377,2026-04-19T00:00:00.002000+00:00,470.00003333333336,-23.76225137937758,0.1672617695856437,FLAT,False,False,False,
2026-04-18T16:11:00+00:00,ETHUSDT,LONG_SPOT_SHORT_PERP,2364.71,2363.14,-6.639291921631675,-0.00015064,-0.00010377,2026-04-19T00:00:00.002000+00:00,469.00003333333336,-23.676991921631675,0.16740654494424437,FLAT,False,False,False,
2026-04-18T16:12:00+00:00,ETHUSDT,LONG_SPOT_SHORT_PERP,2365.7,2364.23,-6.2138056389220955,-0.00015064,-0.00010377,2026-04-19T00:00:00.002000+00:00,468.00003333333336,-23.251505638922097,0.16814699859403825,FLAT,False,False,False,
2026-04-18T16:13:00+00:00,ETHUSDT,LONG_SPOT_SHORT_PERP,2365.59,2364.07,-6.425458342316216,-0.00015064,-0.00010377,2026-04-19T00:00:00.002000+00:00,467.00003333333336,-23.463158342316216,0.16777489605098753,FLAT,False,False,False,
2026-04-18T16:14:00+00:00,ETHUSDT,LONG_SPOT_SHORT_PERP,2366.07,2364.45,-6.846796586746569,-0.00015064,-0.00010377,2026-04-19T00:00:00.002000+00:00,466.00003333333336,-23.884496586746568,0.1670562458002215,FLAT,False,False,False,
2026-04-18T16:15:00+00:00,ETHUSDT,LONG_SPOT_SHORT_PERP,2363.52,2362.16,-5.754129434064985,-0.00015064,-0.00010377,2026-04-19T00:00:00.002000+00:00,465.00003333333336,-22.791829434064987,0.16898157966651076,FLAT,False,False,False,
2026-04-18T16:16:00+00:00,ETHUSDT,LONG_SPOT_SHORT_PERP,2362.74,2361.0,-7.364331242539517,-0.00015064,-0.00010377,2026-04-19T00:00:00.002000+00:00,464.00003333333336,-24.40203124253952,0.16621238708451153,FLAT,False,False,False,
2026-04-18T16:17:00+00:00,ETHUSDT,LONG_SPOT_SHORT_PERP,2358.73,2357.12,-6.825707054220396,-0.00015064,-0.00010377,2026-04-19T00:00:00.002000+00:00,463.00003333333336,-23.863407054220396,0.1670915305291767,FLAT,False,False,False,
2026-04-18T16:18:00+00:00,ETHUSDT,LONG_SPOT_SHORT_PERP,2360.13,2358.44,-7.1606225080824135,-0.00015064,-0.00010377,2026-04-19T00:00:00.002000+00:00,462.00003333333336,-24.198322508082413,0.16653954217159433,FLAT,False,False,False,
2026-04-18T16:19:00+00:00,ETHUSDT,LONG_SPOT_SHORT_PERP,2363.48,2361.54,-8.208235314028698,-0.00015064,-0.00010377,2026-04-19T00:00:00.002000+00:00,461.00003333333336,-25.2459353140287,0.16492339230153163,FLAT,False,False,False,
2026-04-18T16:20:00+00:00,ETHUSDT,LONG_SPOT_SHORT_PERP,2369.12,2367.37,-7.3867089889916935,-0.00015064,-0.00010377,2026-04-19T00:00:00.002000+00:00,460.00003333333336,-24.424408988991694,0.16617683766557503,FLAT,False,False,False,
2026-04-18T16:21:00+00:00,ETHUSDT,LONG_SPOT_SHORT_PERP,2370.5,2368.45,-8.647964564438649,-0.00015064,-0.00010377,2026-04-19T00:00:00.002000+00:00,459.00003333333336,-25.68566456443865,0.1642921808909497,FLAT,False,False,False,
2026-04-18T16:22:00+00:00,ETHUSDT,LONG_SPOT_SHORT_PERP,2370.46,2368.58,-7.93095011094939,-0.00015064,-0.00010377,2026-04-19T00:00:00.002000+00:00,458.00003333333336,-24.96865011094939,0.16533541618916406,FLAT,False,False,False,
2026-04-18T16:23:00+00:00,ETHUSDT,LONG_SPOT_SHORT_PERP,2369.26,2367.06,-9.28559972312145,-0.00015064,-0.00010377,2026-04-19T00:00:00.002000+00:00,457.00003333333336,-26.32329972312145,0.1634232502268388,FLAT,False,False,False,
2026-04-18T16:24:00+00:00,ETHUSDT,LONG_SPOT_SHORT_PERP,2368.95,2367.27,-7.091749509275571,-0.00015064,-0.00010377,2026-04-19T00:00:00.002000+00:00,456.00003333333336,-24.12944950927557,0.16665160886781824,FLAT,False,False,False,
2026-04-18T16:25:00+00:00,ETHUSDT,LONG_SPOT_SHORT_PERP,2368.41,2366.56,-7.811147563132689,-0.00015064,-0.00010377,2026-04-19T00:00:00.002000+00:00,455.00003333333336,-24.84884756313269,0.16551686926464493,FLAT,False,False,False,
2026-04-18T16:26:00+00:00,ETHUSDT,LONG_SPOT_SHORT_PERP,2370.14,2368.67,-6.20216527293662,-0.00015064,-0.00010377,2026-04-19T00:00:00.002000+00:00,454.00003333333336,-23.23986527293662,0.16816768290679254,FLAT,False,False,False,
2026-04-18T16:27:00+00:00,ETHUSDT,LONG_SPOT_SHORT_PERP,2369.99,2368.22,-7.468385942556643,-0.00015064,-0.00010377,2026-04-19T00:00:00.002000+00:00,453.00003333333336,-24.506085942556645,0.1660477326718522,FLAT,False,False,False,
2026-04-18T16:28:00+00:00,ETHUSDT,LONG_SPOT_SHORT_PERP,2370.03,2368.17,-7.848001924026814,-0.00015064,-0.00010377,2026-04-19T00:00:00.002000+00:00,452.00003333333336,-24.885701924026815,0.16546082634523362,FLAT,False,False,False,
2026-04-18T16:29:00+00:00,ETHUSDT,LONG_SPOT_SHORT_PERP,2368.19,2366.32,-7.896325886013753,-0.00015064,-0.00010377,2026-04-19T00:00:00.002000+00:00,451.00003333333336,-24.934025886013753,0.16538764300931633,FLAT,False,False,False,
2026-04-18T16:30:00+00:00,ETHUSDT,LONG_SPOT_SHORT_PERP,2369.29,2367.61,-7.090731822612835,-0.00015064,-0.00010377,2026-04-19T00:00:00.002000+00:00,450.00003333333336,-24.128431822612836,0.1666532703634076,FLAT,False,False,False,
2026-04-18T16:31:00+00:00,ETHUSDT,LONG_SPOT_SHORT_PERP,2367.01,2365.2,-7.646778002629477,-0.00015064,-0.00010377,2026-04-19T00:00:00.002000+00:00,449.00003333333336,-24.684478002629476,0.16576925621073924,FLAT,False,False,False,
2026-04-18T16:32:00+00:00,ETHUSDT,LONG_SPOT_SHORT_PERP,2366.57,2364.53,-8.620070397241424,-0.00015064,-0.00010377,2026-04-19T00:00:00.002000+00:00,448.00003333333336,-25.657770397241425,0.16433143028004582,FLAT,False,False,False,
2026-04-18T16:33:00+00:00,ETHUSDT,LONG_SPOT_SHORT_PERP,2364.59,2362.59,-8.458125933037017,-0.00015064,-0.00010377,2026-04-19T00:00:00.002000+00:00,447.00003333333336,-25.49582593303702,0.16456140101772704,FLAT,False,False,False,
2026-04-18T16:34:00+00:00,ETHUSDT,LONG_SPOT_SHORT_PERP,2365.82,2363.99,-7.735161593022216,-0.00015064,-0.00010377,2026-04-19T00:00:00.002000+00:00,446.00003333333336,-24.772861593022217,0.16563304802575576,FLAT,False,False,False,
2026-04-18T16:35:00+00:00,ETHUSDT,LONG_SPOT_SHORT_PERP,2367.22,2365.2,-8.533216177625999,-0.00015064,-0.00010377,2026-04-19T00:00:00.002000+00:00,445.00003333333336,-25.570916177626,0.1644543210061104,FLAT,False,False,False,
2026-04-18T16:36:00+00:00,ETHUSDT,LONG_SPOT_SHORT_PERP,2366.29,2364.28,-8.49430965773326,-0.00015064,-0.00010377,2026-04-19T00:00:00.002000+00:00,444.00003333333336,-25.53200965773326,0.1645097054351721,FLAT,False,False,False,
2026-04-18T16:37:00+00:00,ETHUSDT,LONG_SPOT_SHORT_PERP,2366.0,2364.01,-8.410819949280565,-0.00015064,-0.00010377,2026-04-19T00:00:00.002000+00:00,443.00003333333336,-25.448519949280566,0.16462925998029054,FLAT,False,False,False,
2026-04-18T16:38:00+00:00,ETHUSDT,LONG_SPOT_SHORT_PERP,2366.24,2364.42,-7.691527486644251,-0.00015064,-0.00010377,2026-04-19T00:00:00.002000+00:00,442.00003333333336,-24.729227486644252,0.16570014776557984,FLAT,False,False,False,
2026-04-18T16:39:00+00:00,ETHUSDT,LONG_SPOT_SHORT_PERP,2365.42,2363.52,-8.032400165721482,-0.00015064,-0.00010377,2026-04-19T00:00:00.002000+00:00,441.00003333333336,-25.07010016572148,0.16518338982434827,FLAT,False,False,False,
2026-04-18T16:40:00+00:00,ETHUSDT,LONG_SPOT_SHORT_PERP,2364.96,2363.16,-7.611122386848749,-0.00015064,-0.00010377,2026-04-19T00:00:00.002000+00:00,440.00003333333336,-24.64882238684875,0.16582453418500562,FLAT,False,False,False,
2026-04-18T16:41:00+00:00,ETHUSDT,LONG_SPOT_SHORT_PERP,2365.75,2364.01,-7.35496142872147,-0.00015064,-0.00010377,2026-04-19T00:00:00.002000+00:00,439.00003333333336,-24.39266142872147,0.16622729476762516,FLAT,False,False,False,
2026-04-18T16:42:00+00:00,ETHUSDT,LONG_SPOT_SHORT_PERP,2364.49,2362.61,-7.950974628776838,-0.00015064,-0.00010377,2026-04-19T00:00:00.002000+00:00,438.00003333333336,-24.988674628776838,0.1653052908729031,FLAT,False,False,False,
2026-04-18T16:43:00+00:00,ETHUSDT,LONG_SPOT_SHORT_PERP,2364.5,2362.68,-7.697187566082317,-0.00015064,-0.00010377,2026-04-19T00:00:00.002000+00:00,437.00003333333336,-24.734887566082318,0.16569142787279412,FLAT,False,False,False,
2026-04-18T16:44:00+00:00,ETHUSDT,LONG_SPOT_SHORT_PERP,2364.6,2362.66,-8.204347458344138,-0.00015064,-0.00010377,2026-04-19T00:00:00.002000+00:00,436.00003333333336,-25.24204745834414,0.16492909350506374,FLAT,False,False,False,
2026-04-18T16:45:00+00:00,ETHUSDT,LONG_SPOT_SHORT_PERP,2366.03,2364.49,-6.508793210569681,-0.00015064,-0.00010377,2026-04-19T00:00:00.002000+00:00,435.00003333333336,-23.54649321056968,0.1676304443210129,FLAT,False,False,False,
2026-04-18T16:46:00+00:00,ETHUSDT,LONG_SPOT_SHORT_PERP,2365.37,2363.64,-7.313866329580651,-0.00015064,-0.00010377,2026-04-19T00:00:00.002000+00:00,434.00003333333336,-24.35156632958065,0.1662928373334617,FLAT,False,False,False,
2026-04-18T16:47:00+00:00,ETHUSDT,LONG_SPOT_SHORT_PERP,2363.56,2361.65,-8.081030310209407,-0.00015064,-0.00010377,2026-04-19T00:00:00.002000+00:00,433.00003333333336,-25.118730310209408,0.1651110414908403,FLAT,False,False,False,
2026-04-18T16:48:00+00:00,ETHUSDT,LONG_SPOT_SHORT_PERP,2362.63,2360.97,-7.026068406819134,-0.00015064,-0.00010377,2026-04-19T00:00:00.002000+00:00,432.00003333333336,-24.063768406819136,0.16675917493174677,FLAT,False,False,False,
2026-04-18T16:49:00+00:00,ETHUSDT,LONG_SPOT_SHORT_PERP,2362.0,2360.19,-7.662997459779616,-0.00015064,-0.00010377,2026-04-19T00:00:00.002000+00:00,431.00003333333336,-24.700697459779615,0.1657441734293245,FLAT,False,False,False,
2026-04-18T16:50:00+00:00,ETHUSDT,LONG_SPOT_SHORT_PERP,2359.24,2357.58,-7.036164188466857,-0.00015064,-0.00010377,2026-04-19T00:00:00.002000+00:00,430.00003333333336,-24.073864188466857,0.16674259687470322,FLAT,False,False,False,
2026-04-18T16:51:00+00:00,ETHUSDT,LONG_SPOT_SHORT_PERP,2358.5,2357.05,-6.147975408097596,-0.00015064,-0.00010377,2026-04-19T00:00:00.002000+00:00,429.00003333333336,-23.185675408097595,0.1682642793835269,FLAT,False,False,False,
2026-04-18T16:52:00+00:00,ETHUSDT,LONG_SPOT_SHORT_PERP,2358.8,2357.29,-6.401560115313796,-0.00015064,-0.00010377,2026-04-19T00:00:00.002000+00:00,428.00003333333336,-23.439260115313797,0.16781653425180926,FLAT,False,False,False,
2026-04-18T16:53:00+00:00,ETHUSDT,LONG_SPOT_SHORT_PERP,2360.25,2358.72,-6.482364156340219,-0.00015064,-0.00010377,2026-04-19T00:00:00.002000+00:00,427.00003333333336,-23.52006415634022,0.16767613128815181,FLAT,False,False,False,
2026-04-18T16:54:00+00:00,ETHUSDT,LONG_SPOT_SHORT_PERP,2360.28,2358.54,-7.37200671106918,-0.00015064,-0.00010377,2026-04-19T00:00:00.002000+00:00,426.00003333333336,-24.40970671106918,0.1662001851674604,FLAT,False,False,False,
2026-04-18T16:55:00+00:00,ETHUSDT,LONG_SPOT_SHORT_PERP,2360.8,2359.39,-5.972551677398801,-0.00015064,-0.00010377,2026-04-19T00:00:00.002000+00:00,425.00003333333336,-23.010251677398802,0.16858043947113674,FLAT,False,False,False,
2026-04-18T16:56:00+00:00,ETHUSDT,LONG_SPOT_SHORT_PERP,2359.99,2358.39,-6.779689744447685,-0.00015064,-0.00010377,2026-04-19T00:00:00.002000+00:00,424.00003333333336,-23.817389744447684,0.16716877010740744,FLAT,False,False,False,
2026-04-18T16:57:00+00:00,ETHUSDT,LONG_SPOT_SHORT_PERP,2359.24,2357.72,-6.442752750885802,-0.00015064,-0.00010377,2026-04-19T00:00:00.002000+00:00,423.00003333333336,-23.480452750885803,0.167744823181143,FLAT,False,False,False,
2026-04-18T16:58:00+00:00,ETHUSDT,LONG_SPOT_SHORT_PERP,2360.51,2359.12,-5.888557981115637,-0.00015064,-0.00010377,2026-04-19T00:00:00.002000+00:00,422.00003333333336,-22.926257981115636,0.16873370662655005,FLAT,False,False,False,
2026-04-18T16:59:00+00:00,ETHUSDT,LONG_SPOT_SHORT_PERP,2360.87,2359.17,-7.2007353221474215,-0.00015064,-0.00010377,2026-04-19T00:00:00.002000+00:00,421.00003333333336,-24.23843532214742,0.16647461361138935,FLAT,False,False,False,
2026-04-18T17:00:00+00:00,ETHUSDT,LONG_SPOT_SHORT_PERP,2359.3,2357.68,-6.866443436614019,-0.00015064,-0.00010377,2026-04-19T00:00:00.002000+00:00,420.00003333333336,-23.90414343661402,0.16702343901527322,FLAT,False,False,False,
2026-04-18T17:01:00+00:00,ETHUSDT,LONG_SPOT_SHORT_PERP,2359.38,2357.79,-6.739058566234119,-0.00015064,-0.00010377,2026-04-19T00:00:00.002000+00:00,419.00003333333336,-23.77675856623412,0.16723725323061034,FLAT,False,False,False,
2026-04-18T17:02:00+00:00,ETHUSDT,LONG_SPOT_SHORT_PERP,2360.66,2358.9,-7.455542094159107,-0.00015064,-0.00010377,2026-04-19T00:00:00.002000+00:00,418.00003333333336,-24.493242094159108,0.1660679674996413,FLAT,False,False,False,
2026-04-18T17:03:00+00:00,ETHUSDT,LONG_SPOT_SHORT_PERP,2360.67,2359.24,-6.057602290876281,-0.00015064,-0.00010377,2026-04-19T00:00:00.002000+00:00,417.00003333333336,-23.095302290876283,0.16842649304550478,FLAT,False,False,False,
2026-04-18T17:04:00+00:00,ETHUSDT,LONG_SPOT_SHORT_PERP,2360.67,2358.98,-7.158984525579833,-0.00015064,-0.00010377,2026-04-19T00:00:00.002000+00:00,416.00003333333336,-24.196684525579833,0.16654219881339052,FLAT,False,False,False,
2026-04-18T17:05:00+00:00,ETHUSDT,LONG_SPOT_SHORT_PERP,2358.98,2357.67,-5.553247590059879,-0.00015064,-0.00010377,2026-04-19T00:00:00.002000+00:00,415.00003333333336,-22.59094759005988,0.1693579690902021,FLAT,False,False,False,
2026-04-18T17:06:00+00:00,ETHUSDT,LONG_SPOT_SHORT_PERP,2359.99,2358.39,-6.779689744447685,-0.00015064,-0.00010377,2026-04-19T00:00:00.002000+00:00,414.00003333333336,-23.817389744447684,0.16716877010740744,FLAT,False,False,False,
2026-04-18T17:07:00+00:00,ETHUSDT,LONG_SPOT_SHORT_PERP,2357.89,2356.36,-6.48885232135403,-0.00015064,-0.00010377,2026-04-19T00:00:00.002000+00:00,413.00003333333336,-23.526552321354032,0.16766490470737427,FLAT,False,False,False,
2026-04-18T17:08:00+00:00,ETHUSDT,LONG_SPOT_SHORT_PERP,2358.9,2357.43,-6.2317181737261205,-0.00015064,-0.00010377,2026-04-19T00:00:00.002000+00:00,412.00003333333336,-23.26941817372612,0.16811521396104265,FLAT,False,False,False,
2026-04-18T17:09:00+00:00,ETHUSDT,LONG_SPOT_SHORT_PERP,2359.66,2358.11,-6.568742954492288,-0.00015064,-0.00010377,2026-04-19T00:00:00.002000+00:00,411.00003333333336,-23.606442954492287,0.16752723936474267,FLAT,False,False,False,
2026-04-18T17:10:00+00:00,ETHUSDT,LONG_SPOT_SHORT_PERP,2359.7,2358.0,-7.204305632071103,-0.00015064,-0.00010377,2026-04-19T00:00:00.002000+00:00,410.00003333333336,-24.242005632071102,0.16646884665669937,FLAT,False,False,False,
2026-04-18T17:11:00+00:00,ETHUSDT,LONG_SPOT_SHORT_PERP,2362.07,2360.69,-5.842333207737743,-0.00015064,-0.00010377,2026-04-19T00:00:00.002000+00:00,409.00003333333336,-22.880033207737743,0.16881858158024365,FLAT,False,False,False,
2026-04-18T17:12:00+00:00,ETHUSDT,LONG_SPOT_SHORT_PERP,2362.16,2360.63,-6.477122633520784,-0.00015064,-0.00010377,2026-04-19T00:00:00.002000+00:00,408.00003333333336,-23.514822633520783,0.16768520588230662,FLAT,False,False,False,
2026-04-18T17:13:00+00:00,ETHUSDT,LONG_SPOT_SHORT_PERP,2356.56,2354.75,-7.680687103234993,-0.00015064,-0.00010377,2026-04-19T00:00:00.002000+00:00,407.00003333333336,-24.718387103234992,0.1657168616863987,FLAT,False,False,False,
2026-04-18T17:14:00+00:00,ETHUSDT,LONG_SPOT_SHORT_PERP,2357.95,2356.17,-7.548930214804154,-0.00015064,-0.00010377,2026-04-19T00:00:00.002000+00:00,406.00003333333336,-24.586630214804153,0.1659214078864815,FLAT,False,False,False,
2026-04-18T17:15:00+00:00,ETHUSDT,LONG_SPOT_SHORT_PERP,2359.28,2357.55,-7.332745583398401,-0.00015064,-0.00010377,2026-04-19T00:00:00.002000+00:00,405.00003333333336,-24.3704455833984,0.16626269464658075,FLAT,False,False,False,
2026-04-18T17:16:00+00:00,ETHUSDT,LONG_SPOT_SHORT_PERP,2359.51,2357.75,-7.459175845833322,-0.00015064,-0.00010377,2026-04-19T00:00:00.002000+00:00,404.00003333333336,-24.496875845833323,0.16606224017238805,FLAT,False,False,False,
2026-04-18T17:17:00+00:00,ETHUSDT,LONG_SPOT_SHORT_PERP,2360.3,2358.66,-6.948269287803785,-0.00015064,-0.00010377,2026-04-19T00:00:00.002000+00:00,403.00003333333336,-23.985969287803783,0.16688746780646507,FLAT,False,False,False,
2026-04-18T17:18:00+00:00,ETHUSDT,LONG_SPOT_SHORT_PERP,2360.6,2358.69,-8.09116326357644,-0.00015064,-0.00010377,2026-04-19T00:00:00.002000+00:00,402.00003333333336,-25.12886326357644,0.16509600910073474,FLAT,False,False,False,
2026-04-18T17:19:00+00:00,ETHUSDT,LONG_SPOT_SHORT_PERP,2361.11,2359.39,-7.284709310452518,-0.00015064,-0.00010377,2026-04-19T00:00:00.002000+00:00,401.00003333333336,-24.322409310452517,0.16633949719374708,FLAT,False,False,False,
2026-04-18T17:20:00+00:00,ETHUSDT,LONG_SPOT_SHORT_PERP,2361.1,2359.2,-8.047096692220114,-0.00015064,-0.00010377,2026-04-19T00:00:00.002000+00:00,400.00003333333336,-25.084796692220113,0.16516148963340935,FLAT,False,False,False,
2026-04-18T17:21:00+00:00,ETHUSDT,LONG_SPOT_SHORT_PERP,2361.34,2359.6,-7.368697434508527,-0.00015064,-0.00010377,2026-04-19T00:00:00.002000+00:00,399.00003333333336,-24.406397434508527,0.16620544491661896,FLAT,False,False,False,
2026-04-18T17:22:00+00:00,ETHUSDT,LONG_SPOT_SHORT_PERP,2358.84,2357.18,-7.037357345137055,-0.00015064,-0.00010377,2026-04-19T00:00:00.002000+00:00,398.00003333333336,-24.075057345137054,0.16674063868094954,FLAT,False,False,False,
2026-04-18T17:23:00+00:00,ETHUSDT,LONG_SPOT_SHORT_PERP,2359.0,2357.21,-7.587961000423753,-0.00015064,-0.00010377,2026-04-19T00:00:00.002000+00:00,397.00003333333336,-24.625661000423754,0.1658605437824451,FLAT,False,False,False,
2026-04-18T17:24:00+00:00,ETHUSDT,LONG_SPOT_SHORT_PERP,2359.75,2357.85,-8.051700391991062,-0.00015064,-0.00010377,2026-04-19T00:00:00.002000+00:00,396.00003333333336,-25.089400391991063,0.1651546357609782,FLAT,False,False,False,
2026-04-18T17:25:00+00:00,ETHUSDT,LONG_SPOT_SHORT_PERP,2359.09,2357.35,-7.375725385636989,-0.00015064,-0.00010377,2026-04-19T00:00:00.002000+00:00,395.00003333333336,-24.41342538563699,0.16619427672037046,FLAT,False,False,False,
2026-04-18T17:26:00+00:00,ETHUSDT,LONG_SPOT_SHORT_PERP,2359.95,2358.2,-7.415411343460667,-0.00015064,-0.00010377,2026-04-19T00:00:00.002000+00:00,394.00003333333336,-24.453111343460666,0.16613135281674823,FLAT,False,False,False,
2026-04-18T17:27:00+00:00,ETHUSDT,LONG_SPOT_SHORT_PERP,2360.55,2358.78,-7.498252525894311,-0.00015064,-0.00010377,2026-04-19T00:00:00.002000+00:00,393.00003333333336,-24.53595252589431,0.16600077597251872,FLAT,False,False,False,
2026-04-18T17:28:00+00:00,ETHUSDT,LONG_SPOT_SHORT_PERP,2361.0,2359.38,-6.861499364675522,-0.00015064,-0.00010377,2026-04-19T00:00:00.002000+00:00,392.00003333333336,-23.89919936467552,0.1670316889212339,FLAT,False,False,False,
2026-04-18T17:29:00+00:00,ETHUSDT,LONG_SPOT_SHORT_PERP,2361.85,2360.36,-6.308614010202941,-0.00015064,-0.00010377,2026-04-19T00:00:00.002000+00:00,391.00003333333336,-23.346314010202942,0.16797938488299358,FLAT,False,False,False,
2026-04-18T17:30:00+00:00,ETHUSDT,LONG_SPOT_SHORT_PERP,2363.44,2361.86,-6.685170768032728,-0.00015064,-0.00010377,2026-04-19T00:00:00.002000+00:00,390.00003333333336,-23.722870768032728,0.16732849295470856,FLAT,False,False,False,
2026-04-18T17:31:00+00:00,ETHUSDT,LONG_SPOT_SHORT_PERP,2362.95,2361.29,-7.025116908947944,-0.00015064,-0.00010377,2026-04-19T00:00:00.002000+00:00,389.00003333333336,-24.062816908947944,0.16676073819427029,FLAT,False,False,False,
2026-04-18T17:32:00+00:00,ETHUSDT,LONG_SPOT_SHORT_PERP,2363.99,2362.18,-7.6565467705021835,-0.00015064,-0.00010377,2026-04-19T00:00:00.002000+00:00,388.00003333333336,-24.694246770502183,0.16575414448640688,FLAT,False,False,False,
2026-04-18T17:33:00+00:00,ETHUSDT,LONG_SPOT_SHORT_PERP,2363.23,2361.56,-7.066599526918973,-0.00015064,-0.00010377,2026-04-19T00:00:00.002000+00:00,387.00003333333336,-24.10429952691897,0.16669271687058718,FLAT,False,False,False,
2026-04-18T17:34:00+00:00,ETHUSDT,LONG_SPOT_SHORT_PERP,2364.2,2362.57,-6.894509770745515,-0.00015064,-0.00010377,2026-04-19T00:00:00.002000+00:00,386.00003333333336,-23.932209770745516,0.16697668037066443,FLAT,False,False,False,
2026-04-18T17:35:00+00:00,ETHUSDT,LONG_SPOT_SHORT_PERP,2364.25,2362.68,-6.640583694618436,-0.00015064,-0.00010377,2026-04-19T00:00:00.002000+00:00,385.00003333333336,-23.678283694618436,0.1674043425962676,FLAT,False,False,False,
2026-04-18T17:36:00+00:00,ETHUSDT,LONG_SPOT_SHORT_PERP,2364.07,2362.33,-7.360188150098078,-0.00015064,-0.00010377,2026-04-19T00:00:00.002000+00:00,384.00003333333336,-24.397888150098076,0.16621897722446138,FLAT,False,False,False,
2026-04-18T17:37:00+00:00,ETHUSDT,LONG_SPOT_SHORT_PERP,2363.55,2361.82,-7.319498212434762,-0.00015064,-0.00010377,2026-04-19T00:00:00.002000+00:00,383.00003333333336,-24.35719821243476,0.16628383971984875,FLAT,False,False,False,
2026-04-18T17:38:00+00:00,ETHUSDT,LONG_SPOT_SHORT_PERP,2363.0,2361.48,-6.432501057977071,-0.00015064,-0.00010377,2026-04-19T00:00:00.002000+00:00,382.00003333333336,-23.47020105797707,0.16776264361103008,FLAT,False,False,False,
2026-04-18T17:39:00+00:00,ETHUSDT,LONG_SPOT_SHORT_PERP,2362.87,2361.01,-7.8717830435007965,-0.00015064,-0.00010377,2026-04-19T00:00:00.002000+00:00,381.00003333333336,-24.909483043500796,0.1654247688740943,FLAT,False,False,False,
2026-04-18T17:40:00+00:00,ETHUSDT,LONG_SPOT_SHORT_PERP,2362.59,2361.06,-6.475943773571378,-0.00015064,-0.00010377,2026-04-19T00:00:00.002000+00:00,380.00003333333336,-23.513643773571378,0.16768724745832353,FLAT,False,False,False,
2026-04-18T17:41:00+00:00,ETHUSDT,LONG_SPOT_SHORT_PERP,2361.75,2360.31,-6.097173705938625,-0.00015064,-0.00010377,2026-04-19T00:00:00.002000+00:00,379.00003333333336,-23.134873705938624,0.16835529236051808,FLAT,False,False,False,
2026-04-18T17:42:00+00:00,ETHUSDT,LONG_SPOT_SHORT_PERP,2361.92,2360.29,-6.901165153773664,-0.00015064,-0.00010377,2026-04-19T00:00:00.002000+00:00,378.00003333333336,-23.938865153773662,0.16696561093910103,FLAT,False,False,False,
2026-04-18T17:43:00+00:00,ETHUSDT,LONG_SPOT_SHORT_PERP,2362.04,2360.39,-6.985487121302311,-0.00015064,-0.00010377,2026-04-19T00:00:00.002000+00:00,377.00003333333336,-24.02318712130231,0.16682597497445104,FLAT,False,False,False,
2026-04-18T17:44:00+00:00,ETHUSDT,LONG_SPOT_SHORT_PERP,2362.13,2360.45,-7.112224983384873,-0.00015064,-0.00010377,2026-04-19T00:00:00.002000+00:00,376.00003333333336,-24.149924983384874,0.16661821469404584,FLAT,False,False,False,
2026-04-18T17:45:00+00:00,ETHUSDT,LONG_SPOT_SHORT_PERP,2362.61,2361.01,-6.772171454450413,-0.00015064,-0.00010377,2026-04-19T00:00:00.002000+00:00,375.00003333333336,-23.809871454450413,0.1671814219274377,FLAT,False,False,False,
2026-04-18T17:46:00+00:00,ETHUSDT,LONG_SPOT_SHORT_PERP,2362.64,2361.21,-6.0525513831977635,-0.00015064,-0.00010377,2026-04-19T00:00:00.002000+00:00,374.00003333333336,-23.090251383197764,0.16843560053678835,FLAT,False,False,False,
2026-04-18T17:47:00+00:00,ETHUSDT,LONG_SPOT_SHORT_PERP,2364.05,2362.73,-5.583638247922691,-0.00015064,-0.00010377,2026-04-19T00:00:00.002000+00:00,373.00003333333336,-22.62133824792269,0.16930056205388583,FLAT,False,False,False,
2026-04-18T17:48:00+00:00,ETHUSDT,LONG_SPOT_SHORT_PERP,2363.57,2362.01,-6.600185312895092,-0.00015064,-0.00010377,2026-04-19T00:00:00.002000+00:00,372.00003333333336,-23.637885312895094,0.1674733472446836,FLAT,False,False,False,
2026-04-18T17:49:00+00:00,ETHUSDT,LONG_SPOT_SHORT_PERP,2364.04,2362.5,-6.51427217813558,-0.00015064,-0.00010377,2026-04-19T00:00:00.002000+00:00,371.00003333333336,-23.55197217813558,0.1676209874990293,FLAT,False,False,False,
2026-04-18T17:50:00+00:00,ETHUSDT,LONG_SPOT_SHORT_PERP,2363.95,2362.47,-6.2607077137842095,-0.00015064,-0.00010377,2026-04-19T00:00:00.002000+00:00,370.00003333333336,-23.298407713784208,0.16806388925213178,FLAT,False,False,False,
2026-04-18T17:51:00+00:00,ETHUSDT,LONG_SPOT_SHORT_PERP,2363.98,2362.46,-6.429834431763306,-0.00015064,-0.00010377,2026-04-19T00:00:00.002000+00:00,369.00003333333336,-23.467534431763305,0.1677672818541859,FLAT,False,False,False,
2026-04-18T17:52:00+00:00,ETHUSDT,LONG_SPOT_SHORT_PERP,2363.99,2362.51,-6.260601779193498,-0.00015064,-0.00010377,2026-04-19T00:00:00.002000+00:00,368.00003333333336,-23.298301779193498,0.16806407654546007,FLAT,False,False,False,
2026-04-18T17:53:00+00:00,ETHUSDT,LONG_SPOT_SHORT_PERP,2364.0,2362.45,-6.556683587141209,-0.00015064,-0.00010377,2026-04-19T00:00:00.002000+00:00,367.00003333333336,-23.59438358714121,0.1675479522326213,FLAT,False,False,False,
2026-04-18T17:54:00+00:00,ETHUSDT,LONG_SPOT_SHORT_PERP,2364.53,2363.01,-6.428338824206001,-0.00015064,-0.00010377,2026-04-19T00:00:00.002000+00:00,366.00003333333336,-23.466038824206002,0.16776988378426666,FLAT,False,False,False,
2026-04-18T17:55:00+00:00,ETHUSDT,LONG_SPOT_SHORT_PERP,2362.63,2361.0,-6.899091266936038,-0.00015064,-0.00010377,2026-04-19T00:00:00.002000+00:00,365.00003333333336,-23.936791266936037,0.16696905953097002,FLAT,False,False,False,
2026-04-18T17:56:00+00:00,ETHUSDT,LONG_SPOT_SHORT_PERP,2362.59,2361.15,-6.095005904537201,-0.00015064,-0.00010377,2026-04-19T00:00:00.002000+00:00,364.00003333333336,-23.1327059045372,0.1683591859014277,FLAT,False,False,False,
2026-04-18T17:57:00+00:00,ETHUSDT,LONG_SPOT_SHORT_PERP,2362.84,2361.41,-6.052039071626902,-0.00015064,-0.00010377,2026-04-19T00:00:00.002000+00:00,363.00003333333336,-23.0897390716269,0.1684365245518678,FLAT,False,False,False,
2026-04-18T17:58:00+00:00,ETHUSDT,LONG_SPOT_SHORT_PERP,2362.71,2361.24,-6.221669184962415,-0.00015064,-0.00010377,2026-04-19T00:00:00.002000+00:00,362.00003333333336,-23.259369184962416,0.16813303852884778,FLAT,False,False,False,
2026-04-18T17:59:00+00:00,ETHUSDT,LONG_SPOT_SHORT_PERP,2361.46,2360.0,-6.182615839353774,-0.00015064,-0.00010377,2026-04-19T00:00:00.002000+00:00,361.00003333333336,-23.220315839353773,0.16820247311267705,FLAT,False,False,False,
2026-04-18T18:00:00+00:00,ETHUSDT,LONG_SPOT_SHORT_PERP,2360.24,2358.41,-7.7534488018164565,-0.00015064,-0.00010377,2026-04-19T00:00:00.002000+00:00,360.00003333333336,-24.791148801816455,0.165605010040282,FLAT,False,False,False,
2026-04-18T18:01:00+00:00,ETHUSDT,LONG_SPOT_SHORT_PERP,2357.43,2355.78,-6.999147376590764,-0.00015064,-0.00010377,2026-04-19T00:00:00.002000+00:00,359.00003333333336,-24.036847376590764,0.1668034600242096,FLAT,False,False,False,
2026-04-18T18:02:00+00:00,ETHUSDT,LONG_SPOT_SHORT_PERP,2357.44,2355.98,-6.193158680602842,-0.00015064,-0.00010377,2026-04-19T00:00:00.002000+00:00,358.00003333333336,-23.230858680602843,0.16818370296672183,FLAT,False,False,False,
2026-04-18T18:03:00+00:00,ETHUSDT,LONG_SPOT_SHORT_PERP,2359.77,2358.28,-6.314174686515134,-0.00015064,-0.00010377,2026-04-19T00:00:00.002000+00:00,357.00003333333336,-23.351874686515135,0.16796960120906546,FLAT,False,False,False,
2026-04-18T18:04:00+00:00,ETHUSDT,LONG_SPOT_SHORT_PERP,2361.6,2360.0,-6.775067750677122,-0.00015064,-0.00010377,2026-04-19T00:00:00.002000+00:00,356.00003333333336,-23.81276775067712,0.16717654694324516,FLAT,False,False,False,
2026-04-18T18:05:00+00:00,ETHUSDT,LONG_SPOT_SHORT_PERP,2361.45,2359.79,-7.029579283913929,-0.00015064,-0.00010377,2026-04-19T00:00:00.002000+00:00,355.00003333333336,-24.06727928391393,0.16675340797564725,FLAT,False,False,False,
2026-04-18T18:06:00+00:00,ETHUSDT,LONG_SPOT_SHORT_PERP,2360.99,2359.29,-7.200369336591083,-0.00015064,-0.00010377,2026-04-19T00:00:00.002000+00:00,354.00003333333336,-24.23806933659108,0.16647520488259382,FLAT,False,False,False,
2026-04-18T18:07:00+00:00,ETHUSDT,LONG_SPOT_SHORT_PERP,2360.01,2358.26,-7.415222816852471,-0.00015064,-0.00010377,2026-04-19T00:00:00.002000+00:00,353.00003333333336,-24.45292281685247,0.1661316511667892,FLAT,False,False,False,
2026-04-18T18:08:00+00:00,ETHUSDT,LONG_SPOT_SHORT_PERP,2361.49,2360.0,-6.30957573396365,-0.00015064,-0.00010377,2026-04-19T00:00:00.002000+00:00,352.00003333333336,-23.34727573396365,0.1679776924154976,FLAT,False,False,False,
2026-04-18T18:09:00+00:00,ETHUSDT,LONG_SPOT_SHORT_PERP,2363.63,2361.83,-7.615405118399165,-0.00015064,-0.00010377,2026-04-19T00:00:00.002000+00:00,351.00003333333336,-24.653105118399164,0.16581788450508045,FLAT,False,False,False,
2026-04-18T18:10:00+00:00,ETHUSDT,LONG_SPOT_SHORT_PERP,2362.56,2360.69,-7.915142895841337,-0.00015064,-0.00010377,2026-04-19T00:00:00.002000+00:00,350.00003333333336,-24.952842895841336,0.16535923800648045,FLAT,False,False,False,
2026-04-18T18:11:00+00:00,ETHUSDT,LONG_SPOT_SHORT_PERP,2361.97,2360.22,-7.409069547877408,-0.00015064,-0.00010377,2026-04-19T00:00:00.002000+00:00,349.00003333333336,-24.44676954787741,0.16614139190420116,FLAT,False,False,False,
2026-04-18T18:12:00+00:00,ETHUSDT,LONG_SPOT_SHORT_PERP,2361.9,2360.25,-6.985901181252766,-0.00015064,-0.00010377,2026-04-19T00:00:00.002000+00:00,348.00003333333336,-24.023601181252765,0.16682529208307928,FLAT,False,False,False,
2026-04-18T18:13:00+00:00,ETHUSDT,LONG_SPOT_SHORT_PERP,2360.57,2358.86,-7.244013098531441,-0.00015064,-0.00010377,2026-04-19T00:00:00.002000+00:00,347.00003333333336,-24.28171309853144,0.16640484228043612,FLAT,False,False,False,
2026-04-18T18:14:00+00:00,ETHUSDT,LONG_SPOT_SHORT_PERP,2361.21,2359.35,-7.877317138247455,-0.00015064,-0.00010377,2026-04-19T00:00:00.002000+00:00,346.00003333333336,-24.915017138247457,0.16541638980029308,FLAT,False,False,False,
2026-04-18T18:15:00+00:00,ETHUSDT,LONG_SPOT_SHORT_PERP,2359.51,2357.85,-7.035359036411412,-0.00015064,-0.00010377,2026-04-19T00:00:00.002000+00:00,345.00003333333336,-24.07305903641141,0.16674391840698577,FLAT,False,False,False,
2026-04-18T18:16:00+00:00,ETHUSDT,LONG_SPOT_SHORT_PERP,2359.42,2357.82,-6.7813276144133265,-0.00015064,-0.00010377,2026-04-19T00:00:00.002000+00:00,344.00003333333336,-23.819027614413326,0.16716601510138704,FLAT,False,False,False,
2026-04-18T18:17:00+00:00,ETHUSDT,LONG_SPOT_SHORT_PERP,2358.01,2356.16,-7.845598619176186,-0.00015064,-0.00010377,2026-04-19T00:00:00.002000+00:00,343.00003333333336,-24.883298619176188,0.1654644748898082,FLAT,False,False,False,
2026-04-18T18:18:00+00:00,ETHUSDT,LONG_SPOT_SHORT_PERP,2358.0,2356.28,-7.294317217980492,-0.00015064,-0.00010377,2026-04-19T00:00:00.002000+00:00,342.00003333333336,-24.332017217980493,0.16632410724392613,FLAT,False,False,False,
2026-04-18T18:19:00+00:00,ETHUSDT,LONG_SPOT_SHORT_PERP,2355.93,2353.92,-8.531662655510834,-0.00015064,-0.00010377,2026-04-19T00:00:00.002000+00:00,341.00003333333336,-25.569362655510833,0.16445652849738024,FLAT,False,False,False,
2026-04-18T18:20:00+00:00,ETHUSDT,LONG_SPOT_SHORT_PERP,2354.41,2352.83,-6.710810776372541,-0.00015064,-0.00010377,2026-04-19T00:00:00.002000+00:00,340.00003333333336,-23.74851077637254,0.16728502194175598,FLAT,False,False,False,
2026-04-18T18:21:00+00:00,ETHUSDT,LONG_SPOT_SHORT_PERP,2356.85,2355.12,-7.340305916795801,-0.00015064,-0.00010377,2026-04-19T00:00:00.002000+00:00,339.00003333333336,-24.3780059167958,0.16625063912837448,FLAT,False,False,False,
2026-04-18T18:22:00+00:00,ETHUSDT,LONG_SPOT_SHORT_PERP,2356.54,2355.06,-6.2803941371672805,-0.00015064,-0.00010377,2026-04-19T00:00:00.002000+00:00,338.00003333333336,-23.31809413716728,0.16802911643555657,FLAT,False,False,False,
2026-04-18T18:23:00+00:00,ETHUSDT,LONG_SPOT_SHORT_PERP,2356.16,2354.53,-6.918036126577374,-0.00015064,-0.00010377,2026-04-19T00:00:00.002000+00:00,337.00003333333336,-23.955736126577374,0.16693758230407835,FLAT,False,False,False,
2026-04-18T18:24:00+00:00,ETHUSDT,LONG_SPOT_SHORT_PERP,2355.7,2354.07,-6.919387018719084,-0.00015064,-0.00010377,2026-04-19T00:00:00.002000+00:00,336.00003333333336,-23.957087018719083,0.1669353399584943,FLAT,False,False,False,
2026-04-18T18:25:00+00:00,ETHUSDT,LONG_SPOT_SHORT_PERP,2356.46,2354.91,-6.577663104827503,-0.00015064,-0.00010377,2026-04-19T00:00:00.002000+00:00,335.00003333333336,-23.6153631048275,0.16751193373869755,FLAT,False,False,False,
2026-04-18T18:26:00+00:00,ETHUSDT,LONG_SPOT_SHORT_PERP,2357.98,2356.3,-7.1247423642263135,-0.00015064,-0.00010377,2026-04-19T00:00:00.002000+00:00,334.00003333333336,-24.162442364226315,0.1665978319923612,FLAT,False,False,False,
2026-04-18T18:27:00+00:00,ETHUSDT,LONG_SPOT_SHORT_PERP,2357.18,2355.48,-7.212007568364818,-0.00015064,-0.00010377,2026-04-19T00:00:00.002000+00:00,333.00003333333336,-24.24970756836482,0.1664564128170553,FLAT,False,False,False,
2026-04-18T18:28:00+00:00,ETHUSDT,LONG_SPOT_SHORT_PERP,2355.93,2354.18,-7.428064501067519,-0.00015064,-0.00010377,2026-04-19T00:00:00.002000+00:00,332.00003333333336,-24.465764501067518,0.1661113411105406,FLAT,False,False,False,
2026-04-18T18:29:00+00:00,ETHUSDT,LONG_SPOT_SHORT_PERP,2355.31,2353.7,-6.835618241336077,-0.00015064,-0.00010377,2026-04-19T00:00:00.002000+00:00,331.00003333333336,-23.873318241336076,0.16707493930494172,FLAT,False,False,False,
2026-04-18T18:30:00+00:00,ETHUSDT,LONG_SPOT_SHORT_PERP,2353.81,2352.15,-7.052395902812268,-0.00015064,-0.00010377,2026-04-19T00:00:00.002000+00:00,330.00003333333336,-24.09009590281227,0.16671597682135827,FLAT,False,False,False,
2026-04-18T18:31:00+00:00,ETHUSDT,LONG_SPOT_SHORT_PERP,2354.49,2352.64,-7.857327913900289,-0.00015064,-0.00010377,2026-04-19T00:00:00.002000+00:00,329.00003333333336,-24.89502791390029,0.165446676219084,FLAT,False,False,False,
2026-04-18T18:32:00+00:00,ETHUSDT,LONG_SPOT_SHORT_PERP,2349.66,2347.72,-8.25651370836655,-0.00015064,-0.00010377,2026-04-19T00:00:00.002000+00:00,328.00003333333336,-25.29421370836655,0.16485277411506,FLAT,False,False,False,
2026-04-18T18:33:00+00:00,ETHUSDT,LONG_SPOT_SHORT_PERP,2349.71,2348.14,-6.681675611033548,-0.00015064,-0.00010377,2026-04-19T00:00:00.002000+00:00,327.00003333333336,-23.71937561103355,0.16733442705749313,FLAT,False,False,False,
2026-04-18T18:34:00+00:00,ETHUSDT,LONG_SPOT_SHORT_PERP,2352.17,2350.38,-7.609994175590894,-0.00015064,-0.00010377,2026-04-19T00:00:00.002000+00:00,326.00003333333336,-24.647694175590892,0.16582628638404337,FLAT,False,False,False,
2026-04-18T18:35:00+00:00,ETHUSDT,LONG_SPOT_SHORT_PERP,2352.43,2350.7,-7.354097677720563,-0.00015064,-0.00010377,2026-04-19T00:00:00.002000+00:00,325.00003333333336,-24.39179767772056,0.1662286697004392,FLAT,False,False,False,
2026-04-18T18:36:00+00:00,ETHUSDT,LONG_SPOT_SHORT_PERP,2350.72,2349.18,-6.551184317996034,-0.00015064,-0.00010377,2026-04-19T00:00:00.002000+00:00,324.00003333333336,-23.588884317996033,0.1675574055928618,FLAT,False,False,False,
2026-04-18T18:37:00+00:00,ETHUSDT,LONG_SPOT_SHORT_PERP,2348.94,2347.5,-6.130424787351123,-0.00015064,-0.00010377,2026-04-19T00:00:00.002000+00:00,323.00003333333336,-23.168124787351122,0.1682956719065788,FLAT,False,False,False,
2026-04-18T18:38:00+00:00,ETHUSDT,LONG_SPOT_SHORT_PERP,2347.37,2345.87,-6.390130230854106,-0.00015064,-0.00010377,2026-04-19T00:00:00.002000+00:00,322.00003333333336,-23.427830230854106,0.16783648242059993,FLAT,False,False,False,
2026-04-18T18:39:00+00:00,ETHUSDT,LONG_SPOT_SHORT_PERP,2347.89,2346.24,-7.0275864712575595,-0.00015064,-0.00010377,2026-04-19T00:00:00.002000+00:00,321.00003333333336,-24.065286471257558,0.16675668112502415,FLAT,False,False,False,
2026-04-18T18:40:00+00:00,ETHUSDT,LONG_SPOT_SHORT_PERP,2347.67,2346.23,-6.133741113529817,-0.00015064,-0.00010377,2026-04-19T00:00:00.002000+00:00,320.00003333333336,-23.171441113529816,0.1682897360045143,FLAT,False,False,False,
2026-04-18T18:41:00+00:00,ETHUSDT,LONG_SPOT_SHORT_PERP,2343.2,2341.31,-8.065892796175627,-0.00015064,-0.00010377,2026-04-19T00:00:00.002000+00:00,319.00003333333336,-25.103592796175626,0.16513352560600028,FLAT,False,False,False,
2026-04-18T18:42:00+00:00,ETHUSDT,LONG_SPOT_SHORT_PERP,2342.99,2341.37,-6.914242058224282,-0.00015064,-0.00010377,2026-04-19T00:00:00.002000+00:00,318.00003333333336,-23.951942058224283,0.16694388163308713,FLAT,False,False,False,
2026-04-18T18:43:00+00:00,ETHUSDT,LONG_SPOT_SHORT_PERP,2343.89,2342.38,-6.442281847696622,-0.00015064,-0.00010377,2026-04-19T00:00:00.002000+00:00,317.00003333333336,-23.47998184769662,0.16774564136458464,FLAT,False,False,False,
2026-04-18T18:44:00+00:00,ETHUSDT,LONG_SPOT_SHORT_PERP,2345.79,2344.24,-6.607582093879596,-0.00015064,-0.00010377,2026-04-19T00:00:00.002000+00:00,316.00003333333336,-23.645282093879597,0.16746069277121234,FLAT,False,False,False,
2026-04-18T18:45:00+00:00,ETHUSDT,LONG_SPOT_SHORT_PERP,2344.73,2343.16,-6.695866901520277,-0.00015064,-0.00010377,2026-04-19T00:00:00.002000+00:00,315.00003333333336,-23.733566901520277,0.16731034533755118,FLAT,False,False,False,
2026-04-18T18:46:00+00:00,ETHUSDT,LONG_SPOT_SHORT_PERP,2351.19,2349.7,-6.337216473361304,-0.00015064,-0.00010377,2026-04-19T00:00:00.002000+00:00,314.00003333333336,-23.374916473361303,0.16792911605992192,FLAT,False,False,False,
2026-04-18T18:47:00+00:00,ETHUSDT,LONG_SPOT_SHORT_PERP,2350.3,2348.6,-7.23311917627653,-0.00015064,-0.00010377,2026-04-19T00:00:00.002000+00:00,313.00003333333336,-24.27081917627653,0.16642237785629455,FLAT,False,False,False,
2026-04-18T18:48:00+00:00,ETHUSDT,LONG_SPOT_SHORT_PERP,2350.99,2349.35,-6.97578466943659,-0.00015064,-0.00010377,2026-04-19T00:00:00.002000+00:00,312.00003333333336,-24.01348466943659,0.16684198458950997,FLAT,False,False,False,
2026-04-18T18:49:00+00:00,ETHUSDT,LONG_SPOT_SHORT_PERP,2349.21,2347.51,-7.236475240612028,-0.00015064,-0.00010377,2026-04-19T00:00:00.002000+00:00,311.00003333333336,-24.274175240612028,0.1664169737562408,FLAT,False,False,False,
2026-04-18T18:50:00+00:00,ETHUSDT,LONG_SPOT_SHORT_PERP,2349.53,2348.0,-6.511940686010393,-0.00015064,-0.00010377,2026-04-19T00:00:00.002000+00:00,310.00003333333336,-23.54964068601039,0.16762501110015607,FLAT,False,False,False,
2026-04-18T18:51:00+00:00,ETHUSDT,LONG_SPOT_SHORT_PERP,2350.37,2348.72,-7.020171292179916,-0.00015064,-0.00010377,2026-04-19T00:00:00.002000+00:00,309.00003333333336,-24.057871292179918,0.16676886589236364,FLAT,False,False,False,
2026-04-18T18:52:00+00:00,ETHUSDT,LONG_SPOT_SHORT_PERP,2350.01,2348.36,-7.021246718099459,-0.00015064,-0.00010377,2026-04-19T00:00:00.002000+00:00,308.00003333333336,-24.05894671809946,0.16676709819333418,FLAT,False,False,False,
2026-04-18T18:53:00+00:00,ETHUSDT,LONG_SPOT_SHORT_PERP,2349.46,2347.97,-6.341882815626724,-0.00015064,-0.00010377,2026-04-19T00:00:00.002000+00:00,307.00003333333336,-23.379582815626726,0.16792092802252478,FLAT,False,False,False,
2026-04-18T18:54:00+00:00,ETHUSDT,LONG_SPOT_SHORT_PERP,2347.7,2346.07,-6.9429654555507705,-0.00015064,-0.00010377,2026-04-19T00:00:00.002000+00:00,306.00003333333336,-23.98066545555077,0.16689624892125818,FLAT,False,False,False,
2026-04-18T18:55:00+00:00,ETHUSDT,LONG_SPOT_SHORT_PERP,2348.27,2346.61,-7.06903379934954,-0.00015064,-0.00010377,2026-04-19T00:00:00.002000+00:00,305.00003333333336,-24.10673379934954,0.1666887336745878,FLAT,False,False,False,
2026-04-18T18:56:00+00:00,ETHUSDT,LONG_SPOT_SHORT_PERP,2346.94,2345.07,-7.967821929831572,-0.00015064,-0.00010377,2026-04-19T00:00:00.002000+00:00,304.00003333333336,-25.005521929831573,0.16527999043490027,FLAT,False,False,False,
2026-04-18T18:57:00+00:00,ETHUSDT,LONG_SPOT_SHORT_PERP,2344.74,2342.92,-7.7620546414515434,-0.00015064,-0.00010377,2026-04-19T00:00:00.002000+00:00,303.00003333333336,-24.799754641451543,0.16559183263018004,FLAT,False,False,False,
2026-04-18T18:58:00+00:00,ETHUSDT,LONG_SPOT_SHORT_PERP,2347.74,2345.89,-7.879918559976442,-0.00015064,-0.00010377,2026-04-19T00:00:00.002000+00:00,302.00003333333336,-24.917618559976443,0.1654124525780212,FLAT,False,False,False,
2026-04-18T18:59:00+00:00,ETHUSDT,LONG_SPOT_SHORT_PERP,2347.44,2346.01,-6.09174249395016,-0.00015064,-0.00010377,2026-04-19T00:00:00.002000+00:00,301.00003333333336,-23.129442493950158,0.16836504876530617,FLAT,False,False,False,
2026-04-18T19:00:00+00:00,ETHUSDT,LONG_SPOT_SHORT_PERP,2350.0,2348.6,-5.957446808511025,-0.00015064,-0.00010377,2026-04-19T00:00:00.002000+00:00,300.00003333333336,-22.995146808511024,0.16860791132344083,FLAT,False,False,False,
2026-04-18T19:01:00+00:00,ETHUSDT,LONG_SPOT_SHORT_PERP,2351.91,2350.37,-6.5478696038537345,-0.00015064,-0.00010377,2026-04-19T00:00:00.002000+00:00,299.00003333333336,-23.585569603853735,0.16756310606460884,FLAT,False,False,False,
2026-04-18T19:02:00+00:00,ETHUSDT,LONG_SPOT_SHORT_PERP,2353.53,2352.03,-6.3734050553848896,-0.00015064,-0.00010377,2026-04-19T00:00:00.002000+00:00,298.00003333333336,-23.41110505538489,0.16786571166697664,FLAT,False,False,False,
2026-04-18T19:03:00+00:00,ETHUSDT,LONG_SPOT_SHORT_PERP,2353.12,2351.3,-7.7344121846727285,-0.00015064,-0.00010377,2026-04-19T00:00:00.002000+00:00,297.00003333333336,-24.77211218467273,0.16563419807392907,FLAT,False,False,False,
2026-04-18T19:04:00+00:00,ETHUSDT,LONG_SPOT_SHORT_PERP,2354.02,2352.26,-7.476571991740782,-0.00015064,-0.00010377,2026-04-19T00:00:00.002000+00:00,296.00003333333336,-24.51427199174078,0.16603484901163695,FLAT,False,False,False,
2026-04-18T19:05:00+00:00,ETHUSDT,LONG_SPOT_SHORT_PERP,2352.75,2350.85,-8.075656147062334,-0.00015064,-0.00010377,2026-04-19T00:00:00.002000+00:00,295.00003333333336,-25.113356147062333,0.16511902010731908,FLAT,False,False,False,
2026-04-18T19:06:00+00:00,ETHUSDT,LONG_SPOT_SHORT_PERP,2353.43,2351.78,-7.011043455720529,-0.00015064,-0.00010377,2026-04-19T00:00:00.002000+00:00,294.00003333333336,-24.04874345572053,0.16678387685364826,FLAT,False,False,False,
2026-04-18T19:07:00+00:00,ETHUSDT,LONG_SPOT_SHORT_PERP,2353.33,2351.78,-6.586411595482687,-0.00015064,-0.00010377,2026-04-19T00:00:00.002000+00:00,293.00003333333336,-23.624111595482688,0.16749693536412563,FLAT,False,False,False,
2026-04-18T19:08:00+00:00,ETHUSDT,LONG_SPOT_SHORT_PERP,2354.99,2353.13,-7.898122709649182,-0.00015064,-0.00010377,2026-04-19T00:00:00.002000+00:00,292.00003333333336,-24.93582270964918,0.16538492840938235,FLAT,False,False,False,
2026-04-18T19:09:00+00:00,ETHUSDT,LONG_SPOT_SHORT_PERP,2353.56,2351.91,-7.010656197420465,-0.00015064,-0.00010377,2026-04-19T00:00:00.002000+00:00,291.00003333333336,-24.048356197420464,0.16678451400093156,FLAT,False,False,False,
2026-04-18T19:10:00+00:00,ETHUSDT,LONG_SPOT_SHORT_PERP,2353.88,2351.99,-8.029296310773391,-0.00015064,-0.00010377,2026-04-19T00:00:00.002000+00:00,290.00003333333336,-25.06699631077339,0.16518801903888627,FLAT,False,False,False,
2026-04-18T19:11:00+00:00,ETHUSDT,LONG_SPOT_SHORT_PERP,2355.53,2353.6,-8.193485118000156,-0.00015064,-0.00010377,2026-04-19T00:00:00.002000+00:00,289.00003333333336,-25.231185118000155,0.16494503352557985,FLAT,False,False,False,
2026-04-18T19:12:00+00:00,ETHUSDT,LONG_SPOT_SHORT_PERP,2354.43,2352.66,-7.517743148023012,-0.00015064,-0.00010377,2026-04-19T00:00:00.002000+00:00,288.00003333333336,-24.555443148023013,0.16597020521350378,FLAT,False,False,False,
2026-04-18T19:13:00+00:00,ETHUSDT,LONG_SPOT_SHORT_PERP,2354.06,2352.37,-7.179086344443449,-0.00015064,-0.00010377,2026-04-19T00:00:00.002000+00:00,287.00003333333336,-24.21678634444345,0.16650962460858745,FLAT,False,False,False,
2026-04-18T19:14:00+00:00,ETHUSDT,LONG_SPOT_SHORT_PERP,2354.01,2352.37,-6.966835315059526,-0.00015064,-0.00010377,2026-04-19T00:00:00.002000+00:00,286.00003333333336,-24.004535315059528,0.16685676478115116,FLAT,False,False,False,
2026-04-18T19:15:00+00:00,ETHUSDT,LONG_SPOT_SHORT_PERP,2354.9,2352.88,-8.577858932438668,-0.00015064,-0.00010377,2026-04-19T00:00:00.002000+00:00,285.00003333333336,-25.615558932438667,0.16439102682193513,FLAT,False,False,False,
2026-04-18T19:16:00+00:00,ETHUSDT,LONG_SPOT_SHORT_PERP,2354.73,2353.1,-6.9222373690406505,-0.00015064,-0.00010377,2026-04-19T00:00:00.002000+00:00,284.00003333333336,-23.959937369040652,0.16693060961674738,FLAT,False,False,False,
2026-04-18T19:17:00+00:00,ETHUSDT,LONG_SPOT_SHORT_PERP,2353.4,2351.73,-7.09611625733013,-0.00015064,-0.00010377,2026-04-19T00:00:00.002000+00:00,283.00003333333336,-24.133816257330132,0.16664448147151836,FLAT,False,False,False,
2026-04-18T19:18:00+00:00,ETHUSDT,LONG_SPOT_SHORT_PERP,2354.11,2352.3,-7.68868064788793,-0.00015064,-0.00010377,2026-04-19T00:00:00.002000+00:00,282.00003333333336,-24.72638064788793,0.16570453538940672,FLAT,False,False,False,
2026-04-18T19:19:00+00:00,ETHUSDT,LONG_SPOT_SHORT_PERP,2352.48,2350.76,-7.311433040875161,-0.00015064,-0.00010377,2026-04-19T00:00:00.002000+00:00,281.00003333333336,-24.34913304087516,0.16629672631411127,FLAT,False,False,False,
2026-04-18T19:20:00+00:00,ETHUSDT,LONG_SPOT_SHORT_PERP,2353.25,2351.61,-6.9690853075528425,-0.00015064,-0.00010377,2026-04-19T00:00:00.002000+00:00,280.00003333333336,-24.006785307552843,0.1668530476393987,FLAT,False,False,False,
2026-04-18T19:21:00+00:00,ETHUSDT,LONG_SPOT_SHORT_PERP,2352.6,2350.85,-7.438578593896116,-0.00015064,-0.00010377,2026-04-19T00:00:00.002000+00:00,279.00003333333336,-24.476278593896115,0.1660947309816942,FLAT,False,False,False,
2026-04-18T19:22:00+00:00,ETHUSDT,LONG_SPOT_SHORT_PERP,2349.55,2348.01,-6.554446596156556,-0.00015064,-0.00010377,2026-04-19T00:00:00.002000+00:00,278.00003333333336,-23.592146596156557,0.16755179706621723,FLAT,False,False,False,
2026-04-18T19:23:00+00:00,ETHUSDT,LONG_SPOT_SHORT_PERP,2348.98,2347.21,-7.535185484763522,-0.00015064,-0.00010377,2026-04-19T00:00:00.002000+00:00,277.00003333333336,-24.57288548476352,0.16594289574027268,FLAT,False,False,False,
2026-04-18T19:24:00+00:00,ETHUSDT,LONG_SPOT_SHORT_PERP,2349.02,2347.48,-6.555925449761873,-0.00015064,-0.00010377,2026-04-19T00:00:00.002000+00:00,276.00003333333336,-23.593625449761873,0.16754925519068087,FLAT,False,False,False,
2026-04-18T19:25:00+00:00,ETHUSDT,LONG_SPOT_SHORT_PERP,2350.31,2348.8,-6.424684403333022,-0.00015064,-0.00010377,2026-04-19T00:00:00.002000+00:00,275.00003333333336,-23.462384403333022,0.16777624300193972,FLAT,False,False,False,
2026-04-18T19:26:00+00:00,ETHUSDT,LONG_SPOT_SHORT_PERP,2350.12,2348.55,-6.68050993140652,-0.00015064,-0.00010377,2026-04-19T00:00:00.002000+00:00,274.00003333333336,-23.71820993140652,0.16733640659922303,FLAT,False,False,False,
2026-04-18T19:27:00+00:00,ETHUSDT,LONG_SPOT_SHORT_PERP,2351.09,2349.51,-6.720287185943231,-0.00015064,-0.00010377,2026-04-19T00:00:00.002000+00:00,273.00003333333336,-23.757987185943232,0.16726898233145707,FLAT,False,False,False,
2026-04-18T19:28:00+00:00,ETHUSDT,LONG_SPOT_SHORT_PERP,2351.29,2349.73,-6.63465586975637,-0.00015064,-0.00010377,2026-04-19T00:00:00.002000+00:00,272.00003333333336,-23.67235586975637,0.1674144512113047,FLAT,False,False,False,
2026-04-18T19:29:00+00:00,ETHUSDT,LONG_SPOT_SHORT_PERP,2351.38,2349.84,-6.5493454907329465,-0.00015064,-0.00010377,2026-04-19T00:00:00.002000+00:00,271.00003333333336,-23.587045490732947,0.16756056768794503,FLAT,False,False,False,
2026-04-18T19:30:00+00:00,ETHUSDT,LONG_SPOT_SHORT_PERP,2352.32,2350.51,-7.694531356277825,-0.00015064,-0.00010377,2026-04-19T00:00:00.002000+00:00,270.00003333333336,-24.732231356277826,0.1656955194256949,FLAT,False,False,False,
2026-04-18T19:31:00+00:00,ETHUSDT,LONG_SPOT_SHORT_PERP,2350.36,2348.7,-7.062747834375624,-0.00015064,-0.00010377,2026-04-19T00:00:00.002000+00:00,269.00003333333336,-24.100447834375622,0.16669902129217348,FLAT,False,False,False,
2026-04-18T19:32:00+00:00,ETHUSDT,LONG_SPOT_SHORT_PERP,2348.56,2347.01,-6.599788806757022,-0.00015064,-0.00010377,2026-04-19T00:00:00.002000+00:00,268.00003333333336,-23.637488806757023,0.16747402584412652,FLAT,False,False,False,
2026-04-18T19:33:00+00:00,ETHUSDT,LONG_SPOT_SHORT_PERP,2349.42,2347.8,-6.895318844650555,-0.00015064,-0.00010377,2026-04-19T00:00:00.002000+00:00,267.00003333333336,-23.933018844650555,0.16697533431712996,FLAT,False,False,False,
2026-04-18T19:34:00+00:00,ETHUSDT,LONG_SPOT_SHORT_PERP,2349.25,2347.85,-5.959348728317935,-0.00015064,-0.00010377,2026-04-19T00:00:00.002000+00:00,266.00003333333336,-22.997048728317935,0.1686044500389221,FLAT,False,False,False,
2026-04-18T19:35:00+00:00,ETHUSDT,LONG_SPOT_SHORT_PERP,2348.72,2347.1,-6.897373888755965,-0.00015064,-0.00010377,2026-04-19T00:00:00.002000+00:00,265.00003333333336,-23.935073888755966,0.1669719158171883,FLAT,False,False,False,
2026-04-18T19:36:00+00:00,ETHUSDT,LONG_SPOT_SHORT_PERP,2347.47,2346.03,-6.134263696658956,-0.00015064,-0.00010377,2026-04-19T00:00:00.002000+00:00,264.00003333333336,-23.171963696658956,0.1682888008032228,FLAT,False,False,False,
2026-04-18T19:37:00+00:00,ETHUSDT,LONG_SPOT_SHORT_PERP,2347.78,2346.28,-6.389014302873353,-0.00015064,-0.00010377,2026-04-19T00:00:00.002000+00:00,263.00003333333336,-23.426714302873354,0.16783843118052064,FLAT,False,False,False,
2026-04-18T19:38:00+00:00,ETHUSDT,LONG_SPOT_SHORT_PERP,2348.76,2347.12,-6.982407738552799,-0.00015064,-0.00010377,2026-04-19T00:00:00.002000+00:00,262.00003333333336,-24.0201077385528,0.1668310545208224,FLAT,False,False,False,
2026-04-18T19:39:00+00:00,ETHUSDT,LONG_SPOT_SHORT_PERP,2347.5,2345.84,-7.071352502661787,-0.00015064,-0.00010377,2026-04-19T00:00:00.002000+00:00,261.00003333333336,-24.109052502661786,0.16668494045030458,FLAT,False,False,False,
2026-04-18T19:40:00+00:00,ETHUSDT,LONG_SPOT_SHORT_PERP,2348.48,2347.0,-6.301948494345355,-0.00015064,-0.00010377,2026-04-19T00:00:00.002000+00:00,260.00003333333336,-23.339648494345354,0.16799111932328356,FLAT,False,False,False,
2026-04-18T19:41:00+00:00,ETHUSDT,LONG_SPOT_SHORT_PERP,2347.38,2345.93,-6.177099574846309,-0.00015064,-0.00010377,2026-04-19T00:00:00.002000+00:00,259.00003333333336,-23.21479957484631,0.1682123016487942,FLAT,False,False,False,
2026-04-18T19:42:00+00:00,ETHUSDT,LONG_SPOT_SHORT_PERP,2347.93,2346.39,-6.558968964151248,-0.00015064,-0.00010377,2026-04-19T00:00:00.002000+00:00,258.00003333333336,-23.59666896415125,0.16754402508685579,FLAT,False,False,False,
2026-04-18T19:43:00+00:00,ETHUSDT,LONG_SPOT_SHORT_PERP,2347.74,2346.29,-6.176152384845929,-0.00015064,-0.00010377,2026-04-19T00:00:00.002000+00:00,257.00003333333336,-23.21385238484593,0.16821398981496616,FLAT,False,False,False,
2026-04-18T19:44:00+00:00,ETHUSDT,LONG_SPOT_SHORT_PERP,2347.43,2345.81,-6.90116425196871,-0.00015064,-0.00010377,2026-04-19T00:00:00.002000+00:00,256.00003333333336,-23.93886425196871,0.16696561243853084,FLAT,False,False,False,
2026-04-18T19:45:00+00:00,ETHUSDT,LONG_SPOT_SHORT_PERP,2348.21,2346.6,-6.856286277633292,-0.00015064,-0.00010377,2026-04-19T00:00:00.002000+00:00,255.00003333333333,-23.893986277633292,0.16704039195993173,FLAT,False,False,False,
2026-04-18T19:46:00+00:00,ETHUSDT,LONG_SPOT_SHORT_PERP,2347.88,2346.48,-5.962826038809866,-0.00015064,-0.00010377,2026-04-19T00:00:00.002000+00:00,254.00003333333333,-23.000526038809866,0.1685981233442541,FLAT,False,False,False,
2026-04-18T19:47:00+00:00,ETHUSDT,LONG_SPOT_SHORT_PERP,2348.42,2346.99,-6.089200398567083,-0.00015064,-0.00010377,2026-04-19T00:00:00.002000+00:00,253.00003333333333,-23.126900398567084,0.16836961702255132,FLAT,False,False,False,
2026-04-18T19:48:00+00:00,ETHUSDT,LONG_SPOT_SHORT_PERP,2349.99,2348.57,-6.042578904589458,-0.00015064,-0.00010377,2026-04-19T00:00:00.002000+00:00,252.00003333333333,-23.08027890458946,0.1684535952336421,FLAT,False,False,False,
2026-04-18T19:49:00+00:00,ETHUSDT,LONG_SPOT_SHORT_PERP,2349.32,2347.72,-6.8104813307696,-0.00015064,-0.00010377,2026-04-19T00:00:00.002000+00:00,251.00003333333333,-23.8481813307696,0.16711704899748628,FLAT,False,False,False,
2026-04-18T19:50:00+00:00,ETHUSDT,LONG_SPOT_SHORT_PERP,2349.92,2348.48,-6.127868182746878,-0.00015064,-0.00010377,2026-04-19T00:00:00.002000+00:00,250.00003333333333,-23.165568182746878,0.16830024926681972,FLAT,False,False,False,
2026-04-18T19:51:00+00:00,ETHUSDT,LONG_SPOT_SHORT_PERP,2349.99,2348.59,-5.95747215945445,-0.00015064,-0.00010377,2026-04-19T00:00:00.002000+00:00,249.00003333333333,-22.995172159454448,0.1686078651833772,FLAT,False,False,False,
2026-04-18T19:52:00+00:00,ETHUSDT,LONG_SPOT_SHORT_PERP,2349.32,2347.68,-6.980743364038647,-0.00015064,-0.00010377,2026-04-19T00:00:00.002000+00:00,248.00003333333333,-24.018443364038646,0.16683380058854108,FLAT,False,False,False,
2026-04-18T19:53:00+00:00,ETHUSDT,LONG_SPOT_SHORT_PERP,2349.11,2347.52,-6.768520844064967,-0.00015064,-0.00010377,2026-04-19T00:00:00.002000+00:00,247.00003333333333,-23.806220844064967,0.16718756848758828,FLAT,False,False,False,
2026-04-18T19:54:00+00:00,ETHUSDT,LONG_SPOT_SHORT_PERP,2347.67,2346.19,-6.304122811127706,-0.00015064,-0.00010377,2026-04-19T00:00:00.002000+00:00,246.00003333333333,-23.341822811127706,0.1679872906807238,FLAT,False,False,False,
2026-04-18T19:55:00+00:00,ETHUSDT,LONG_SPOT_SHORT_PERP,2349.42,2347.99,-6.086608609785782,-0.00015064,-0.00010377,2026-04-19T00:00:00.002000+00:00,245.00003333333333,-23.124308609785782,0.16837427572505292,FLAT,False,False,False,
2026-04-18T19:56:00+00:00,ETHUSDT,LONG_SPOT_SHORT_PERP,2349.7,2348.18,-6.468910924798834,-0.00015064,-0.00010377,2026-04-19T00:00:00.002000+00:00,244.00003333333333,-23.506610924798835,0.16769943189685996,FLAT,False,False,False,
2026-04-18T19:57:00+00:00,ETHUSDT,LONG_SPOT_SHORT_PERP,2348.83,2347.37,-6.215860662542783,-0.00015064,-0.00010377,2026-04-19T00:00:00.002000+00:00,243.00003333333333,-23.25356066254278,0.16814334931924282,FLAT,False,False,False,
2026-04-18T19:58:00+00:00,ETHUSDT,LONG_SPOT_SHORT_PERP,2349.45,2347.85,-6.810104492540421,-0.00015064,-0.00010377,2026-04-19T00:00:00.002000+00:00,242.00003333333333,-23.84780449254042,0.16711768105521768,FLAT,False,False,False,
2026-04-18T19:59:00+00:00,ETHUSDT,LONG_SPOT_SHORT_PERP,2348.59,2347.04,-6.59970450355397,-0.00015064,-0.00010377,2026-04-19T00:00:00.002000+00:00,241.00003333333333,-23.63740450355397,0.16747417012795948,FLAT,False,False,False,
2026-04-18T20:00:00+00:00,ETHUSDT,LONG_SPOT_SHORT_PERP,2347.62,2346.01,-6.858009388230091,-0.00015064,-0.00010377,2026-04-19T00:00:00.002000+00:00,240.00003333333333,-23.89570938823009,0.16703751481437631,FLAT,False,False,False,
2026-04-18T20:01:00+00:00,ETHUSDT,LONG_SPOT_SHORT_PERP,2345.24,2343.73,-6.438573450903804,-0.00015064,-0.00010377,2026-04-19T00:00:00.002000+00:00,239.00003333333333,-23.476273450903804,0.1677520859089235,FLAT,False,False,False,
2026-04-18T20:02:00+00:00,ETHUSDT,LONG_SPOT_SHORT_PERP,2346.2,2344.97,-5.242519819282322,-0.00015064,-0.00010377,2026-04-19T00:00:00.002000+00:00,238.00003333333333,-22.280219819282323,0.16995457511549286,FLAT,False,False,False,
2026-04-18T20:03:00+00:00,ETHUSDT,LONG_SPOT_SHORT_PERP,2345.88,2344.42,-6.223677255443741,-0.00015064,-0.00010377,2026-04-19T00:00:00.002000+00:00,237.00003333333333,-23.26137725544374,0.16812947530798003,FLAT,False,False,False,
2026-04-18T20:04:00+00:00,ETHUSDT,LONG_SPOT_SHORT_PERP,2345.03,2343.42,-6.8655838091628985,-0.00015064,-0.00010377,2026-04-19T00:00:00.002000+00:00,236.00003333333333,-23.9032838091629,0.16702487314800912,FLAT,False,False,False,
2026-04-18T20:05:00+00:00,ETHUSDT,LONG_SPOT_SHORT_PERP,2345.59,2344.2,-5.926014350335426,-0.00015064,-0.00010377,2026-04-19T00:00:00.002000+00:00,235.00003333333333,-22.963714350335426,0.16866520619256234,FLAT,False,False,False,
2026-04-18T20:06:00+00:00,ETHUSDT,LONG_SPOT_SHORT_PERP,2349.66,2348.51,-4.894325136401166,-0.00015064,-0.00010377,2026-04-19T00:00:00.002000+00:00,234.00003333333333,-21.932025136401165,0.17064444842133306,FLAT,False,False,False,
2026-04-18T20:07:00+00:00,ETHUSDT,LONG_SPOT_SHORT_PERP,2348.85,2347.18,-7.109862273027536,-0.00015064,-0.00010377,2026-04-19T00:00:00.002000+00:00,233.00003333333333,-24.147562273027535,0.16662206476939567,FLAT,False,False,False,
2026-04-18T20:08:00+00:00,ETHUSDT,LONG_SPOT_SHORT_PERP,2349.39,2347.87,-6.469764492059563,-0.00015064,-0.00010377,2026-04-19T00:00:00.002000+00:00,232.00003333333333,-23.50746449205956,0.1676979526502648,FLAT,False,False,False,
2026-04-18T20:09:00+00:00,ETHUSDT,LONG_SPOT_SHORT_PERP,2349.57,2348.25,-5.618049260078073,-0.00015064,-0.00010377,2026-04-19T00:00:00.002000+00:00,231.00003333333333,-22.655749260078075,0.1692357614191763,FLAT,False,False,False,
2026-04-18T20:10:00+00:00,ETHUSDT,LONG_SPOT_SHORT_PERP,2350.0,2348.43,-6.6808510638304845,-0.00015064,-0.00010377,2026-04-19T00:00:00.002000+00:00,230.00003333333333,-23.718551063830486,0.16733582726974186,FLAT,False,False,False,
2026-04-18T20:11:00+00:00,ETHUSDT,LONG_SPOT_SHORT_PERP,2349.99,2348.55,-6.127685649724466,-0.00015064,-0.00010377,2026-04-19T00:00:00.002000+00:00,229.00003333333333,-23.165385649724467,0.16830057611787302,FLAT,False,False,False,
2026-04-18T20:12:00+00:00,ETHUSDT,LONG_SPOT_SHORT_PERP,2349.69,2348.19,-6.383820844451821,-0.00015064,-0.00010377,2026-04-19T00:00:00.002000+00:00,228.00003333333333,-23.42152084445182,0.1678475033277672,FLAT,False,False,False,
2026-04-18T20:13:00+00:00,ETHUSDT,LONG_SPOT_SHORT_PERP,2349.56,2348.08,-6.2990517373466455,-0.00015064,-0.00010377,2026-04-19T00:00:00.002000+00:00,227.00003333333333,-23.336751737346646,0.16799622131237457,FLAT,False,False,False,
2026-04-18T20:14:00+00:00,ETHUSDT,LONG_SPOT_SHORT_PERP,2349.88,2348.22,-7.06419051185724,-0.00015064,-0.00010377,2026-04-19T00:00:00.002000+00:00,226.00003333333333,-24.101890511857242,0.16669665965518854,FLAT,False,False,False,
2026-04-18T20:15:00+00:00,ETHUSDT,LONG_SPOT_SHORT_PERP,2350.35,2348.95,-5.956559661327423,-0.00015064,-0.00010377,2026-04-19T00:00:00.002000+00:00,225.00003333333333,-22.994259661327423,0.16860952604888418,FLAT,False,False,False,
2026-04-18T20:16:00+00:00,ETHUSDT,LONG_SPOT_SHORT_PERP,2351.62,2350.2,-6.038390556297671,-0.00015064,-0.00010377,2026-04-19T00:00:00.002000+00:00,224.00003333333333,-23.07609055629767,0.16846115795929942,FLAT,False,False,False,
2026-04-18T20:17:00+00:00,ETHUSDT,LONG_SPOT_SHORT_PERP,2351.34,2350.03,-5.571291263704719,-0.00015064,-0.00010377,2026-04-19T00:00:00.002000+00:00,223.00003333333333,-22.60899126370472,0.16932386505178898,FLAT,False,False,False,
2026-04-18T20:18:00+00:00,ETHUSDT,LONG_SPOT_SHORT_PERP,2351.69,2350.07,-6.8886630465745515,-0.00015064,-0.00010377,2026-04-19T00:00:00.002000+00:00,222.00003333333333,-23.92636304657455,0.16698641065440148,FLAT,False,False,False,
2026-04-18T20:19:00+00:00,ETHUSDT,LONG_SPOT_SHORT_PERP,2349.3,2347.55,-7.44902736985485,-0.00015064,-0.00010377,2026-04-19T00:00:00.002000+00:00,221.00003333333333,-24.48672736985485,0.16607824067826782,FLAT,False,False,False,
2026-04-18T20:20:00+00:00,ETHUSDT,LONG_SPOT_SHORT_PERP,2349.57,2348.1,-6.256463948723616,-0.00015064,-0.00010377,2026-04-19T00:00:00.002000+00:00,220.00003333333333,-23.294163948723615,0.16807139375421604,FLAT,False,False,False,
2026-04-18T20:21:00+00:00,ETHUSDT,LONG_SPOT_SHORT_PERP,2350.04,2348.44,-6.80839475072726,-0.00015064,-0.00010377,2026-04-19T00:00:00.002000+00:00,219.00003333333333,-23.84609475072726,0.16712054903319118,FLAT,False,False,False,
2026-04-18T20:22:00+00:00,ETHUSDT,LONG_SPOT_SHORT_PERP,2349.05,2347.46,-6.768693727252061,-0.00015064,-0.00010377,2026-04-19T00:00:00.002000+00:00,218.00003333333333,-23.80639372725206,0.16718727735429495,FLAT,False,False,False,
2026-04-18T20:23:00+00:00,ETHUSDT,LONG_SPOT_SHORT_PERP,2348.41,2346.9,-6.429882345926664,-0.00015064,-0.00010377,2026-04-19T00:00:00.002000+00:00,217.00003333333333,-23.467582345926665,0.16776719850338756,FLAT,False,False,False,
2026-04-18T20:24:00+00:00,ETHUSDT,LONG_SPOT_SHORT_PERP,2349.67,2348.1,-6.681789357655176,-0.00015064,-0.00010377,2026-04-19T00:00:00.002000+00:00,216.00003333333333,-23.719489357655178,0.16733423390633687,FLAT,False,False,False,
2026-04-18T20:25:00+00:00,ETHUSDT,LONG_SPOT_SHORT_PERP,2349.17,2347.61,-6.640643291034473,-0.00015064,-0.00010377,2026-04-19T00:00:00.002000+00:00,215.00003333333333,-23.678343291034473,0.16740424099672765,FLAT,False,False,False,
2026-04-18T20:26:00+00:00,ETHUSDT,LONG_SPOT_SHORT_PERP,2349.34,2347.67,-7.108379374633185,-0.00015064,-0.00010377,2026-04-19T00:00:00.002000+00:00,214.00003333333333,-24.146079374633185,0.16662448162318982,FLAT,False,False,False,
2026-04-18T20:27:00+00:00,ETHUSDT,LONG_SPOT_SHORT_PERP,2349.47,2347.85,-6.895172102643962,-0.00015064,-0.00010377,2026-04-19T00:00:00.002000+00:00,213.00003333333333,-23.932872102643962,0.16697557844355088,FLAT,False,False,False,
2026-04-18T20:28:00+00:00,ETHUSDT,LONG_SPOT_SHORT_PERP,2348.92,2347.2,-7.322514176729112,-0.00015064,-0.00010377,2026-04-19T00:00:00.002000+00:00,212.00003333333333,-24.360214176729112,0.16627902335555167,FLAT,False,False,False,
2026-04-18T20:29:00+00:00,ETHUSDT,LONG_SPOT_SHORT_PERP,2348.7,2347.1,-6.8122791331370935,-0.00015064,-0.00010377,2026-04-19T00:00:00.002000+00:00,211.00003333333333,-23.849979133137094,0.1671140339203852,FLAT,False,False,False,
2026-04-18T20:30:00+00:00,ETHUSDT,LONG_SPOT_SHORT_PERP,2349.72,2347.93,-7.617928944725175,-0.00015064,-0.00010377,2026-04-19T00:00:00.002000+00:00,210.00003333333333,-24.655628944725173,0.16581396711290433,FLAT,False,False,False,
2026-04-18T20:31:00+00:00,ETHUSDT,LONG_SPOT_SHORT_PERP,2349.3,2347.53,-7.534159111224542,-0.00015064,-0.00010377,2026-04-19T00:00:00.002000+00:00,209.00003333333333,-24.57185911122454,0.16594450146451678,FLAT,False,False,False,
2026-04-18T20:32:00+00:00,ETHUSDT,LONG_SPOT_SHORT_PERP,2349.97,2348.39,-6.723490087107186,-0.00015064,-0.00010377,2026-04-19T00:00:00.002000+00:00,208.00003333333333,-23.761190087107188,0.16726356445153187,FLAT,False,False,False,
2026-04-18T20:33:00+00:00,ETHUSDT,LONG_SPOT_SHORT_PERP,2348.71,2347.05,-7.067709508623262,-0.00015064,-0.00010377,2026-04-19T00:00:00.002000+00:00,207.00003333333333,-24.10540950862326,0.16669090049379842,FLAT,False,False,False,
2026-04-18T20:34:00+00:00,ETHUSDT,LONG_SPOT_SHORT_PERP,2348.7,2346.94,-7.4935070464502225,-0.00015064,-0.00010377,2026-04-19T00:00:00.002000+00:00,206.00003333333333,-24.531207046450223,0.16600822787276062,FLAT,False,False,False,
2026-04-18T20:35:00+00:00,ETHUSDT,LONG_SPOT_SHORT_PERP,2348.85,2347.14,-7.280158375375338,-0.00015064,-0.00010377,2026-04-19T00:00:00.002000+00:00,205.00003333333333,-24.317858375375337,0.16634679184702417,FLAT,False,False,False,
2026-04-18T20:36:00+00:00,ETHUSDT,LONG_SPOT_SHORT_PERP,2348.13,2346.32,-7.708261467635716,-0.00015064,-0.00010377,2026-04-19T00:00:00.002000+00:00,204.00003333333333,-24.745961467635716,0.16567438121149608,FLAT,False,False,False,
2026-04-18T20:37:00+00:00,ETHUSDT,LONG_SPOT_SHORT_PERP,2347.98,2346.38,-6.814368095128191,-0.00015064,-0.00010377,2026-04-19T00:00:00.002000+00:00,203.00003333333333,-23.85206809512819,0.16711053119563482,FLAT,False,False,False,
2026-04-18T20:38:00+00:00,ETHUSDT,LONG_SPOT_SHORT_PERP,2347.9,2346.7,-5.110950210827858,-0.00015064,-0.00010377,2026-04-19T00:00:00.002000+00:00,202.00003333333333,-22.14865021082786,0.170212567047553,FLAT,False,False,False,
2026-04-18T20:39:00+00:00,ETHUSDT,LONG_SPOT_SHORT_PERP,2349.58,2348.16,-6.043633330212518,-0.00015064,-0.00010377,2026-04-19T00:00:00.002000+00:00,201.00003333333333,-23.081333330212516,0.16845169177868757,FLAT,False,False,False,
2026-04-18T20:40:00+00:00,ETHUSDT,LONG_SPOT_SHORT_PERP,2351.32,2349.64,-7.144922851846159,-0.00015064,-0.00010377,2026-04-19T00:00:00.002000+00:00,200.00003333333333,-24.18262285184616,0.1665650226385295,FLAT,False,False,False,
2026-04-18T20:41:00+00:00,ETHUSDT,LONG_SPOT_SHORT_PERP,2351.75,2350.05,-7.228659508875595,-0.00015064,-0.00010377,2026-04-19T00:00:00.002000+00:00,199.00003333333333,-24.266359508875595,0.1664295617307442,FLAT,False,False,False,
2026-04-18T20:42:00+00:00,ETHUSDT,LONG_SPOT_SHORT_PERP,2352.02,2350.66,-5.782263756261117,-0.00015064,-0.00010377,2026-04-19T00:00:00.002000+00:00,198.00003333333333,-22.819963756261117,0.16892943894988777,FLAT,False,False,False,
2026-04-18T20:43:00+00:00,ETHUSDT,LONG_SPOT_SHORT_PERP,2352.62,2351.15,-6.248352900170023,-0.00015064,-0.00010377,2026-04-19T00:00:00.002000+00:00,197.00003333333333,-23.286052900170024,0.16808574549002328,FLAT,False,False,False,
2026-04-18T20:44:00+00:00,ETHUSDT,LONG_SPOT_SHORT_PERP,2352.22,2350.81,-5.994337264370912,-0.00015064,-0.00010377,2026-04-19T00:00:00.002000+00:00,196.00003333333333,-23.032037264370913,0.16854088694398037,FLAT,False,False,False,
2026-04-18T20:45:00+00:00,ETHUSDT,LONG_SPOT_SHORT_PERP,2354.24,2352.63,-6.8387250237854795,-0.00015064,-0.00010377,2026-04-19T00:00:00.002000+00:00,195.00003333333333,-23.87642502378548,0.16706974183167791,FLAT,False,False,False,
2026-04-18T20:46:00+00:00,ETHUSDT,LONG_SPOT_SHORT_PERP,2353.44,2351.98,-6.203684818818565,-0.00015064,-0.00010377,2026-04-19T00:00:00.002000+00:00,194.00003333333333,-23.241384818818567,0.1681649814462,FLAT,False,False,False,
2026-04-18T20:47:00+00:00,ETHUSDT,LONG_SPOT_SHORT_PERP,2353.37,2351.64,-7.351160251044325,-0.00015064,-0.00010377,2026-04-19T00:00:00.002000+00:00,193.00003333333333,-24.388860251044324,0.166233346398575,FLAT,False,False,False,
2026-04-18T20:48:00+00:00,ETHUSDT,LONG_SPOT_SHORT_PERP,2352.74,2351.02,-7.310625058441647,-0.00015064,-0.00010377,2026-04-19T00:00:00.002000+00:00,192.00003333333333,-24.348325058441645,0.16629801786565981,FLAT,False,False,False,
2026-04-18T20:49:00+00:00,ETHUSDT,LONG_SPOT_SHORT_PERP,2353.85,2352.42,-6.075153471970755,-0.00015064,-0.00010377,2026-04-19T00:00:00.002000+00:00,191.00003333333333,-23.112853471970755,0.16839488000990455,FLAT,False,False,False,
2026-04-18T20:50:00+00:00,ETHUSDT,LONG_SPOT_SHORT_PERP,2354.04,2352.54,-6.372024264668401,-0.00015064,-0.00010377,2026-04-19T00:00:00.002000+00:00,190.00003333333333,-23.4097242646684,0.16786812685749125,FLAT,False,False,False,
2026-04-18T20:51:00+00:00,ETHUSDT,LONG_SPOT_SHORT_PERP,2354.9,2353.39,-6.41216187523979,-0.00015064,-0.00010377,2026-04-19T00:00:00.002000+00:00,189.00003333333333,-23.44986187523979,0.1677980508969489,FLAT,False,False,False,
2026-04-18T20:52:00+00:00,ETHUSDT,LONG_SPOT_SHORT_PERP,2353.74,2352.11,-6.9251489119429275,-0.00015064,-0.00010377,2026-04-19T00:00:00.002000+00:00,188.00003333333333,-23.962848911942928,0.16692577905833608,FLAT,False,False,False,
2026-04-18T20:53:00+00:00,ETHUSDT,LONG_SPOT_SHORT_PERP,2354.42,2352.76,-7.050568717560394,-0.00015064,-0.00010377,2026-04-19T00:00:00.002000+00:00,187.00003333333333,-24.088268717560396,0.16671897133701072,FLAT,False,False,False,
2026-04-18T20:54:00+00:00,ETHUSDT,LONG_SPOT_SHORT_PERP,2354.24,2352.68,-6.62634225907276,-0.00015064,-0.00010377,2026-04-19T00:00:00.002000+00:00,186.00003333333333,-23.664042259072758,0.16742863794965518,FLAT,False,False,False,
2026-04-18T20:55:00+00:00,ETHUSDT,LONG_SPOT_SHORT_PERP,2352.72,2351.27,-6.163079329456196,-0.00015064,-0.00010377,2026-04-19T00:00:00.002000+00:00,185.00003333333333,-23.200779329456196,0.16823730541580162,FLAT,False,False,False,
2026-04-18T20:56:00+00:00,ETHUSDT,LONG_SPOT_SHORT_PERP,2351.43,2349.82,-6.846897419866519,-0.00015064,-0.00010377,2026-04-19T00:00:00.002000+00:00,184.00003333333333,-23.88459741986652,0.16705607726863855,FLAT,False,False,False,
2026-04-18T20:57:00+00:00,ETHUSDT,LONG_SPOT_SHORT_PERP,2352.33,2350.89,-6.121590083024297,-0.00015064,-0.00010377,2026-04-19T00:00:00.002000+00:00,183.00003333333333,-23.159290083024295,0.16831149436685128,FLAT,False,False,False,
2026-04-18T20:58:00+00:00,ETHUSDT,LONG_SPOT_SHORT_PERP,2353.14,2351.63,-6.416957767067678,-0.00015064,-0.00010377,2026-04-19T00:00:00.002000+00:00,182.00003333333333,-23.45465776706768,0.16778969579316064,FLAT,False,False,False,
2026-04-18T20:59:00+00:00,ETHUSDT,LONG_SPOT_SHORT_PERP,2352.62,2351.0,-6.885939930800091,-0.00015064,-0.00010377,2026-04-19T00:00:00.002000+00:00,181.00003333333333,-23.923639930800093,0.16699094440530415,FLAT,False,False,False,
2026-04-18T21:00:00+00:00,ETHUSDT,LONG_SPOT_SHORT_PERP,2354.0,2352.39,-6.839422259983549,-0.00015064,-0.00010377,2026-04-19T00:00:00.002000+00:00,180.00003333333333,-23.87712225998355,0.1670685756074483,FLAT,False,False,False,
2026-04-18T21:01:00+00:00,ETHUSDT,LONG_SPOT_SHORT_PERP,2353.99,2352.54,-6.159754289524672,-0.00015064,-0.00010377,2026-04-19T00:00:00.002000+00:00,179.00003333333333,-23.19745428952467,0.16824324023037107,FLAT,False,False,False,
2026-04-18T21:02:00+00:00,ETHUSDT,LONG_SPOT_SHORT_PERP,2355.11,2353.63,-6.284207531707726,-0.00015064,-0.00010377,2026-04-19T00:00:00.002000+00:00,178.00003333333333,-23.321907531707726,0.1680223882789175,FLAT,False,False,False,
2026-04-18T21:03:00+00:00,ETHUSDT,LONG_SPOT_SHORT_PERP,2354.12,2352.48,-6.96650977860038,-0.00015064,-0.00010377,2026-04-19T00:00:00.002000+00:00,177.00003333333333,-24.00420977860038,0.1668573026561985,FLAT,False,False,False,
2026-04-18T21:04:00+00:00,ETHUSDT,LONG_SPOT_SHORT_PERP,2353.77,2352.46,-5.565539538697261,-0.00015064,-0.00010377,2026-04-19T00:00:00.002000+00:00,176.00003333333333,-22.60323953869726,0.16933472991193715,FLAT,False,False,False,
2026-04-18T21:05:00+00:00,ETHUSDT,LONG_SPOT_SHORT_PERP,2353.29,2351.94,-5.736649541705056,-0.00015064,-0.00010377,2026-04-19T00:00:00.002000+00:00,175.00003333333333,-22.774349541705057,0.1690140454202384,FLAT,False,False,False,
2026-04-18T21:06:00+00:00,ETHUSDT,LONG_SPOT_SHORT_PERP,2353.9,2352.56,-5.69268023280575,-0.00015064,-0.00010377,2026-04-19T00:00:00.002000+00:00,174.00003333333333,-22.73038023280575,0.16909595057732252,FLAT,False,False,False,
2026-04-18T21:07:00+00:00,ETHUSDT,LONG_SPOT_SHORT_PERP,2354.38,2352.58,-7.6453248838343075,-0.00015064,-0.00010377,2026-04-19T00:00:00.002000+00:00,173.00003333333333,-24.683024883834307,0.1657715053170193,FLAT,False,False,False,
2026-04-18T21:08:00+00:00,ETHUSDT,LONG_SPOT_SHORT_PERP,2354.62,2353.17,-6.158106191231783,-0.00015064,-0.00010377,2026-04-19T00:00:00.002000+00:00,172.00003333333333,-23.19580619123178,0.16824618259676824,FLAT,False,False,False,
2026-04-18T21:09:00+00:00,ETHUSDT,LONG_SPOT_SHORT_PERP,2354.62,2353.15,-6.243045586972845,-0.00015064,-0.00010377,2026-04-19T00:00:00.002000+00:00,171.00003333333333,-23.280745586972845,0.16809514231458322,FLAT,False,False,False,
2026-04-18T21:10:00+00:00,ETHUSDT,LONG_SPOT_SHORT_PERP,2354.17,2352.55,-6.881406185619096,-0.00015064,-0.00010377,2026-04-19T00:00:00.002000+00:00,170.00003333333333,-23.919106185619096,0.16699849532651598,FLAT,False,False,False,
2026-04-18T21:11:00+00:00,ETHUSDT,LONG_SPOT_SHORT_PERP,2353.93,2352.39,-6.542250619177137,-0.00015064,-0.00010377,2026-04-19T00:00:00.002000+00:00,169.00003333333333,-23.579950619177136,0.16757277343911076,FLAT,False,False,False,
2026-04-18T21:12:00+00:00,ETHUSDT,LONG_SPOT_SHORT_PERP,2352.76,2351.45,-5.56792873051395,-0.00015064,-0.00010377,2026-04-19T00:00:00.002000+00:00,168.00003333333333,-22.60562873051395,0.16933021606595802,FLAT,False,False,False,
2026-04-18T21:13:00+00:00,ETHUSDT,LONG_SPOT_SHORT_PERP,2352.09,2350.33,-7.4827068692108645,-0.00015064,-0.00010377,2026-04-19T00:00:00.002000+00:00,167.00003333333333,-24.520406869210866,0.16602520025040163,FLAT,False,False,False,
2026-04-18T21:14:00+00:00,ETHUSDT,LONG_SPOT_SHORT_PERP,2352.58,2350.82,-7.4811483562716825,-0.00015064,-0.00010377,2026-04-19T00:00:00.002000+00:00,166.00003333333333,-24.518848356271683,0.1660276508956408,FLAT,False,False,False,
2026-04-18T21:15:00+00:00,ETHUSDT,LONG_SPOT_SHORT_PERP,2352.63,2351.06,-6.673382554843574,-0.00015064,-0.00010377,2026-04-19T00:00:00.002000+00:00,165.00003333333333,-23.711082554843575,0.16734851503108453,FLAT,False,False,False,
2026-04-18T21:16:00+00:00,ETHUSDT,LONG_SPOT_SHORT_PERP,2351.48,2349.84,-6.974331059587462,-0.00015064,-0.00010377,2026-04-19T00:00:00.002000+00:00,164.00003333333333,-24.012031059587464,0.16684438441624833,FLAT,False,False,False,
2026-04-18T21:17:00+00:00,ETHUSDT,LONG_SPOT_SHORT_PERP,2350.69,2349.01,-7.146837737004184,-0.00015064,-0.00010377,2026-04-19T00:00:00.002000+00:00,163.00003333333333,-24.184537737004185,0.16656191273008297,FLAT,False,False,False,
2026-04-18T21:18:00+00:00,ETHUSDT,LONG_SPOT_SHORT_PERP,2350.57,2349.01,-6.636688122455173,-0.00015064,-0.00010377,2026-04-19T00:00:00.002000+00:00,162.00003333333333,-23.674388122455174,0.16741098499928675,FLAT,False,False,False,
2026-04-18T21:19:00+00:00,ETHUSDT,LONG_SPOT_SHORT_PERP,2349.25,2347.61,-6.980951367457157,-0.00015064,-0.00010377,2026-04-19T00:00:00.002000+00:00,161.00003333333333,-24.018651367457156,0.16683345737767427,FLAT,False,False,False,
2026-04-18T21:20:00+00:00,ETHUSDT,LONG_SPOT_SHORT_PERP,2348.03,2346.6,-6.090211794569451,-0.00015064,-0.00010377,2026-04-19T00:00:00.002000+00:00,160.00003333333333,-23.12791179456945,0.16836779936634436,FLAT,False,False,False,
2026-04-18T21:21:00+00:00,ETHUSDT,LONG_SPOT_SHORT_PERP,2349.34,2347.65,-7.193509666544878,-0.00015064,-0.00010377,2026-04-19T00:00:00.002000+00:00,159.00003333333333,-24.231209666544878,0.16648629093267958,FLAT,False,False,False,
2026-04-18T21:22:00+00:00,ETHUSDT,LONG_SPOT_SHORT_PERP,2349.41,2348.21,-5.107665328741335,-0.00015064,-0.00010377,2026-04-19T00:00:00.002000+00:00,158.00003333333333,-22.145365328741335,0.17021904976547936,FLAT,False,False,False,
2026-04-18T21:23:00+00:00,ETHUSDT,LONG_SPOT_SHORT_PERP,2350.33,2349.03,-5.5311381805947555,-0.00015064,-0.00010377,2026-04-19T00:00:00.002000+00:00,157.00003333333333,-22.568838180594756,0.16939983786081597,FLAT,False,False,False,
2026-04-18T21:24:00+00:00,ETHUSDT,LONG_SPOT_SHORT_PERP,2350.59,2349.33,-5.360356336069746,-0.00015064,-0.00010377,2026-04-19T00:00:00.002000+00:00,156.00003333333333,-22.398056336069747,0.16972624221558674,FLAT,False,False,False,
2026-04-18T21:25:00+00:00,ETHUSDT,LONG_SPOT_SHORT_PERP,2351.71,2350.15,-6.633470963681514,-0.00015064,-0.00010377,2026-04-19T00:00:00.002000+00:00,155.00003333333333,-23.671170963681515,0.16741647249995598,FLAT,False,False,False,
2026-04-18T21:26:00+00:00,ETHUSDT,LONG_SPOT_SHORT_PERP,2350.11,2348.64,-6.2550263604693175,-0.00015064,-0.00010377,2026-04-19T00:00:00.002000+00:00,154.00003333333333,-23.292726360469317,0.16807393661852688,FLAT,False,False,False,
2026-04-18T21:27:00+00:00,ETHUSDT,LONG_SPOT_SHORT_PERP,2350.79,2349.35,-6.125600330102028,-0.00015064,-0.00010377,2026-04-19T00:00:00.002000+00:00,153.00003333333333,-23.16330033010203,0.16830431058120543,FLAT,False,False,False,
2026-04-18T21:28:00+00:00,ETHUSDT,LONG_SPOT_SHORT_PERP,2351.37,2350.07,-5.528691783937565,-0.00015064,-0.00010377,2026-04-19T00:00:00.002000+00:00,152.00003333333333,-22.566391783937565,0.1694044760532106,FLAT,False,False,False,
2026-04-18T21:29:00+00:00,ETHUSDT,LONG_SPOT_SHORT_PERP,2352.53,2351.22,-5.568473090674296,-0.00015064,-0.00010377,2026-04-19T00:00:00.002000+00:00,151.00003333333333,-22.606173090674297,0.16932918776261865,FLAT,False,False,False,
2026-04-18T21:30:00+00:00,ETHUSDT,LONG_SPOT_SHORT_PERP,2351.56,2350.1,-6.208644474306572,-0.00015064,-0.00010377,2026-04-19T00:00:00.002000+00:00,150.00003333333333,-23.24634447430657,0.16815616686564017,FLAT,False,False,False,
2026-04-18T21:31:00+00:00,ETHUSDT,LONG_SPOT_SHORT_PERP,2352.0,2350.58,-6.037414965986704,-0.00015064,-0.00010377,2026-04-19T00:00:00.002000+00:00,149.00003333333333,-23.075114965986703,0.16846291997711824,FLAT,False,False,False,
2026-04-18T21:32:00+00:00,ETHUSDT,LONG_SPOT_SHORT_PERP,2351.69,2350.2,-6.335869098394076,-0.00015064,-0.00010377,2026-04-19T00:00:00.002000+00:00,148.00003333333333,-23.373569098394075,0.16793148098167673,FLAT,False,False,False,
2026-04-18T21:33:00+00:00,ETHUSDT,LONG_SPOT_SHORT_PERP,2350.95,2349.3,-7.018439354302032,-0.00015064,-0.00010377,2026-04-19T00:00:00.002000+00:00,147.00003333333333,-24.056139354302033,0.16677171309705463,FLAT,False,False,False,
2026-04-18T21:34:00+00:00,ETHUSDT,LONG_SPOT_SHORT_PERP,2350.54,2348.87,-7.104750397781245,-0.00015064,-0.00010377,2026-04-19T00:00:00.002000+00:00,146.00003333333333,-24.142450397781246,0.16663039764606197,FLAT,False,False,False,
2026-04-18T21:35:00+00:00,ETHUSDT,LONG_SPOT_SHORT_PERP,2350.13,2348.72,-5.999668103467932,-0.00015064,-0.00010377,2026-04-19T00:00:00.002000+00:00,145.00003333333333,-23.037368103467934,0.16853122115414332,FLAT,False,False,False,
2026-04-18T21:36:00+00:00,ETHUSDT,LONG_SPOT_SHORT_PERP,2350.2,2348.71,-6.339885967150804,-0.00015064,-0.00010377,2026-04-19T00:00:00.002000+00:00,144.00003333333333,-23.377585967150804,0.16792443144743135,FLAT,False,False,False,
2026-04-18T21:37:00+00:00,ETHUSDT,LONG_SPOT_SHORT_PERP,2350.84,2349.1,-7.401609637407209,-0.00015064,-0.00010377,2026-04-19T00:00:00.002000+00:00,143.00003333333333,-24.43930963740721,0.16615320881435466,FLAT,False,False,False,
2026-04-18T21:38:00+00:00,ETHUSDT,LONG_SPOT_SHORT_PERP,2348.9,2347.37,-6.513687257866236,-0.00015064,-0.00010377,2026-04-19T00:00:00.002000+00:00,142.00003333333333,-23.551387257866235,0.16762199684786155,FLAT,False,False,False,
2026-04-18T21:39:00+00:00,ETHUSDT,LONG_SPOT_SHORT_PERP,2349.05,2347.86,-5.065877695238733,-0.00015064,-0.00010377,2026-04-19T00:00:00.002000+00:00,141.00003333333333,-22.103577695238734,0.17030169494328912,FLAT,False,False,False,
2026-04-18T21:40:00+00:00,ETHUSDT,LONG_SPOT_SHORT_PERP,2349.36,2348.13,-5.235468382878818,-0.00015064,-0.00010377,2026-04-19T00:00:00.002000+00:00,140.00003333333333,-22.27316838287882,0.16996832024860378,FLAT,False,False,False,
2026-04-18T21:41:00+00:00,ETHUSDT,LONG_SPOT_SHORT_PERP,2349.87,2348.56,-5.574776476996368,-0.00015064,-0.00010377,2026-04-19T00:00:00.002000+00:00,139.00003333333333,-22.612476476996367,0.16931728447551098,FLAT,False,False,False,
2026-04-18T21:42:00+00:00,ETHUSDT,LONG_SPOT_SHORT_PERP,2351.59,2350.28,-5.570698973885522,-0.00015064,-0.00010377,2026-04-19T00:00:00.002000+00:00,138.00003333333333,-22.60839897388552,0.16932498359649858,FLAT,False,False,False,
2026-04-18T21:43:00+00:00,ETHUSDT,LONG_SPOT_SHORT_PERP,2352.48,2351.07,-5.993674760252391,-0.00015064,-0.00010377,2026-04-19T00:00:00.002000+00:00,137.00003333333333,-23.03137476025239,0.16854208852986718,FLAT,False,False,False,
2026-04-18T21:44:00+00:00,ETHUSDT,LONG_SPOT_SHORT_PERP,2352.91,2351.49,-6.035079964809843,-0.00015064,-0.00010377,2026-04-19T00:00:00.002000+00:00,136.00003333333333,-23.072779964809843,0.16846713790050916,FLAT,False,False,False,
2026-04-18T21:45:00+00:00,ETHUSDT,LONG_SPOT_SHORT_PERP,2354.09,2352.71,-5.862137811214138,-0.00015064,-0.00010377,2026-04-19T00:00:00.002000+00:00,135.00003333333333,-22.899837811214137,0.16878217172260268,FLAT,False,False,False,
2026-04-18T21:46:00+00:00,ETHUSDT,LONG_SPOT_SHORT_PERP,2352.94,2351.54,-5.950002975001874,-0.00015064,-0.00010377,2026-04-19T00:00:00.002000+00:00,134.00003333333333,-22.987702975001874,0.16862146433509165,FLAT,False,False,False,
2026-04-18T21:47:00+00:00,ETHUSDT,LONG_SPOT_SHORT_PERP,2353.07,2351.55,-6.459646334363116,-0.00015064,-0.00010377,2026-04-19T00:00:00.002000+00:00,133.00003333333333,-23.497346334363115,0.16771549537656194,FLAT,False,False,False,
2026-04-18T21:48:00+00:00,ETHUSDT,LONG_SPOT_SHORT_PERP,2354.62,2353.32,-5.521060723172856,-0.00015064,-0.00010377,2026-04-19T00:00:00.002000+00:00,132.00003333333333,-22.558760723172856,0.16941895095552376,FLAT,False,False,False,
2026-04-18T21:49:00+00:00,ETHUSDT,LONG_SPOT_SHORT_PERP,2352.87,2351.5,-5.822676135952649,-0.00015064,-0.00010377,2026-04-19T00:00:00.002000+00:00,131.00003333333333,-22.86037613595265,0.16885478841908896,FLAT,False,False,False,
2026-04-18T21:50:00+00:00,ETHUSDT,LONG_SPOT_SHORT_PERP,2351.83,2350.41,-6.0378513753123,-0.00015064,-0.00010377,2026-04-19T00:00:00.002000+00:00,130.00003333333333,-23.0755513753123,0.1684621317560491,FLAT,False,False,False,
2026-04-18T21:51:00+00:00,ETHUSDT,LONG_SPOT_SHORT_PERP,2352.29,2350.82,-6.2492294742561505,-0.00015064,-0.00010377,2026-04-19T00:00:00.002000+00:00,129.00003333333333,-23.28692947425615,0.16808419393758467,FLAT,False,False,False,
2026-04-18T21:52:00+00:00,ETHUSDT,LONG_SPOT_SHORT_PERP,2353.02,2351.81,-5.1423277320211325,-0.00015064,-0.00010377,2026-04-19T00:00:00.002000+00:00,128.00003333333333,-22.18002773202113,0.17015074559407992,FLAT,False,False,False,
2026-04-18T21:53:00+00:00,ETHUSDT,LONG_SPOT_SHORT_PERP,2352.1,2350.6,-6.3772798775562265,-0.00015064,-0.00010377,2026-04-19T00:00:00.002000+00:00,127.00003333333333,-23.414979877556227,0.1678589357825939,FLAT,False,False,False,
2026-04-18T21:54:00+00:00,ETHUSDT,LONG_SPOT_SHORT_PERP,2352.81,2351.62,-5.057781971345135,-0.00015064,-0.00010377,2026-04-19T00:00:00.002000+00:00,126.00003333333333,-22.095481971345137,0.17031774426454488,FLAT,False,False,False,
2026-04-18T21:55:00+00:00,ETHUSDT,LONG_SPOT_SHORT_PERP,2353.29,2351.88,-5.9916117435583995,-0.00015064,-0.00010377,2026-04-19T00:00:00.002000+00:00,125.00003333333333,-23.0293117435584,0.16854583071768722,FLAT,False,False,False,
2026-04-18T21:56:00+00:00,ETHUSDT,LONG_SPOT_SHORT_PERP,2353.68,2352.13,-6.585432174296112,-0.00015064,-0.00010377,2026-04-19T00:00:00.002000+00:00,124.00003333333333,-23.62313217429611,0.1674986138542464,FLAT,False,False,False,
2026-04-18T21:57:00+00:00,ETHUSDT,LONG_SPOT_SHORT_PERP,2353.77,2352.06,-7.264940924559479,-0.00015064,-0.00010377,2026-04-19T00:00:00.002000+00:00,123.00003333333333,-24.30264092455948,0.16637120695811566,FLAT,False,False,False,
2026-04-18T21:58:00+00:00,ETHUSDT,LONG_SPOT_SHORT_PERP,2354.77,2353.14,-6.922119782399594,-0.00015064,-0.00010377,2026-04-19T00:00:00.002000+00:00,122.00003333333333,-23.959819782399595,0.16693080473382557,FLAT,False,False,False,
2026-04-18T21:59:00+00:00,ETHUSDT,LONG_SPOT_SHORT_PERP,2355.33,2353.85,-6.283620554232392,-0.00015064,-0.00010377,2026-04-19T00:00:00.002000+00:00,121.00003333333333,-23.321320554232393,0.16802342375172297,FLAT,False,False,False,
2026-04-18T22:00:00+00:00,ETHUSDT,LONG_SPOT_SHORT_PERP,2353.97,2352.43,-6.542139449525541,-0.00015064,-0.00010377,2026-04-19T00:00:00.002000+00:00,120.00003333333333,-23.57983944952554,0.1675729647572813,FLAT,False,False,False,
2026-04-18T22:01:00+00:00,ETHUSDT,LONG_SPOT_SHORT_PERP,2355.1,2353.74,-5.7747017111805325,-0.00015064,-0.00010377,2026-04-19T00:00:00.002000+00:00,119.00003333333333,-22.812401711180534,0.168943439750752,FLAT,False,False,False,
2026-04-18T22:02:00+00:00,ETHUSDT,LONG_SPOT_SHORT_PERP,2354.3,2352.55,-7.433207322771099,-0.00015064,-0.00010377,2026-04-19T00:00:00.002000+00:00,118.00003333333333,-24.470907322771097,0.16610321439862685,FLAT,False,False,False,
2026-04-18T22:03:00+00:00,ETHUSDT,LONG_SPOT_SHORT_PERP,2350.6,2349.16,-6.126095464987896,-0.00015064,-0.00010377,2026-04-19T00:00:00.002000+00:00,117.00003333333333,-23.163795464987896,0.16830342380886384,FLAT,False,False,False,
2026-04-18T22:04:00+00:00,ETHUSDT,LONG_SPOT_SHORT_PERP,2350.61,2349.33,-5.445395025121989,-0.00015064,-0.00010377,2026-04-19T00:00:00.002000+00:00,116.00003333333333,-22.48309502512199,0.16956304852098442,FLAT,False,False,False,
2026-04-18T22:05:00+00:00,ETHUSDT,LONG_SPOT_SHORT_PERP,2351.24,2349.8,-6.124427961414402,-0.00015064,-0.00010377,2026-04-19T00:00:00.002000+00:00,115.00003333333333,-23.162127961414402,0.16830641042733901,FLAT,False,False,False,
2026-04-18T22:06:00+00:00,ETHUSDT,LONG_SPOT_SHORT_PERP,2349.62,2348.03,-6.76705169346401,-0.00015064,-0.00010377,2026-04-19T00:00:00.002000+00:00,114.00003333333333,-23.80475169346401,0.16719004271517474,FLAT,False,False,False,
2026-04-18T22:07:00+00:00,ETHUSDT,LONG_SPOT_SHORT_PERP,2350.74,2349.46,-5.445093885328643,-0.00015064,-0.00010377,2026-04-19T00:00:00.002000+00:00,113.00003333333333,-22.482793885328643,0.16956362409165848,FLAT,False,False,False,
2026-04-18T22:08:00+00:00,ETHUSDT,LONG_SPOT_SHORT_PERP,2349.88,2348.4,-6.2981939503294555,-0.00015064,-0.00010377,2026-04-19T00:00:00.002000+00:00,112.00003333333333,-23.335893950329456,0.16799773238384197,FLAT,False,False,False,
2026-04-18T22:09:00+00:00,ETHUSDT,LONG_SPOT_SHORT_PERP,2349.25,2348.0,-5.320847078854954,-0.00015064,-0.00010377,2026-04-19T00:00:00.002000+00:00,111.00003333333333,-22.358547078854954,0.16980251400397245,FLAT,False,False,False,
2026-04-18T22:10:00+00:00,ETHUSDT,LONG_SPOT_SHORT_PERP,2349.83,2348.56,-5.404646293561585,-0.00015064,-0.00010377,2026-04-19T00:00:00.002000+00:00,110.00003333333333,-22.442346293561585,0.1696410823114046,FLAT,False,False,False,
2026-04-18T22:11:00+00:00,ETHUSDT,LONG_SPOT_SHORT_PERP,2349.52,2348.23,-5.490483162518147,-0.00015064,-0.00010377,2026-04-19T00:00:00.002000+00:00,109.00003333333333,-22.528183162518147,0.16947705755521358,FLAT,False,False,False,
2026-04-18T22:12:00+00:00,ETHUSDT,LONG_SPOT_SHORT_PERP,2350.61,2349.36,-5.3177685792198615,-0.00015064,-0.00010377,2026-04-19T00:00:00.002000+00:00,108.00003333333333,-22.35546857921986,0.16980846905735547,FLAT,False,False,False,
2026-04-18T22:13:00+00:00,ETHUSDT,LONG_SPOT_SHORT_PERP,2350.03,2348.65,-5.872265460441394,-0.00015064,-0.00010377,2026-04-19T00:00:00.002000+00:00,107.00003333333333,-22.909965460441395,0.16876357911963016,FLAT,False,False,False,
2026-04-18T22:14:00+00:00,ETHUSDT,LONG_SPOT_SHORT_PERP,2349.27,2347.8,-6.257262894430184,-0.00015064,-0.00010377,2026-04-19T00:00:00.002000+00:00,106.00003333333333,-23.294962894430185,0.1680699806980088,FLAT,False,False,False,
2026-04-18T22:15:00+00:00,ETHUSDT,LONG_SPOT_SHORT_PERP,2349.25,2347.85,-5.959348728317935,-0.00015064,-0.00010377,2026-04-19T00:00:00.002000+00:00,105.00003333333333,-22.997048728317935,0.1686044500389221,FLAT,False,False,False,
2026-04-18T22:16:00+00:00,ETHUSDT,LONG_SPOT_SHORT_PERP,2350.16,2348.67,-6.339993872756671,-0.00015064,-0.00010377,2026-04-19T00:00:00.002000+00:00,104.00003333333333,-23.377693872756673,0.16792424211239085,FLAT,False,False,False,
2026-04-18T22:17:00+00:00,ETHUSDT,LONG_SPOT_SHORT_PERP,2351.39,2349.86,-6.506789601043406,-0.00015064,-0.00010377,2026-04-19T00:00:00.002000+00:00,103.00003333333333,-23.544489601043406,0.16763390383674984,FLAT,False,False,False,
2026-04-18T22:18:00+00:00,ETHUSDT,LONG_SPOT_SHORT_PERP,2350.68,2349.21,-6.25350962274661,-0.00015064,-0.00010377,2026-04-19T00:00:00.002000+00:00,102.00003333333333,-23.29120962274661,0.1680766198650988,FLAT,False,False,False,
2026-04-18T22:19:00+00:00,ETHUSDT,LONG_SPOT_SHORT_PERP,2350.55,2349.2,-5.743336665888255,-0.00015064,-0.00010377,2026-04-19T00:00:00.002000+00:00,101.00003333333333,-22.781036665888255,0.16900161888755558,FLAT,False,False,False,
2026-04-18T22:20:00+00:00,ETHUSDT,LONG_SPOT_SHORT_PERP,2350.61,2349.52,-4.637094201080338,-0.00015064,-0.00010377,2026-04-19T00:00:00.002000+00:00,100.00003333333333,-21.67479420108034,0.1711689794985228,FLAT,False,False,False,
2026-04-18T22:21:00+00:00,ETHUSDT,LONG_SPOT_SHORT_PERP,2351.32,2349.91,-5.996631679228302,-0.00015064,-0.00010377,2026-04-19T00:00:00.002000+00:00,99.00003333333333,-23.034331679228302,0.16853672614460455,FLAT,False,False,False,
2026-04-18T22:22:00+00:00,ETHUSDT,LONG_SPOT_SHORT_PERP,2351.82,2350.52,-5.527633917562492,-0.00015064,-0.00010377,2026-04-19T00:00:00.002000+00:00,98.00003333333333,-22.56533391756249,0.16940648202729056,FLAT,False,False,False,
2026-04-18T22:23:00+00:00,ETHUSDT,LONG_SPOT_SHORT_PERP,2351.5,2350.16,-5.6984903253248795,-0.00015064,-0.00010377,2026-04-19T00:00:00.002000+00:00,97.00003333333333,-22.73619032532488,0.1690851079185942,FLAT,False,False,False,
2026-04-18T22:24:00+00:00,ETHUSDT,LONG_SPOT_SHORT_PERP,2352.85,2351.48,-5.8227256306177235,-0.00015064,-0.00010377,2026-04-19T00:00:00.002000+00:00,96.00003333333333,-22.860425630617723,0.1688546971682203,FLAT,False,False,False,
2026-04-18T22:25:00+00:00,ETHUSDT,LONG_SPOT_SHORT_PERP,2353.15,2351.81,-5.694494613603661,-0.00015064,-0.00010377,2026-04-19T00:00:00.002000+00:00,95.00003333333333,-22.73219461360366,0.1690925639762258,FLAT,False,False,False,
2026-04-18T22:26:00+00:00,ETHUSDT,LONG_SPOT_SHORT_PERP,2353.14,2351.8,-5.694518813158974,-0.00015064,-0.00010377,2026-04-19T00:00:00.002000+00:00,94.00003333333333,-22.732218813158973,0.16909251881093007,FLAT,False,False,False,
2026-04-18T22:27:00+00:00,ETHUSDT,LONG_SPOT_SHORT_PERP,2353.48,2352.17,-5.566225334398191,-0.00015064,-0.00010377,2026-04-19T00:00:00.002000+00:00,93.00003333333333,-22.60392533439819,0.16933343414832117,FLAT,False,False,False,
2026-04-18T22:28:00+00:00,ETHUSDT,LONG_SPOT_SHORT_PERP,2353.83,2352.23,-6.797432269959636,-0.00015064,-0.00010377,2026-04-19T00:00:00.002000+00:00,92.00003333333333,-23.835132269959637,0.1671389490503566,FLAT,False,False,False,
2026-04-18T22:29:00+00:00,ETHUSDT,LONG_SPOT_SHORT_PERP,2353.47,2352.09,-5.863682137438143,-0.00015064,-0.00010377,2026-04-19T00:00:00.002000+00:00,91.00003333333333,-22.901382137438144,0.16877933544507043,FLAT,False,False,False,
2026-04-18T22:30:00+00:00,ETHUSDT,LONG_SPOT_SHORT_PERP,2354.0,2352.51,-6.329651656753533,-0.00015064,-0.00010377,2026-04-19T00:00:00.002000+00:00,90.00003333333333,-23.367351656753534,0.16794239783214454,FLAT,False,False,False,
2026-04-18T22:31:00+00:00,ETHUSDT,LONG_SPOT_SHORT_PERP,2353.96,2352.6,-5.777498343217927,-0.00015064,-0.00010377,2026-04-19T00:00:00.002000+00:00,89.00003333333333,-22.81519834321793,0.16893826072815762,FLAT,False,False,False,
2026-04-18T22:32:00+00:00,ETHUSDT,LONG_SPOT_SHORT_PERP,2355.0,2353.52,-6.284501061571202,-0.00015064,-0.00010377,2026-04-19T00:00:00.002000+00:00,88.00003333333333,-23.322201061571203,0.1680218704917953,FLAT,False,False,False,
2026-04-18T22:33:00+00:00,ETHUSDT,LONG_SPOT_SHORT_PERP,2355.4,2353.99,-5.986244374629826,-0.00015064,-0.00010377,2026-04-19T00:00:00.002000+00:00,87.00003333333333,-23.023944374629828,0.16855557026109672,FLAT,False,False,False,
2026-04-18T22:34:00+00:00,ETHUSDT,LONG_SPOT_SHORT_PERP,2355.99,2354.65,-5.687630253098235,-0.00015064,-0.00010377,2026-04-19T00:00:00.002000+00:00,86.00003333333333,-22.725330253098235,0.16910537961996744,FLAT,False,False,False,
2026-04-18T22:35:00+00:00,ETHUSDT,LONG_SPOT_SHORT_PERP,2356.33,2354.89,-6.111198346581569,-0.00015064,-0.00010377,2026-04-19T00:00:00.002000+00:00,85.00003333333333,-23.148898346581568,0.16833012251274776,FLAT,False,False,False,
2026-04-18T22:36:00+00:00,ETHUSDT,LONG_SPOT_SHORT_PERP,2356.82,2355.27,-6.576658378663546,-0.00015064,-0.00010377,2026-04-19T00:00:00.002000+00:00,84.00003333333333,-23.614358378663546,0.16751365704242155,FLAT,False,False,False,
2026-04-18T22:37:00+00:00,ETHUSDT,LONG_SPOT_SHORT_PERP,2355.8,2354.25,-6.57950590033187,-0.00015064,-0.00010377,2026-04-19T00:00:00.002000+00:00,83.00003333333333,-23.617205900331868,0.1675087734120451,FLAT,False,False,False,
2026-04-18T22:38:00+00:00,ETHUSDT,LONG_SPOT_SHORT_PERP,2356.08,2354.59,-6.324063699024574,-0.00015064,-0.00010377,2026-04-19T00:00:00.002000+00:00,82.00003333333333,-23.361763699024575,0.16795221495630788,FLAT,False,False,False,
2026-04-18T22:39:00+00:00,ETHUSDT,LONG_SPOT_SHORT_PERP,2354.14,2352.54,-6.796537164314396,-0.00015064,-0.00010377,2026-04-19T00:00:00.002000+00:00,81.00003333333333,-23.834237164314395,0.1671404522988042,FLAT,False,False,False,
2026-04-18T22:40:00+00:00,ETHUSDT,LONG_SPOT_SHORT_PERP,2354.66,2353.31,-5.733311815718232,-0.00015064,-0.00010377,2026-04-19T00:00:00.002000+00:00,80.00003333333333,-22.771011815718232,0.16902025081195202,FLAT,False,False,False,
2026-04-18T22:41:00+00:00,ETHUSDT,LONG_SPOT_SHORT_PERP,2353.74,2352.15,-6.75520660735549,-0.00015064,-0.00010377,2026-04-19T00:00:00.002000+00:00,79.00003333333333,-23.79290660735549,0.1672100040229087,FLAT,False,False,False,
2026-04-18T22:42:00+00:00,ETHUSDT,LONG_SPOT_SHORT_PERP,2352.98,2351.62,-5.779904631574119,-0.00015064,-0.00010377,2026-04-19T00:00:00.002000+00:00,78.00003333333333,-22.81760463157412,0.16893380568207225,FLAT,False,False,False,
2026-04-18T22:43:00+00:00,ETHUSDT,LONG_SPOT_SHORT_PERP,2353.47,2352.0,-6.2460961898804745,-0.00015064,-0.00010377,2026-04-19T00:00:00.002000+00:00,77.00003333333333,-23.283796189880476,0.16808974050841832,FLAT,False,False,False,
2026-04-18T22:44:00+00:00,ETHUSDT,LONG_SPOT_SHORT_PERP,2354.22,2352.73,-6.3290601558043935,-0.00015064,-0.00010377,2026-04-19T00:00:00.002000+00:00,76.00003333333333,-23.366760155804393,0.1679434367535565,FLAT,False,False,False,
2026-04-18T22:45:00+00:00,ETHUSDT,LONG_SPOT_SHORT_PERP,2355.21,2353.7,-6.411317886728649,-0.00015064,-0.00010377,2026-04-19T00:00:00.002000+00:00,75.00003333333333,-23.449017886728647,0.1677995216384305,FLAT,False,False,False,
2026-04-18T22:46:00+00:00,ETHUSDT,LONG_SPOT_SHORT_PERP,2356.07,2354.7,-5.814767812502793,-0.00015064,-0.00010377,2026-04-19T00:00:00.002000+00:00,74.00003333333333,-22.852467812502795,0.16886937414960188,FLAT,False,False,False,
2026-04-18T22:47:00+00:00,ETHUSDT,LONG_SPOT_SHORT_PERP,2356.51,2354.7,-7.680850070657031,-0.00015064,-0.00010377,2026-04-19T00:00:00.002000+00:00,73.00003333333333,-24.71855007065703,0.16571661029074833,FLAT,False,False,False,
2026-04-18T22:48:00+00:00,ETHUSDT,LONG_SPOT_SHORT_PERP,2357.49,2356.11,-5.853683366629994,-0.00015064,-0.00010377,2026-04-19T00:00:00.002000+00:00,72.00003333333333,-22.891383366629995,0.16879770640200245,FLAT,False,False,False,
2026-04-18T22:49:00+00:00,ETHUSDT,LONG_SPOT_SHORT_PERP,2357.51,2355.82,-7.1685804089910725,-0.00015064,-0.00010377,2026-04-19T00:00:00.002000+00:00,71.00003333333333,-24.206280408991073,0.1665266412119871,FLAT,False,False,False,
2026-04-18T22:50:00+00:00,ETHUSDT,LONG_SPOT_SHORT_PERP,2358.35,2356.58,-7.505247312739763,-0.00015064,-0.00010377,2026-04-19T00:00:00.002000+00:00,70.00003333333333,-24.542947312739763,0.16598979815302042,FLAT,False,False,False,
2026-04-18T22:51:00+00:00,ETHUSDT,LONG_SPOT_SHORT_PERP,2357.17,2355.66,-6.405986840152464,-0.00015064,-0.00010377,2026-04-19T00:00:00.002000+00:00,69.00003333333333,-23.443686840152463,0.16780881431369582,FLAT,False,False,False,
2026-04-18T22:52:00+00:00,ETHUSDT,LONG_SPOT_SHORT_PERP,2357.44,2356.13,-5.556875254513139,-0.00015064,-0.00010377,2026-04-19T00:00:00.002000+00:00,68.00003333333333,-22.59457525451314,0.16935110778568258,FLAT,False,False,False,
2026-04-18T22:53:00+00:00,ETHUSDT,LONG_SPOT_SHORT_PERP,2357.45,2356.18,-5.387176822413973,-0.00015064,-0.00010377,2026-04-19T00:00:00.002000+00:00,67.00003333333333,-22.42487682241397,0.16967462933203575,FLAT,False,False,False,
2026-04-18T22:54:00+00:00,ETHUSDT,LONG_SPOT_SHORT_PERP,2357.46,2355.85,-6.829384167706461,-0.00015064,-0.00010377,2026-04-19T00:00:00.002000+00:00,66.00003333333333,-23.867084167706462,0.16708537323778783,FLAT,False,False,False,
2026-04-18T22:55:00+00:00,ETHUSDT,LONG_SPOT_SHORT_PERP,2356.96,2355.45,-6.406557599620775,-0.00015064,-0.00010377,2026-04-19T00:00:00.002000+00:00,65.00003333333333,-23.444257599620776,0.1678078191822689,FLAT,False,False,False,
2026-04-18T22:56:00+00:00,ETHUSDT,LONG_SPOT_SHORT_PERP,2357.16,2355.78,-5.854502876341251,-0.00015064,-0.00010377,2026-04-19T00:00:00.002000+00:00,64.00003333333333,-22.89220287634125,0.1687962000385665,FLAT,False,False,False,
2026-04-18T22:57:00+00:00,ETHUSDT,LONG_SPOT_SHORT_PERP,2357.75,2356.3,-6.149931078357833,-0.00015064,-0.00010377,2026-04-19T00:00:00.002000+00:00,63.000033333333334,-23.187631078357832,0.16826078457038743,FLAT,False,False,False,
2026-04-18T22:58:00+00:00,ETHUSDT,LONG_SPOT_SHORT_PERP,2356.61,2355.01,-6.7894136068331585,-0.00015064,-0.00010377,2026-04-19T00:00:00.002000+00:00,62.000033333333334,-23.82711360683316,0.16715242026926025,FLAT,False,False,False,
2026-04-18T22:59:00+00:00,ETHUSDT,LONG_SPOT_SHORT_PERP,2356.53,2355.0,-6.4925971661731445,-0.00015064,-0.00010377,2026-04-19T00:00:00.002000+00:00,61.000033333333334,-23.530297166173145,0.16765842811640802,FLAT,False,False,False,
2026-04-18T23:00:00+00:00,ETHUSDT,LONG_SPOT_SHORT_PERP,2356.62,2355.18,-6.1104463171833165,-0.00015064,-0.00010377,2026-04-19T00:00:00.002000+00:00,60.000033333333334,-23.14814631718332,0.16833147131368187,FLAT,False,False,False,
2026-04-18T23:01:00+00:00,ETHUSDT,LONG_SPOT_SHORT_PERP,2357.32,2355.89,-6.066210781736425,-0.00015064,-0.00010377,2026-04-19T00:00:00.002000+00:00,59.000033333333334,-23.103910781736424,0.16841098087345593,FLAT,False,False,False,
2026-04-18T23:02:00+00:00,ETHUSDT,LONG_SPOT_SHORT_PERP,2357.95,2356.59,-5.767721961872273,-0.00015064,-0.00010377,2026-04-19T00:00:00.002000+00:00,58.000033333333334,-22.805421961872273,0.16895637143631273,FLAT,False,False,False,
2026-04-18T23:03:00+00:00,ETHUSDT,LONG_SPOT_SHORT_PERP,2358.75,2357.3,-6.147323794381847,-0.00015064,-0.00010377,2026-04-19T00:00:00.002000+00:00,57.000033333333334,-23.18502379438185,0.16826544397264673,FLAT,False,False,False,
2026-04-18T23:04:00+00:00,ETHUSDT,LONG_SPOT_SHORT_PERP,2358.15,2356.78,-5.80963891185841,-0.00015064,-0.00010377,2026-04-19T00:00:00.002000+00:00,56.000033333333334,-22.847338911858408,0.16887883954092298,FLAT,False,False,False,
2026-04-18T23:05:00+00:00,ETHUSDT,LONG_SPOT_SHORT_PERP,2357.23,2355.8,-6.0664423921290505,-0.00015064,-0.00010377,2026-04-19T00:00:00.002000+00:00,55.000033333333334,-23.10414239212905,0.1684105636968193,FLAT,False,False,False,
2026-04-18T23:06:00+00:00,ETHUSDT,LONG_SPOT_SHORT_PERP,2357.53,2356.19,-5.683914944879367,-0.00015064,-0.00010377,2026-04-19T00:00:00.002000+00:00,54.000033333333334,-22.721614944879367,0.16911231954202927,FLAT,False,False,False,
2026-04-18T23:07:00+00:00,ETHUSDT,LONG_SPOT_SHORT_PERP,2357.54,2355.94,-6.786735325805327,-0.00015064,-0.00010377,2026-04-19T00:00:00.002000+00:00,53.000033333333334,-23.824435325805325,0.16715692204616073,FLAT,False,False,False,
2026-04-18T23:08:00+00:00,ETHUSDT,LONG_SPOT_SHORT_PERP,2357.89,2356.26,-6.912960316213455,-0.00015064,-0.00010377,2026-04-19T00:00:00.002000+00:00,52.000033333333334,-23.950660316213455,0.16694601024056724,FLAT,False,False,False,
2026-04-18T23:09:00+00:00,ETHUSDT,LONG_SPOT_SHORT_PERP,2357.11,2355.63,-6.278875402505687,-0.00015064,-0.00010377,2026-04-19T00:00:00.002000+00:00,51.000033333333334,-23.316575402505688,0.16803179669682392,FLAT,False,False,False,
2026-04-18T23:10:00+00:00,ETHUSDT,LONG_SPOT_SHORT_PERP,2356.79,2355.16,-6.916186847364887,-0.00015064,-0.00010377,2026-04-19T00:00:00.002000+00:00,50.000033333333334,-23.95388684736489,0.16694065239388567,FLAT,False,False,False,
2026-04-18T23:11:00+00:00,ETHUSDT,LONG_SPOT_SHORT_PERP,2356.21,2354.68,-6.493478934391248,-0.00015064,-0.00010377,2026-04-19T00:00:00.002000+00:00,49.000033333333334,-23.53117893439125,0.1676569034641825,FLAT,False,False,False,
2026-04-18T23:12:00+00:00,ETHUSDT,LONG_SPOT_SHORT_PERP,2356.79,2355.19,-6.788895064897209,-0.00015064,-0.00010377,2026-04-19T00:00:00.002000+00:00,48.000033333333334,-23.82659506489721,0.16715329176787655,FLAT,False,False,False,
2026-04-18T23:13:00+00:00,ETHUSDT,LONG_SPOT_SHORT_PERP,2356.19,2354.51,-7.130155038429992,-0.00015064,-0.00010377,2026-04-19T00:00:00.002000+00:00,47.000033333333334,-24.16785503842999,0.16658902584373464,FLAT,False,False,False,
2026-04-18T23:14:00+00:00,ETHUSDT,LONG_SPOT_SHORT_PERP,2355.33,2353.84,-6.3260774498680945,-0.00015064,-0.00010377,2026-04-19T00:00:00.002000+00:00,46.000033333333334,-23.363777449868095,0.16794867652118026,FLAT,False,False,False,
2026-04-18T23:15:00+00:00,ETHUSDT,LONG_SPOT_SHORT_PERP,2356.31,2354.92,-5.899054029392875,-0.00015064,-0.00010377,2026-04-19T00:00:00.002000+00:00,45.000033333333334,-22.936754029392876,0.1687144866469646,FLAT,False,False,False,
2026-04-18T23:16:00+00:00,ETHUSDT,LONG_SPOT_SHORT_PERP,2356.31,2354.87,-6.111250217501325,-0.00015064,-0.00010377,2026-04-19T00:00:00.002000+00:00,44.000033333333334,-23.148950217501323,0.16833002948333384,FLAT,False,False,False,
2026-04-18T23:17:00+00:00,ETHUSDT,LONG_SPOT_SHORT_PERP,2356.24,2354.84,-5.941669778968341,-0.00015064,-0.00010377,2026-04-19T00:00:00.002000+00:00,43.000033333333334,-22.97936977896834,0.16863664806060194,FLAT,False,False,False,
2026-04-18T23:18:00+00:00,ETHUSDT,LONG_SPOT_SHORT_PERP,2355.4,2354.0,-5.943788740766286,-0.00015064,-0.00010377,2026-04-19T00:00:00.002000+00:00,42.000033333333334,-22.981488740766288,0.1686327860017545,FLAT,False,False,False,
2026-04-18T23:19:00+00:00,ETHUSDT,LONG_SPOT_SHORT_PERP,2354.7,2353.27,-6.07296046205392,-0.00015064,-0.00010377,2026-04-19T00:00:00.002000+00:00,41.000033333333334,-23.11066046205392,0.16839882713911847,FLAT,False,False,False,
2026-04-18T23:20:00+00:00,ETHUSDT,LONG_SPOT_SHORT_PERP,2354.3,2352.82,-6.286369621543636,-0.00015064,-0.00010377,2026-04-19T00:00:00.002000+00:00,40.000033333333334,-23.324069621543636,0.1680185746903805,FLAT,False,False,False,
2026-04-18T23:21:00+00:00,ETHUSDT,LONG_SPOT_SHORT_PERP,2354.7,2353.26,-6.1154287170323185,-0.00015064,-0.00010377,2026-04-19T00:00:00.002000+00:00,39.000033333333334,-23.153128717032317,0.16832253694805,FLAT,False,False,False,
2026-04-18T23:22:00+00:00,ETHUSDT,LONG_SPOT_SHORT_PERP,2354.7,2353.4,-5.520873147321218,-0.00015064,-0.00010377,2026-04-19T00:00:00.002000+00:00,38.000033333333334,-22.55857314732122,0.16941930688968415,FLAT,False,False,False,
2026-04-18T23:23:00+00:00,ETHUSDT,LONG_SPOT_SHORT_PERP,2354.24,2352.86,-5.861764306101564,-0.00015064,-0.00010377,2026-04-19T00:00:00.002000+00:00,37.000033333333334,-22.899464306101564,0.16878285775722474,FLAT,False,False,False,
2026-04-18T23:24:00+00:00,ETHUSDT,LONG_SPOT_SHORT_PERP,2355.03,2353.66,-5.817335660269064,-0.00015064,-0.00010377,2026-04-19T00:00:00.002000+00:00,36.000033333333334,-22.855035660269063,0.16886463692642356,FLAT,False,False,False,
2026-04-18T23:25:00+00:00,ETHUSDT,LONG_SPOT_SHORT_PERP,2354.94,2353.42,-6.454516887903648,-0.00015064,-0.00010377,2026-04-19T00:00:00.002000+00:00,35.000033333333334,-23.49221688790365,0.1677243952417999,FLAT,False,False,False,
2026-04-18T23:26:00+00:00,ETHUSDT,LONG_SPOT_SHORT_PERP,2354.95,2353.57,-5.859997027536273,-0.00015064,-0.00010377,2026-04-19T00:00:00.002000+00:00,34.000033333333334,-22.897697027536275,0.1687861041340203,FLAT,False,False,False,
2026-04-18T23:27:00+00:00,ETHUSDT,LONG_SPOT_SHORT_PERP,2354.85,2353.37,-6.284901373760615,-0.00015064,-0.00010377,2026-04-19T00:00:00.002000+00:00,33.000033333333334,-23.322601373760616,0.16802116436394762,FLAT,False,False,False,
2026-04-18T23:28:00+00:00,ETHUSDT,LONG_SPOT_SHORT_PERP,2355.2,2353.82,-5.859374999998533,-0.00015064,-0.00010377,2026-04-19T00:00:00.002000+00:00,32.000033333333334,-22.897074999998534,0.16878724688898428,FLAT,False,False,False,
2026-04-18T23:29:00+00:00,ETHUSDT,LONG_SPOT_SHORT_PERP,2354.73,2353.17,-6.624963371596512,-0.00015064,-0.00010377,2026-04-19T00:00:00.002000+00:00,31.00003333333333,-23.662663371596512,0.16743099204220346,FLAT,False,False,False,
2026-04-18T23:30:00+00:00,ETHUSDT,LONG_SPOT_SHORT_PERP,2354.02,2352.52,-6.372078402052659,-0.00015064,-0.00010377,2026-04-19T00:00:00.002000+00:00,30.00003333333333,-23.40977840205266,0.1678680321578354,FLAT,False,False,False,
2026-04-18T23:31:00+00:00,ETHUSDT,LONG_SPOT_SHORT_PERP,2353.47,2352.0,-6.2460961898804745,-0.00015064,-0.00010377,2026-04-19T00:00:00.002000+00:00,29.00003333333333,-23.283796189880476,0.16808974050841832,FLAT,False,False,False,
2026-04-18T23:32:00+00:00,ETHUSDT,LONG_SPOT_SHORT_PERP,2353.67,2352.13,-6.542973314015829,-0.00015064,-0.00010377,2026-04-19T00:00:00.002000+00:00,28.00003333333333,-23.58067331401583,0.16757152976220605,FLAT,False,False,False,
2026-04-18T23:33:00+00:00,ETHUSDT,LONG_SPOT_SHORT_PERP,2352.32,2351.03,-5.483947762209068,-0.00015064,-0.00010377,2026-04-19T00:00:00.002000+00:00,27.00003333333333,-22.521647762209067,0.1694894987951712,FLAT,False,False,False,
2026-04-18T23:34:00+00:00,ETHUSDT,LONG_SPOT_SHORT_PERP,2353.41,2352.0,-5.99130623223261,-0.00015064,-0.00010377,2026-04-19T00:00:00.002000+00:00,26.00003333333333,-23.02900623223261,0.16854638495956892,FLAT,False,False,False,
2026-04-18T23:35:00+00:00,ETHUSDT,LONG_SPOT_SHORT_PERP,2352.23,2350.69,-6.546978824349505,-0.00015064,-0.00010377,2026-04-19T00:00:00.002000+00:00,25.00003333333333,-23.584678824349506,0.16756463828937604,FLAT,False,False,False,
2026-04-18T23:36:00+00:00,ETHUSDT,LONG_SPOT_SHORT_PERP,2352.58,2351.29,-5.483341692949713,-0.00015064,-0.00010377,2026-04-19T00:00:00.002000+00:00,24.00003333333333,-22.521041692949712,0.1694906529436589,FLAT,False,False,False,
2026-04-18T23:37:00+00:00,ETHUSDT,LONG_SPOT_SHORT_PERP,2352.59,2351.28,-5.568331073412475,-0.00015064,-0.00010377,2026-04-19T00:00:00.002000+00:00,23.00003333333333,-22.606031073412474,0.16932945602990013,FLAT,False,False,False,
2026-04-18T23:38:00+00:00,ETHUSDT,LONG_SPOT_SHORT_PERP,2352.0,2350.6,-5.952380952381339,-0.00015064,-0.00010377,2026-04-19T00:00:00.002000+00:00,22.00003333333333,-22.99008095238134,0.16861713369535164,FLAT,False,False,False,
2026-04-18T23:39:00+00:00,ETHUSDT,LONG_SPOT_SHORT_PERP,2351.65,2350.26,-5.910743520506337,-0.00015064,-0.00010377,2026-04-19T00:00:00.002000+00:00,21.00003333333333,-22.948443520506338,0.16869310396523146,FLAT,False,False,False,
2026-04-18T23:40:00+00:00,ETHUSDT,LONG_SPOT_SHORT_PERP,2353.39,2352.2,-5.05653546586012,-0.00015064,-0.00010377,2026-04-19T00:00:00.002000+00:00,20.00003333333333,-22.09423546586012,0.17032021649147858,FLAT,False,False,False,
2026-04-18T23:41:00+00:00,ETHUSDT,LONG_SPOT_SHORT_PERP,2353.38,2351.97,-5.9913826071450815,-0.00015064,-0.00010377,2026-04-19T00:00:00.002000+00:00,19.00003333333333,-23.02908260714508,0.1685462464028758,FLAT,False,False,False,
2026-04-18T23:42:00+00:00,ETHUSDT,LONG_SPOT_SHORT_PERP,2353.04,2351.57,-6.247237616019277,-0.00015064,-0.00010377,2026-04-19T00:00:00.002000+00:00,18.00003333333333,-23.284937616019278,0.16808771975196338,FLAT,False,False,False,
2026-04-18T23:43:00+00:00,ETHUSDT,LONG_SPOT_SHORT_PERP,2353.36,2352.16,-5.0990923615608015,-0.00015064,-0.00010377,2026-04-19T00:00:00.002000+00:00,17.00003333333333,-22.1367923615608,0.17023597808117955,FLAT,False,False,False,
2026-04-18T23:44:00+00:00,ETHUSDT,LONG_SPOT_SHORT_PERP,2352.99,2351.5,-6.332368603350554,-0.00015064,-0.00010377,2026-04-19T00:00:00.002000+00:00,16.00003333333333,-23.370068603350553,0.16793762650114905,FLAT,False,False,False,
2026-04-18T23:45:00+00:00,ETHUSDT,LONG_SPOT_SHORT_PERP,2352.99,2351.69,-5.52488535862765,-0.00015064,-0.00010377,2026-04-19T00:00:00.002000+00:00,15.000033333333333,-22.56258535862765,0.16941169491583707,FLAT,False,False,False,
2026-04-18T23:46:00+00:00,ETHUSDT,LONG_SPOT_SHORT_PERP,2352.98,2351.63,-5.737405332811622,-0.00015064,-0.00010377,2026-04-19T00:00:00.002000+00:00,14.000033333333333,-22.77510533281162,0.16901264055267792,FLAT,False,False,False,
2026-04-18T23:47:00+00:00,ETHUSDT,LONG_SPOT_SHORT_PERP,2352.79,2351.48,-5.567857734859233,-0.00015064,-0.00010377,2026-04-19T00:00:00.002000+00:00,13.000033333333333,-22.605557734859232,0.16933035018160095,FLAT,False,False,False,
2026-04-18T23:48:00+00:00,ETHUSDT,LONG_SPOT_SHORT_PERP,2353.13,2351.99,-4.84461121995099,-0.00015064,-0.00010377,2026-04-19T00:00:00.002000+00:00,12.000033333333333,-21.882311219950992,0.17074482456304665,FLAT,False,False,False,
2026-04-18T23:49:00+00:00,ETHUSDT,LONG_SPOT_SHORT_PERP,2353.17,2351.99,-5.014512338676301,-0.00015064,-0.00010377,2026-04-19T00:00:00.002000+00:00,11.000033333333333,-22.052212338676302,0.17040373397524725,FLAT,False,False,False,
2026-04-18T23:50:00+00:00,ETHUSDT,LONG_SPOT_SHORT_PERP,2352.71,2351.33,-5.865576292871238,-0.00015064,-0.00010377,2026-04-19T00:00:00.002000+00:00,10.000033333333333,-22.90327629287124,0.16877585725007221,FLAT,False,False,False,
2026-04-18T23:51:00+00:00,ETHUSDT,LONG_SPOT_SHORT_PERP,2352.32,2351.0,-5.611481431098505,-0.00015064,-0.00010377,2026-04-19T00:00:00.002000+00:00,9.000033333333333,-22.649181431098505,0.15424861310551474,FLAT,False,False,False,
2026-04-18T23:52:00+00:00,ETHUSDT,LONG_SPOT_SHORT_PERP,2351.79,2350.14,-7.0159325449980265,-0.00015064,-0.00010377,2026-04-19T00:00:00.002000+00:00,8.000033333333333,-24.053632544998027,0.13677633498412875,FLAT,False,False,False,
2026-04-18T23:53:00+00:00,ETHUSDT,LONG_SPOT_SHORT_PERP,2351.43,2350.01,-6.038878469695539,-0.00015064,-0.00010377,2026-04-19T00:00:00.002000+00:00,7.0000333333333336,-23.07657846969554,0.12346077679851257,FLAT,False,False,False,
2026-04-18T23:54:00+00:00,ETHUSDT,LONG_SPOT_SHORT_PERP,2350.62,2349.32,-5.530455794640253,-0.00015064,-0.00010377,2026-04-19T00:00:00.002000+00:00,6.0000333333333336,-22.568155794640255,0.10940163150668718,FLAT,False,False,False,
2026-04-18T23:55:00+00:00,ETHUSDT,LONG_SPOT_SHORT_PERP,2350.63,2349.24,-5.913308347125355,-0.00015064,-0.00010377,2026-04-19T00:00:00.002000+00:00,5.0000333333333336,-22.951008347125356,0.09368891552215786,FLAT,False,False,False,
2026-04-18T23:56:00+00:00,ETHUSDT,LONG_SPOT_SHORT_PERP,2350.81,2349.5,-5.572547334748217,-0.00015064,-0.00010377,2026-04-19T00:00:00.002000+00:00,4.0000333333333336,-22.610247334748216,0.0793219931594483,FLAT,False,False,False,
2026-04-18T23:57:00+00:00,ETHUSDT,LONG_SPOT_SHORT_PERP,2350.81,2349.27,-6.550933508024739,-0.00015064,-0.00010377,2026-04-19T00:00:00.002000+00:00,3.0000333333333336,-23.58863350802474,0.06255833685936751,FLAT,False,False,False,
2026-04-18T23:58:00+00:00,ETHUSDT,LONG_SPOT_SHORT_PERP,2350.26,2348.94,-5.616399887672698,-0.00015064,-0.00010377,2026-04-19T00:00:00.002000+00:00,2.000033333333333,-22.6540998876727,0.04923936255772114,FLAT,False,False,False,
2026-04-18T23:59:00+00:00,ETHUSDT,LONG_SPOT_SHORT_PERP,2350.32,2348.99,-5.658803907554638,-0.00015064,-0.00010377,2026-04-19T00:00:00.002000+00:00,1.0000333333333333,-22.69650390755464,0.03415978972883115,FLAT,False,False,False,
2026-04-19T00:00:00+00:00,ETHUSDT,LONG_SPOT_SHORT_PERP,2350.42,2348.82,-6.807294015537262,-0.00015064,-0.00010377,2026-04-19T00:00:00.002000+00:00,3.3333333333333335e-05,-23.84499401553726,0.01712289569215995,FLAT,False,False,False,
2026-04-19T00:01:00+00:00,ETHUSDT,LONG_SPOT_SHORT_PERP,2351.12,2349.72,-5.954608867263649,-0.00010377,-0.00011438,2026-04-19T08:00:00.010000+00:00,479.00016666666664,-23.09840886726365,0.16842089364011345,FLAT,False,False,False,
2026-04-19T00:02:00+00:00,ETHUSDT,LONG_SPOT_SHORT_PERP,2352.1,2350.79,-5.569491093065539,-0.00010377,-0.00011438,2026-04-19T08:00:00.010000+00:00,478.00016666666664,-22.71329109306554,0.16912787682542205,FLAT,False,False,False,
2026-04-19T00:03:00+00:00,ETHUSDT,LONG_SPOT_SHORT_PERP,2351.35,2350.01,-5.69885384991469,-0.00010377,-0.00011438,2026-04-19T08:00:00.010000+00:00,477.00016666666664,-22.84265384991469,0.1688874898826644,FLAT,False,False,False,
2026-04-19T00:04:00+00:00,ETHUSDT,LONG_SPOT_SHORT_PERP,2352.67,2351.26,-5.993190715229312,-0.00010377,-0.00011438,2026-04-19T08:00:00.010000+00:00,476.00016666666664,-23.13699071522931,0.16835149082556106,FLAT,False,False,False,
2026-04-19T00:05:00+00:00,ETHUSDT,LONG_SPOT_SHORT_PERP,2353.22,2351.78,-6.119274865926688,-0.00010377,-0.00011438,2026-04-19T08:00:00.010000+00:00,475.00016666666664,-23.263074865926686,0.16812646351716842,FLAT,False,False,False,
2026-04-19T00:06:00+00:00,ETHUSDT,LONG_SPOT_SHORT_PERP,2353.06,2351.6,-6.204686663323657,-0.00010377,-0.00011438,2026-04-19T08:00:00.010000+00:00,474.00016666666664,-23.348486663323655,0.16797556161093974,FLAT,False,False,False,
2026-04-19T00:07:00+00:00,ETHUSDT,LONG_SPOT_SHORT_PERP,2353.61,2352.24,-5.820845424689501,-0.00010377,-0.00011438,2026-04-19T08:00:00.010000+00:00,473.00016666666664,-22.9646454246895,0.16866350656072363,FLAT,False,False,False,
2026-04-19T00:08:00+00:00,ETHUSDT,LONG_SPOT_SHORT_PERP,2353.79,2352.35,-6.1177930061732555,-0.00010377,-0.00011438,2026-04-19T08:00:00.010000+00:00,472.00016666666664,-23.261593006173257,0.16812909250982702,FLAT,False,False,False,
2026-04-19T00:09:00+00:00,ETHUSDT,LONG_SPOT_SHORT_PERP,2355.14,2353.66,-6.284127482867339,-0.00010377,-0.00011438,2026-04-19T08:00:00.010000+00:00,471.00016666666664,-23.42792748286734,0.16783631259798104,FLAT,False,False,False,
2026-04-19T00:10:00+00:00,ETHUSDT,LONG_SPOT_SHORT_PERP,2353.67,2352.22,-6.16059175670452,-0.00010377,-0.00011438,2026-04-19T08:00:00.010000+00:00,470.00016666666664,-23.30439175670452,0.16805331249340216,FLAT,False,False,False,
2026-04-19T00:11:00+00:00,ETHUSDT,LONG_SPOT_SHORT_PERP,2353.92,2352.59,-5.650149537791969,-0.00010377,-0.00011438,2026-04-19T08:00:00.010000+00:00,469.00016666666664,-22.793949537791967,0.16897764564069473,FLAT,False,False,False,
2026-04-19T00:12:00+00:00,ETHUSDT,LONG_SPOT_SHORT_PERP,2353.01,2351.54,-6.247317265971052,-0.00010377,-0.00011438,2026-04-19T08:00:00.010000+00:00,468.00016666666664,-23.39111726597105,0.1679007042028284,FLAT,False,False,False,
2026-04-19T00:13:00+00:00,ETHUSDT,LONG_SPOT_SHORT_PERP,2352.32,2350.83,-6.3341722214674725,-0.00010377,-0.00011438,2026-04-19T08:00:00.010000+00:00,467.00016666666664,-23.47797222146747,0.16774913345886355,FLAT,False,False,False,
2026-04-19T00:14:00+00:00,ETHUSDT,LONG_SPOT_SHORT_PERP,2352.0,2350.38,-6.8877551020403525,-0.00010377,-0.00011438,2026-04-19T08:00:00.010000+00:00,466.00016666666664,-24.03155510204035,0.16681217929159464,FLAT,False,False,False,
2026-04-19T00:15:00+00:00,ETHUSDT,LONG_SPOT_SHORT_PERP,2350.41,2348.92,-6.339319522975914,-0.00010377,-0.00011438,2026-04-19T08:00:00.010000+00:00,465.00016666666664,-23.48311952297591,0.16774019042257957,FLAT,False,False,False,
2026-04-19T00:16:00+00:00,ETHUSDT,LONG_SPOT_SHORT_PERP,2348.42,2347.1,-5.62080036790763,-0.00010377,-0.00011438,2026-04-19T08:00:00.010000+00:00,464.00016666666664,-22.76460036790763,0.16903217631926504,FLAT,False,False,False,
2026-04-19T00:17:00+00:00,ETHUSDT,LONG_SPOT_SHORT_PERP,2349.2,2347.79,-6.0020432487649185,-0.00010377,-0.00011438,2026-04-19T08:00:00.010000+00:00,463.00016666666664,-23.14584324876492,0.16833560258159075,FLAT,False,False,False,
2026-04-19T00:18:00+00:00,ETHUSDT,LONG_SPOT_SHORT_PERP,2350.41,2349.03,-5.871316068258961,-0.00010377,-0.00011438,2026-04-19T08:00:00.010000+00:00,462.00016666666664,-23.015116068258962,0.1685716008452886,FLAT,False,False,False,
2026-04-19T00:19:00+00:00,ETHUSDT,LONG_SPOT_SHORT_PERP,2350.76,2349.21,-6.593612278583019,-0.00010377,-0.00011438,2026-04-19T08:00:00.010000+00:00,461.00016666666664,-23.73741227858302,0.1673038256195942,FLAT,False,False,False,
2026-04-19T00:20:00+00:00,ETHUSDT,LONG_SPOT_SHORT_PERP,2350.52,2349.12,-5.956128856593821,-0.00010377,-0.00011438,2026-04-19T08:00:00.010000+00:00,460.00016666666664,-23.09992885659382,0.16841815456272707,FLAT,False,False,False,
2026-04-19T00:21:00+00:00,ETHUSDT,LONG_SPOT_SHORT_PERP,2348.32,2346.79,-6.515296041426211,-0.00010377,-0.00011438,2026-04-19T08:00:00.010000+00:00,459.00016666666664,-23.65909604142621,0.16743708377736927,FLAT,False,False,False,
2026-04-19T00:22:00+00:00,ETHUSDT,LONG_SPOT_SHORT_PERP,2348.62,2347.15,-6.258994643662236,-0.00010377,-0.00011438,2026-04-19T08:00:00.010000+00:00,458.00016666666664,-23.402794643662236,0.1678802525317264,FLAT,False,False,False,
2026-04-19T00:23:00+00:00,ETHUSDT,LONG_SPOT_SHORT_PERP,2347.11,2345.76,-5.751754285056554,-0.00010377,-0.00011438,2026-04-19T08:00:00.010000+00:00,457.00016666666664,-22.895554285056555,0.1687900409493861,FLAT,False,False,False,
2026-04-19T00:24:00+00:00,ETHUSDT,LONG_SPOT_SHORT_PERP,2348.09,2346.6,-6.345583005763136,-0.00010377,-0.00011438,2026-04-19T08:00:00.010000+00:00,456.00016666666664,-23.489383005763138,0.1677293140560343,FLAT,False,False,False,
2026-04-19T00:25:00+00:00,ETHUSDT,LONG_SPOT_SHORT_PERP,2348.05,2346.95,-4.684738399950443,-0.00010377,-0.00011438,2026-04-19T08:00:00.010000+00:00,455.00016666666664,-21.828538399950443,0.17085393163081125,FLAT,False,False,False,
2026-04-19T00:26:00+00:00,ETHUSDT,LONG_SPOT_SHORT_PERP,2347.37,2345.88,-6.347529362647482,-0.00010377,-0.00011438,2026-04-19T08:00:00.010000+00:00,454.00016666666664,-23.49132936264748,0.16772593558981938,FLAT,False,False,False,
2026-04-19T00:27:00+00:00,ETHUSDT,LONG_SPOT_SHORT_PERP,2347.52,2346.18,-5.708151581243805,-0.00010377,-0.00011438,2026-04-19T08:00:00.010000+00:00,453.00016666666664,-22.851951581243803,0.16887032664495719,FLAT,False,False,False,
2026-04-19T00:28:00+00:00,ETHUSDT,LONG_SPOT_SHORT_PERP,2347.72,2346.29,-6.091015964424362,-0.00010377,-0.00011438,2026-04-19T08:00:00.010000+00:00,452.00016666666664,-23.234815964424364,0.16817666242989343,FLAT,False,False,False,
2026-04-19T00:29:00+00:00,ETHUSDT,LONG_SPOT_SHORT_PERP,2347.93,2346.68,-5.323838444928086,-0.00010377,-0.00011438,2026-04-19T08:00:00.010000+00:00,451.00016666666664,-22.467638444928085,0.169592612160683,FLAT,False,False,False,
2026-04-19T00:30:00+00:00,ETHUSDT,LONG_SPOT_SHORT_PERP,2348.58,2347.14,-6.131364484071459,-0.00010377,-0.00011438,2026-04-19T08:00:00.010000+00:00,450.00016666666664,-23.27516448407146,0.16810502904753924,FLAT,False,False,False,
2026-04-19T00:31:00+00:00,ETHUSDT,LONG_SPOT_SHORT_PERP,2348.74,2347.6,-4.8536662210371215,-0.00010377,-0.00011438,2026-04-19T08:00:00.010000+00:00,449.00016666666664,-21.997466221037122,0.17051303971191584,FLAT,False,False,False,
2026-04-19T00:32:00+00:00,ETHUSDT,LONG_SPOT_SHORT_PERP,2348.82,2347.6,-5.194097461705258,-0.00010377,-0.00011438,2026-04-19T08:00:00.010000+00:00,448.00016666666664,-22.337897461705257,0.16984249212564,FLAT,False,False,False,
2026-04-19T00:33:00+00:00,ETHUSDT,LONG_SPOT_SHORT_PERP,2347.48,2346.24,-5.282260125752877,-0.00010377,-0.00011438,2026-04-19T08:00:00.010000+00:00,447.00016666666664,-22.426060125752876,0.16967235524267738,FLAT,False,False,False,
2026-04-19T00:34:00+00:00,ETHUSDT,LONG_SPOT_SHORT_PERP,2346.12,2344.89,-5.242698583192753,-0.00010377,-0.00011438,2026-04-19T08:00:00.010000+00:00,446.00016666666664,-22.386498583192754,0.16974852448873531,FLAT,False,False,False,
2026-04-19T00:35:00+00:00,ETHUSDT,LONG_SPOT_SHORT_PERP,2345.64,2344.25,-5.925888030558281,-0.00010377,-0.00011438,2026-04-19T08:00:00.010000+00:00,445.00016666666664,-23.069688030558282,0.16847272459031512,FLAT,False,False,False,
2026-04-19T00:36:00+00:00,ETHUSDT,LONG_SPOT_SHORT_PERP,2346.16,2344.75,-6.009820302110064,-0.00010377,-0.00011438,2026-04-19T08:00:00.010000+00:00,444.00016666666664,-23.153620302110063,0.16832165567580956,FLAT,False,False,False,
2026-04-19T00:37:00+00:00,ETHUSDT,LONG_SPOT_SHORT_PERP,2346.19,2344.91,-5.455653634190752,-0.00010377,-0.00011438,2026-04-19T08:00:00.010000+00:00,443.00016666666664,-22.599453634190752,0.1693418846438311,FLAT,False,False,False,
2026-04-19T00:38:00+00:00,ETHUSDT,LONG_SPOT_SHORT_PERP,2344.82,2343.42,-5.970607551965997,-0.00010377,-0.00011438,2026-04-19T08:00:00.010000+00:00,442.00016666666664,-23.114407551965996,0.16839208337178727,FLAT,False,False,False,
2026-04-19T00:39:00+00:00,ETHUSDT,LONG_SPOT_SHORT_PERP,2345.17,2343.96,-5.159540672957766,-0.00010377,-0.00011438,2026-04-19T08:00:00.010000+00:00,441.00016666666664,-22.303340672957766,0.16990957114154576,FLAT,False,False,False,
2026-04-19T00:40:00+00:00,ETHUSDT,LONG_SPOT_SHORT_PERP,2345.91,2344.69,-5.200540515193677,-0.00010377,-0.00011438,2026-04-19T08:00:00.010000+00:00,440.00016666666664,-22.34434051519368,0.16983000978138174,FLAT,False,False,False,
2026-04-19T00:41:00+00:00,ETHUSDT,LONG_SPOT_SHORT_PERP,2345.51,2344.28,-5.244062058997907,-0.00010377,-0.00011438,2026-04-19T08:00:00.010000+00:00,439.00016666666664,-22.387862058997907,0.1697458945563228,FLAT,False,False,False,
2026-04-19T00:42:00+00:00,ETHUSDT,LONG_SPOT_SHORT_PERP,2345.2,2344.19,-4.306668940814275,-0.00010377,-0.00011438,2026-04-19T08:00:00.010000+00:00,438.00016666666664,-21.450468940814275,0.1716369948934211,FLAT,False,False,False,
2026-04-19T00:43:00+00:00,ETHUSDT,LONG_SPOT_SHORT_PERP,2344.36,2343.05,-5.587878994693415,-0.00010377,-0.00011438,2026-04-19T08:00:00.010000+00:00,437.00016666666664,-22.731678994693414,0.16909352633609542,FLAT,False,False,False,
2026-04-19T00:44:00+00:00,ETHUSDT,LONG_SPOT_SHORT_PERP,2345.82,2344.67,-4.902336922696928,-0.00010377,-0.00011438,2026-04-19T08:00:00.010000+00:00,436.00016666666664,-22.046136922696927,0.17041583603051036,FLAT,False,False,False,
2026-04-19T00:45:00+00:00,ETHUSDT,LONG_SPOT_SHORT_PERP,2347.25,2346.1,-4.899350303547092,-0.00010377,-0.00011438,2026-04-19T08:00:00.010000+00:00,435.00016666666664,-22.04315030354709,0.17042178785726442,FLAT,False,False,False,
2026-04-19T00:46:00+00:00,ETHUSDT,LONG_SPOT_SHORT_PERP,2347.21,2346.19,-4.345584758074403,-0.00010377,-0.00011438,2026-04-19T08:00:00.010000+00:00,434.00016666666664,-21.4893847580744,0.1715550875132143,FLAT,False,False,False,
2026-04-19T00:47:00+00:00,ETHUSDT,LONG_SPOT_SHORT_PERP,2347.86,2346.71,-4.898077398141674,-0.00010377,-0.00011438,2026-04-19T08:00:00.010000+00:00,433.00016666666664,-22.041877398141672,0.1704243250567552,FLAT,False,False,False,
2026-04-19T00:48:00+00:00,ETHUSDT,LONG_SPOT_SHORT_PERP,2349.63,2348.49,-4.85182773458088,-0.00010377,-0.00011438,2026-04-19T08:00:00.010000+00:00,432.00016666666664,-21.99562773458088,0.1705167203158748,FLAT,False,False,False,
2026-04-19T00:49:00+00:00,ETHUSDT,LONG_SPOT_SHORT_PERP,2349.12,2347.91,-5.150865004767898,-0.00010377,-0.00011438,2026-04-19T08:00:00.010000+00:00,431.00016666666664,-22.294665004767896,0.1699264464179065,FLAT,False,False,False,
2026-04-19T00:50:00+00:00,ETHUSDT,LONG_SPOT_SHORT_PERP,2348.89,2347.63,-5.364235873113528,-0.00010377,-0.00011438,2026-04-19T08:00:00.010000+00:00,430.00016666666664,-22.508035873113528,0.16951543624795512,FLAT,False,False,False,
2026-04-19T00:51:00+00:00,ETHUSDT,LONG_SPOT_SHORT_PERP,2348.41,2347.12,-5.493078295527458,-0.00010377,-0.00011438,2026-04-19T08:00:00.010000+00:00,429.00016666666664,-22.63687829552746,0.1692712716607465,FLAT,False,False,False,
2026-04-19T00:52:00+00:00,ETHUSDT,LONG_SPOT_SHORT_PERP,2348.26,2347.21,-4.471395842028488,-0.00010377,-0.00011438,2026-04-19T08:00:00.010000+00:00,428.00016666666664,-21.615195842028488,0.17129235003449084,FLAT,False,False,False,
2026-04-19T00:53:00+00:00,ETHUSDT,LONG_SPOT_SHORT_PERP,2348.61,2347.32,-5.492610522819726,-0.00010377,-0.00011438,2026-04-19T08:00:00.010000+00:00,427.00016666666664,-22.636410522819727,0.1692721526999906,FLAT,False,False,False,
2026-04-19T00:54:00+00:00,ETHUSDT,LONG_SPOT_SHORT_PERP,2348.4,2347.07,-5.663430420711664,-0.00010377,-0.00011438,2026-04-19T08:00:00.010000+00:00,426.00016666666664,-22.80723042071166,0.16895301999808743,FLAT,False,False,False,
2026-04-19T00:55:00+00:00,ETHUSDT,LONG_SPOT_SHORT_PERP,2348.39,2347.26,-4.811807238148921,-0.00010377,-0.00011438,2026-04-19T08:00:00.010000+00:00,425.00016666666664,-21.95560723814892,0.1705970001395013,FLAT,False,False,False,
2026-04-19T00:56:00+00:00,ETHUSDT,LONG_SPOT_SHORT_PERP,2347.33,2346.16,-4.984386515743729,-0.00010377,-0.00011438,2026-04-19T08:00:00.010000+00:00,424.00016666666664,-22.128186515743728,0.1702529852264419,FLAT,False,False,False,
2026-04-19T00:57:00+00:00,ETHUSDT,LONG_SPOT_SHORT_PERP,2348.01,2346.91,-4.684818207760459,-0.00010377,-0.00011438,2026-04-19T08:00:00.010000+00:00,423.00016666666664,-21.82861820776046,0.170853769283982,FLAT,False,False,False,
2026-04-19T00:58:00+00:00,ETHUSDT,LONG_SPOT_SHORT_PERP,2348.4,2347.04,-5.791176971555644,-0.00010377,-0.00011438,2026-04-19T08:00:00.010000+00:00,422.00016666666664,-22.934976971555642,0.16871773937428516,FLAT,False,False,False,
2026-04-19T00:59:00+00:00,ETHUSDT,LONG_SPOT_SHORT_PERP,2349.09,2347.58,-6.428021063476573,-0.00010377,-0.00011438,2026-04-19T08:00:00.010000+00:00,421.00016666666664,-23.571821063476573,0.16758676943197948,FLAT,False,False,False,
2026-04-19T01:00:00+00:00,ETHUSDT,LONG_SPOT_SHORT_PERP,2351.93,2350.53,-5.95255811184702,-0.00010377,-0.00011438,2026-04-19T08:00:00.010000+00:00,420.00016666666664,-23.09635811184702,0.16842458980900618,FLAT,False,False,False,
2026-04-19T01:01:00+00:00,ETHUSDT,LONG_SPOT_SHORT_PERP,2351.38,2350.02,-5.78383757623237,-0.00010377,-0.00011438,2026-04-19T08:00:00.010000+00:00,419.00016666666664,-22.92763757623237,0.16873117926152248,FLAT,False,False,False,
2026-04-19T01:02:00+00:00,ETHUSDT,LONG_SPOT_SHORT_PERP,2351.82,2350.35,-6.250478352936256,-0.00010377,-0.00011438,2026-04-19T08:00:00.010000+00:00,418.00016666666664,-23.394278352936254,0.16789516564060367,FLAT,False,False,False,
2026-04-19T01:03:00+00:00,ETHUSDT,LONG_SPOT_SHORT_PERP,2351.11,2349.83,-5.444236977428534,-0.00010377,-0.00011438,2026-04-19T08:00:00.010000+00:00,417.00016666666664,-22.588036977428533,0.16936347589274686,FLAT,False,False,False,
2026-04-19T01:04:00+00:00,ETHUSDT,LONG_SPOT_SHORT_PERP,2350.41,2349.06,-5.743678762428296,-0.00010377,-0.00011438,2026-04-19T08:00:00.010000+00:00,416.00016666666664,-22.887478762428294,0.1688048851833539,FLAT,False,False,False,
2026-04-19T01:05:00+00:00,ETHUSDT,LONG_SPOT_SHORT_PERP,2349.63,2348.36,-5.405106335891105,-0.00010377,-0.00011438,2026-04-19T08:00:00.010000+00:00,415.00016666666664,-22.548906335891104,0.1694376587549078,FLAT,False,False,False,
2026-04-19T01:06:00+00:00,ETHUSDT,LONG_SPOT_SHORT_PERP,2351.83,2350.13,-7.2284136183304835,-0.00010377,-0.00011438,2026-04-19T08:00:00.010000+00:00,414.00016666666664,-24.372213618330484,0.16625987459705974,FLAT,False,False,False,
2026-04-19T01:07:00+00:00,ETHUSDT,LONG_SPOT_SHORT_PERP,2350.32,2348.84,-6.297014874570348,-0.00010377,-0.00011438,2026-04-19T08:00:00.010000+00:00,413.00016666666664,-23.440814874570346,0.1678138224734554,FLAT,False,False,False,
2026-04-19T01:08:00+00:00,ETHUSDT,LONG_SPOT_SHORT_PERP,2348.77,2347.22,-6.59919872954858,-0.00010377,-0.00011438,2026-04-19T08:00:00.010000+00:00,412.00016666666664,-23.74299872954858,0.1672943582485175,FLAT,False,False,False,
2026-04-19T01:09:00+00:00,ETHUSDT,LONG_SPOT_SHORT_PERP,2348.14,2346.63,-6.430621683544268,-0.00010377,-0.00011438,2026-04-19T08:00:00.010000+00:00,411.00016666666664,-23.574421683544266,0.16758229096997465,FLAT,False,False,False,
2026-04-19T01:10:00+00:00,ETHUSDT,LONG_SPOT_SHORT_PERP,2345.65,2344.24,-6.011126979729752,-0.00010377,-0.00011438,2026-04-19T08:00:00.010000+00:00,410.00016666666664,-23.15492697972975,0.16831931337598108,FLAT,False,False,False,
2026-04-19T01:11:00+00:00,ETHUSDT,LONG_SPOT_SHORT_PERP,2346.86,2345.39,-6.2636885029369225,-0.00010377,-0.00011438,2026-04-19T08:00:00.010000+00:00,409.00016666666664,-23.40748850293692,0.16787203818592655,FLAT,False,False,False,
2026-04-19T01:12:00+00:00,ETHUSDT,LONG_SPOT_SHORT_PERP,2347.65,2346.26,-5.920814431452187,-0.00010377,-0.00011438,2026-04-19T08:00:00.010000+00:00,408.00016666666664,-23.064614431452185,0.16848189545031808,FLAT,False,False,False,
2026-04-19T01:13:00+00:00,ETHUSDT,LONG_SPOT_SHORT_PERP,2347.96,2346.55,-6.0052130359965865,-0.00010377,-0.00011438,2026-04-19T08:00:00.010000+00:00,407.00016666666664,-23.149013035996585,0.16832991682028953,FLAT,False,False,False,
2026-04-19T01:14:00+00:00,ETHUSDT,LONG_SPOT_SHORT_PERP,2348.66,2347.22,-6.131155637682997,-0.00010377,-0.00011438,2026-04-19T08:00:00.010000+00:00,406.00016666666664,-23.274955637682996,0.16810539911432706,FLAT,False,False,False,
2026-04-19T01:15:00+00:00,ETHUSDT,LONG_SPOT_SHORT_PERP,2347.74,2346.25,-6.346529002358786,-0.00010377,-0.00011438,2026-04-19T08:00:00.010000+00:00,405.00016666666664,-23.490329002358784,0.1677276719261895,FLAT,False,False,False,
2026-04-19T01:16:00+00:00,ETHUSDT,LONG_SPOT_SHORT_PERP,2347.23,2345.57,-7.0721659147158755,-0.00010377,-0.00011438,2026-04-19T08:00:00.010000+00:00,404.00016666666664,-24.215965914715873,0.16651095285109183,FLAT,False,False,False,
2026-04-19T01:17:00+00:00,ETHUSDT,LONG_SPOT_SHORT_PERP,2347.33,2345.95,-5.879019992928601,-0.00010377,-0.00011438,2026-04-19T08:00:00.010000+00:00,403.00016666666664,-23.0228199929286,0.16855761117990115,FLAT,False,False,False,
2026-04-19T01:18:00+00:00,ETHUSDT,LONG_SPOT_SHORT_PERP,2346.95,2345.6,-5.7521464027776865,-0.00010377,-0.00011438,2026-04-19T08:00:00.010000+00:00,402.00016666666664,-22.895946402777685,0.16878932045953013,FLAT,False,False,False,
2026-04-19T01:19:00+00:00,ETHUSDT,LONG_SPOT_SHORT_PERP,2346.74,2345.42,-5.6248242242417525,-0.00010377,-0.00011438,2026-04-19T08:00:00.010000+00:00,401.00016666666664,-22.76862422424175,0.16902469095845787,FLAT,False,False,False,
2026-04-19T01:20:00+00:00,ETHUSDT,LONG_SPOT_SHORT_PERP,2346.45,2344.94,-6.435253254915995,-0.00010377,-0.00011438,2026-04-19T08:00:00.010000+00:00,400.00016666666664,-23.579053254915994,0.16757431782245807,FLAT,False,False,False,
2026-04-19T01:21:00+00:00,ETHUSDT,LONG_SPOT_SHORT_PERP,2345.93,2344.45,-6.308798642755829,-0.00010377,-0.00011438,2026-04-19T08:00:00.010000+00:00,399.00016666666664,-23.45259864275583,0.1677932826008598,FLAT,False,False,False,
2026-04-19T01:22:00+00:00,ETHUSDT,LONG_SPOT_SHORT_PERP,2345.71,2344.25,-6.224128302305214,-0.00010377,-0.00011438,2026-04-19T08:00:00.010000+00:00,398.00016666666664,-23.367928302305213,0.16794138505963999,FLAT,False,False,False,
2026-04-19T01:23:00+00:00,ETHUSDT,LONG_SPOT_SHORT_PERP,2344.74,2343.25,-6.354649129540085,-0.00010377,-0.00011438,2026-04-19T08:00:00.010000+00:00,397.00016666666664,-23.498449129540084,0.1677135825389889,FLAT,False,False,False,
2026-04-19T01:24:00+00:00,ETHUSDT,LONG_SPOT_SHORT_PERP,2345.35,2343.87,-6.3103587950626485,-0.00010377,-0.00011438,2026-04-19T08:00:00.010000+00:00,396.00016666666664,-23.454158795062646,0.16779056489215294,FLAT,False,False,False,
2026-04-19T01:25:00+00:00,ETHUSDT,LONG_SPOT_SHORT_PERP,2345.85,2344.48,-5.840100603192408,-0.00010377,-0.00011438,2026-04-19T08:00:00.010000+00:00,395.00016666666664,-22.983900603192406,0.16862839104890956,FLAT,False,False,False,
2026-04-19T01:26:00+00:00,ETHUSDT,LONG_SPOT_SHORT_PERP,2345.84,2344.05,-7.6305289363296875,-0.00010377,-0.00011438,2026-04-19T08:00:00.010000+00:00,394.00016666666664,-24.774328936329688,0.1656307964691219,FLAT,False,False,False,
2026-04-19T01:27:00+00:00,ETHUSDT,LONG_SPOT_SHORT_PERP,2345.66,2344.1,-6.650580220492081,-0.00010377,-0.00011438,2026-04-19T08:00:00.010000+00:00,393.00016666666664,-23.79438022049208,0.1672075194581148,FLAT,False,False,False,
2026-04-19T01:28:00+00:00,ETHUSDT,LONG_SPOT_SHORT_PERP,2345.02,2343.5,-6.481821050566656,-0.00010377,-0.00011438,2026-04-19T08:00:00.010000+00:00,392.00016666666664,-23.625621050566657,0.16749434883323494,FLAT,False,False,False,
2026-04-19T01:29:00+00:00,ETHUSDT,LONG_SPOT_SHORT_PERP,2344.35,2342.59,-7.507411436004708,-0.00010377,-0.00011438,2026-04-19T08:00:00.010000+00:00,391.00016666666664,-24.651211436004708,0.16582082443569962,FLAT,False,False,False,
2026-04-19T01:30:00+00:00,ETHUSDT,LONG_SPOT_SHORT_PERP,2342.95,2341.35,-6.82899763119106,-0.00010377,-0.00011438,2026-04-19T08:00:00.010000+00:00,390.00016666666664,-23.97279763119106,0.16690928326540438,FLAT,False,False,False,
2026-04-19T01:31:00+00:00,ETHUSDT,LONG_SPOT_SHORT_PERP,2343.13,2341.85,-5.462778420318975,-0.00010377,-0.00011438,2026-04-19T08:00:00.010000+00:00,389.00016666666664,-22.606578420318975,0.16932842212441357,FLAT,False,False,False,
2026-04-19T01:32:00+00:00,ETHUSDT,LONG_SPOT_SHORT_PERP,2344.65,2343.45,-5.1180346746860845,-0.00010377,-0.00011438,2026-04-19T08:00:00.010000+00:00,388.00016666666664,-22.261834674686085,0.16999043203674175,FLAT,False,False,False,
2026-04-19T01:33:00+00:00,ETHUSDT,LONG_SPOT_SHORT_PERP,2344.48,2343.08,-5.971473418413,-0.00010377,-0.00011438,2026-04-19T08:00:00.010000+00:00,387.00016666666664,-23.115273418413,0.16839052538583077,FLAT,False,False,False,
2026-04-19T01:34:00+00:00,ETHUSDT,LONG_SPOT_SHORT_PERP,2344.07,2342.5,-6.6977522002336265,-0.00010377,-0.00011438,2026-04-19T08:00:00.010000+00:00,386.00016666666664,-23.841552200233625,0.16712817114547585,FLAT,False,False,False,
2026-04-19T01:35:00+00:00,ETHUSDT,LONG_SPOT_SHORT_PERP,2342.63,2341.24,-5.933502089533248,-0.00010377,-0.00011438,2026-04-19T08:00:00.010000+00:00,385.00016666666664,-23.077302089533248,0.16845897003284063,FLAT,False,False,False,
2026-04-19T01:36:00+00:00,ETHUSDT,LONG_SPOT_SHORT_PERP,2343.19,2341.63,-6.657590720342548,-0.00010377,-0.00011438,2026-04-19T08:00:00.010000+00:00,384.00016666666664,-23.801390720342546,0.16719570431293457,FLAT,False,False,False,
2026-04-19T01:37:00+00:00,ETHUSDT,LONG_SPOT_SHORT_PERP,2343.97,2342.54,-6.100760675263917,-0.00010377,-0.00011438,2026-04-19T08:00:00.010000+00:00,383.00016666666664,-23.244560675263916,0.16815933665240704,FLAT,False,False,False,
2026-04-19T01:38:00+00:00,ETHUSDT,LONG_SPOT_SHORT_PERP,2345.26,2343.82,-6.140044174206929,-0.00010377,-0.00011438,2026-04-19T08:00:00.010000+00:00,382.00016666666664,-23.28384417420693,0.1680896555535449,FLAT,False,False,False,
2026-04-19T01:39:00+00:00,ETHUSDT,LONG_SPOT_SHORT_PERP,2343.53,2342.12,-6.016564754879643,-0.00010377,-0.00011438,2026-04-19T08:00:00.010000+00:00,381.00016666666664,-23.160364754879645,0.16830956897510385,FLAT,False,False,False,
2026-04-19T01:40:00+00:00,ETHUSDT,LONG_SPOT_SHORT_PERP,2344.6,2343.02,-6.738889362790784,-0.00010377,-0.00011438,2026-04-19T08:00:00.010000+00:00,380.00016666666664,-23.882689362790785,0.16705926665494492,FLAT,False,False,False,
2026-04-19T01:41:00+00:00,ETHUSDT,LONG_SPOT_SHORT_PERP,2345.04,2343.63,-6.0126906150848365,-0.00010377,-0.00011438,2026-04-19T08:00:00.010000+00:00,379.00016666666664,-23.156490615084834,0.16831651084853708,FLAT,False,False,False,
2026-04-19T01:42:00+00:00,ETHUSDT,LONG_SPOT_SHORT_PERP,2345.54,2343.99,-6.608286364761129,-0.00010377,-0.00011438,2026-04-19T08:00:00.010000+00:00,378.00016666666664,-23.75208636476113,0.16727896824836722,FLAT,False,False,False,
2026-04-19T01:43:00+00:00,ETHUSDT,LONG_SPOT_SHORT_PERP,2345.5,2344.0,-6.395224898742272,-0.00010377,-0.00011438,2026-04-19T08:00:00.010000+00:00,377.00016666666664,-23.539024898742273,0.16764334279744608,FLAT,False,False,False,
2026-04-19T01:44:00+00:00,ETHUSDT,LONG_SPOT_SHORT_PERP,2344.88,2343.53,-5.757224250281077,-0.00010377,-0.00011438,2026-04-19T08:00:00.010000+00:00,376.00016666666664,-22.901024250281075,0.16877999269593674,FLAT,False,False,False,
2026-04-19T01:45:00+00:00,ETHUSDT,LONG_SPOT_SHORT_PERP,2346.11,2344.91,-5.114849687355976,-0.00010377,-0.00011438,2026-04-19T08:00:00.010000+00:00,375.00016666666664,-22.258649687355977,0.16999665016923726,FLAT,False,False,False,
2026-04-19T01:46:00+00:00,ETHUSDT,LONG_SPOT_SHORT_PERP,2348.09,2346.89,-5.110536648937106,-0.00010377,-0.00011438,2026-04-19T08:00:00.010000+00:00,374.00016666666664,-22.254336648937105,0.1700050736336869,FLAT,False,False,False,
2026-04-19T01:47:00+00:00,ETHUSDT,LONG_SPOT_SHORT_PERP,2346.94,2345.23,-7.286083155087204,-0.00010377,-0.00011438,2026-04-19T08:00:00.010000+00:00,373.00016666666664,-24.429883155087204,0.16616815301626908,FLAT,False,False,False,
2026-04-19T01:48:00+00:00,ETHUSDT,LONG_SPOT_SHORT_PERP,2346.75,2345.29,-6.221369979759396,-0.00010377,-0.00011438,2026-04-19T08:00:00.010000+00:00,372.00016666666664,-23.365169979759397,0.16794623005517295,FLAT,False,False,False,
2026-04-19T01:49:00+00:00,ETHUSDT,LONG_SPOT_SHORT_PERP,2347.07,2345.66,-6.0074901898976565,-0.00010377,-0.00011438,2026-04-19T08:00:00.010000+00:00,371.00016666666664,-23.151290189897658,0.16832583327180217,FLAT,False,False,False,
2026-04-19T01:50:00+00:00,ETHUSDT,LONG_SPOT_SHORT_PERP,2347.47,2346.06,-6.006466536312944,-0.00010377,-0.00011438,2026-04-19T08:00:00.010000+00:00,370.00016666666664,-23.150266536312945,0.1683276688474979,FLAT,False,False,False,
2026-04-19T01:51:00+00:00,ETHUSDT,LONG_SPOT_SHORT_PERP,2347.57,2345.96,-6.858155454363991,-0.00010377,-0.00011438,2026-04-19T08:00:00.010000+00:00,369.00016666666664,-24.00195545436399,0.16686102787633436,FLAT,False,False,False,
2026-04-19T01:52:00+00:00,ETHUSDT,LONG_SPOT_SHORT_PERP,2348.07,2346.62,-6.175284382494017,-0.00010377,-0.00011438,2026-04-19T08:00:00.010000+00:00,368.00016666666664,-23.31908438249402,0.16802736906160912,FLAT,False,False,False,
2026-04-19T01:53:00+00:00,ETHUSDT,LONG_SPOT_SHORT_PERP,2347.91,2346.25,-7.070117679126775,-0.00010377,-0.00011438,2026-04-19T08:00:00.010000+00:00,367.00016666666664,-24.213917679126773,0.1665142693187478,FLAT,False,False,False,
2026-04-19T01:54:00+00:00,ETHUSDT,LONG_SPOT_SHORT_PERP,2349.9,2348.43,-6.255585344058278,-0.00010377,-0.00011438,2026-04-19T08:00:00.010000+00:00,366.00016666666664,-23.399385344058278,0.16788622118894742,FLAT,False,False,False,
2026-04-19T01:55:00+00:00,ETHUSDT,LONG_SPOT_SHORT_PERP,2349.63,2348.09,-6.554223430923011,-0.00010377,-0.00011438,2026-04-19T08:00:00.010000+00:00,365.00016666666664,-23.698023430923012,0.16737072217505256,FLAT,False,False,False,
2026-04-19T01:56:00+00:00,ETHUSDT,LONG_SPOT_SHORT_PERP,2349.09,2347.51,-6.726008794894734,-0.00010377,-0.00011438,2026-04-19T08:00:00.010000+00:00,364.00016666666664,-23.869808794894734,0.1670808122770404,FLAT,False,False,False,
2026-04-19T01:57:00+00:00,ETHUSDT,LONG_SPOT_SHORT_PERP,2348.75,2347.01,-7.408195848854845,-0.00010377,-0.00011438,2026-04-19T08:00:00.010000+00:00,363.00016666666664,-24.551995848854844,0.16597560807901474,FLAT,False,False,False,
2026-04-19T01:58:00+00:00,ETHUSDT,LONG_SPOT_SHORT_PERP,2347.72,2346.27,-6.176204998891769,-0.00010377,-0.00011438,2026-04-19T08:00:00.010000+00:00,362.00016666666664,-23.32000499889177,0.1680257447025789,FLAT,False,False,False,
2026-04-19T01:59:00+00:00,ETHUSDT,LONG_SPOT_SHORT_PERP,2348.03,2346.29,-7.4104674982868035,-0.00010377,-0.00011438,2026-04-19T08:00:00.010000+00:00,361.00016666666664,-24.554267498286805,0.16597204757842995,FLAT,False,False,False,
2026-04-19T02:00:00+00:00,ETHUSDT,LONG_SPOT_SHORT_PERP,2348.18,2346.75,-6.089822756346772,-0.00010377,-0.00011438,2026-04-19T08:00:00.010000+00:00,360.00016666666664,-23.233622756346772,0.16817878502570885,FLAT,False,False,False,
2026-04-19T02:01:00+00:00,ETHUSDT,LONG_SPOT_SHORT_PERP,2347.38,2345.99,-5.921495454508122,-0.00010377,-0.00011438,2026-04-19T08:00:00.010000+00:00,359.00016666666664,-23.06529545450812,0.1684806641982782,FLAT,False,False,False,
2026-04-19T02:02:00+00:00,ETHUSDT,LONG_SPOT_SHORT_PERP,2347.38,2346.02,-5.793693394338058,-0.00010377,-0.00011438,2026-04-19T08:00:00.010000+00:00,358.00016666666664,-22.93749339433806,0.16871313347586753,FLAT,False,False,False,
2026-04-19T02:03:00+00:00,ETHUSDT,LONG_SPOT_SHORT_PERP,2347.11,2345.75,-5.794359872354202,-0.00010377,-0.00011438,2026-04-19T08:00:00.010000+00:00,357.00016666666664,-22.938159872354202,0.16871191378294886,FLAT,False,False,False,
2026-04-19T02:04:00+00:00,ETHUSDT,LONG_SPOT_SHORT_PERP,2346.7,2345.17,-6.519793752928561,-0.00010377,-0.00011438,2026-04-19T08:00:00.010000+00:00,356.00016666666664,-23.663593752928563,0.16742940362335137,FLAT,False,False,False,
2026-04-19T02:05:00+00:00,ETHUSDT,LONG_SPOT_SHORT_PERP,2345.18,2343.7,-6.310816227325912,-0.00010377,-0.00011438,2026-04-19T08:00:00.010000+00:00,355.00016666666664,-23.45461622732591,0.16778976814462765,FLAT,False,False,False,
2026-04-19T02:06:00+00:00,ETHUSDT,LONG_SPOT_SHORT_PERP,2345.17,2343.79,-5.8844348170926155,-0.00010377,-0.00011438,2026-04-19T08:00:00.010000+00:00,354.00016666666664,-23.028234817092617,0.16854778449065233,FLAT,False,False,False,
2026-04-19T02:07:00+00:00,ETHUSDT,LONG_SPOT_SHORT_PERP,2345.18,2343.39,-7.6326763830493345,-0.00010377,-0.00011438,2026-04-19T08:00:00.010000+00:00,353.00016666666664,-24.776476383049335,0.16562750190526138,FLAT,False,False,False,
2026-04-19T02:08:00+00:00,ETHUSDT,LONG_SPOT_SHORT_PERP,2346.61,2345.09,-6.4774291424650094,-0.00010377,-0.00011438,2026-04-19T08:00:00.010000+00:00,352.00016666666664,-23.62122914246501,0.16750187563948238,FLAT,False,False,False,
2026-04-19T02:09:00+00:00,ETHUSDT,LONG_SPOT_SHORT_PERP,2345.99,2344.57,-6.05288172583693,-0.00010377,-0.00011438,2026-04-19T08:00:00.010000+00:00,351.00016666666664,-23.19668172583693,0.1682446194382767,FLAT,False,False,False,
2026-04-19T02:10:00+00:00,ETHUSDT,LONG_SPOT_SHORT_PERP,2346.1,2344.77,-5.668982566812699,-0.00010377,-0.00011438,2026-04-19T08:00:00.010000+00:00,350.00016666666664,-22.8127825668127,0.1689427343710174,FLAT,False,False,False,
2026-04-19T02:11:00+00:00,ETHUSDT,LONG_SPOT_SHORT_PERP,2345.7,2344.33,-5.8404740589158495,-0.00010377,-0.00011438,2026-04-19T08:00:00.010000+00:00,349.00016666666664,-22.98427405891585,0.16862771061965826,FLAT,False,False,False,
2026-04-19T02:12:00+00:00,ETHUSDT,LONG_SPOT_SHORT_PERP,2345.9,2344.61,-5.49895562470678,-0.00010377,-0.00011438,2026-04-19T08:00:00.010000+00:00,348.00016666666664,-22.64275562470678,0.16926020519714527,FLAT,False,False,False,
2026-04-19T02:13:00+00:00,ETHUSDT,LONG_SPOT_SHORT_PERP,2346.0,2344.79,-5.157715260017206,-0.00010377,-0.00011438,2026-04-19T08:00:00.010000+00:00,347.00016666666664,-22.301515260017204,0.1699131206424634,FLAT,False,False,False,
2026-04-19T02:14:00+00:00,ETHUSDT,LONG_SPOT_SHORT_PERP,2346.31,2345.07,-5.284894152945611,-0.00010377,-0.00011438,2026-04-19T08:00:00.010000+00:00,346.00016666666664,-22.42869415294561,0.16966729405274522,FLAT,False,False,False,
2026-04-19T02:15:00+00:00,ETHUSDT,LONG_SPOT_SHORT_PERP,2347.03,2345.65,-5.879771455840399,-0.00010377,-0.00011438,2026-04-19T08:00:00.010000+00:00,345.00016666666664,-23.023571455840397,0.16855624713943884,FLAT,False,False,False,
2026-04-19T02:16:00+00:00,ETHUSDT,LONG_SPOT_SHORT_PERP,2346.19,2344.99,-5.114675282054193,-0.00010377,-0.00011438,2026-04-19T08:00:00.010000+00:00,344.00016666666664,-22.258475282054192,0.1699969907196887,FLAT,False,False,False,
2026-04-19T02:17:00+00:00,ETHUSDT,LONG_SPOT_SHORT_PERP,2347.06,2345.88,-5.027566402221658,-0.00010377,-0.00011438,2026-04-19T08:00:00.010000+00:00,343.00016666666664,-22.171366402221658,0.17016779209117544,FLAT,False,False,False,
2026-04-19T02:18:00+00:00,ETHUSDT,LONG_SPOT_SHORT_PERP,2347.18,2345.8,-5.879395700370889,-0.00010377,-0.00011438,2026-04-19T08:00:00.010000+00:00,342.00016666666664,-23.023195700370888,0.16855692919100562,FLAT,False,False,False,
2026-04-19T02:19:00+00:00,ETHUSDT,LONG_SPOT_SHORT_PERP,2347.07,2345.8,-5.411001802246979,-0.00010377,-0.00011438,2026-04-19T08:00:00.010000+00:00,341.00016666666664,-22.554801802246978,0.16942646454954557,FLAT,False,False,False,
2026-04-19T02:20:00+00:00,ETHUSDT,LONG_SPOT_SHORT_PERP,2348.76,2347.49,-5.407108431684959,-0.00010377,-0.00011438,2026-04-19T08:00:00.010000+00:00,340.00016666666664,-22.55090843168496,0.1694338565052398,FLAT,False,False,False,
2026-04-19T02:21:00+00:00,ETHUSDT,LONG_SPOT_SHORT_PERP,2348.08,2346.8,-5.451262307927095,-0.00010377,-0.00011438,2026-04-19T08:00:00.010000+00:00,339.00016666666664,-22.595062307927094,0.16935018676179606,FLAT,False,False,False,
2026-04-19T02:22:00+00:00,ETHUSDT,LONG_SPOT_SHORT_PERP,2347.24,2345.8,-6.134864777353829,-0.00010377,-0.00011438,2026-04-19T08:00:00.010000+00:00,338.00016666666664,-23.27866477735383,0.16809882778004387,FLAT,False,False,False,
2026-04-19T02:23:00+00:00,ETHUSDT,LONG_SPOT_SHORT_PERP,2343.48,2342.3,-5.035246727088929,-0.00010377,-0.00011438,2026-04-19T08:00:00.010000+00:00,337.00016666666664,-22.17904672708893,0.1701526756188628,FLAT,False,False,False,
2026-04-19T02:24:00+00:00,ETHUSDT,LONG_SPOT_SHORT_PERP,2336.97,2335.48,-6.375777181563229,-0.00010377,-0.00011438,2026-04-19T08:00:00.010000+00:00,336.00016666666664,-23.51957718156323,0.16767697419046207,FLAT,False,False,False,
2026-04-19T02:25:00+00:00,ETHUSDT,LONG_SPOT_SHORT_PERP,2334.43,2333.01,-6.08285534370111,-0.00010377,-0.00011438,2026-04-19T08:00:00.010000+00:00,335.00016666666664,-23.22665534370111,0.16819118418626525,FLAT,False,False,False,
2026-04-19T02:26:00+00:00,ETHUSDT,LONG_SPOT_SHORT_PERP,2337.5,2335.93,-6.716577540107653,-0.00010377,-0.00011438,2026-04-19T08:00:00.010000+00:00,334.00016666666664,-23.860377540107653,0.16709660505454968,FLAT,False,False,False,
2026-04-19T02:27:00+00:00,ETHUSDT,LONG_SPOT_SHORT_PERP,2337.86,2336.41,-6.202253342801848,-0.00010377,-0.00011438,2026-04-19T08:00:00.010000+00:00,333.00016666666664,-23.34605334280185,0.16797984363939095,FLAT,False,False,False,
2026-04-19T02:28:00+00:00,ETHUSDT,LONG_SPOT_SHORT_PERP,2337.49,2336.2,-5.5187401871236395,-0.00010377,-0.00011438,2026-04-19T08:00:00.010000+00:00,332.00016666666664,-22.66254018712364,0.16922299830860163,FLAT,False,False,False,
2026-04-19T02:29:00+00:00,ETHUSDT,LONG_SPOT_SHORT_PERP,2337.87,2336.81,-4.534041670409156,-0.00010377,-0.00011438,2026-04-19T08:00:00.010000+00:00,331.00016666666664,-21.677841670409155,0.17116268989225453,FLAT,False,False,False,
2026-04-19T02:30:00+00:00,ETHUSDT,LONG_SPOT_SHORT_PERP,2335.71,2334.23,-6.3364030637365865,-0.00010377,-0.00011438,2026-04-19T08:00:00.010000+00:00,330.00016666666664,-23.480203063736585,0.1677452570022139,FLAT,False,False,False,
2026-04-19T02:31:00+00:00,ETHUSDT,LONG_SPOT_SHORT_PERP,2336.34,2335.11,-5.264644700685765,-0.00010377,-0.00011438,2026-04-19T08:00:00.010000+00:00,329.00016666666664,-22.408444700685763,0.16970623536008106,FLAT,False,False,False,
2026-04-19T02:32:00+00:00,ETHUSDT,LONG_SPOT_SHORT_PERP,2339.16,2337.61,-6.626310299422558,-0.00010377,-0.00011438,2026-04-19T08:00:00.010000+00:00,328.00016666666664,-23.77011029942256,0.1672484842035732,FLAT,False,False,False,
2026-04-19T02:33:00+00:00,ETHUSDT,LONG_SPOT_SHORT_PERP,2337.77,2336.29,-6.330819541700074,-0.00010377,-0.00011438,2026-04-19T08:00:00.010000+00:00,327.00016666666664,-23.474619541700072,0.16775496085205852,FLAT,False,False,False,
2026-04-19T02:34:00+00:00,ETHUSDT,LONG_SPOT_SHORT_PERP,2336.61,2335.49,-4.79326888098718,-0.00010377,-0.00011438,2026-04-19T08:00:00.010000+00:00,326.00016666666664,-21.93706888098718,0.17063429122142515,FLAT,False,False,False,
2026-04-19T02:35:00+00:00,ETHUSDT,LONG_SPOT_SHORT_PERP,2336.42,2334.88,-6.591280677275334,-0.00010377,-0.00011438,2026-04-19T08:00:00.010000+00:00,325.00016666666664,-23.735080677275334,0.16730777849051753,FLAT,False,False,False,
2026-04-19T02:36:00+00:00,ETHUSDT,LONG_SPOT_SHORT_PERP,2336.97,2335.72,-5.3488063603726195,-0.00010377,-0.00011438,2026-04-19T08:00:00.010000+00:00,324.00016666666664,-22.49260636037262,0.16954487794289116,FLAT,False,False,False,
2026-04-19T02:37:00+00:00,ETHUSDT,LONG_SPOT_SHORT_PERP,2336.55,2335.24,-5.606556675441998,-0.00010377,-0.00011438,2026-04-19T08:00:00.010000+00:00,323.00016666666664,-22.750356675442,0.16905869621404823,FLAT,False,False,False,
2026-04-19T02:38:00+00:00,ETHUSDT,LONG_SPOT_SHORT_PERP,2339.1,2337.71,-5.942456500362844,-0.00010377,-0.00011438,2026-04-19T08:00:00.010000+00:00,322.00016666666664,-23.086256500362843,0.16844280698525413,FLAT,False,False,False,
2026-04-19T02:39:00+00:00,ETHUSDT,LONG_SPOT_SHORT_PERP,2339.43,2338.27,-4.958472790379941,-0.00010377,-0.00011438,2026-04-19T08:00:00.010000+00:00,321.00016666666664,-22.102272790379942,0.17030428100810377,FLAT,False,False,False,
2026-04-19T02:40:00+00:00,ETHUSDT,LONG_SPOT_SHORT_PERP,2340.6,2339.14,-6.237716824745947,-0.00010377,-0.00011438,2026-04-19T08:00:00.010000+00:00,320.00016666666664,-23.381516824745948,0.1679175354865532,FLAT,False,False,False,
2026-04-19T02:41:00+00:00,ETHUSDT,LONG_SPOT_SHORT_PERP,2342.11,2341.0,-4.739316257563169,-0.00010377,-0.00011438,2026-04-19T08:00:00.010000+00:00,319.00016666666664,-21.883116257563167,0.1707431953473897,FLAT,False,False,False,
2026-04-19T02:42:00+00:00,ETHUSDT,LONG_SPOT_SHORT_PERP,2345.79,2344.81,-4.177697065807332,-0.00010377,-0.00011438,2026-04-19T08:00:00.010000+00:00,318.00016666666664,-21.321497065807332,0.17191061867763824,FLAT,False,False,False,
2026-04-19T02:43:00+00:00,ETHUSDT,LONG_SPOT_SHORT_PERP,2345.0,2343.66,-5.714285714286335,-0.00010377,-0.00011438,2026-04-19T08:00:00.010000+00:00,317.00016666666664,-22.858085714286336,0.16885901162851252,FLAT,False,False,False,
2026-04-19T02:44:00+00:00,ETHUSDT,LONG_SPOT_SHORT_PERP,2344.54,2343.28,-5.374188540181714,-0.00010377,-0.00011438,2026-04-19T08:00:00.010000+00:00,316.00016666666664,-22.51798854018171,0.16949646813195396,FLAT,False,False,False,
2026-04-19T02:45:00+00:00,ETHUSDT,LONG_SPOT_SHORT_PERP,2345.76,2344.67,-4.6466816724649815,-0.00010377,-0.00011438,2026-04-19T08:00:00.010000+00:00,315.00016666666664,-21.79048167246498,0.17093148801162542,FLAT,False,False,False,
2026-04-19T02:46:00+00:00,ETHUSDT,LONG_SPOT_SHORT_PERP,2345.68,2344.25,-6.096313222604262,-0.00010377,-0.00011438,2026-04-19T08:00:00.010000+00:00,314.00016666666664,-23.24011322260426,0.1681672420730989,FLAT,False,False,False,
2026-04-19T02:47:00+00:00,ETHUSDT,LONG_SPOT_SHORT_PERP,2344.91,2343.52,-5.927732834095435,-0.00010377,-0.00011438,2026-04-19T08:00:00.010000+00:00,313.00016666666664,-23.071532834095436,0.16846939109127881,FLAT,False,False,False,
2026-04-19T02:48:00+00:00,ETHUSDT,LONG_SPOT_SHORT_PERP,2343.0,2341.77,-5.249679897567299,-0.00010377,-0.00011438,2026-04-19T08:00:00.010000+00:00,312.00016666666664,-22.3934798975673,0.169735062226944,FLAT,False,False,False,
2026-04-19T02:49:00+00:00,ETHUSDT,LONG_SPOT_SHORT_PERP,2342.0,2340.88,-4.7822374039278,-0.00010377,-0.00011438,2026-04-19T08:00:00.010000+00:00,311.00016666666664,-21.9260374039278,0.17065651297371098,FLAT,False,False,False,
2026-04-19T02:50:00+00:00,ETHUSDT,LONG_SPOT_SHORT_PERP,2341.35,2340.53,-3.502252973710504,-0.00010377,-0.00011438,2026-04-19T08:00:00.010000+00:00,310.00016666666664,-20.646052973710503,0.17339953538412098,FLAT,False,False,False,
2026-04-19T02:51:00+00:00,ETHUSDT,LONG_SPOT_SHORT_PERP,2341.0,2340.11,-3.801794105082754,-0.00010377,-0.00011438,2026-04-19T08:00:00.010000+00:00,309.00016666666664,-20.945594105082755,0.17272747985902007,FLAT,False,False,False,
2026-04-19T02:52:00+00:00,ETHUSDT,LONG_SPOT_SHORT_PERP,2340.15,2338.97,-5.042411811209926,-0.00010377,-0.00011438,2026-04-19T08:00:00.010000+00:00,308.00016666666664,-22.186211811209926,0.17013858321512493,FLAT,False,False,False,
2026-04-19T02:53:00+00:00,ETHUSDT,LONG_SPOT_SHORT_PERP,2339.39,2337.81,-6.753897383505646,-0.00010377,-0.00011438,2026-04-19T08:00:00.010000+00:00,307.00016666666664,-23.897697383505644,0.1670341959716444,FLAT,False,False,False,
2026-04-19T02:54:00+00:00,ETHUSDT,LONG_SPOT_SHORT_PERP,2340.27,2339.26,-4.315741346082988,-0.00010377,-0.00011438,2026-04-19T08:00:00.010000+00:00,306.00016666666664,-21.459541346082986,0.1716178728548771,FLAT,False,False,False,
2026-04-19T02:55:00+00:00,ETHUSDT,LONG_SPOT_SHORT_PERP,2341.17,2340.04,-4.826646505807392,-0.00010377,-0.00011438,2026-04-19T08:00:00.010000+00:00,305.00016666666664,-21.97044650580739,0.17056719737639203,FLAT,False,False,False,
2026-04-19T02:56:00+00:00,ETHUSDT,LONG_SPOT_SHORT_PERP,2341.01,2340.01,-4.2716605225949476,-0.00010377,-0.00011438,2026-04-19T08:00:00.010000+00:00,304.00016666666664,-21.415460522594948,0.17171093717584016,FLAT,False,False,False,
2026-04-19T02:57:00+00:00,ETHUSDT,LONG_SPOT_SHORT_PERP,2339.62,2338.27,-5.7701678050277785,-0.00010377,-0.00011438,2026-04-19T08:00:00.010000+00:00,303.00016666666664,-22.913967805027777,0.16875623647132262,FLAT,False,False,False,
2026-04-19T02:58:00+00:00,ETHUSDT,LONG_SPOT_SHORT_PERP,2339.48,2338.45,-4.402687776771761,-0.00010377,-0.00011438,2026-04-19T08:00:00.010000+00:00,302.00016666666664,-21.546487776771762,0.1714354473779417,FLAT,False,False,False,
2026-04-19T02:59:00+00:00,ETHUSDT,LONG_SPOT_SHORT_PERP,2338.25,2336.91,-5.730781567412148,-0.00010377,-0.00011438,2026-04-19T08:00:00.010000+00:00,301.00016666666664,-22.874581567412147,0.1688286162740343,FLAT,False,False,False,
2026-04-19T03:00:00+00:00,ETHUSDT,LONG_SPOT_SHORT_PERP,2338.62,2337.54,-4.618108115041894,-0.00010377,-0.00011438,2026-04-19T08:00:00.010000+00:00,300.00016666666664,-21.761908115041894,0.17098990321941238,FLAT,False,False,False,
2026-04-19T03:01:00+00:00,ETHUSDT,LONG_SPOT_SHORT_PERP,2338.6,2337.3,-5.558881382022266,-0.00010377,-0.00011438,2026-04-19T08:00:00.010000+00:00,299.00016666666664,-22.702681382022266,0.16914772431660993,FLAT,False,False,False,
2026-04-19T03:02:00+00:00,ETHUSDT,LONG_SPOT_SHORT_PERP,2339.59,2338.33,-5.3855590082032245,-0.00010377,-0.00011438,2026-04-19T08:00:00.010000+00:00,298.00016666666664,-22.529359008203222,0.1694748199574319,FLAT,False,False,False,
2026-04-19T03:03:00+00:00,ETHUSDT,LONG_SPOT_SHORT_PERP,2337.23,2335.95,-5.4765684164596555,-0.00010377,-0.00011438,2026-04-19T08:00:00.010000+00:00,297.00016666666664,-22.620368416459655,0.1693023914650281,FLAT,False,False,False,
2026-04-19T03:04:00+00:00,ETHUSDT,LONG_SPOT_SHORT_PERP,2338.43,2337.55,-3.7632086485362164,-0.00010377,-0.00011438,2026-04-19T08:00:00.010000+00:00,296.00016666666664,-20.907008648536216,0.17281298610676765,FLAT,False,False,False,
2026-04-19T03:05:00+00:00,ETHUSDT,LONG_SPOT_SHORT_PERP,2336.98,2335.63,-5.776686150501541,-0.00010377,-0.00011438,2026-04-19T08:00:00.010000+00:00,295.00016666666664,-22.92048615050154,0.16874428401249036,FLAT,False,False,False,
2026-04-19T03:06:00+00:00,ETHUSDT,LONG_SPOT_SHORT_PERP,2336.01,2334.63,-5.907508957581984,-0.00010377,-0.00011438,2026-04-19T08:00:00.010000+00:00,294.00016666666664,-23.051308957581984,0.16850596710937182,FLAT,False,False,False,
2026-04-19T03:07:00+00:00,ETHUSDT,LONG_SPOT_SHORT_PERP,2334.07,2332.81,-5.398295680935954,-0.00010377,-0.00011438,2026-04-19T08:00:00.010000+00:00,293.00016666666664,-22.542095680935955,0.1694505985463192,FLAT,False,False,False,
2026-04-19T03:08:00+00:00,ETHUSDT,LONG_SPOT_SHORT_PERP,2334.33,2333.11,-5.2263390351826855,-0.00010377,-0.00011438,2026-04-19T08:00:00.010000+00:00,292.00016666666664,-22.370139035182685,0.16978010618518868,FLAT,False,False,False,
2026-04-19T03:09:00+00:00,ETHUSDT,LONG_SPOT_SHORT_PERP,2336.79,2335.2,-6.80420576945359,-0.00010377,-0.00011438,2026-04-19T08:00:00.010000+00:00,291.00016666666664,-23.94800576945359,0.16695041951786896,FLAT,False,False,False,
2026-04-19T03:10:00+00:00,ETHUSDT,LONG_SPOT_SHORT_PERP,2337.86,2336.77,-4.662383547347341,-0.00010377,-0.00011438,2026-04-19T08:00:00.010000+00:00,290.00016666666664,-21.80618354734734,0.17089945491133826,FLAT,False,False,False,
2026-04-19T03:11:00+00:00,ETHUSDT,LONG_SPOT_SHORT_PERP,2338.72,2337.49,-5.259287131422394,-0.00010377,-0.00011438,2026-04-19T08:00:00.010000+00:00,289.00016666666664,-22.403087131422396,0.16971655097824392,FLAT,False,False,False,
2026-04-19T03:12:00+00:00,ETHUSDT,LONG_SPOT_SHORT_PERP,2338.53,2337.29,-5.302476341976525,-0.00010377,-0.00011438,2026-04-19T08:00:00.010000+00:00,288.00016666666664,-22.446276341976525,0.1696335430491476,FLAT,False,False,False,
2026-04-19T03:13:00+00:00,ETHUSDT,LONG_SPOT_SHORT_PERP,2341.48,2340.06,-6.064540376172647,-0.00010377,-0.00011438,2026-04-19T08:00:00.010000+00:00,287.00016666666664,-23.208340376172647,0.16822381684388146,FLAT,False,False,False,
2026-04-19T03:14:00+00:00,ETHUSDT,LONG_SPOT_SHORT_PERP,2341.47,2340.11,-5.80831699744038,-0.00010377,-0.00011438,2026-04-19T08:00:00.010000+00:00,286.00016666666664,-22.952116997440378,0.1686863892911461,FLAT,False,False,False,
2026-04-19T03:15:00+00:00,ETHUSDT,LONG_SPOT_SHORT_PERP,2341.58,2340.49,-4.654976554293023,-0.00010377,-0.00011438,2026-04-19T08:00:00.010000+00:00,285.00016666666664,-21.79877655429302,0.17091455982022993,FLAT,False,False,False,
2026-04-19T03:16:00+00:00,ETHUSDT,LONG_SPOT_SHORT_PERP,2340.76,2339.4,-5.810078777833384,-0.00010377,-0.00011438,2026-04-19T08:00:00.010000+00:00,284.00016666666664,-22.953878777833385,0.16868316980503534,FLAT,False,False,False,
2026-04-19T03:17:00+00:00,ETHUSDT,LONG_SPOT_SHORT_PERP,2340.11,2338.84,-5.427095307485467,-0.00010377,-0.00011438,2026-04-19T08:00:00.010000+00:00,283.00016666666664,-22.570895307485465,0.16939593853399473,FLAT,False,False,False,
2026-04-19T03:18:00+00:00,ETHUSDT,LONG_SPOT_SHORT_PERP,2339.83,2338.67,-4.95762512661114,-0.00010377,-0.00011438,2026-04-19T08:00:00.010000+00:00,282.00016666666664,-22.10142512661114,0.1703059610831723,FLAT,False,False,False,
2026-04-19T03:19:00+00:00,ETHUSDT,LONG_SPOT_SHORT_PERP,2339.0,2337.87,-4.831124412142407,-0.00010377,-0.00011438,2026-04-19T08:00:00.010000+00:00,281.00016666666664,-21.974924412142407,0.17055821233930726,FLAT,False,False,False,
2026-04-19T03:20:00+00:00,ETHUSDT,LONG_SPOT_SHORT_PERP,2338.3,2337.21,-4.661506222469937,-0.00010377,-0.00011438,2026-04-19T08:00:00.010000+00:00,280.00016666666664,-21.805306222469937,0.17090124346425017,FLAT,False,False,False,
2026-04-19T03:21:00+00:00,ETHUSDT,LONG_SPOT_SHORT_PERP,2338.62,2337.4,-5.216751759583857,-0.00010377,-0.00011438,2026-04-19T08:00:00.010000+00:00,279.00016666666664,-22.360551759583856,0.16979863708673035,FLAT,False,False,False,
2026-04-19T03:22:00+00:00,ETHUSDT,LONG_SPOT_SHORT_PERP,2340.61,2339.4,-5.169592542115244,-0.00010377,-0.00011438,2026-04-19T08:00:00.010000+00:00,278.00016666666664,-22.313392542115245,0.16989003642212624,FLAT,False,False,False,
2026-04-19T03:23:00+00:00,ETHUSDT,LONG_SPOT_SHORT_PERP,2340.87,2339.54,-5.681648276067989,-0.00010377,-0.00011438,2026-04-19T08:00:00.010000+00:00,277.00016666666664,-22.825448276067988,0.16891929092466765,FLAT,False,False,False,
2026-04-19T03:24:00+00:00,ETHUSDT,LONG_SPOT_SHORT_PERP,2339.9,2338.54,-5.8122141971884576,-0.00010377,-0.00011438,2026-04-19T08:00:00.010000+00:00,276.00016666666664,-22.95601419718846,0.16867926825615756,FLAT,False,False,False,
2026-04-19T03:25:00+00:00,ETHUSDT,LONG_SPOT_SHORT_PERP,2341.0,2339.84,-4.955147372916935,-0.00010377,-0.00011438,2026-04-19T08:00:00.010000+00:00,275.00016666666664,-22.098947372916935,0.1703108727846086,FLAT,False,False,False,
2026-04-19T03:26:00+00:00,ETHUSDT,LONG_SPOT_SHORT_PERP,2340.35,2339.07,-5.46926741726556,-0.00010377,-0.00011438,2026-04-19T08:00:00.010000+00:00,274.00016666666664,-22.61306741726556,0.16931616891364362,FLAT,False,False,False,
2026-04-19T03:27:00+00:00,ETHUSDT,LONG_SPOT_SHORT_PERP,2341.73,2340.39,-5.722265162935716,-0.00010377,-0.00011438,2026-04-19T08:00:00.010000+00:00,273.00016666666664,-22.866065162935715,0.16884430266695222,FLAT,False,False,False,
2026-04-19T03:28:00+00:00,ETHUSDT,LONG_SPOT_SHORT_PERP,2342.34,2341.1,-5.293851447698611,-0.00010377,-0.00011438,2026-04-19T08:00:00.010000+00:00,272.00016666666664,-22.43765144769861,0.16965009243858797,FLAT,False,False,False,
2026-04-19T03:29:00+00:00,ETHUSDT,LONG_SPOT_SHORT_PERP,2343.35,2342.06,-5.504939509676163,-0.00010377,-0.00011438,2026-04-19T08:00:00.010000+00:00,271.00016666666664,-22.64873950967616,0.1692489444763571,FLAT,False,False,False,
2026-04-19T03:30:00+00:00,ETHUSDT,LONG_SPOT_SHORT_PERP,2341.72,2340.35,-5.8504005602714715,-0.00010377,-0.00011438,2026-04-19T08:00:00.010000+00:00,270.00016666666664,-22.994200560271473,0.16860963362550507,FLAT,False,False,False,
2026-04-19T03:31:00+00:00,ETHUSDT,LONG_SPOT_SHORT_PERP,2341.24,2340.06,-5.040064239462151,-0.00010377,-0.00011438,2026-04-19T08:00:00.010000+00:00,269.00016666666664,-22.18386423946215,0.17014319939791672,FLAT,False,False,False,
2026-04-19T03:32:00+00:00,ETHUSDT,LONG_SPOT_SHORT_PERP,2341.54,2340.35,-5.082125438814005,-0.00010377,-0.00011438,2026-04-19T08:00:00.010000+00:00,268.00016666666664,-22.225925438814006,0.17006064798545079,FLAT,False,False,False,
2026-04-19T03:33:00+00:00,ETHUSDT,LONG_SPOT_SHORT_PERP,2341.86,2340.59,-5.42303980596612,-0.00010377,-0.00011438,2026-04-19T08:00:00.010000+00:00,267.00016666666664,-22.56683980596612,0.16940362655461538,FLAT,False,False,False,
2026-04-19T03:34:00+00:00,ETHUSDT,LONG_SPOT_SHORT_PERP,2341.63,2340.37,-5.380867173721801,-0.00010377,-0.00011438,2026-04-19T08:00:00.010000+00:00,266.00016666666664,-22.524667173721802,0.16948374987044867,FLAT,False,False,False,
2026-04-19T03:35:00+00:00,ETHUSDT,LONG_SPOT_SHORT_PERP,2342.22,2340.96,-5.379511745266302,-0.00010377,-0.00011438,2026-04-19T08:00:00.010000+00:00,265.00016666666664,-22.5233117452663,0.16948633038573913,FLAT,False,False,False,
2026-04-19T03:36:00+00:00,ETHUSDT,LONG_SPOT_SHORT_PERP,2342.93,2341.73,-5.121791944274127,-0.00010377,-0.00011438,2026-04-19T08:00:00.010000+00:00,264.00016666666664,-22.265591944274128,0.16998309904895026,FLAT,False,False,False,
2026-04-19T03:37:00+00:00,ETHUSDT,LONG_SPOT_SHORT_PERP,2342.89,2341.7,-5.079197060041464,-0.00010377,-0.00011438,2026-04-19T08:00:00.010000+00:00,263.00016666666664,-22.222997060041465,0.17006638466019966,FLAT,False,False,False,
2026-04-19T03:38:00+00:00,ETHUSDT,LONG_SPOT_SHORT_PERP,2342.23,2341.04,-5.080628290133995,-0.00010377,-0.00011438,2026-04-19T08:00:00.010000+00:00,262.00016666666664,-22.224428290133993,0.17006358068988978,FLAT,False,False,False,
2026-04-19T03:39:00+00:00,ETHUSDT,LONG_SPOT_SHORT_PERP,2342.28,2341.23,-4.482811619448494,-0.00010377,-0.00011438,2026-04-19T08:00:00.010000+00:00,261.00016666666664,-21.626611619448493,0.17126866488897524,FLAT,False,False,False,
2026-04-19T03:40:00+00:00,ETHUSDT,LONG_SPOT_SHORT_PERP,2342.53,2341.42,-4.738466529778177,-0.00010377,-0.00011438,2026-04-19T08:00:00.010000+00:00,260.00016666666664,-21.882266529778178,0.17074491500959305,FLAT,False,False,False,
2026-04-19T03:41:00+00:00,ETHUSDT,LONG_SPOT_SHORT_PERP,2342.14,2340.74,-5.977439435730106,-0.00010377,-0.00011438,2026-04-19T08:00:00.010000+00:00,259.00016666666664,-23.121239435730104,0.16837979401483238,FLAT,False,False,False,
2026-04-19T03:42:00+00:00,ETHUSDT,LONG_SPOT_SHORT_PERP,2341.79,2340.5,-5.508606664132837,-0.00010377,-0.00011438,2026-04-19T08:00:00.010000+00:00,258.00016666666664,-22.652406664132837,0.16924204665289175,FLAT,False,False,False,
2026-04-19T03:43:00+00:00,ETHUSDT,LONG_SPOT_SHORT_PERP,2342.13,2340.75,-5.8920726005819875,-0.00010377,-0.00011438,2026-04-19T08:00:00.010000+00:00,257.00016666666664,-23.03587260058199,0.16853393227809527,FLAT,False,False,False,
2026-04-19T03:44:00+00:00,ETHUSDT,LONG_SPOT_SHORT_PERP,2342.79,2341.81,-4.183046709265526,-0.00010377,-0.00011438,2026-04-19T08:00:00.010000+00:00,256.00016666666664,-21.326846709265524,0.17189920231921363,FLAT,False,False,False,
2026-04-19T03:45:00+00:00,ETHUSDT,LONG_SPOT_SHORT_PERP,2343.04,2341.7,-5.719065829009089,-0.00010377,-0.00011438,2026-04-19T08:00:00.010000+00:00,255.00016666666667,-22.86286582900909,0.16885019883016159,FLAT,False,False,False,
2026-04-19T03:46:00+00:00,ETHUSDT,LONG_SPOT_SHORT_PERP,2343.56,2342.26,-5.547116352897843,-0.00010377,-0.00011438,2026-04-19T08:00:00.010000+00:00,254.00016666666667,-22.690916352897844,0.16916975657637734,FLAT,False,False,False,
2026-04-19T03:47:00+00:00,ETHUSDT,LONG_SPOT_SHORT_PERP,2343.63,2342.62,-4.309553982498168,-0.00010377,-0.00011438,2026-04-19T08:00:00.010000+00:00,253.00016666666667,-21.453353982498168,0.1716309122641607,FLAT,False,False,False,
2026-04-19T03:48:00+00:00,ETHUSDT,LONG_SPOT_SHORT_PERP,2343.03,2341.8,-5.249612681015685,-0.00010377,-0.00011438,2026-04-19T08:00:00.010000+00:00,252.00016666666667,-22.393412681015683,0.16973519179975857,FLAT,False,False,False,
2026-04-19T03:49:00+00:00,ETHUSDT,LONG_SPOT_SHORT_PERP,2343.57,2342.33,-5.291073021075693,-0.00010377,-0.00011438,2026-04-19T08:00:00.010000+00:00,251.00016666666667,-22.434873021075692,0.16965542656482782,FLAT,False,False,False,
2026-04-19T03:50:00+00:00,ETHUSDT,LONG_SPOT_SHORT_PERP,2343.65,2342.59,-4.522859642011159,-0.00010377,-0.00011438,2026-04-19T08:00:00.010000+00:00,250.00016666666667,-21.666659642011158,0.1711857771613882,FLAT,False,False,False,
2026-04-19T03:51:00+00:00,ETHUSDT,LONG_SPOT_SHORT_PERP,2342.48,2341.16,-5.635053447628854,-0.00010377,-0.00011438,2026-04-19T08:00:00.010000+00:00,249.00016666666667,-22.778853447628855,0.16900567504028272,FLAT,False,False,False,
2026-04-19T03:52:00+00:00,ETHUSDT,LONG_SPOT_SHORT_PERP,2341.76,2340.5,-5.380568461329163,-0.00010377,-0.00011438,2026-04-19T08:00:00.010000+00:00,248.00016666666667,-22.52436846132916,0.16948431854158266,FLAT,False,False,False,
2026-04-19T03:53:00+00:00,ETHUSDT,LONG_SPOT_SHORT_PERP,2342.79,2341.67,-4.780624810588618,-0.00010377,-0.00011438,2026-04-19T08:00:00.010000+00:00,247.00016666666667,-21.92442481058862,0.17065976332798596,FLAT,False,False,False,
2026-04-19T03:54:00+00:00,ETHUSDT,LONG_SPOT_SHORT_PERP,2343.09,2342.05,-4.438583238373104,-0.00010377,-0.00011438,2026-04-19T08:00:00.010000+00:00,246.00016666666667,-21.582383238373104,0.17136057191234588,FLAT,False,False,False,
2026-04-19T03:55:00+00:00,ETHUSDT,LONG_SPOT_SHORT_PERP,2342.54,2341.34,-5.122644650677548,-0.00010377,-0.00011438,2026-04-19T08:00:00.010000+00:00,245.00016666666667,-22.26644465067755,0.16998143520447218,FLAT,False,False,False,
2026-04-19T03:56:00+00:00,ETHUSDT,LONG_SPOT_SHORT_PERP,2342.36,2341.25,-4.738810430506529,-0.00010377,-0.00011438,2026-04-19T08:00:00.010000+00:00,244.00016666666667,-21.882610430506528,0.1707442190133907,FLAT,False,False,False,
2026-04-19T03:57:00+00:00,ETHUSDT,LONG_SPOT_SHORT_PERP,2338.98,2337.57,-6.028268732523812,-0.00010377,-0.00011438,2026-04-19T08:00:00.010000+00:00,243.00016666666667,-23.17206873252381,0.1682886128393925,FLAT,False,False,False,
2026-04-19T03:58:00+00:00,ETHUSDT,LONG_SPOT_SHORT_PERP,2338.99,2337.76,-5.258680028557469,-0.00010377,-0.00011438,2026-04-19T08:00:00.010000+00:00,242.00016666666667,-22.40248002855747,0.16971772024406473,FLAT,False,False,False,
2026-04-19T03:59:00+00:00,ETHUSDT,LONG_SPOT_SHORT_PERP,2339.77,2338.6,-5.000491501301721,-0.00010377,-0.00011438,2026-04-19T08:00:00.010000+00:00,241.00016666666667,-22.144291501301723,0.17022116940487034,FLAT,False,False,False,
2026-04-19T04:00:00+00:00,ETHUSDT,LONG_SPOT_SHORT_PERP,2341.18,2339.99,-5.082906910190821,-0.00010377,-0.00011438,2026-04-19T08:00:00.010000+00:00,240.00016666666667,-22.22670691019082,0.17005911735871101,FLAT,False,False,False,
2026-04-19T04:01:00+00:00,ETHUSDT,LONG_SPOT_SHORT_PERP,2341.65,2340.39,-5.380821215810297,-0.00010377,-0.00011438,2026-04-19T08:00:00.010000+00:00,239.00016666666667,-22.524621215810296,0.1694838373613702,FLAT,False,False,False,
2026-04-19T04:02:00+00:00,ETHUSDT,LONG_SPOT_SHORT_PERP,2341.31,2340.23,-4.6128022346461055,-0.00010377,-0.00011438,2026-04-19T08:00:00.010000+00:00,238.00016666666667,-21.756602234646106,0.17100076793383542,FLAT,False,False,False,
2026-04-19T04:03:00+00:00,ETHUSDT,LONG_SPOT_SHORT_PERP,2341.64,2340.24,-5.9787157718525945,-0.00010377,-0.00011438,2026-04-19T08:00:00.010000+00:00,237.00016666666667,-23.122515771852594,0.16837749900108548,FLAT,False,False,False,
2026-04-19T04:04:00+00:00,ETHUSDT,LONG_SPOT_SHORT_PERP,2342.45,2341.1,-5.763196653076519,-0.00010377,-0.00011438,2026-04-19T08:00:00.010000+00:00,236.00016666666667,-22.90699665307652,0.168769027469162,FLAT,False,False,False,
2026-04-19T04:05:00+00:00,ETHUSDT,LONG_SPOT_SHORT_PERP,2343.18,2341.86,-5.633370035591415,-0.00010377,-0.00011438,2026-04-19T08:00:00.010000+00:00,235.00016666666667,-22.777170035591414,0.16900880319179817,FLAT,False,False,False,
2026-04-19T04:06:00+00:00,ETHUSDT,LONG_SPOT_SHORT_PERP,2343.19,2341.56,-6.956328765486832,-0.00010377,-0.00011438,2026-04-19T08:00:00.010000+00:00,234.00016666666667,-24.100128765486833,0.1666995436463852,FLAT,False,False,False,
2026-04-19T04:07:00+00:00,ETHUSDT,LONG_SPOT_SHORT_PERP,2343.12,2341.72,-5.974939397043647,-0.00010377,-0.00011438,2026-04-19T08:00:00.010000+00:00,233.00016666666667,-23.118739397043647,0.1683842902127169,FLAT,False,False,False,
2026-04-19T04:08:00+00:00,ETHUSDT,LONG_SPOT_SHORT_PERP,2343.14,2341.85,-5.5054328806642525,-0.00010377,-0.00011438,2026-04-19T08:00:00.010000+00:00,232.00016666666667,-22.64923288066425,0.16924801631758077,FLAT,False,False,False,
2026-04-19T04:09:00+00:00,ETHUSDT,LONG_SPOT_SHORT_PERP,2342.56,2341.06,-6.4032511440475375,-0.00010377,-0.00011438,2026-04-19T08:00:00.010000+00:00,231.00016666666667,-23.547051144047536,0.16762948108806902,FLAT,False,False,False,
2026-04-19T04:10:00+00:00,ETHUSDT,LONG_SPOT_SHORT_PERP,2342.68,2341.26,-6.061433913294253,-0.00010377,-0.00011438,2026-04-19T08:00:00.010000+00:00,230.00016666666667,-23.20523391329425,0.16822935745450016,FLAT,False,False,False,
2026-04-19T04:11:00+00:00,ETHUSDT,LONG_SPOT_SHORT_PERP,2344.21,2342.68,-6.5267190226140155,-0.00010377,-0.00011438,2026-04-19T08:00:00.010000+00:00,229.00016666666667,-23.670519022614016,0.16741758472073057,FLAT,False,False,False,
2026-04-19T04:12:00+00:00,ETHUSDT,LONG_SPOT_SHORT_PERP,2345.25,2343.9,-5.756315957786629,-0.00010377,-0.00011438,2026-04-19T08:00:00.010000+00:00,228.00016666666667,-22.90011595778663,0.16878166085346108,FLAT,False,False,False,
2026-04-19T04:13:00+00:00,ETHUSDT,LONG_SPOT_SHORT_PERP,2345.89,2344.46,-6.095767491228643,-0.00010377,-0.00011438,2026-04-19T08:00:00.010000+00:00,227.00016666666667,-23.23956749122864,0.16816821235149945,FLAT,False,False,False,
2026-04-19T04:14:00+00:00,ETHUSDT,LONG_SPOT_SHORT_PERP,2344.26,2342.9,-5.801404281095643,-0.00010377,-0.00011438,2026-04-19T08:00:00.010000+00:00,226.00016666666667,-22.94520428109564,0.16869902686213734,FLAT,False,False,False,
2026-04-19T04:15:00+00:00,ETHUSDT,LONG_SPOT_SHORT_PERP,2343.73,2342.43,-5.546713998626898,-0.00010377,-0.00011438,2026-04-19T08:00:00.010000+00:00,225.00016666666667,-22.690513998626898,0.16917051049926543,FLAT,False,False,False,
2026-04-19T04:16:00+00:00,ETHUSDT,LONG_SPOT_SHORT_PERP,2344.14,2342.69,-6.185637376606423,-0.00010377,-0.00011438,2026-04-19T08:00:00.010000+00:00,224.00016666666667,-23.32943737660642,0.16800911022219778,FLAT,False,False,False,
2026-04-19T04:17:00+00:00,ETHUSDT,LONG_SPOT_SHORT_PERP,2344.42,2343.01,-6.014280717618235,-0.00010377,-0.00011438,2026-04-19T08:00:00.010000+00:00,223.00016666666667,-23.158080717618233,0.16831366131356798,FLAT,False,False,False,
2026-04-19T04:18:00+00:00,ETHUSDT,LONG_SPOT_SHORT_PERP,2343.72,2342.34,-5.8880753673632285,-0.00010377,-0.00011438,2026-04-19T08:00:00.010000+00:00,222.00016666666667,-23.031875367363227,0.16854118057008372,FLAT,False,False,False,
2026-04-19T04:19:00+00:00,ETHUSDT,LONG_SPOT_SHORT_PERP,2343.54,2342.0,-6.571255451154935,-0.00010377,-0.00011438,2026-04-19T08:00:00.010000+00:00,221.00016666666667,-23.715055451154935,0.16734176460593825,FLAT,False,False,False,
2026-04-19T04:20:00+00:00,ETHUSDT,LONG_SPOT_SHORT_PERP,2343.74,2342.34,-5.973358819662746,-0.00010377,-0.00011438,2026-04-19T08:00:00.010000+00:00,220.00016666666667,-23.117158819662745,0.16838713335913844,FLAT,False,False,False,
2026-04-19T04:21:00+00:00,ETHUSDT,LONG_SPOT_SHORT_PERP,2343.64,2342.36,-5.461589663940475,-0.00010377,-0.00011438,2026-04-19T08:00:00.010000+00:00,219.00016666666667,-22.605389663940475,0.16933066768267344,FLAT,False,False,False,
2026-04-19T04:22:00+00:00,ETHUSDT,LONG_SPOT_SHORT_PERP,2343.86,2342.4,-6.229040983676654,-0.00010377,-0.00011438,2026-04-19T08:00:00.010000+00:00,218.00016666666667,-23.372840983676653,0.16793275910064018,FLAT,False,False,False,
2026-04-19T04:23:00+00:00,ETHUSDT,LONG_SPOT_SHORT_PERP,2342.75,2341.11,-7.0003201365910686,-0.00010377,-0.00011438,2026-04-19T08:00:00.010000+00:00,217.00016666666667,-24.14412013659107,0.16662767535181044,FLAT,False,False,False,
2026-04-19T04:24:00+00:00,ETHUSDT,LONG_SPOT_SHORT_PERP,2342.9,2341.6,-5.5486789875802724,-0.00010377,-0.00011438,2026-04-19T08:00:00.010000+00:00,216.00016666666667,-22.692478987580273,0.16916682881938191,FLAT,False,False,False,
2026-04-19T04:25:00+00:00,ETHUSDT,LONG_SPOT_SHORT_PERP,2342.9,2341.52,-5.890136156046392,-0.00010377,-0.00011438,2026-04-19T08:00:00.010000+00:00,215.00016666666667,-23.03393615604639,0.16853744333974152,FLAT,False,False,False,
2026-04-19T04:26:00+00:00,ETHUSDT,LONG_SPOT_SHORT_PERP,2342.31,2340.97,-5.720848222481847,-0.00010377,-0.00011438,2026-04-19T08:00:00.010000+00:00,214.00016666666667,-22.864648222481847,0.16884691377315006,FLAT,False,False,False,
2026-04-19T04:27:00+00:00,ETHUSDT,LONG_SPOT_SHORT_PERP,2341.88,2340.32,-6.661314841067626,-0.00010377,-0.00011438,2026-04-19T08:00:00.010000+00:00,213.00016666666667,-23.805114841067628,0.16718943109816492,FLAT,False,False,False,
2026-04-19T04:28:00+00:00,ETHUSDT,LONG_SPOT_SHORT_PERP,2341.43,2340.0,-6.107378824051269,-0.00010377,-0.00011438,2026-04-19T08:00:00.010000+00:00,212.00016666666667,-23.25117882405127,0.16814757901230398,FLAT,False,False,False,
2026-04-19T04:29:00+00:00,ETHUSDT,LONG_SPOT_SHORT_PERP,2341.86,2340.4,-6.234360721819564,-0.00010377,-0.00011438,2026-04-19T08:00:00.010000+00:00,211.00016666666667,-23.37816072181956,0.167923422984853,FLAT,False,False,False,
2026-04-19T04:30:00+00:00,ETHUSDT,LONG_SPOT_SHORT_PERP,2340.58,2339.17,-6.02414786078602,-0.00010377,-0.00011438,2026-04-19T08:00:00.010000+00:00,210.00016666666667,-23.167947860786022,0.16829598864089712,FLAT,False,False,False,
2026-04-19T04:31:00+00:00,ETHUSDT,LONG_SPOT_SHORT_PERP,2338.58,2337.11,-6.285865781798356,-0.00010377,-0.00011438,2026-04-19T08:00:00.010000+00:00,209.00016666666667,-23.429665781798356,0.16783327742665105,FLAT,False,False,False,
2026-04-19T04:32:00+00:00,ETHUSDT,LONG_SPOT_SHORT_PERP,2336.29,2334.88,-6.035209670031779,-0.00010377,-0.00011438,2026-04-19T08:00:00.010000+00:00,208.00016666666667,-23.17900967003178,0.1682761960763251,FLAT,False,False,False,
2026-04-19T04:33:00+00:00,ETHUSDT,LONG_SPOT_SHORT_PERP,2336.0,2334.59,-6.035958904108966,-0.00010377,-0.00011438,2026-04-19T08:00:00.010000+00:00,207.00016666666667,-23.179758904108965,0.16827485625166624,FLAT,False,False,False,
2026-04-19T04:34:00+00:00,ETHUSDT,LONG_SPOT_SHORT_PERP,2335.96,2334.73,-5.2655011215946255,-0.00010377,-0.00011438,2026-04-19T08:00:00.010000+00:00,206.00016666666667,-22.409301121594623,0.16970458687111967,FLAT,False,False,False,
2026-04-19T04:35:00+00:00,ETHUSDT,LONG_SPOT_SHORT_PERP,2335.48,2333.92,-6.679569082158467,-0.00010377,-0.00011438,2026-04-19T08:00:00.010000+00:00,205.00016666666667,-23.823369082158464,0.16715871455913572,FLAT,False,False,False,
2026-04-19T04:36:00+00:00,ETHUSDT,LONG_SPOT_SHORT_PERP,2336.0,2334.64,-5.821917808219723,-0.00010377,-0.00011438,2026-04-19T08:00:00.010000+00:00,204.00016666666667,-22.965717808219722,0.168661549163198,FLAT,False,False,False,
2026-04-19T04:37:00+00:00,ETHUSDT,LONG_SPOT_SHORT_PERP,2336.61,2334.96,-7.061512190738253,-0.00010377,-0.00011438,2026-04-19T08:00:00.010000+00:00,203.00016666666667,-24.205312190738255,0.16652821031287623,FLAT,False,False,False,
2026-04-19T04:38:00+00:00,ETHUSDT,LONG_SPOT_SHORT_PERP,2336.99,2335.29,-7.274314395867412,-0.00010377,-0.00011438,2026-04-19T08:00:00.010000+00:00,202.00016666666667,-24.418114395867413,0.16618682955934003,FLAT,False,False,False,
2026-04-19T04:39:00+00:00,ETHUSDT,LONG_SPOT_SHORT_PERP,2335.92,2334.3,-6.935169012636952,-0.00010377,-0.00011438,2026-04-19T08:00:00.010000+00:00,201.00016666666667,-24.078969012636954,0.16673422047516506,FLAT,False,False,False,
2026-04-19T04:40:00+00:00,ETHUSDT,LONG_SPOT_SHORT_PERP,2326.65,2325.14,-6.490017836804927,-0.00010377,-0.00011438,2026-04-19T08:00:00.010000+00:00,200.00016666666667,-23.633817836804926,0.1674803097418548,FLAT,False,False,False,
2026-04-19T04:41:00+00:00,ETHUSDT,LONG_SPOT_SHORT_PERP,2325.8,2323.85,-8.384211884084069,-0.00010377,-0.00011438,2026-04-19T08:00:00.010000+00:00,199.00016666666667,-25.52801188408407,0.16451540816936738,FLAT,False,False,False,
2026-04-19T04:42:00+00:00,ETHUSDT,LONG_SPOT_SHORT_PERP,2329.0,2327.35,-7.084585659081541,-0.00010377,-0.00011438,2026-04-19T08:00:00.010000+00:00,198.00016666666667,-24.22838565908154,0.16649085699217542,FLAT,False,False,False,
2026-04-19T04:43:00+00:00,ETHUSDT,LONG_SPOT_SHORT_PERP,2328.8,2327.05,-7.514599793885262,-0.00010377,-0.00011438,2026-04-19T08:00:00.010000+00:00,197.00016666666667,-24.658399793885263,0.16580966739685976,FLAT,False,False,False,
2026-04-19T04:44:00+00:00,ETHUSDT,LONG_SPOT_SHORT_PERP,2328.48,2327.0,-6.35607778464929,-0.00010377,-0.00011438,2026-04-19T08:00:00.010000+00:00,196.00016666666667,-23.49987778464929,0.16771110478630122,FLAT,False,False,False,
2026-04-19T04:45:00+00:00,ETHUSDT,LONG_SPOT_SHORT_PERP,2330.4,2328.89,-6.4795743220057425,-0.00010377,-0.00011438,2026-04-19T08:00:00.010000+00:00,195.00016666666667,-23.62337432200574,0.1674981988571949,FLAT,False,False,False,
2026-04-19T04:46:00+00:00,ETHUSDT,LONG_SPOT_SHORT_PERP,2330.0,2328.27,-7.424892703862739,-0.00010377,-0.00011438,2026-04-19T08:00:00.010000+00:00,194.00016666666667,-24.568692703862737,0.16594945619385115,FLAT,False,False,False,
2026-04-19T04:47:00+00:00,ETHUSDT,LONG_SPOT_SHORT_PERP,2327.41,2325.87,-6.616797212351772,-0.00010377,-0.00011438,2026-04-19T08:00:00.010000+00:00,193.00016666666667,-23.760597212351772,0.16726456720557492,FLAT,False,False,False,
2026-04-19T04:48:00+00:00,ETHUSDT,LONG_SPOT_SHORT_PERP,2329.68,2328.4,-5.494316816042312,-0.00010377,-0.00011438,2026-04-19T08:00:00.010000+00:00,192.00016666666667,-22.638116816042313,0.1692689391255399,FLAT,False,False,False,
2026-04-19T04:49:00+00:00,ETHUSDT,LONG_SPOT_SHORT_PERP,2329.8,2328.05,-7.511374366898446,-0.00010377,-0.00011438,2026-04-19T08:00:00.010000+00:00,191.00016666666667,-24.655174366898446,0.1658146726219255,FLAT,False,False,False,
2026-04-19T04:50:00+00:00,ETHUSDT,LONG_SPOT_SHORT_PERP,2330.91,2329.39,-6.521058299119151,-0.00010377,-0.00011438,2026-04-19T08:00:00.010000+00:00,190.00016666666667,-23.66485829911915,0.16742724491965488,FLAT,False,False,False,
2026-04-19T04:51:00+00:00,ETHUSDT,LONG_SPOT_SHORT_PERP,2333.7,2332.22,-6.341860564768472,-0.00010377,-0.00011438,2026-04-19T08:00:00.010000+00:00,189.00016666666667,-23.485660564768473,0.16773577718600935,FLAT,False,False,False,
2026-04-19T04:52:00+00:00,ETHUSDT,LONG_SPOT_SHORT_PERP,2333.41,2331.89,-6.514071680501849,-0.00010377,-0.00011438,2026-04-19T08:00:00.010000+00:00,188.00016666666667,-23.65787168050185,0.167439175032155,FLAT,False,False,False,
2026-04-19T04:53:00+00:00,ETHUSDT,LONG_SPOT_SHORT_PERP,2332.35,2330.84,-6.474156966149007,-0.00010377,-0.00011438,2026-04-19T08:00:00.010000+00:00,187.00016666666667,-23.617956966149006,0.167507485521896,FLAT,False,False,False,
2026-04-19T04:54:00+00:00,ETHUSDT,LONG_SPOT_SHORT_PERP,2332.94,2331.29,-7.072620813223191,-0.00010377,-0.00011438,2026-04-19T08:00:00.010000+00:00,186.00016666666667,-24.21642081322319,0.1665102163758932,FLAT,False,False,False,
2026-04-19T04:55:00+00:00,ETHUSDT,LONG_SPOT_SHORT_PERP,2333.04,2331.63,-6.043616911839722,-0.00010377,-0.00011438,2026-04-19T08:00:00.010000+00:00,185.00016666666667,-23.187416911839723,0.16826116725739015,FLAT,False,False,False,
2026-04-19T04:56:00+00:00,ETHUSDT,LONG_SPOT_SHORT_PERP,2333.06,2331.68,-5.914978611780706,-0.00010377,-0.00011438,2026-04-19T08:00:00.010000+00:00,184.00016666666667,-23.058778611780706,0.16849244957872142,FLAT,False,False,False,
2026-04-19T04:57:00+00:00,ETHUSDT,LONG_SPOT_SHORT_PERP,2333.72,2332.01,-7.327357180808245,-0.00010377,-0.00011438,2026-04-19T08:00:00.010000+00:00,183.00016666666667,-24.471157180808245,0.16610281967415425,FLAT,False,False,False,
2026-04-19T04:58:00+00:00,ETHUSDT,LONG_SPOT_SHORT_PERP,2333.22,2331.79,-6.128869116499243,-0.00010377,-0.00011438,2026-04-19T08:00:00.010000+00:00,182.00016666666667,-23.272669116499245,0.168109451215206,FLAT,False,False,False,
2026-04-19T04:59:00+00:00,ETHUSDT,LONG_SPOT_SHORT_PERP,2333.34,2331.99,-5.78569775515083,-0.00010377,-0.00011438,2026-04-19T08:00:00.010000+00:00,181.00016666666667,-22.92949775515083,0.1687277720131609,FLAT,False,False,False,
2026-04-19T05:00:00+00:00,ETHUSDT,LONG_SPOT_SHORT_PERP,2333.17,2331.54,-6.986203319947149,-0.00010377,-0.00011438,2026-04-19T08:00:00.010000+00:00,180.00016666666667,-24.13000331994715,0.16665070477370358,FLAT,False,False,False,
2026-04-19T05:01:00+00:00,ETHUSDT,LONG_SPOT_SHORT_PERP,2334.07,2332.76,-5.612513763511572,-0.00010377,-0.00011438,2026-04-19T08:00:00.010000+00:00,179.00016666666667,-22.75631376351157,0.16904760050452158,FLAT,False,False,False,
2026-04-19T05:02:00+00:00,ETHUSDT,LONG_SPOT_SHORT_PERP,2331.48,2330.0,-6.3478991884983715,-0.00010377,-0.00011438,2026-04-19T08:00:00.010000+00:00,178.00016666666667,-23.491699188498373,0.16772529372115852,FLAT,False,False,False,
2026-04-19T05:03:00+00:00,ETHUSDT,LONG_SPOT_SHORT_PERP,2330.92,2329.5,-6.092015169976116,-0.00010377,-0.00011438,2026-04-19T08:00:00.010000+00:00,177.00016666666667,-23.235815169976114,0.1681748851313467,FLAT,False,False,False,
2026-04-19T05:04:00+00:00,ETHUSDT,LONG_SPOT_SHORT_PERP,2330.12,2328.63,-6.394520453881268,-0.00010377,-0.00011438,2026-04-19T08:00:00.010000+00:00,176.00016666666667,-23.53832045388127,0.16764455991652716,FLAT,False,False,False,
2026-04-19T05:05:00+00:00,ETHUSDT,LONG_SPOT_SHORT_PERP,2329.0,2327.42,-6.784027479604668,-0.00010377,-0.00011438,2026-04-19T08:00:00.010000+00:00,175.00016666666667,-23.927827479604666,0.16698397299083126,FLAT,False,False,False,
2026-04-19T05:06:00+00:00,ETHUSDT,LONG_SPOT_SHORT_PERP,2330.92,2329.67,-5.362689410189968,-0.00010377,-0.00011438,2026-04-19T08:00:00.010000+00:00,174.00016666666667,-22.506489410189968,0.1695183851643123,FLAT,False,False,False,
2026-04-19T05:07:00+00:00,ETHUSDT,LONG_SPOT_SHORT_PERP,2330.89,2329.11,-7.636568006211127,-0.00010377,-0.00011438,2026-04-19T08:00:00.010000+00:00,173.00016666666667,-24.780368006211127,0.16562153320184994,FLAT,False,False,False,
2026-04-19T05:08:00+00:00,ETHUSDT,LONG_SPOT_SHORT_PERP,2330.39,2329.13,-5.406820317628223,-0.00010377,-0.00011438,2026-04-19T08:00:00.010000+00:00,172.00016666666667,-22.550620317628223,0.16943440362790668,FLAT,False,False,False,
2026-04-19T05:09:00+00:00,ETHUSDT,LONG_SPOT_SHORT_PERP,2330.61,2329.19,-6.092825483457432,-0.00010377,-0.00011438,2026-04-19T08:00:00.010000+00:00,171.00016666666667,-23.23662548345743,0.1681734439421469,FLAT,False,False,False,
2026-04-19T05:10:00+00:00,ETHUSDT,LONG_SPOT_SHORT_PERP,2330.77,2329.31,-6.264024335305656,-0.00010377,-0.00011438,2026-04-19T08:00:00.010000+00:00,170.00016666666667,-23.407824335305655,0.16787145061426648,FLAT,False,False,False,
2026-04-19T05:11:00+00:00,ETHUSDT,LONG_SPOT_SHORT_PERP,2330.77,2329.34,-6.13531150649715,-0.00010377,-0.00011438,2026-04-19T08:00:00.010000+00:00,169.00016666666667,-23.27911150649715,0.1680980364853453,FLAT,False,False,False,
2026-04-19T05:12:00+00:00,ETHUSDT,LONG_SPOT_SHORT_PERP,2332.29,2330.91,-5.9169314279103755,-0.00010377,-0.00011438,2026-04-19T08:00:00.010000+00:00,168.00016666666667,-23.060731427910376,0.16848891723864243,FLAT,False,False,False,
2026-04-19T05:13:00+00:00,ETHUSDT,LONG_SPOT_SHORT_PERP,2331.95,2330.56,-5.9606766868923975,-0.00010377,-0.00011438,2026-04-19T08:00:00.010000+00:00,167.00016666666667,-23.104476686892397,0.16840996158139446,FLAT,False,False,False,
2026-04-19T05:14:00+00:00,ETHUSDT,LONG_SPOT_SHORT_PERP,2332.45,2330.89,-6.688246264657101,-0.00010377,-0.00011438,2026-04-19T08:00:00.010000+00:00,166.00016666666667,-23.8320462646571,0.1671441322602189,FLAT,False,False,False,
2026-04-19T05:15:00+00:00,ETHUSDT,LONG_SPOT_SHORT_PERP,2329.99,2328.55,-6.180284035552084,-0.00010377,-0.00011438,2026-04-19T08:00:00.010000+00:00,165.00016666666667,-23.324084035552083,0.16801854926897186,FLAT,False,False,False,
2026-04-19T05:16:00+00:00,ETHUSDT,LONG_SPOT_SHORT_PERP,2332.41,2330.86,-6.645486856940791,-0.00010377,-0.00011438,2026-04-19T08:00:00.010000+00:00,164.00016666666667,-23.78928685694079,0.16721610854392094,FLAT,False,False,False,
2026-04-19T05:17:00+00:00,ETHUSDT,LONG_SPOT_SHORT_PERP,2332.45,2330.9,-6.645372891164771,-0.00010377,-0.00011438,2026-04-19T08:00:00.010000+00:00,163.00016666666667,-23.78917289116477,0.16721630077571048,FLAT,False,False,False,
2026-04-19T05:18:00+00:00,ETHUSDT,LONG_SPOT_SHORT_PERP,2331.94,2330.37,-6.732591747644294,-0.00010377,-0.00011438,2026-04-19T08:00:00.010000+00:00,162.00016666666667,-23.876391747644295,0.16706979749258993,FLAT,False,False,False,
2026-04-19T05:19:00+00:00,ETHUSDT,LONG_SPOT_SHORT_PERP,2331.95,2330.2,-7.504449066232125,-0.00010377,-0.00011438,2026-04-19T08:00:00.010000+00:00,161.00016666666667,-24.648249066232125,0.16582542457232646,FLAT,False,False,False,
2026-04-19T05:20:00+00:00,ETHUSDT,LONG_SPOT_SHORT_PERP,2331.96,2330.46,-6.432357330314414,-0.00010377,-0.00011438,2026-04-19T08:00:00.010000+00:00,160.00016666666667,-23.576157330314413,0.16757930267776167,FLAT,False,False,False,
2026-04-19T05:21:00+00:00,ETHUSDT,LONG_SPOT_SHORT_PERP,2331.51,2330.19,-5.661566967330887,-0.00010377,-0.00011438,2026-04-19T08:00:00.010000+00:00,159.00016666666667,-22.805366967330887,0.16895647336133943,FLAT,False,False,False,
2026-04-19T05:22:00+00:00,ETHUSDT,LONG_SPOT_SHORT_PERP,2332.69,2331.2,-6.387475403933813,-0.00010377,-0.00011438,2026-04-19T08:00:00.010000+00:00,158.00016666666667,-23.53127540393381,0.16765673666796024,FLAT,False,False,False,
2026-04-19T05:23:00+00:00,ETHUSDT,LONG_SPOT_SHORT_PERP,2333.26,2331.63,-6.985933843635553,-0.00010377,-0.00011438,2026-04-19T08:00:00.010000+00:00,157.00016666666667,-24.129733843635552,0.166651144686894,FLAT,False,False,False,
2026-04-19T05:24:00+00:00,ETHUSDT,LONG_SPOT_SHORT_PERP,2333.85,2332.24,-6.898472481094018,-0.00010377,-0.00011438,2026-04-19T08:00:00.010000+00:00,156.00016666666667,-24.042272481094017,0.16679452651242352,FLAT,False,False,False,
2026-04-19T05:25:00+00:00,ETHUSDT,LONG_SPOT_SHORT_PERP,2333.08,2331.64,-6.17209868500032,-0.00010377,-0.00011438,2026-04-19T08:00:00.010000+00:00,155.00016666666667,-23.31589868500032,0.16803299109267808,FLAT,False,False,False,
2026-04-19T05:26:00+00:00,ETHUSDT,LONG_SPOT_SHORT_PERP,2332.93,2331.26,-7.158380234296006,-0.00010377,-0.00011438,2026-04-19T08:00:00.010000+00:00,154.00016666666667,-24.302180234296006,0.1663719466538796,FLAT,False,False,False,
2026-04-19T05:27:00+00:00,ETHUSDT,LONG_SPOT_SHORT_PERP,2333.07,2331.49,-6.772192861767464,-0.00010377,-0.00011438,2026-04-19T08:00:00.010000+00:00,153.00016666666667,-23.915992861767464,0.1670036824494588,FLAT,False,False,False,
2026-04-19T05:28:00+00:00,ETHUSDT,LONG_SPOT_SHORT_PERP,2333.79,2332.34,-6.213069727781069,-0.00010377,-0.00011438,2026-04-19T08:00:00.010000+00:00,152.00016666666667,-23.356869727781067,0.16796081717702518,FLAT,False,False,False,
2026-04-19T05:29:00+00:00,ETHUSDT,LONG_SPOT_SHORT_PERP,2333.82,2332.39,-6.127293450224485,-0.00010377,-0.00011438,2026-04-19T08:00:00.010000+00:00,151.00016666666667,-23.271093450224484,0.16811224407768452,FLAT,False,False,False,
2026-04-19T05:30:00+00:00,ETHUSDT,LONG_SPOT_SHORT_PERP,2337.58,2336.12,-6.245775545649931,-0.00010377,-0.00011438,2026-04-19T08:00:00.010000+00:00,150.00016666666667,-23.38957554564993,0.16790340607009627,FLAT,False,False,False,
2026-04-19T05:31:00+00:00,ETHUSDT,LONG_SPOT_SHORT_PERP,2336.87,2335.28,-6.803972835458074,-0.00010377,-0.00011438,2026-04-19T08:00:00.010000+00:00,149.00016666666667,-23.947772835458075,0.16695080648146313,FLAT,False,False,False,
2026-04-19T05:32:00+00:00,ETHUSDT,LONG_SPOT_SHORT_PERP,2336.3,2334.88,-6.077986559945523,-0.00010377,-0.00011438,2026-04-19T08:00:00.010000+00:00,148.00016666666667,-23.22178655994552,0.1681998535505543,FLAT,False,False,False,
2026-04-19T05:33:00+00:00,ETHUSDT,LONG_SPOT_SHORT_PERP,2337.14,2335.46,-7.188272846298624,-0.00010377,-0.00011438,2026-04-19T08:00:00.010000+00:00,147.00016666666667,-24.332072846298622,0.16632401817985867,FLAT,False,False,False,
2026-04-19T05:34:00+00:00,ETHUSDT,LONG_SPOT_SHORT_PERP,2337.4,2335.99,-6.032343629675319,-0.00010377,-0.00011438,2026-04-19T08:00:00.010000+00:00,146.00016666666667,-23.17614362967532,0.16828132218578543,FLAT,False,False,False,
2026-04-19T05:35:00+00:00,ETHUSDT,LONG_SPOT_SHORT_PERP,2338.0,2336.52,-6.330196749358503,-0.00010377,-0.00011438,2026-04-19T08:00:00.010000+00:00,145.00016666666667,-23.473996749358502,0.16775604355229273,FLAT,False,False,False,
2026-04-19T05:36:00+00:00,ETHUSDT,LONG_SPOT_SHORT_PERP,2338.45,2336.98,-6.286215228034809,-0.00010377,-0.00011438,2026-04-19T08:00:00.010000+00:00,144.00016666666667,-23.430015228034808,0.1678326673341559,FLAT,False,False,False,
2026-04-19T05:37:00+00:00,ETHUSDT,LONG_SPOT_SHORT_PERP,2336.82,2335.29,-6.5473592317773734,-0.00010377,-0.00011438,2026-04-19T08:00:00.010000+00:00,143.00016666666667,-23.691159231777373,0.16738240595771792,FLAT,False,False,False,
2026-04-19T05:38:00+00:00,ETHUSDT,LONG_SPOT_SHORT_PERP,2335.81,2334.16,-7.063930713543015,-0.00010377,-0.00011438,2026-04-19T08:00:00.010000+00:00,142.00016666666667,-24.207730713543015,0.16652429111201317,FLAT,False,False,False,
2026-04-19T05:39:00+00:00,ETHUSDT,LONG_SPOT_SHORT_PERP,2335.6,2334.32,-5.480390477820454,-0.00010377,-0.00011438,2026-04-19T08:00:00.010000+00:00,141.00016666666667,-22.624190477820456,0.16929518282091652,FLAT,False,False,False,
2026-04-19T05:40:00+00:00,ETHUSDT,LONG_SPOT_SHORT_PERP,2335.63,2334.22,-6.036915093573508,-0.00010377,-0.00011438,2026-04-19T08:00:00.010000+00:00,140.00016666666667,-23.180715093573507,0.1682731464766829,FLAT,False,False,False,
2026-04-19T05:41:00+00:00,ETHUSDT,LONG_SPOT_SHORT_PERP,2334.76,2333.44,-5.653686031969725,-0.00010377,-0.00011438,2026-04-19T08:00:00.010000+00:00,139.00016666666667,-22.797486031969726,0.16897108515945525,FLAT,False,False,False,
2026-04-19T05:42:00+00:00,ETHUSDT,LONG_SPOT_SHORT_PERP,2335.14,2333.42,-7.365725395478644,-0.00010377,-0.00011438,2026-04-19T08:00:00.010000+00:00,138.00016666666667,-24.509525395478644,0.16604231823299787,FLAT,False,False,False,
2026-04-19T05:43:00+00:00,ETHUSDT,LONG_SPOT_SHORT_PERP,2335.39,2333.93,-6.251632489648566,-0.00010377,-0.00011438,2026-04-19T08:00:00.010000+00:00,137.00016666666667,-23.395432489648567,0.1678931438876249,FLAT,False,False,False,
2026-04-19T05:44:00+00:00,ETHUSDT,LONG_SPOT_SHORT_PERP,2336.0,2334.44,-6.678082191780589,-0.00010377,-0.00011438,2026-04-19T08:00:00.010000+00:00,136.00016666666667,-23.82188219178059,0.16716121454760124,FLAT,False,False,False,
2026-04-19T05:45:00+00:00,ETHUSDT,LONG_SPOT_SHORT_PERP,2335.23,2333.72,-6.466172496928433,-0.00010377,-0.00011438,2026-04-19T08:00:00.010000+00:00,135.00016666666667,-23.60997249692843,0.1675211816397813,FLAT,False,False,False,
2026-04-19T05:46:00+00:00,ETHUSDT,LONG_SPOT_SHORT_PERP,2333.93,2332.58,-5.784235174147935,-0.00010377,-0.00011438,2026-04-19T08:00:00.010000+00:00,134.00016666666667,-22.928035174147936,0.16873045093935005,FLAT,False,False,False,
2026-04-19T05:47:00+00:00,ETHUSDT,LONG_SPOT_SHORT_PERP,2334.87,2333.24,-6.9811167217023185,-0.00010377,-0.00011438,2026-04-19T08:00:00.010000+00:00,133.00016666666667,-24.12491672170232,0.16665901043725753,FLAT,False,False,False,
2026-04-19T05:48:00+00:00,ETHUSDT,LONG_SPOT_SHORT_PERP,2335.1,2333.67,-6.123934735128416,-0.00010377,-0.00011438,2026-04-19T08:00:00.010000+00:00,132.00016666666667,-23.267734735128414,0.16811819879379825,FLAT,False,False,False,
2026-04-19T05:49:00+00:00,ETHUSDT,LONG_SPOT_SHORT_PERP,2335.59,2334.07,-6.507991556737191,-0.00010377,-0.00011438,2026-04-19T08:00:00.010000+00:00,131.00016666666667,-23.65179155673719,0.16744956375160472,FLAT,False,False,False,
2026-04-19T05:50:00+00:00,ETHUSDT,LONG_SPOT_SHORT_PERP,2334.89,2333.26,-6.981056923451017,-0.00010377,-0.00011438,2026-04-19T08:00:00.010000+00:00,130.00016666666667,-24.124856923451016,0.16665910810311113,FLAT,False,False,False,
2026-04-19T05:51:00+00:00,ETHUSDT,LONG_SPOT_SHORT_PERP,2332.81,2331.21,-6.858681161345798,-0.00010377,-0.00011438,2026-04-19T08:00:00.010000+00:00,129.00016666666667,-24.0024811613458,0.16686015908525495,FLAT,False,False,False,
2026-04-19T05:52:00+00:00,ETHUSDT,LONG_SPOT_SHORT_PERP,2332.1,2330.73,-5.874533682088636,-0.00010377,-0.00011438,2026-04-19T08:00:00.010000+00:00,128.00016666666667,-23.018333682088635,0.1685657566815575,FLAT,False,False,False,
2026-04-19T05:53:00+00:00,ETHUSDT,LONG_SPOT_SHORT_PERP,2332.54,2331.17,-5.873425536110381,-0.00010377,-0.00011438,2026-04-19T08:00:00.010000+00:00,127.00016666666667,-23.01722553611038,0.1685677692081272,FLAT,False,False,False,
2026-04-19T05:54:00+00:00,ETHUSDT,LONG_SPOT_SHORT_PERP,2332.34,2330.91,-6.1311815601511395,-0.00010377,-0.00011438,2026-04-19T08:00:00.010000+00:00,126.00016666666667,-23.27498156015114,0.16810535318042993,FLAT,False,False,False,
2026-04-19T05:55:00+00:00,ETHUSDT,LONG_SPOT_SHORT_PERP,2331.82,2330.49,-5.7036992563764874,-0.00010377,-0.00011438,2026-04-19T08:00:00.010000+00:00,125.00016666666667,-22.847499256376487,0.1688785435546987,FLAT,False,False,False,
2026-04-19T05:56:00+00:00,ETHUSDT,LONG_SPOT_SHORT_PERP,2332.25,2331.18,-4.587844356308988,-0.00010377,-0.00011438,2026-04-19T08:00:00.010000+00:00,124.00016666666667,-21.731644356308987,0.17105194711054741,FLAT,False,False,False,
2026-04-19T05:57:00+00:00,ETHUSDT,LONG_SPOT_SHORT_PERP,2332.94,2331.59,-5.786689756272811,-0.00010377,-0.00011438,2026-04-19T08:00:00.010000+00:00,123.00016666666667,-22.93048975627281,0.16872595523445458,FLAT,False,False,False,
2026-04-19T05:58:00+00:00,ETHUSDT,LONG_SPOT_SHORT_PERP,2332.77,2331.43,-5.744243967472771,-0.00010377,-0.00011438,2026-04-19T08:00:00.010000+00:00,122.00016666666667,-22.888043967472772,0.1688038458639356,FLAT,False,False,False,
2026-04-19T05:59:00+00:00,ETHUSDT,LONG_SPOT_SHORT_PERP,2332.76,2331.24,-6.515886760748797,-0.00010377,-0.00011438,2026-04-19T08:00:00.010000+00:00,121.00016666666667,-23.659686760748798,0.16743607489422266,FLAT,False,False,False,
2026-04-19T06:00:00+00:00,ETHUSDT,LONG_SPOT_SHORT_PERP,2332.07,2330.65,-6.089011050268957,-0.00010377,-0.00011438,2026-04-19T08:00:00.010000+00:00,120.00016666666667,-23.232811050268957,0.16818022910683106,FLAT,False,False,False,
2026-04-19T06:01:00+00:00,ETHUSDT,LONG_SPOT_SHORT_PERP,2331.17,2329.72,-6.220052591618255,-0.00010377,-0.00011438,2026-04-19T08:00:00.010000+00:00,119.00016666666667,-23.363852591618254,0.16794854450007507,FLAT,False,False,False,
2026-04-19T06:02:00+00:00,ETHUSDT,LONG_SPOT_SHORT_PERP,2332.9,2331.47,-6.129709803250422,-0.00010377,-0.00011438,2026-04-19T08:00:00.010000+00:00,118.00016666666667,-23.27350980325042,0.16810796127348904,FLAT,False,False,False,
2026-04-19T06:03:00+00:00,ETHUSDT,LONG_SPOT_SHORT_PERP,2331.31,2329.76,-6.648622448321875,-0.00010377,-0.00011438,2026-04-19T08:00:00.010000+00:00,117.00016666666667,-23.792422448321876,0.1672108204091424,FLAT,False,False,False,
2026-04-19T06:04:00+00:00,ETHUSDT,LONG_SPOT_SHORT_PERP,2329.68,2328.29,-5.966484667421589,-0.00010377,-0.00011438,2026-04-19T08:00:00.010000+00:00,116.00016666666667,-23.11028466742159,0.16839950360311362,FLAT,False,False,False,
2026-04-19T06:05:00+00:00,ETHUSDT,LONG_SPOT_SHORT_PERP,2329.99,2328.7,-5.536504448516791,-0.00010377,-0.00011438,2026-04-19T08:00:00.010000+00:00,115.00016666666667,-22.68030444851679,0.1691896506331662,FLAT,False,False,False,
2026-04-19T06:06:00+00:00,ETHUSDT,LONG_SPOT_SHORT_PERP,2331.67,2330.48,-5.103638164920656,-0.00010377,-0.00011438,2026-04-19T08:00:00.010000+00:00,114.00016666666667,-22.247438164920656,0.17001855373270439,FLAT,False,False,False,
2026-04-19T06:07:00+00:00,ETHUSDT,LONG_SPOT_SHORT_PERP,2331.23,2329.92,-5.619351157972167,-0.00010377,-0.00011438,2026-04-19T08:00:00.010000+00:00,113.00016666666667,-22.763151157972167,0.16903487291036848,FLAT,False,False,False,
2026-04-19T06:08:00+00:00,ETHUSDT,LONG_SPOT_SHORT_PERP,2331.15,2330.0,-4.933187482573369,-0.00010377,-0.00011438,2026-04-19T08:00:00.010000+00:00,112.00016666666667,-22.07698748257337,0.17035445500505703,FLAT,False,False,False,
2026-04-19T06:09:00+00:00,ETHUSDT,LONG_SPOT_SHORT_PERP,2330.2,2329.02,-5.063943009183059,-0.00010377,-0.00011438,2026-04-19T08:00:00.010000+00:00,111.00016666666667,-22.20774300918306,0.17009629314291907,FLAT,False,False,False,
2026-04-19T06:10:00+00:00,ETHUSDT,LONG_SPOT_SHORT_PERP,2331.14,2329.75,-5.962747840112017,-0.00010377,-0.00011438,2026-04-19T08:00:00.010000+00:00,110.00016666666667,-23.106547840112015,0.16840623155042794,FLAT,False,False,False,
2026-04-19T06:11:00+00:00,ETHUSDT,LONG_SPOT_SHORT_PERP,2329.44,2328.0,-6.181743251597185,-0.00010377,-0.00011438,2026-04-19T08:00:00.010000+00:00,109.00016666666667,-23.325543251597185,0.16801597588973138,FLAT,False,False,False,
2026-04-19T06:12:00+00:00,ETHUSDT,LONG_SPOT_SHORT_PERP,2325.51,2324.02,-6.407196700939735,-0.00010377,-0.00011438,2026-04-19T08:00:00.010000+00:00,108.00016666666667,-23.550996700939734,0.16762267083135746,FLAT,False,False,False,
2026-04-19T06:13:00+00:00,ETHUSDT,LONG_SPOT_SHORT_PERP,2325.29,2323.92,-5.891738234800352,-0.00010377,-0.00011438,2026-04-19T08:00:00.010000+00:00,107.00016666666667,-23.035538234800352,0.16853453848649055,FLAT,False,False,False,
2026-04-19T06:14:00+00:00,ETHUSDT,LONG_SPOT_SHORT_PERP,2323.66,2322.21,-6.240155616569628,-0.00010377,-0.00011438,2026-04-19T08:00:00.010000+00:00,106.00016666666667,-23.38395561656963,0.16791325838341128,FLAT,False,False,False,
2026-04-19T06:15:00+00:00,ETHUSDT,LONG_SPOT_SHORT_PERP,2323.77,2322.39,-5.938625595476786,-0.00010377,-0.00011438,2026-04-19T08:00:00.010000+00:00,105.00016666666667,-23.082425595476785,0.16844972021784335,FLAT,False,False,False,
2026-04-19T06:16:00+00:00,ETHUSDT,LONG_SPOT_SHORT_PERP,2326.99,2325.52,-6.317173687896381,-0.00010377,-0.00011438,2026-04-19T08:00:00.010000+00:00,104.00016666666667,-23.46097368789638,0.1677786984453684,FLAT,False,False,False,
2026-04-19T06:17:00+00:00,ETHUSDT,LONG_SPOT_SHORT_PERP,2325.51,2324.07,-6.192190100236312,-0.00010377,-0.00011438,2026-04-19T08:00:00.010000+00:00,103.00016666666667,-23.335990100236312,0.1679975630006774,FLAT,False,False,False,
2026-04-19T06:18:00+00:00,ETHUSDT,LONG_SPOT_SHORT_PERP,2326.4,2324.78,-6.963548830811085,-0.00010377,-0.00011438,2026-04-19T08:00:00.010000+00:00,102.00016666666667,-24.107348830811084,0.16668772744701557,FLAT,False,False,False,
2026-04-19T06:19:00+00:00,ETHUSDT,LONG_SPOT_SHORT_PERP,2328.62,2327.02,-6.871022322233379,-0.00010377,-0.00011438,2026-04-19T08:00:00.010000+00:00,101.00016666666667,-24.01482232223338,0.16683977649721038,FLAT,False,False,False,
2026-04-19T06:20:00+00:00,ETHUSDT,LONG_SPOT_SHORT_PERP,2330.0,2327.95,-8.798283261803356,-0.00010377,-0.00011438,2026-04-19T08:00:00.010000+00:00,100.00016666666667,-25.942083261803354,0.16393629360277304,FLAT,False,False,False,
2026-04-19T06:21:00+00:00,ETHUSDT,LONG_SPOT_SHORT_PERP,2330.65,2329.01,-7.0366635917013385,-0.00010377,-0.00011438,2026-04-19T08:00:00.010000+00:00,99.00016666666667,-24.18046359170134,0.1665685301157605,FLAT,False,False,False,
2026-04-19T06:22:00+00:00,ETHUSDT,LONG_SPOT_SHORT_PERP,2329.93,2328.13,-7.725553986599285,-0.00010377,-0.00011438,2026-04-19T08:00:00.010000+00:00,98.00016666666667,-24.869353986599286,0.16548566142651386,FLAT,False,False,False,
2026-04-19T06:23:00+00:00,ETHUSDT,LONG_SPOT_SHORT_PERP,2328.97,2327.06,-8.201050249680565,-0.00010377,-0.00011438,2026-04-19T08:00:00.010000+00:00,97.00016666666667,-25.344850249680565,0.16477905926875894,FLAT,False,False,False,
2026-04-19T06:24:00+00:00,ETHUSDT,LONG_SPOT_SHORT_PERP,2330.92,2329.53,-5.963310624130698,-0.00010377,-0.00011438,2026-04-19T08:00:00.010000+00:00,96.00016666666667,-23.107110624130698,0.16840521813561818,FLAT,False,False,False,
2026-04-19T06:25:00+00:00,ETHUSDT,LONG_SPOT_SHORT_PERP,2330.03,2328.4,-6.995618082171084,-0.00010377,-0.00011438,2026-04-19T08:00:00.010000+00:00,95.00016666666667,-24.139418082171083,0.16663534256339302,FLAT,False,False,False,
2026-04-19T06:26:00+00:00,ETHUSDT,LONG_SPOT_SHORT_PERP,2329.92,2327.74,-9.356544430711317,-0.00010377,-0.00011438,2026-04-19T08:00:00.010000+00:00,94.00016666666667,-26.500344430711316,0.16319134578489167,FLAT,False,False,False,
2026-04-19T06:27:00+00:00,ETHUSDT,LONG_SPOT_SHORT_PERP,2330.0,2328.1,-8.154506437768632,-0.00010377,-0.00011438,2026-04-19T08:00:00.010000+00:00,93.00016666666667,-25.29830643776863,0.16484680267660415,FLAT,False,False,False,
2026-04-19T06:28:00+00:00,ETHUSDT,LONG_SPOT_SHORT_PERP,2328.9,2326.99,-8.201296749539736,-0.00010377,-0.00011438,2026-04-19T08:00:00.010000+00:00,92.00016666666667,-25.345096749539735,0.1647787013036082,FLAT,False,False,False,
2026-04-19T06:29:00+00:00,ETHUSDT,LONG_SPOT_SHORT_PERP,2328.38,2326.59,-7.6877485633786735,-0.00010377,-0.00011438,2026-04-19T08:00:00.010000+00:00,91.00016666666667,-24.831548563378675,0.1655432438536201,FLAT,False,False,False,
2026-04-19T06:30:00+00:00,ETHUSDT,LONG_SPOT_SHORT_PERP,2330.0,2328.06,-8.326180257510964,-0.00010377,-0.00011438,2026-04-19T08:00:00.010000+00:00,90.00016666666667,-25.469980257510965,0.16459843741724947,FLAT,False,False,False,
2026-04-19T06:31:00+00:00,ETHUSDT,LONG_SPOT_SHORT_PERP,2329.39,2327.59,-7.727344927211534,-0.00010377,-0.00011438,2026-04-19T08:00:00.010000+00:00,89.00016666666667,-24.87114492721153,0.16548293879824358,FLAT,False,False,False,
2026-04-19T06:32:00+00:00,ETHUSDT,LONG_SPOT_SHORT_PERP,2329.09,2327.56,-6.569089215102036,-0.00010377,-0.00011438,2026-04-19T08:00:00.010000+00:00,88.00016666666667,-23.712889215102035,0.1673454449806928,FLAT,False,False,False,
2026-04-19T06:33:00+00:00,ETHUSDT,LONG_SPOT_SHORT_PERP,2329.5,2327.81,-7.254775702940779,-0.00010377,-0.00011438,2026-04-19T08:00:00.010000+00:00,87.00016666666667,-24.39857570294078,0.166217883398401,FLAT,False,False,False,
2026-04-19T06:34:00+00:00,ETHUSDT,LONG_SPOT_SHORT_PERP,2330.05,2328.48,-6.738052831485005,-0.00010377,-0.00011438,2026-04-19T08:00:00.010000+00:00,86.00016666666667,-23.881852831485006,0.16706066513142698,FLAT,False,False,False,
2026-04-19T06:35:00+00:00,ETHUSDT,LONG_SPOT_SHORT_PERP,2330.74,2329.18,-6.6931532474662365,-0.00010377,-0.00011438,2026-04-19T08:00:00.010000+00:00,85.00016666666667,-23.836953247466237,0.16713589128293704,FLAT,False,False,False,
2026-04-19T06:36:00+00:00,ETHUSDT,LONG_SPOT_SHORT_PERP,2330.35,2328.94,-6.050593258522774,-0.00010377,-0.00011438,2026-04-19T08:00:00.010000+00:00,84.00016666666667,-23.194393258522773,0.16824870548921947,FLAT,False,False,False,
2026-04-19T06:37:00+00:00,ETHUSDT,LONG_SPOT_SHORT_PERP,2332.25,2330.57,-7.203344409903897,-0.00010377,-0.00011438,2026-04-19T08:00:00.010000+00:00,83.00016666666667,-24.347144409903898,0.1662999053005804,FLAT,False,False,False,
2026-04-19T06:38:00+00:00,ETHUSDT,LONG_SPOT_SHORT_PERP,2331.9,2330.35,-6.646940263305381,-0.00010377,-0.00011438,2026-04-19T08:00:00.010000+00:00,82.00016666666667,-23.79074026330538,0.16721365719485246,FLAT,False,False,False,
2026-04-19T06:39:00+00:00,ETHUSDT,LONG_SPOT_SHORT_PERP,2330.05,2328.65,-6.008454754190215,-0.00010377,-0.00011438,2026-04-19T08:00:00.010000+00:00,81.00016666666667,-23.152254754190214,0.1683241038172424,FLAT,False,False,False,
2026-04-19T06:40:00+00:00,ETHUSDT,LONG_SPOT_SHORT_PERP,2330.74,2329.3,-6.1782953053519485,-0.00010377,-0.00011438,2026-04-19T08:00:00.010000+00:00,80.00016666666667,-23.322095305351947,0.16802205704424844,FLAT,False,False,False,
2026-04-19T06:41:00+00:00,ETHUSDT,LONG_SPOT_SHORT_PERP,2330.72,2329.22,-6.435779501613236,-0.00010377,-0.00011438,2026-04-19T08:00:00.010000+00:00,79.00016666666667,-23.579579501613235,0.16757341212437288,FLAT,False,False,False,
2026-04-19T06:42:00+00:00,ETHUSDT,LONG_SPOT_SHORT_PERP,2330.83,2329.23,-6.8645074930385706,-0.00010377,-0.00011438,2026-04-19T08:00:00.010000+00:00,78.00016666666667,-24.008307493038572,0.16685053334014482,FLAT,False,False,False,
2026-04-19T06:43:00+00:00,ETHUSDT,LONG_SPOT_SHORT_PERP,2331.2,2329.5,-7.292381606039028,-0.00010377,-0.00011438,2026-04-19T08:00:00.010000+00:00,77.00016666666667,-24.43618160603903,0.16615816631280408,FLAT,False,False,False,
2026-04-19T06:44:00+00:00,ETHUSDT,LONG_SPOT_SHORT_PERP,2330.34,2328.72,-6.951775277428811,-0.00010377,-0.00011438,2026-04-19T08:00:00.010000+00:00,76.00016666666667,-24.09557527742881,0.16670699999997285,FLAT,False,False,False,
2026-04-19T06:45:00+00:00,ETHUSDT,LONG_SPOT_SHORT_PERP,2329.67,2328.11,-6.696227362673449,-0.00010377,-0.00011438,2026-04-19T08:00:00.010000+00:00,75.00016666666667,-23.84002736267345,0.1671307304714199,FLAT,False,False,False,
2026-04-19T06:46:00+00:00,ETHUSDT,LONG_SPOT_SHORT_PERP,2329.65,2328.02,-6.996759169832846,-0.00010377,-0.00011438,2026-04-19T08:00:00.010000+00:00,74.00016666666667,-24.140559169832848,0.166633481577409,FLAT,False,False,False,
2026-04-19T06:47:00+00:00,ETHUSDT,LONG_SPOT_SHORT_PERP,2329.78,2328.07,-7.339748817485068,-0.00010377,-0.00011438,2026-04-19T08:00:00.010000+00:00,73.00016666666667,-24.48354881748507,0.16608325532898272,FLAT,False,False,False,
2026-04-19T06:48:00+00:00,ETHUSDT,LONG_SPOT_SHORT_PERP,2328.55,2327.15,-6.012325266797324,-0.00010377,-0.00011438,2026-04-19T08:00:00.010000+00:00,72.00016666666667,-23.156125266797325,0.16831716563029142,FLAT,False,False,False,
2026-04-19T06:49:00+00:00,ETHUSDT,LONG_SPOT_SHORT_PERP,2329.13,2327.64,-6.397238453844296,-0.00010377,-0.00011438,2026-04-19T08:00:00.010000+00:00,71.00016666666667,-23.541038453844294,0.16763986428938116,FLAT,False,False,False,
2026-04-19T06:50:00+00:00,ETHUSDT,LONG_SPOT_SHORT_PERP,2329.29,2327.88,-6.053346727972277,-0.00010377,-0.00011438,2026-04-19T08:00:00.010000+00:00,70.00016666666667,-23.197146727972275,0.16824378928786907,FLAT,False,False,False,
2026-04-19T06:51:00+00:00,ETHUSDT,LONG_SPOT_SHORT_PERP,2328.53,2327.05,-6.3559413020232425,-0.00010377,-0.00011438,2026-04-19T08:00:00.010000+00:00,69.00016666666667,-23.499741302023242,0.16771134147691572,FLAT,False,False,False,
2026-04-19T06:52:00+00:00,ETHUSDT,LONG_SPOT_SHORT_PERP,2327.9,2326.51,-5.9710468662737775,-0.00010377,-0.00011438,2026-04-19T08:00:00.010000+00:00,68.00016666666667,-23.114846866273776,0.16839129288095547,FLAT,False,False,False,
2026-04-19T06:53:00+00:00,ETHUSDT,LONG_SPOT_SHORT_PERP,2327.2,2325.84,-5.8439326228930595,-0.00010377,-0.00011438,2026-04-19T08:00:00.010000+00:00,67.00016666666667,-22.98773262289306,0.16862141033594408,FLAT,False,False,False,
2026-04-19T06:54:00+00:00,ETHUSDT,LONG_SPOT_SHORT_PERP,2325.96,2324.68,-5.50310409465425,-0.00010377,-0.00011438,2026-04-19T08:00:00.010000+00:00,66.00016666666667,-22.64690409465425,0.1692523977518657,FLAT,False,False,False,
2026-04-19T06:55:00+00:00,ETHUSDT,LONG_SPOT_SHORT_PERP,2326.51,2325.24,-5.458820293058858,-0.00010377,-0.00011438,2026-04-19T08:00:00.010000+00:00,65.00016666666667,-22.60262029305886,0.16933590000668125,FLAT,False,False,False,
2026-04-19T06:56:00+00:00,ETHUSDT,LONG_SPOT_SHORT_PERP,2325.36,2324.06,-5.590532218667999,-0.00010377,-0.00011438,2026-04-19T08:00:00.010000+00:00,64.00016666666667,-22.734332218667998,0.16908857481937778,FLAT,False,False,False,
2026-04-19T06:57:00+00:00,ETHUSDT,LONG_SPOT_SHORT_PERP,2325.83,2324.59,-5.331430070124565,-0.00010377,-0.00011438,2026-04-19T08:00:00.010000+00:00,63.00016666666667,-22.475230070124564,0.1695780862912571,FLAT,False,False,False,
2026-04-19T06:58:00+00:00,ETHUSDT,LONG_SPOT_SHORT_PERP,2326.79,2325.28,-6.489627340670037,-0.00010377,-0.00011438,2026-04-19T08:00:00.010000+00:00,62.00016666666667,-23.633427340670035,0.16748097831600728,FLAT,False,False,False,
2026-04-19T06:59:00+00:00,ETHUSDT,LONG_SPOT_SHORT_PERP,2327.2,2326.09,-4.769680302508047,-0.00010377,-0.00011438,2026-04-19T08:00:00.010000+00:00,61.00016666666667,-21.91348030250805,0.17068183633588035,FLAT,False,False,False,
2026-04-19T07:00:00+00:00,ETHUSDT,LONG_SPOT_SHORT_PERP,2327.31,2326.09,-5.242103544434562,-0.00010377,-0.00011438,2026-04-19T08:00:00.010000+00:00,60.00016666666667,-22.385903544434562,0.16974967233297378,FLAT,False,False,False,
2026-04-19T07:01:00+00:00,ETHUSDT,LONG_SPOT_SHORT_PERP,2326.05,2324.75,-5.588873841921634,-0.00010377,-0.00011438,2026-04-19T08:00:00.010000+00:00,59.00016666666667,-22.732673841921635,0.1690916695788659,FLAT,False,False,False,
2026-04-19T07:02:00+00:00,ETHUSDT,LONG_SPOT_SHORT_PERP,2326.26,2324.97,-5.545381857575758,-0.00010377,-0.00011438,2026-04-19T08:00:00.010000+00:00,58.00016666666667,-22.689181857575758,0.16917300684359843,FLAT,False,False,False,
2026-04-19T07:03:00+00:00,ETHUSDT,LONG_SPOT_SHORT_PERP,2325.86,2324.64,-5.2453716044828775,-0.00010377,-0.00011438,2026-04-19T08:00:00.010000+00:00,57.00016666666667,-22.389171604482875,0.16974336896898146,FLAT,False,False,False,
2026-04-19T07:04:00+00:00,ETHUSDT,LONG_SPOT_SHORT_PERP,2325.81,2324.57,-5.331475915916527,-0.00010377,-0.00011438,2026-04-19T08:00:00.010000+00:00,56.00016666666667,-22.475275915916527,0.16957799860154515,FLAT,False,False,False,
2026-04-19T07:05:00+00:00,ETHUSDT,LONG_SPOT_SHORT_PERP,2325.34,2324.05,-5.547575838371866,-0.00010377,-0.00011438,2026-04-19T08:00:00.010000+00:00,55.00016666666667,-22.691375838371865,0.16916889563768112,FLAT,False,False,False,
2026-04-19T07:06:00+00:00,ETHUSDT,LONG_SPOT_SHORT_PERP,2323.89,2322.3,-6.841976169266578,-0.00010377,-0.00011438,2026-04-19T08:00:00.010000+00:00,54.00016666666667,-23.98577616926658,0.16688778745834718,FLAT,False,False,False,
2026-04-19T07:07:00+00:00,ETHUSDT,LONG_SPOT_SHORT_PERP,2323.6,2322.19,-6.068170080908308,-0.00010377,-0.00011438,2026-04-19T08:00:00.010000+00:00,53.00016666666667,-23.21197008090831,0.168217345078591,FLAT,False,False,False,
2026-04-19T07:08:00+00:00,ETHUSDT,LONG_SPOT_SHORT_PERP,2323.07,2321.68,-5.983461540118582,-0.00010377,-0.00011438,2026-04-19T08:00:00.010000+00:00,52.00016666666667,-23.12726154011858,0.1683689679675806,FLAT,False,False,False,
2026-04-19T07:09:00+00:00,ETHUSDT,LONG_SPOT_SHORT_PERP,2321.65,2320.32,-5.72868434087794,-0.00010377,-0.00011438,2026-04-19T08:00:00.010000+00:00,51.00016666666667,-22.87248434087794,0.16883247797756276,FLAT,False,False,False,
2026-04-19T07:10:00+00:00,ETHUSDT,LONG_SPOT_SHORT_PERP,2322.38,2320.95,-6.157476381988697,-0.00010377,-0.00011438,2026-04-19T08:00:00.010000+00:00,50.00016666666667,-23.301276381988696,0.16805881814263493,FLAT,False,False,False,
2026-04-19T07:11:00+00:00,ETHUSDT,LONG_SPOT_SHORT_PERP,2320.53,2319.16,-5.903823695450374,-0.00010377,-0.00011438,2026-04-19T08:00:00.010000+00:00,49.00016666666667,-23.047623695450373,0.16851263973752367,FLAT,False,False,False,
2026-04-19T07:12:00+00:00,ETHUSDT,LONG_SPOT_SHORT_PERP,2323.96,2322.35,-6.927830083134509,-0.00010377,-0.00011438,2026-04-19T08:00:00.010000+00:00,48.00016666666667,-24.071630083134508,0.16674626406395707,FLAT,False,False,False,
2026-04-19T07:13:00+00:00,ETHUSDT,LONG_SPOT_SHORT_PERP,2321.97,2320.77,-5.1680254266843155,-0.00010377,-0.00011438,2026-04-19T08:00:00.010000+00:00,47.00016666666667,-22.311825426684315,0.16989308070990006,FLAT,False,False,False,
2026-04-19T07:14:00+00:00,ETHUSDT,LONG_SPOT_SHORT_PERP,2321.0,2319.56,-6.204222317966629,-0.00010377,-0.00011438,2026-04-19T08:00:00.010000+00:00,46.00016666666667,-23.348022317966628,0.16797637866424084,FLAT,False,False,False,
2026-04-19T07:15:00+00:00,ETHUSDT,LONG_SPOT_SHORT_PERP,2322.4,2321.0,-6.028246641405834,-0.00010377,-0.00011438,2026-04-19T08:00:00.010000+00:00,45.00016666666667,-23.172046641405835,0.16828865237174345,FLAT,False,False,False,
2026-04-19T07:16:00+00:00,ETHUSDT,LONG_SPOT_SHORT_PERP,2319.76,2318.31,-6.250646618616894,-0.00010377,-0.00011438,2026-04-19T08:00:00.010000+00:00,44.00016666666667,-23.394446618616893,0.1678948708681553,FLAT,False,False,False,
2026-04-19T07:17:00+00:00,ETHUSDT,LONG_SPOT_SHORT_PERP,2317.95,2316.31,-7.075217325653585,-0.00010377,-0.00011438,2026-04-19T08:00:00.010000+00:00,43.00016666666667,-24.219017325653585,0.16650601326996947,FLAT,False,False,False,
2026-04-19T07:18:00+00:00,ETHUSDT,LONG_SPOT_SHORT_PERP,2316.99,2315.6,-5.9991627067871365,-0.00010377,-0.00011438,2026-04-19T08:00:00.010000+00:00,42.00016666666667,-23.142962706787138,0.16834077100914277,FLAT,False,False,False,
2026-04-19T07:19:00+00:00,ETHUSDT,LONG_SPOT_SHORT_PERP,2315.51,2313.79,-7.428169172235294,-0.00010377,-0.00011438,2026-04-19T08:00:00.010000+00:00,41.00016666666667,-24.571969172235292,0.165944329270457,FLAT,False,False,False,
2026-04-19T07:20:00+00:00,ETHUSDT,LONG_SPOT_SHORT_PERP,2315.12,2313.5,-6.9974774525721815,-0.00010377,-0.00011438,2026-04-19T08:00:00.010000+00:00,40.00016666666667,-24.141277452572183,0.16663231024346895,FLAT,False,False,False,
2026-04-19T07:21:00+00:00,ETHUSDT,LONG_SPOT_SHORT_PERP,2310.56,2308.82,-7.530641922303605,-0.00010377,-0.00011438,2026-04-19T08:00:00.010000+00:00,39.00016666666667,-24.674441922303608,0.1657847962625338,FLAT,False,False,False,
2026-04-19T07:22:00+00:00,ETHUSDT,LONG_SPOT_SHORT_PERP,2301.47,2299.54,-8.385944635384499,-0.00010377,-0.00011438,2026-04-19T08:00:00.010000+00:00,38.00016666666667,-25.5297446353845,0.16451293616823942,FLAT,False,False,False,
2026-04-19T07:23:00+00:00,ETHUSDT,LONG_SPOT_SHORT_PERP,2304.29,2302.69,-6.943570470730286,-0.00010377,-0.00011438,2026-04-19T08:00:00.010000+00:00,37.00016666666667,-24.087370470730285,0.1667204436378278,FLAT,False,False,False,
2026-04-19T07:24:00+00:00,ETHUSDT,LONG_SPOT_SHORT_PERP,2304.7,2302.98,-7.4630103701123796,-0.00010377,-0.00011438,2026-04-19T08:00:00.010000+00:00,36.00016666666667,-24.606810370112377,0.16588991066177738,FLAT,False,False,False,
2026-04-19T07:25:00+00:00,ETHUSDT,LONG_SPOT_SHORT_PERP,2303.45,2301.61,-7.988017973039097,-0.00010377,-0.00011438,2026-04-19T08:00:00.010000+00:00,35.00016666666667,-25.131817973039098,0.1650916285101757,FLAT,False,False,False,
2026-04-19T07:26:00+00:00,ETHUSDT,LONG_SPOT_SHORT_PERP,2304.52,2302.52,-8.678596844462188,-0.00010377,-0.00011438,2026-04-19T08:00:00.010000+00:00,34.000166666666665,-25.82239684446219,0.16410131050220242,FLAT,False,False,False,
2026-04-19T07:27:00+00:00,ETHUSDT,LONG_SPOT_SHORT_PERP,2304.34,2302.79,-6.726437938846619,-0.00010377,-0.00011438,2026-04-19T08:00:00.010000+00:00,33.000166666666665,-23.870237938846618,0.16708009400904944,FLAT,False,False,False,
2026-04-19T07:28:00+00:00,ETHUSDT,LONG_SPOT_SHORT_PERP,2304.66,2302.6,-8.938411739692388,-0.00010377,-0.00011438,2026-04-19T08:00:00.010000+00:00,32.000166666666665,-26.08221173969239,0.16374550433831342,FLAT,False,False,False,
2026-04-19T07:29:00+00:00,ETHUSDT,LONG_SPOT_SHORT_PERP,2303.27,2301.42,-8.032058768619871,-0.00010377,-0.00011438,2026-04-19T08:00:00.010000+00:00,31.000166666666665,-25.17585876861987,0.16502648231516545,FLAT,False,False,False,
2026-04-19T07:30:00+00:00,ETHUSDT,LONG_SPOT_SHORT_PERP,2305.94,2303.91,-8.803351344788675,-0.00010377,-0.00011438,2026-04-19T08:00:00.010000+00:00,30.000166666666665,-25.947151344788676,0.16392934807886572,FLAT,False,False,False,
2026-04-19T07:31:00+00:00,ETHUSDT,LONG_SPOT_SHORT_PERP,2307.62,2305.62,-8.66693823073123,-0.00010377,-0.00011438,2026-04-19T08:00:00.010000+00:00,29.000166666666665,-25.810738230731232,0.16411748705171633,FLAT,False,False,False,
2026-04-19T07:32:00+00:00,ETHUSDT,LONG_SPOT_SHORT_PERP,2307.05,2305.29,-7.628790013221292,-0.00010377,-0.00011438,2026-04-19T08:00:00.010000+00:00,28.000166666666665,-24.77259001322129,0.16563346478474528,FLAT,False,False,False,
2026-04-19T07:33:00+00:00,ETHUSDT,LONG_SPOT_SHORT_PERP,2308.19,2306.39,-7.798318162717028,-0.00010377,-0.00011438,2026-04-19T08:00:00.010000+00:00,27.000166666666665,-24.94211816271703,0.16537542109143727,FLAT,False,False,False,
2026-04-19T07:34:00+00:00,ETHUSDT,LONG_SPOT_SHORT_PERP,2307.13,2305.3,-7.931932747612519,-0.00010377,-0.00011438,2026-04-19T08:00:00.010000+00:00,26.000166666666665,-25.07573274761252,0.16517499270207783,FLAT,False,False,False,
2026-04-19T07:35:00+00:00,ETHUSDT,LONG_SPOT_SHORT_PERP,2304.58,2302.81,-7.680358243150517,-0.00010377,-0.00011438,2026-04-19T08:00:00.010000+00:00,25.000166666666665,-24.824158243150517,0.1655545247716795,FLAT,False,False,False,
2026-04-19T07:36:00+00:00,ETHUSDT,LONG_SPOT_SHORT_PERP,2307.23,2305.45,-7.7148788807366415,-0.00010377,-0.00011438,2026-04-19T08:00:00.010000+00:00,24.000166666666665,-24.85867888073664,0.16550189971319756,FLAT,False,False,False,
2026-04-19T07:37:00+00:00,ETHUSDT,LONG_SPOT_SHORT_PERP,2308.93,2307.0,-8.358850203340232,-0.00010377,-0.00011438,2026-04-19T08:00:00.010000+00:00,23.000166666666665,-25.50265020334023,0.1645516373747431,FLAT,False,False,False,
2026-04-19T07:38:00+00:00,ETHUSDT,LONG_SPOT_SHORT_PERP,2308.98,2307.0,-8.575215030013332,-0.00010377,-0.00011438,2026-04-19T08:00:00.010000+00:00,22.000166666666665,-25.71901503001333,0.16424539269886793,FLAT,False,False,False,
2026-04-19T07:39:00+00:00,ETHUSDT,LONG_SPOT_SHORT_PERP,2308.13,2306.22,-8.275097156573976,-0.00010377,-0.00011438,2026-04-19T08:00:00.010000+00:00,21.000166666666665,-25.418897156573976,0.16467191104986856,FLAT,False,False,False,
2026-04-19T07:40:00+00:00,ETHUSDT,LONG_SPOT_SHORT_PERP,2310.2,2308.46,-7.531815427234793,-0.00010377,-0.00011438,2026-04-19T08:00:00.010000+00:00,20.000166666666665,-24.675615427234796,0.16578297841046455,FLAT,False,False,False,
2026-04-19T07:41:00+00:00,ETHUSDT,LONG_SPOT_SHORT_PERP,2311.88,2310.02,-8.045400280291915,-0.00010377,-0.00011438,2026-04-19T08:00:00.010000+00:00,19.000166666666665,-25.189200280291914,0.1650068017891437,FLAT,False,False,False,
2026-04-19T07:42:00+00:00,ETHUSDT,LONG_SPOT_SHORT_PERP,2314.52,2312.62,-8.209045504035787,-0.00010377,-0.00011438,2026-04-19T08:00:00.010000+00:00,18.000166666666665,-25.352845504035788,0.1647674529643781,FLAT,False,False,False,
2026-04-19T07:43:00+00:00,ETHUSDT,LONG_SPOT_SHORT_PERP,2316.59,2314.7,-8.158543376257029,-0.00010377,-0.00011438,2026-04-19T08:00:00.010000+00:00,17.000166666666665,-25.302343376257028,0.16484091494919711,FLAT,False,False,False,
2026-04-19T07:44:00+00:00,ETHUSDT,LONG_SPOT_SHORT_PERP,2315.44,2313.79,-7.126075389559181,-0.00010377,-0.00011438,2026-04-19T08:00:00.010000+00:00,16.000166666666665,-24.269875389559182,0.16642389790227438,FLAT,False,False,False,
2026-04-19T07:45:00+00:00,ETHUSDT,LONG_SPOT_SHORT_PERP,2314.36,2312.64,-7.4318602118955335,-0.00010377,-0.00011438,2026-04-19T08:00:00.010000+00:00,15.000166666666667,-24.57566021189553,0.1659385555741182,FLAT,False,False,False,
2026-04-19T07:46:00+00:00,ETHUSDT,LONG_SPOT_SHORT_PERP,2314.54,2312.6,-8.38179508671293,-0.00010377,-0.00011438,2026-04-19T08:00:00.010000+00:00,14.000166666666667,-25.525595086712933,0.16451885674456362,FLAT,False,False,False,
2026-04-19T07:47:00+00:00,ETHUSDT,LONG_SPOT_SHORT_PERP,2314.99,2313.23,-7.602624633366726,-0.00010377,-0.00011438,2026-04-19T08:00:00.010000+00:00,13.000166666666667,-24.746424633366725,0.16567366863123012,FLAT,False,False,False,
2026-04-19T07:48:00+00:00,ETHUSDT,LONG_SPOT_SHORT_PERP,2315.4,2313.66,-7.514900233222063,-0.00010377,-0.00011438,2026-04-19T08:00:00.010000+00:00,12.000166666666667,-24.658700233222064,0.1658092012535306,FLAT,False,False,False,
2026-04-19T07:49:00+00:00,ETHUSDT,LONG_SPOT_SHORT_PERP,2314.63,2313.1,-6.610127752600632,-0.00010377,-0.00011438,2026-04-19T08:00:00.010000+00:00,11.000166666666667,-23.75392775260063,0.16727585147426827,FLAT,False,False,False,
2026-04-19T07:50:00+00:00,ETHUSDT,LONG_SPOT_SHORT_PERP,2314.48,2312.74,-7.517887387232711,-0.00010377,-0.00011438,2026-04-19T08:00:00.010000+00:00,10.000166666666667,-24.66168738723271,0.16580456730121065,FLAT,False,False,False,
2026-04-19T07:51:00+00:00,ETHUSDT,LONG_SPOT_SHORT_PERP,2315.33,2313.64,-7.299175495501957,-0.00010377,-0.00011438,2026-04-19T08:00:00.010000+00:00,9.000166666666667,-24.442975495501955,0.151149900832951,FLAT,False,False,False,
2026-04-19T07:52:00+00:00,ETHUSDT,LONG_SPOT_SHORT_PERP,2317.71,2316.15,-6.730781676741031,-0.00010377,-0.00011438,2026-04-19T08:00:00.010000+00:00,8.000166666666667,-23.87458167674103,0.1370753254611917,FLAT,False,False,False,
2026-04-19T07:53:00+00:00,ETHUSDT,LONG_SPOT_SHORT_PERP,2318.18,2316.51,-7.2039272187647985,-0.00010377,-0.00011438,2026-04-19T08:00:00.010000+00:00,7.000166666666667,-24.3477272187648,0.12130147357078827,FLAT,False,False,False,
2026-04-19T07:54:00+00:00,ETHUSDT,LONG_SPOT_SHORT_PERP,2317.6,2315.83,-7.637210907835614,-0.00010377,-0.00011438,2026-04-19T08:00:00.010000+00:00,6.000166666666667,-24.781010907835615,0.10562304737896899,FLAT,False,False,False,
2026-04-19T07:55:00+00:00,ETHUSDT,LONG_SPOT_SHORT_PERP,2319.1,2317.49,-6.942348324781714,-0.00010377,-0.00011438,2026-04-19T08:00:00.010000+00:00,5.000166666666667,-24.086148324781714,0.09172494704011208,FLAT,False,False,False,
2026-04-19T07:56:00+00:00,ETHUSDT,LONG_SPOT_SHORT_PERP,2318.64,2317.0,-7.073111824172242,-0.00010377,-0.00011438,2026-04-19T08:00:00.010000+00:00,4.000166666666667,-24.216911824172243,0.07651192147122257,FLAT,False,False,False,
2026-04-19T07:57:00+00:00,ETHUSDT,LONG_SPOT_SHORT_PERP,2317.6,2315.98,-6.989989644459316,-0.00010377,-0.00011438,2026-04-19T08:00:00.010000+00:00,3.0001666666666664,-24.133789644459316,0.061647024899929556,FLAT,False,False,False,
2026-04-19T07:58:00+00:00,ETHUSDT,LONG_SPOT_SHORT_PERP,2317.64,2315.92,-7.421342400026751,-0.00010377,-0.00011438,2026-04-19T08:00:00.010000+00:00,2.000166666666667,-24.56514240002675,0.045957513432512476,FLAT,False,False,False,
2026-04-19T07:59:00+00:00,ETHUSDT,LONG_SPOT_SHORT_PERP,2316.03,2314.27,-7.599210718342241,-0.00010377,-0.00011438,2026-04-19T08:00:00.010000+00:00,1.0001666666666666,-24.74301071834224,0.030681421684344935,FLAT,False,False,False,
2026-04-19T08:00:00+00:00,ETHUSDT,LONG_SPOT_SHORT_PERP,2314.75,2313.21,-6.6529862836157845,-0.00010377,-0.00011438,2026-04-19T08:00:00.010000+00:00,0.00016666666666666666,-23.796786283615784,0.017205963504076473,FLAT,False,False,False,
2026-04-19T08:01:00+00:00,ETHUSDT,LONG_SPOT_SHORT_PERP,2315.54,2313.93,-6.95302175734441,-0.00011438,-0.00022976,2026-04-19T16:00:00.001000+00:00,479.0000166666667,-25.250621757344412,0.16491652288060965,FLAT,False,False,False,
2026-04-19T08:02:00+00:00,ETHUSDT,LONG_SPOT_SHORT_PERP,2316.31,2314.44,-8.07318536810656,-0.00011438,-0.00022976,2026-04-19T16:00:00.001000+00:00,478.0000166666667,-26.37078536810656,0.16336065969323715,FLAT,False,False,False,
2026-04-19T08:03:00+00:00,ETHUSDT,LONG_SPOT_SHORT_PERP,2314.93,2313.42,-6.522875421717994,-0.00011438,-0.00022976,2026-04-19T16:00:00.001000+00:00,477.0000166666667,-24.820475421717994,0.16556014939565372,FLAT,False,False,False,
2026-04-19T08:04:00+00:00,ETHUSDT,LONG_SPOT_SHORT_PERP,2313.58,2312.06,-6.569904649936384,-0.00011438,-0.00022976,2026-04-19T16:00:00.001000+00:00,476.0000166666667,-24.867504649936386,0.1654884733228886,FLAT,False,False,False,
2026-04-19T08:05:00+00:00,ETHUSDT,LONG_SPOT_SHORT_PERP,2313.33,2311.72,-6.959664207009495,-0.00011438,-0.00022976,2026-04-19T16:00:00.001000+00:00,475.0000166666667,-25.257264207009495,0.16490679165221456,FLAT,False,False,False,
2026-04-19T08:06:00+00:00,ETHUSDT,LONG_SPOT_SHORT_PERP,2314.11,2312.5,-6.9573183642961105,-0.00011438,-0.00022976,2026-04-19T16:00:00.001000+00:00,474.0000166666667,-25.25491836429611,0.1649102276134114,FLAT,False,False,False,
2026-04-19T08:07:00+00:00,ETHUSDT,LONG_SPOT_SHORT_PERP,2313.6,2311.98,-7.002074688796209,-0.00011438,-0.00022976,2026-04-19T16:00:00.001000+00:00,473.0000166666667,-25.29967468879621,0.1648448068754525,FLAT,False,False,False,
2026-04-19T08:08:00+00:00,ETHUSDT,LONG_SPOT_SHORT_PERP,2314.27,2312.54,-7.475359400588601,-0.00011438,-0.00022976,2026-04-19T16:00:00.001000+00:00,472.0000166666667,-25.7729594005886,0.16417003134215385,FLAT,False,False,False,
2026-04-19T08:09:00+00:00,ETHUSDT,LONG_SPOT_SHORT_PERP,2313.85,2312.12,-7.476716295351982,-0.00011438,-0.00022976,2026-04-19T16:00:00.001000+00:00,471.0000166666667,-25.77431629535198,0.16416814079502465,FLAT,False,False,False,
2026-04-19T08:10:00+00:00,ETHUSDT,LONG_SPOT_SHORT_PERP,2315.25,2313.68,-6.781125148472794,-0.00011438,-0.00022976,2026-04-19T16:00:00.001000+00:00,470.0000166666667,-25.078725148472795,0.16517053344892246,FLAT,False,False,False,
2026-04-19T08:11:00+00:00,ETHUSDT,LONG_SPOT_SHORT_PERP,2317.57,2315.89,-7.248971983587511,-0.00011438,-0.00022976,2026-04-19T16:00:00.001000+00:00,469.0000166666667,-25.546571983587512,0.1644889512143248,FLAT,False,False,False,
2026-04-19T08:12:00+00:00,ETHUSDT,LONG_SPOT_SHORT_PERP,2317.08,2315.46,-6.991558340669683,-0.00011438,-0.00022976,2026-04-19T16:00:00.001000+00:00,468.0000166666667,-25.289158340669683,0.16486015333382334,FLAT,False,False,False,
2026-04-19T08:13:00+00:00,ETHUSDT,LONG_SPOT_SHORT_PERP,2316.97,2315.33,-7.078209903450942,-0.00011438,-0.00022976,2026-04-19T16:00:00.001000+00:00,467.0000166666667,-25.375809903450943,0.16473416648148886,FLAT,False,False,False,
2026-04-19T08:14:00+00:00,ETHUSDT,LONG_SPOT_SHORT_PERP,2316.67,2315.0,-7.20862272140647,-0.00011438,-0.00022976,2026-04-19T16:00:00.001000+00:00,466.0000166666667,-25.50622272140647,0.16454652865515332,FLAT,False,False,False,
2026-04-19T08:15:00+00:00,ETHUSDT,LONG_SPOT_SHORT_PERP,2316.36,2314.83,-6.605190902969314,-0.00011438,-0.00022976,2026-04-19T16:00:00.001000+00:00,465.0000166666667,-24.902790902969315,0.16543490729537666,FLAT,False,False,False,
2026-04-19T08:16:00+00:00,ETHUSDT,LONG_SPOT_SHORT_PERP,2318.51,2317.0,-6.512803481547278,-0.00011438,-0.00022976,2026-04-19T16:00:00.001000+00:00,464.0000166666667,-24.81040348154728,0.165575542057442,FLAT,False,False,False,
2026-04-19T08:17:00+00:00,ETHUSDT,LONG_SPOT_SHORT_PERP,2318.2,2316.59,-6.945043568284326,-0.00011438,-0.00022976,2026-04-19T16:00:00.001000+00:00,463.0000166666667,-25.242643568284326,0.16492821922265538,FLAT,False,False,False,
2026-04-19T08:18:00+00:00,ETHUSDT,LONG_SPOT_SHORT_PERP,2316.77,2315.18,-6.86300323294995,-0.00011438,-0.00022976,2026-04-19T16:00:00.001000+00:00,462.0000166666667,-25.16060323294995,0.16504901734578892,FLAT,False,False,False,
2026-04-19T08:19:00+00:00,ETHUSDT,LONG_SPOT_SHORT_PERP,2318.01,2316.35,-7.161315093551405,-0.00011438,-0.00022976,2026-04-19T16:00:00.001000+00:00,461.0000166666667,-25.458915093551404,0.16461432188344627,FLAT,False,False,False,
2026-04-19T08:20:00+00:00,ETHUSDT,LONG_SPOT_SHORT_PERP,2317.77,2315.99,-7.679795665662254,-0.00011438,-0.00022976,2026-04-19T16:00:00.001000+00:00,460.0000166666667,-25.977395665662254,0.1638879706412492,FLAT,False,False,False,
2026-04-19T08:21:00+00:00,ETHUSDT,LONG_SPOT_SHORT_PERP,2317.01,2315.07,-8.372859849547712,-0.00011438,-0.00022976,2026-04-19T16:00:00.001000+00:00,459.0000166666667,-26.67045984954771,0.16297223439711275,FLAT,False,False,False,
2026-04-19T08:22:00+00:00,ETHUSDT,LONG_SPOT_SHORT_PERP,2317.48,2315.92,-6.731449678098389,-0.00011438,-0.00022976,2026-04-19T16:00:00.001000+00:00,458.0000166666667,-25.02904967809839,0.16524472632757983,FLAT,False,False,False,
2026-04-19T08:23:00+00:00,ETHUSDT,LONG_SPOT_SHORT_PERP,2317.52,2315.73,-7.723773689115794,-0.00011438,-0.00022976,2026-04-19T16:00:00.001000+00:00,457.0000166666667,-26.021373689115794,0.16382801962347263,FLAT,False,False,False,
2026-04-19T08:24:00+00:00,ETHUSDT,LONG_SPOT_SHORT_PERP,2317.93,2316.19,-7.5066977863860505,-0.00011438,-0.00022976,2026-04-19T16:00:00.001000+00:00,456.0000166666667,-25.80429778638605,0.16412643111280129,FLAT,False,False,False,
2026-04-19T08:25:00+00:00,ETHUSDT,LONG_SPOT_SHORT_PERP,2318.13,2316.4,-7.462911916070358,-0.00011438,-0.00022976,2026-04-19T16:00:00.001000+00:00,455.0000166666667,-25.760511916070357,0.16418738586681586,FLAT,False,False,False,
2026-04-19T08:26:00+00:00,ETHUSDT,LONG_SPOT_SHORT_PERP,2318.52,2316.72,-7.763573314011447,-0.00011438,-0.00022976,2026-04-19T16:00:00.001000+00:00,454.0000166666667,-26.061173314011448,0.16377398405011706,FLAT,False,False,False,
2026-04-19T08:27:00+00:00,ETHUSDT,LONG_SPOT_SHORT_PERP,2318.17,2316.42,-7.5490580932373375,-0.00011438,-0.00022976,2026-04-19T16:00:00.001000+00:00,453.0000166666667,-25.846658093237338,0.16406770595216805,FLAT,False,False,False,
2026-04-19T08:28:00+00:00,ETHUSDT,LONG_SPOT_SHORT_PERP,2317.79,2316.12,-7.205139378459967,-0.00011438,-0.00022976,2026-04-19T16:00:00.001000+00:00,452.0000166666667,-25.502739378459967,0.16455150983240296,FLAT,False,False,False,
2026-04-19T08:29:00+00:00,ETHUSDT,LONG_SPOT_SHORT_PERP,2315.39,2313.98,-6.089686834614707,-0.00011438,-0.00022976,2026-04-19T16:00:00.001000+00:00,451.0000166666667,-24.387286834614706,0.16623585198965507,FLAT,False,False,False,
2026-04-19T08:30:00+00:00,ETHUSDT,LONG_SPOT_SHORT_PERP,2313.61,2312.15,-6.310484480962808,-0.00011438,-0.00022976,2026-04-19T16:00:00.001000+00:00,450.0000166666667,-24.60808448096281,0.16588792407982328,FLAT,False,False,False,
2026-04-19T08:31:00+00:00,ETHUSDT,LONG_SPOT_SHORT_PERP,2313.01,2311.43,-6.830925936335692,-0.00011438,-0.00022976,2026-04-19T16:00:00.001000+00:00,449.0000166666667,-25.12852593633569,0.16509650929445957,FLAT,False,False,False,
2026-04-19T08:32:00+00:00,ETHUSDT,LONG_SPOT_SHORT_PERP,2312.81,2311.23,-6.8315166399311975,-0.00011438,-0.00022976,2026-04-19T16:00:00.001000+00:00,448.0000166666667,-25.129116639931198,0.16509563340130357,FLAT,False,False,False,
2026-04-19T08:33:00+00:00,ETHUSDT,LONG_SPOT_SHORT_PERP,2313.67,2312.13,-6.65609183677864,-0.00011438,-0.00022976,2026-04-19T16:00:00.001000+00:00,447.0000166666667,-24.95369183677864,0.16535795771149736,FLAT,False,False,False,
2026-04-19T08:34:00+00:00,ETHUSDT,LONG_SPOT_SHORT_PERP,2314.49,2312.97,-6.567321526556528,-0.00011438,-0.00022976,2026-04-19T16:00:00.001000+00:00,446.0000166666667,-24.86492152655653,0.16549240177284294,FLAT,False,False,False,
2026-04-19T08:35:00+00:00,ETHUSDT,LONG_SPOT_SHORT_PERP,2315.56,2314.0,-6.7370312149110605,-0.00011438,-0.00022976,2026-04-19T16:00:00.001000+00:00,445.0000166666667,-25.03463121491106,0.16523637228235635,FLAT,False,False,False,
2026-04-19T08:36:00+00:00,ETHUSDT,LONG_SPOT_SHORT_PERP,2317.28,2315.83,-6.2573361872551985,-0.00011438,-0.00022976,2026-04-19T16:00:00.001000+00:00,444.0000166666667,-24.554936187255198,0.16597099964798065,FLAT,False,False,False,
2026-04-19T08:37:00+00:00,ETHUSDT,LONG_SPOT_SHORT_PERP,2319.02,2317.76,-5.43332959612148,-0.00011438,-0.00022976,2026-04-19T16:00:00.001000+00:00,443.0000166666667,-23.73092959612148,0.16731481819786945,FLAT,False,False,False,
2026-04-19T08:38:00+00:00,ETHUSDT,LONG_SPOT_SHORT_PERP,2319.74,2318.2,-6.638675023924939,-0.00011438,-0.00022976,2026-04-19T16:00:00.001000+00:00,442.0000166666667,-24.93627502392494,0.16538424513741123,FLAT,False,False,False,
2026-04-19T08:39:00+00:00,ETHUSDT,LONG_SPOT_SHORT_PERP,2318.03,2316.55,-6.384731862831879,-0.00011438,-0.00022976,2026-04-19T16:00:00.001000+00:00,441.0000166666667,-24.68233186283188,0.1657725780709825,FLAT,False,False,False,
2026-04-19T08:40:00+00:00,ETHUSDT,LONG_SPOT_SHORT_PERP,2318.58,2316.89,-7.288944095092922,-0.00011438,-0.00022976,2026-04-19T16:00:00.001000+00:00,440.0000166666667,-25.586544095092922,0.16443213279459334,FLAT,False,False,False,
2026-04-19T08:41:00+00:00,ETHUSDT,LONG_SPOT_SHORT_PERP,2318.0,2316.49,-6.514236410699819,-0.00011438,-0.00022976,2026-04-19T16:00:00.001000+00:00,439.0000166666667,-24.81183641069982,0.16557335124089356,FLAT,False,False,False,
2026-04-19T08:42:00+00:00,ETHUSDT,LONG_SPOT_SHORT_PERP,2320.55,2318.95,-6.894917153262647,-0.00011438,-0.00022976,2026-04-19T16:00:00.001000+00:00,438.0000166666667,-25.19251715326265,0.16500191288505242,FLAT,False,False,False,
2026-04-19T08:43:00+00:00,ETHUSDT,LONG_SPOT_SHORT_PERP,2319.75,2318.07,-7.242159715485878,-0.00011438,-0.00022976,2026-04-19T16:00:00.001000+00:00,437.0000166666667,-25.53975971548588,0.1644986564222355,FLAT,False,False,False,
2026-04-19T08:44:00+00:00,ETHUSDT,LONG_SPOT_SHORT_PERP,2319.19,2317.51,-7.2439084335472135,-0.00011438,-0.00022976,2026-04-19T16:00:00.001000+00:00,436.0000166666667,-25.541508433547214,0.16449616447349938,FLAT,False,False,False,
2026-04-19T08:45:00+00:00,ETHUSDT,LONG_SPOT_SHORT_PERP,2318.65,2316.9,-7.547495309770771,-0.00011438,-0.00022976,2026-04-19T16:00:00.001000+00:00,435.0000166666667,-25.84509530977077,0.16406986820801472,FLAT,False,False,False,
2026-04-19T08:46:00+00:00,ETHUSDT,LONG_SPOT_SHORT_PERP,2318.84,2317.31,-6.598126649532524,-0.00011438,-0.00022976,2026-04-19T16:00:00.001000+00:00,434.0000166666667,-24.895726649532524,0.16544561655435708,FLAT,False,False,False,
2026-04-19T08:47:00+00:00,ETHUSDT,LONG_SPOT_SHORT_PERP,2318.8,2317.19,-6.943246506814417,-0.00011438,-0.00022976,2026-04-19T16:00:00.001000+00:00,433.0000166666667,-25.240846506814417,0.16493085502883367,FLAT,False,False,False,
2026-04-19T08:48:00+00:00,ETHUSDT,LONG_SPOT_SHORT_PERP,2319.63,2317.91,-7.414975664223409,-0.00011438,-0.00022976,2026-04-19T16:00:00.001000+00:00,432.0000166666667,-25.712575664223408,0.16425441490039755,FLAT,False,False,False,
2026-04-19T08:49:00+00:00,ETHUSDT,LONG_SPOT_SHORT_PERP,2319.83,2318.46,-5.905605152101192,-0.00011438,-0.00022976,2026-04-19T16:00:00.001000+00:00,431.0000166666667,-24.20320515210119,0.1665316254982673,FLAT,False,False,False,
2026-04-19T08:50:00+00:00,ETHUSDT,LONG_SPOT_SHORT_PERP,2317.66,2316.29,-5.9111345063550775,-0.00011438,-0.00022976,2026-04-19T16:00:00.001000+00:00,430.0000166666667,-24.20873450635508,0.16652266473963095,FLAT,False,False,False,
2026-04-19T08:51:00+00:00,ETHUSDT,LONG_SPOT_SHORT_PERP,2318.99,2317.56,-6.166477647595878,-0.00011438,-0.00022976,2026-04-19T16:00:00.001000+00:00,429.0000166666667,-24.46407764759588,0.1661140075604825,FLAT,False,False,False,
2026-04-19T08:52:00+00:00,ETHUSDT,LONG_SPOT_SHORT_PERP,2319.41,2317.84,-6.768962796572012,-0.00011438,-0.00022976,2026-04-19T16:00:00.001000+00:00,428.0000166666667,-25.06656279657201,0.16518866570973928,FLAT,False,False,False,
2026-04-19T08:53:00+00:00,ETHUSDT,LONG_SPOT_SHORT_PERP,2319.66,2318.16,-6.466464912961383,-0.00011438,-0.00022976,2026-04-19T16:00:00.001000+00:00,427.0000166666667,-24.764064912961384,0.1656465527160621,FLAT,False,False,False,
2026-04-19T08:54:00+00:00,ETHUSDT,LONG_SPOT_SHORT_PERP,2319.38,2317.73,-7.1139701127029245,-0.00011438,-0.00022976,2026-04-19T16:00:00.001000+00:00,426.0000166666667,-25.411570112702925,0.16468247940154881,FLAT,False,False,False,
2026-04-19T08:55:00+00:00,ETHUSDT,LONG_SPOT_SHORT_PERP,2318.85,2317.31,-6.641223020031324,-0.00011438,-0.00022976,2026-04-19T16:00:00.001000+00:00,425.0000166666667,-24.938823020031325,0.1653803966570118,FLAT,False,False,False,
2026-04-19T08:56:00+00:00,ETHUSDT,LONG_SPOT_SHORT_PERP,2318.79,2317.02,-7.633291501170791,-0.00011438,-0.00022976,2026-04-19T16:00:00.001000+00:00,424.0000166666667,-25.93089150117079,0.1639516433497395,FLAT,False,False,False,
2026-04-19T08:57:00+00:00,ETHUSDT,LONG_SPOT_SHORT_PERP,2318.22,2316.7,-6.556754751490289,-0.00011438,-0.00022976,2026-04-19T16:00:00.001000+00:00,423.0000166666667,-24.85435475149029,0.16550848205592078,FLAT,False,False,False,
2026-04-19T08:58:00+00:00,ETHUSDT,LONG_SPOT_SHORT_PERP,2317.74,2316.19,-6.68754907797996,-0.00011438,-0.00022976,2026-04-19T16:00:00.001000+00:00,422.0000166666667,-24.985149077979962,0.16531059057063352,FLAT,False,False,False,
2026-04-19T08:59:00+00:00,ETHUSDT,LONG_SPOT_SHORT_PERP,2318.69,2317.09,-6.900448097847962,-0.00011438,-0.00022976,2026-04-19T16:00:00.001000+00:00,421.0000166666667,-25.198048097847963,0.16499376402907306,FLAT,False,False,False,
2026-04-19T09:00:00+00:00,ETHUSDT,LONG_SPOT_SHORT_PERP,2319.3,2317.79,-6.510585090329919,-0.00011438,-0.00022976,2026-04-19T16:00:00.001000+00:00,420.0000166666667,-24.80818509032992,0.1655789343696372,FLAT,False,False,False,
2026-04-19T09:01:00+00:00,ETHUSDT,LONG_SPOT_SHORT_PERP,2318.01,2316.27,-7.506438712517358,-0.00011438,-0.00022976,2026-04-19T16:00:00.001000+00:00,419.0000166666667,-25.804038712517357,0.16412679101389965,FLAT,False,False,False,
2026-04-19T09:02:00+00:00,ETHUSDT,LONG_SPOT_SHORT_PERP,2318.12,2316.36,-7.592359325659429,-0.00011438,-0.00022976,2026-04-19T16:00:00.001000+00:00,418.0000166666667,-25.88995932565943,0.164007924447855,FLAT,False,False,False,
2026-04-19T09:03:00+00:00,ETHUSDT,LONG_SPOT_SHORT_PERP,2317.5,2315.74,-7.594390507012808,-0.00011438,-0.00022976,2026-04-19T16:00:00.001000+00:00,417.0000166666667,-25.891990507012807,0.16400512634886638,FLAT,False,False,False,
2026-04-19T09:04:00+00:00,ETHUSDT,LONG_SPOT_SHORT_PERP,2317.57,2315.98,-6.860634198751906,-0.00011438,-0.00022976,2026-04-19T16:00:00.001000+00:00,416.0000166666667,-25.158234198751906,0.16505251978937951,FLAT,False,False,False,
2026-04-19T09:05:00+00:00,ETHUSDT,LONG_SPOT_SHORT_PERP,2317.01,2315.29,-7.4233602789813355,-0.00011438,-0.00022976,2026-04-19T16:00:00.001000+00:00,415.0000166666667,-25.720960278981337,0.16424266831281092,FLAT,False,False,False,
2026-04-19T09:06:00+00:00,ETHUSDT,LONG_SPOT_SHORT_PERP,2318.27,2316.66,-6.944833863183009,-0.00011438,-0.00022976,2026-04-19T16:00:00.001000+00:00,414.0000166666667,-25.24243386318301,0.16492852678012238,FLAT,False,False,False,
2026-04-19T09:07:00+00:00,ETHUSDT,LONG_SPOT_SHORT_PERP,2317.56,2315.85,-7.378449748873972,-0.00011438,-0.00022976,2026-04-19T16:00:00.001000+00:00,413.0000166666667,-25.67604974887397,0.16430569778088153,FLAT,False,False,False,
2026-04-19T09:08:00+00:00,ETHUSDT,LONG_SPOT_SHORT_PERP,2316.54,2315.0,-6.647845493710291,-0.00011438,-0.00022976,2026-04-19T16:00:00.001000+00:00,412.0000166666667,-24.94544549371029,0.16537039852567353,FLAT,False,False,False,
2026-04-19T09:09:00+00:00,ETHUSDT,LONG_SPOT_SHORT_PERP,2316.99,2315.53,-6.301278814321951,-0.00011438,-0.00022976,2026-04-19T16:00:00.001000+00:00,411.0000166666667,-24.59887881432195,0.16590228295170667,FLAT,False,False,False,
2026-04-19T09:10:00+00:00,ETHUSDT,LONG_SPOT_SHORT_PERP,2317.45,2315.94,-6.515782433276937,-0.00011438,-0.00022976,2026-04-19T16:00:00.001000+00:00,410.0000166666667,-24.813382433276935,0.1655709878540726,FLAT,False,False,False,
2026-04-19T09:11:00+00:00,ETHUSDT,LONG_SPOT_SHORT_PERP,2317.18,2315.48,-7.336503853821534,-0.00011438,-0.00022976,2026-04-19T16:00:00.001000+00:00,409.0000166666667,-25.634103853821536,0.16436481411112014,FLAT,False,False,False,
2026-04-19T09:12:00+00:00,ETHUSDT,LONG_SPOT_SHORT_PERP,2317.63,2316.0,-7.033046689938036,-0.00011438,-0.00022976,2026-04-19T16:00:00.001000+00:00,408.0000166666667,-25.330646689938035,0.16479969995689098,FLAT,False,False,False,
2026-04-19T09:13:00+00:00,ETHUSDT,LONG_SPOT_SHORT_PERP,2316.96,2315.51,-6.25820040052404,-0.00011438,-0.00022976,2026-04-19T16:00:00.001000+00:00,407.0000166666667,-24.555800400524042,0.16596964540312187,FLAT,False,False,False,
2026-04-19T09:14:00+00:00,ETHUSDT,LONG_SPOT_SHORT_PERP,2317.56,2316.06,-6.472324341117382,-0.00011438,-0.00022976,2026-04-19T16:00:00.001000+00:00,406.0000166666667,-24.76992434111738,0.16563755603150446,FLAT,False,False,False,
2026-04-19T09:15:00+00:00,ETHUSDT,LONG_SPOT_SHORT_PERP,2317.01,2315.23,-7.68231470731762,-0.00011438,-0.00022976,2026-04-19T16:00:00.001000+00:00,405.0000166666667,-25.97991470731762,0.163884529783068,FLAT,False,False,False,
2026-04-19T09:16:00+00:00,ETHUSDT,LONG_SPOT_SHORT_PERP,2316.99,2315.62,-5.912843818919766,-0.00011438,-0.00022976,2026-04-19T16:00:00.001000+00:00,404.0000166666667,-24.210443818919767,0.1665198956260428,FLAT,False,False,False,
2026-04-19T09:17:00+00:00,ETHUSDT,LONG_SPOT_SHORT_PERP,2315.69,2314.13,-6.736653006231168,-0.00011438,-0.00022976,2026-04-19T16:00:00.001000+00:00,403.0000166666667,-25.034253006231168,0.16523693821608462,FLAT,False,False,False,
2026-04-19T09:18:00+00:00,ETHUSDT,LONG_SPOT_SHORT_PERP,2315.01,2313.56,-6.263471864053601,-0.00011438,-0.00022976,2026-04-19T16:00:00.001000+00:00,402.0000166666667,-24.561071864053602,0.16596138732004959,FLAT,False,False,False,
2026-04-19T09:19:00+00:00,ETHUSDT,LONG_SPOT_SHORT_PERP,2315.8,2314.1,-7.340875723293345,-0.00011438,-0.00022976,2026-04-19T16:00:00.001000+00:00,401.0000166666667,-25.638475723293347,0.16435864143816298,FLAT,False,False,False,
2026-04-19T09:20:00+00:00,ETHUSDT,LONG_SPOT_SHORT_PERP,2315.0,2313.24,-7.602591792657531,-0.00011438,-0.00022976,2026-04-19T16:00:00.001000+00:00,400.0000166666667,-25.90019179265753,0.16399383407381551,FLAT,False,False,False,
2026-04-19T09:21:00+00:00,ETHUSDT,LONG_SPOT_SHORT_PERP,2314.08,2312.54,-6.654912535435091,-0.00011438,-0.00022976,2026-04-19T16:00:00.001000+00:00,399.0000166666667,-24.95251253543509,0.16535973625411018,FLAT,False,False,False,
2026-04-19T09:22:00+00:00,ETHUSDT,LONG_SPOT_SHORT_PERP,2312.74,2310.94,-7.782976037080378,-0.00011438,-0.00022976,2026-04-19T16:00:00.001000+00:00,398.0000166666667,-26.080576037080377,0.16374771651054595,FLAT,False,False,False,
2026-04-19T09:23:00+00:00,ETHUSDT,LONG_SPOT_SHORT_PERP,2314.15,2312.55,-6.913985696691697,-0.00011438,-0.00022976,2026-04-19T16:00:00.001000+00:00,397.0000166666667,-25.211585696691696,0.1649738371384309,FLAT,False,False,False,
2026-04-19T09:24:00+00:00,ETHUSDT,LONG_SPOT_SHORT_PERP,2313.41,2311.8,-6.959423534953479,-0.00011438,-0.00022976,2026-04-19T16:00:00.001000+00:00,396.0000166666667,-25.25702353495348,0.16490714412932406,FLAT,False,False,False,
2026-04-19T09:25:00+00:00,ETHUSDT,LONG_SPOT_SHORT_PERP,2312.51,2310.9,-6.962132055645714,-0.00011438,-0.00022976,2026-04-19T16:00:00.001000+00:00,395.0000166666667,-25.259732055645713,0.16490317782804373,FLAT,False,False,False,
2026-04-19T09:26:00+00:00,ETHUSDT,LONG_SPOT_SHORT_PERP,2310.54,2308.74,-7.790386662858821,-0.00011438,-0.00022976,2026-04-19T16:00:00.001000+00:00,394.0000166666667,-26.08798666285882,0.16373769696242194,FLAT,False,False,False,
2026-04-19T09:27:00+00:00,ETHUSDT,LONG_SPOT_SHORT_PERP,2313.85,2312.4,-6.266611923849076,-0.00011438,-0.00022976,2026-04-19T16:00:00.001000+00:00,393.0000166666667,-24.564211923849076,0.16595647020734502,FLAT,False,False,False,
2026-04-19T09:28:00+00:00,ETHUSDT,LONG_SPOT_SHORT_PERP,2316.73,2314.99,-7.510586041533697,-0.00011438,-0.00022976,2026-04-19T16:00:00.001000+00:00,392.0000166666667,-25.8081860415337,0.16412103069631023,FLAT,False,False,False,
2026-04-19T09:29:00+00:00,ETHUSDT,LONG_SPOT_SHORT_PERP,2315.21,2313.55,-7.169975941706603,-0.00011438,-0.00022976,2026-04-19T16:00:00.001000+00:00,391.0000166666667,-25.467575941706603,0.16460188746143878,FLAT,False,False,False,
2026-04-19T09:30:00+00:00,ETHUSDT,LONG_SPOT_SHORT_PERP,2315.54,2313.89,-7.125767639514287,-0.00011438,-0.00022976,2026-04-19T16:00:00.001000+00:00,390.0000166666667,-25.423367639514286,0.16466546660421288,FLAT,False,False,False,
2026-04-19T09:31:00+00:00,ETHUSDT,LONG_SPOT_SHORT_PERP,2315.02,2313.38,-7.084172058988141,-0.00011438,-0.00022976,2026-04-19T16:00:00.001000+00:00,389.0000166666667,-25.38177205898814,0.16472553650341387,FLAT,False,False,False,
2026-04-19T09:32:00+00:00,ETHUSDT,LONG_SPOT_SHORT_PERP,2316.2,2314.66,-6.6488213453068115,-0.00011438,-0.00022976,2026-04-19T16:00:00.001000+00:00,388.0000166666667,-24.94642134530681,0.16536892579497678,FLAT,False,False,False,
2026-04-19T09:33:00+00:00,ETHUSDT,LONG_SPOT_SHORT_PERP,2315.86,2314.14,-7.4270465399473835,-0.00011438,-0.00022976,2026-04-19T16:00:00.001000+00:00,387.0000166666667,-25.724646539947383,0.16423750698615902,FLAT,False,False,False,
2026-04-19T09:34:00+00:00,ETHUSDT,LONG_SPOT_SHORT_PERP,2314.1,2312.62,-6.395574953545734,-0.00011438,-0.00022976,2026-04-19T16:00:00.001000+00:00,386.0000166666667,-24.693174953545736,0.16575580183166985,FLAT,False,False,False,
2026-04-19T09:35:00+00:00,ETHUSDT,LONG_SPOT_SHORT_PERP,2314.37,2312.62,-7.561453008810173,-0.00011438,-0.00022976,2026-04-19T16:00:00.001000+00:00,385.0000166666667,-25.85905300881017,0.16405056800451948,FLAT,False,False,False,
2026-04-19T09:36:00+00:00,ETHUSDT,LONG_SPOT_SHORT_PERP,2312.41,2310.75,-7.1786577639772124,-0.00011438,-0.00022976,2026-04-19T16:00:00.001000+00:00,384.0000166666667,-25.476257763977213,0.16458943335948822,FLAT,False,False,False,
2026-04-19T09:37:00+00:00,ETHUSDT,LONG_SPOT_SHORT_PERP,2311.99,2310.44,-6.704181246457499,-0.00011438,-0.00022976,2026-04-19T16:00:00.001000+00:00,383.0000166666667,-25.001781246457497,0.16528560445857726,FLAT,False,False,False,
2026-04-19T09:38:00+00:00,ETHUSDT,LONG_SPOT_SHORT_PERP,2311.67,2310.26,-6.099486518403814,-0.00011438,-0.00022976,2026-04-19T16:00:00.001000+00:00,382.0000166666667,-24.397086518403814,0.16622025262961354,FLAT,False,False,False,
2026-04-19T09:39:00+00:00,ETHUSDT,LONG_SPOT_SHORT_PERP,2310.52,2308.83,-7.314370790991009,-0.00011438,-0.00022976,2026-04-19T16:00:00.001000+00:00,381.0000166666667,-25.61197079099101,0.16439610398118806,FLAT,False,False,False,
2026-04-19T09:40:00+00:00,ETHUSDT,LONG_SPOT_SHORT_PERP,2311.56,2309.81,-7.570644932426586,-0.00011438,-0.00022976,2026-04-19T16:00:00.001000+00:00,380.0000166666667,-25.868244932426585,0.16403787196164446,FLAT,False,False,False,
2026-04-19T09:41:00+00:00,ETHUSDT,LONG_SPOT_SHORT_PERP,2311.86,2310.16,-7.353386450737816,-0.00011438,-0.00022976,2026-04-19T16:00:00.001000+00:00,379.0000166666667,-25.65098645073782,0.16434099185520162,FLAT,False,False,False,
2026-04-19T09:42:00+00:00,ETHUSDT,LONG_SPOT_SHORT_PERP,2312.41,2310.8,-6.96243313253131,-0.00011438,-0.00022976,2026-04-19T16:00:00.001000+00:00,378.0000166666667,-25.260033132531312,0.1649027370013393,FLAT,False,False,False,
2026-04-19T09:43:00+00:00,ETHUSDT,LONG_SPOT_SHORT_PERP,2311.62,2310.13,-6.445696091917278,-0.00011438,-0.00022976,2026-04-19T16:00:00.001000+00:00,377.0000166666667,-24.74329609191728,0.16567848250867886,FLAT,False,False,False,
2026-04-19T09:44:00+00:00,ETHUSDT,LONG_SPOT_SHORT_PERP,2311.87,2310.13,-7.5263747529047125,-0.00011438,-0.00022976,2026-04-19T16:00:00.001000+00:00,376.0000166666667,-25.82397475290471,0.1640991225246227,FLAT,False,False,False,
2026-04-19T09:45:00+00:00,ETHUSDT,LONG_SPOT_SHORT_PERP,2311.6,2310.01,-6.87835265616755,-0.00011438,-0.00022976,2026-04-19T16:00:00.001000+00:00,375.0000166666667,-25.17595265616755,0.1650263437298773,FLAT,False,False,False,
2026-04-19T09:46:00+00:00,ETHUSDT,LONG_SPOT_SHORT_PERP,2310.64,2309.15,-6.448429872242245,-0.00011438,-0.00022976,2026-04-19T16:00:00.001000+00:00,374.0000166666667,-24.746029872242246,0.16567427596903947,FLAT,False,False,False,
2026-04-19T09:47:00+00:00,ETHUSDT,LONG_SPOT_SHORT_PERP,2308.88,2307.25,-7.059699941097454,-0.00011438,-0.00022976,2026-04-19T16:00:00.001000+00:00,373.0000166666667,-25.357299941097455,0.16476099056872162,FLAT,False,False,False,
2026-04-19T09:48:00+00:00,ETHUSDT,LONG_SPOT_SHORT_PERP,2308.18,2306.86,-5.718791428743464,-0.00011438,-0.00022976,2026-04-19T16:00:00.001000+00:00,372.0000166666667,-24.016391428743464,0.16683718670078462,FLAT,False,False,False,
2026-04-19T09:49:00+00:00,ETHUSDT,LONG_SPOT_SHORT_PERP,2309.35,2307.84,-6.5386364128424175,-0.00011438,-0.00022976,2026-04-19T16:00:00.001000+00:00,371.0000166666667,-24.836236412842418,0.16553609227103833,FLAT,False,False,False,
2026-04-19T09:50:00+00:00,ETHUSDT,LONG_SPOT_SHORT_PERP,2307.67,2306.0,-7.236736621787659,-0.00011438,-0.00022976,2026-04-19T16:00:00.001000+00:00,370.0000166666667,-25.53433662178766,0.16450638708700913,FLAT,False,False,False,
2026-04-19T09:51:00+00:00,ETHUSDT,LONG_SPOT_SHORT_PERP,2308.32,2306.74,-6.844804879741032,-0.00011438,-0.00022976,2026-04-19T16:00:00.001000+00:00,369.0000166666667,-25.142404879741033,0.16507594282949378,FLAT,False,False,False,
2026-04-19T09:52:00+00:00,ETHUSDT,LONG_SPOT_SHORT_PERP,2308.13,2306.74,-6.022191124418153,-0.00011438,-0.00022976,2026-04-19T16:00:00.001000+00:00,368.0000166666667,-24.319791124418153,0.16634369347084427,FLAT,False,False,False,
2026-04-19T09:53:00+00:00,ETHUSDT,LONG_SPOT_SHORT_PERP,2309.19,2307.43,-7.6217201702771025,-0.00011438,-0.00022976,2026-04-19T16:00:00.001000+00:00,367.0000166666667,-25.919320170277103,0.16396753116530752,FLAT,False,False,False,
2026-04-19T09:54:00+00:00,ETHUSDT,LONG_SPOT_SHORT_PERP,2310.99,2309.64,-5.8416522788930685,-0.00011438,-0.00022976,2026-04-19T16:00:00.001000+00:00,366.0000166666667,-24.139252278893068,0.1666356129869202,FLAT,False,False,False,
2026-04-19T09:55:00+00:00,ETHUSDT,LONG_SPOT_SHORT_PERP,2310.54,2309.0,-6.665108589333937,-0.00011438,-0.00022976,2026-04-19T16:00:00.001000+00:00,365.0000166666667,-24.962708589333936,0.16534436593448043,FLAT,False,False,False,
2026-04-19T09:56:00+00:00,ETHUSDT,LONG_SPOT_SHORT_PERP,2309.64,2308.11,-6.624408998803906,-0.00011438,-0.00022976,2026-04-19T16:00:00.001000+00:00,364.0000166666667,-24.922008998803907,0.16540580993702486,FLAT,False,False,False,
2026-04-19T09:57:00+00:00,ETHUSDT,LONG_SPOT_SHORT_PERP,2309.87,2308.38,-6.450579469839349,-0.00011438,-0.00022976,2026-04-19T16:00:00.001000+00:00,363.0000166666667,-24.74817946983935,0.16567096910446713,FLAT,False,False,False,
2026-04-19T09:58:00+00:00,ETHUSDT,LONG_SPOT_SHORT_PERP,2310.0,2308.5,-6.4935064935064934,-0.00011438,-0.00022976,2026-04-19T16:00:00.001000+00:00,362.0000166666667,-24.791106493506494,0.16560507485048426,FLAT,False,False,False,
2026-04-19T09:59:00+00:00,ETHUSDT,LONG_SPOT_SHORT_PERP,2310.24,2308.72,-6.579403005748242,-0.00011438,-0.00022976,2026-04-19T16:00:00.001000+00:00,361.0000166666667,-24.877003005748243,0.16547403649643738,FLAT,False,False,False,
2026-04-19T10:00:00+00:00,ETHUSDT,LONG_SPOT_SHORT_PERP,2308.4,2306.58,-7.8842488303593985,-0.00011438,-0.00022976,2026-04-19T16:00:00.001000+00:00,360.0000166666667,-26.1818488303594,0.16361141041568122,FLAT,False,False,False,
2026-04-19T10:01:00+00:00,ETHUSDT,LONG_SPOT_SHORT_PERP,2308.91,2307.52,-6.020156697315499,-0.00011438,-0.00022976,2026-04-19T16:00:00.001000+00:00,359.0000166666667,-24.3177566973155,0.16634695486233872,FLAT,False,False,False,
2026-04-19T10:02:00+00:00,ETHUSDT,LONG_SPOT_SHORT_PERP,2310.82,2309.36,-6.318103530348692,-0.00011438,-0.00022976,2026-04-19T16:00:00.001000+00:00,358.0000166666667,-24.615703530348693,0.16587604961144986,FLAT,False,False,False,
2026-04-19T10:03:00+00:00,ETHUSDT,LONG_SPOT_SHORT_PERP,2312.24,2310.7,-6.660208282877054,-0.00011438,-0.00022976,2026-04-19T16:00:00.001000+00:00,357.0000166666667,-24.957808282877053,0.1653517511498009,FLAT,False,False,False,
2026-04-19T10:04:00+00:00,ETHUSDT,LONG_SPOT_SHORT_PERP,2311.39,2309.85,-6.662657535076139,-0.00011438,-0.00022976,2026-04-19T16:00:00.001000+00:00,356.0000166666667,-24.96025753507614,0.1653480594640392,FLAT,False,False,False,
2026-04-19T10:05:00+00:00,ETHUSDT,LONG_SPOT_SHORT_PERP,2310.01,2308.53,-6.406898671434401,-0.00011438,-0.00022976,2026-04-19T16:00:00.001000+00:00,355.0000166666667,-24.7044986714344,0.16573830066250148,FLAT,False,False,False,
2026-04-19T10:06:00+00:00,ETHUSDT,LONG_SPOT_SHORT_PERP,2309.89,2308.34,-6.710276246919668,-0.00011438,-0.00022976,2026-04-19T16:00:00.001000+00:00,354.0000166666667,-25.00787624691967,0.16527645810993055,FLAT,False,False,False,
2026-04-19T10:07:00+00:00,ETHUSDT,LONG_SPOT_SHORT_PERP,2307.57,2305.77,-7.8004134219121495,-0.00011438,-0.00022976,2026-04-19T16:00:00.001000+00:00,353.0000166666667,-26.09801342191215,0.16372415169980445,FLAT,False,False,False,
2026-04-19T10:08:00+00:00,ETHUSDT,LONG_SPOT_SHORT_PERP,2308.23,2306.34,-8.188092174522783,-0.00011438,-0.00022976,2026-04-19T16:00:00.001000+00:00,352.0000166666667,-26.485692174522782,0.16321038763627896,FLAT,False,False,False,
2026-04-19T10:09:00+00:00,ETHUSDT,LONG_SPOT_SHORT_PERP,2308.69,2307.09,-6.930337117585769,-0.00011438,-0.00022976,2026-04-19T16:00:00.001000+00:00,351.0000166666667,-25.227937117585768,0.16494980307285698,FLAT,False,False,False,
2026-04-19T10:10:00+00:00,ETHUSDT,LONG_SPOT_SHORT_PERP,2308.48,2306.55,-8.360479622954655,-0.00011438,-0.00022976,2026-04-19T16:00:00.001000+00:00,350.0000166666667,-26.658079622954656,0.1629880587139596,FLAT,False,False,False,
2026-04-19T10:11:00+00:00,ETHUSDT,LONG_SPOT_SHORT_PERP,2308.69,2306.92,-7.666685436329614,-0.00011438,-0.00022976,2026-04-19T16:00:00.001000+00:00,349.0000166666667,-25.964285436329614,0.16390589196278604,FLAT,False,False,False,
2026-04-19T10:12:00+00:00,ETHUSDT,LONG_SPOT_SHORT_PERP,2310.72,2309.01,-7.400290818444389,-0.00011438,-0.00022976,2026-04-19T16:00:00.001000+00:00,348.0000166666667,-25.69789081844439,0.16427501086631194,FLAT,False,False,False,
2026-04-19T10:13:00+00:00,ETHUSDT,LONG_SPOT_SHORT_PERP,2309.87,2308.29,-6.840211786810199,-0.00011438,-0.00022976,2026-04-19T16:00:00.001000+00:00,347.0000166666667,-25.1378117868102,0.16508274604089357,FLAT,False,False,False,
2026-04-19T10:14:00+00:00,ETHUSDT,LONG_SPOT_SHORT_PERP,2309.78,2308.07,-7.403302479024133,-0.00011438,-0.00022976,2026-04-19T16:00:00.001000+00:00,346.0000166666667,-25.700902479024133,0.1642707845330966,FLAT,False,False,False,
2026-04-19T10:15:00+00:00,ETHUSDT,LONG_SPOT_SHORT_PERP,2308.23,2306.78,-6.2818696577023,-0.00011438,-0.00022976,2026-04-19T16:00:00.001000+00:00,345.0000166666667,-24.5794696577023,0.16593259881190295,FLAT,False,False,False,
2026-04-19T10:16:00+00:00,ETHUSDT,LONG_SPOT_SHORT_PERP,2308.69,2306.99,-7.363483187436481,-0.00011438,-0.00022976,2026-04-19T16:00:00.001000+00:00,344.0000166666667,-25.661083187436482,0.1643267633735361,FLAT,False,False,False,
2026-04-19T10:17:00+00:00,ETHUSDT,LONG_SPOT_SHORT_PERP,2308.21,2306.54,-7.235043605218211,-0.00011438,-0.00022976,2026-04-19T16:00:00.001000+00:00,343.0000166666667,-25.53264360521821,0.1645088013256013,FLAT,False,False,False,
2026-04-19T10:18:00+00:00,ETHUSDT,LONG_SPOT_SHORT_PERP,2307.92,2306.24,-7.279281777532545,-0.00011438,-0.00022976,2026-04-19T16:00:00.001000+00:00,342.0000166666667,-25.576881777532545,0.16444584721097605,FLAT,False,False,False,
2026-04-19T10:19:00+00:00,ETHUSDT,LONG_SPOT_SHORT_PERP,2308.13,2306.48,-7.14864414049508,-0.00011438,-0.00022976,2026-04-19T16:00:00.001000+00:00,341.0000166666667,-25.44624414049508,0.16463253237874997,FLAT,False,False,False,
2026-04-19T10:20:00+00:00,ETHUSDT,LONG_SPOT_SHORT_PERP,2309.61,2308.0,-6.970873870480848,-0.00011438,-0.00022976,2026-04-19T16:00:00.001000+00:00,340.0000166666667,-25.268473870480847,0.1648903835662322,FLAT,False,False,False,
2026-04-19T10:21:00+00:00,ETHUSDT,LONG_SPOT_SHORT_PERP,2310.71,2309.12,-6.881001943126336,-0.00011438,-0.00022976,2026-04-19T16:00:00.001000+00:00,339.0000166666667,-25.178601943126335,0.16502243369460545,FLAT,False,False,False,
2026-04-19T10:22:00+00:00,ETHUSDT,LONG_SPOT_SHORT_PERP,2311.49,2310.01,-6.402796464616172,-0.00011438,-0.00022976,2026-04-19T16:00:00.001000+00:00,338.0000166666667,-24.700396464616173,0.16574463855037888,FLAT,False,False,False,
2026-04-19T10:23:00+00:00,ETHUSDT,LONG_SPOT_SHORT_PERP,2310.28,2308.79,-6.449434700556799,-0.00011438,-0.00022976,2026-04-19T16:00:00.001000+00:00,337.0000166666667,-24.7470347005568,0.16567273009164382,FLAT,False,False,False,
2026-04-19T10:24:00+00:00,ETHUSDT,LONG_SPOT_SHORT_PERP,2309.2,2307.78,-6.14931578035518,-0.00011438,-0.00022976,2026-04-19T16:00:00.001000+00:00,336.0000166666667,-24.44691578035518,0.1661411603486181,FLAT,False,False,False,
2026-04-19T10:25:00+00:00,ETHUSDT,LONG_SPOT_SHORT_PERP,2311.34,2310.0,-5.7975027473246925,-0.00011438,-0.00022976,2026-04-19T16:00:00.001000+00:00,335.0000166666667,-24.09510274732469,0.16670777395659397,FLAT,False,False,False,
2026-04-19T10:26:00+00:00,ETHUSDT,LONG_SPOT_SHORT_PERP,2311.29,2309.82,-6.360084628063981,-0.00011438,-0.00022976,2026-04-19T16:00:00.001000+00:00,334.0000166666667,-24.657684628063983,0.16581077705872926,FLAT,False,False,False,
2026-04-19T10:27:00+00:00,ETHUSDT,LONG_SPOT_SHORT_PERP,2311.04,2309.48,-6.750207698698185,-0.00011438,-0.00022976,2026-04-19T16:00:00.001000+00:00,333.0000166666667,-25.047807698698186,0.16521666848836014,FLAT,False,False,False,
2026-04-19T10:28:00+00:00,ETHUSDT,LONG_SPOT_SHORT_PERP,2311.21,2309.51,-7.355454502186379,-0.00011438,-0.00022976,2026-04-19T16:00:00.001000+00:00,332.0000166666667,-25.65305450218638,0.16433807639370548,FLAT,False,False,False,
2026-04-19T10:29:00+00:00,ETHUSDT,LONG_SPOT_SHORT_PERP,2311.85,2310.11,-7.526439864177096,-0.00011438,-0.00022976,2026-04-19T16:00:00.001000+00:00,331.0000166666667,-25.824039864177095,0.16409903224645095,FLAT,False,False,False,
2026-04-19T10:30:00+00:00,ETHUSDT,LONG_SPOT_SHORT_PERP,2311.85,2310.24,-6.96411964444115,-0.00011438,-0.00022976,2026-04-19T16:00:00.001000+00:00,330.0000166666667,-25.26171964444115,0.16490026790379975,FLAT,False,False,False,
2026-04-19T10:31:00+00:00,ETHUSDT,LONG_SPOT_SHORT_PERP,2311.73,2310.14,-6.87796585241419,-0.00011438,-0.00022976,2026-04-19T16:00:00.001000+00:00,329.0000166666667,-25.175565852414188,0.16502691469022604,FLAT,False,False,False,
2026-04-19T10:32:00+00:00,ETHUSDT,LONG_SPOT_SHORT_PERP,2311.55,2309.99,-6.7487183924224015,-0.00011438,-0.00022976,2026-04-19T16:00:00.001000+00:00,328.0000166666667,-25.0463183924224,0.1652188943062261,FLAT,False,False,False,
2026-04-19T10:33:00+00:00,ETHUSDT,LONG_SPOT_SHORT_PERP,2312.76,2311.26,-6.485757277019664,-0.00011438,-0.00022976,2026-04-19T16:00:00.001000+00:00,327.0000166666667,-24.783357277019665,0.16561694998342574,FLAT,False,False,False,
2026-04-19T10:34:00+00:00,ETHUSDT,LONG_SPOT_SHORT_PERP,2313.85,2312.26,-6.871664109599545,-0.00011438,-0.00022976,2026-04-19T16:00:00.001000+00:00,326.0000166666667,-25.169264109599546,0.1650362196833075,FLAT,False,False,False,
2026-04-19T10:35:00+00:00,ETHUSDT,LONG_SPOT_SHORT_PERP,2313.54,2312.09,-6.267451610950397,-0.00011438,-0.00022976,2026-04-19T16:00:00.001000+00:00,325.0000166666667,-24.5650516109504,0.1659551555682279,FLAT,False,False,False,
2026-04-19T10:36:00+00:00,ETHUSDT,LONG_SPOT_SHORT_PERP,2313.38,2311.77,-6.9595137850250595,-0.00011438,-0.00022976,2026-04-19T16:00:00.001000+00:00,324.0000166666667,-25.25711378502506,0.1649070119523038,FLAT,False,False,False,
2026-04-19T10:37:00+00:00,ETHUSDT,LONG_SPOT_SHORT_PERP,2313.55,2311.86,-7.304791337987311,-0.00011438,-0.00022976,2026-04-19T16:00:00.001000+00:00,323.0000166666667,-25.60239133798731,0.16440966736960266,FLAT,False,False,False,
2026-04-19T10:38:00+00:00,ETHUSDT,LONG_SPOT_SHORT_PERP,2313.85,2312.61,-5.359033645222386,-0.00011438,-0.00022976,2026-04-19T16:00:00.001000+00:00,322.0000166666667,-23.656633645222385,0.16744128989293885,FLAT,False,False,False,
2026-04-19T10:39:00+00:00,ETHUSDT,LONG_SPOT_SHORT_PERP,2312.93,2311.31,-7.00410302084322,-0.00011438,-0.00022976,2026-04-19T16:00:00.001000+00:00,321.0000166666667,-25.30170302084322,0.16484184873112726,FLAT,False,False,False,
2026-04-19T10:40:00+00:00,ETHUSDT,LONG_SPOT_SHORT_PERP,2312.26,2310.77,-6.44391201681574,-0.00011438,-0.00022976,2026-04-19T16:00:00.001000+00:00,320.0000166666667,-24.74151201681574,0.16568122830923548,FLAT,False,False,False,
2026-04-19T10:41:00+00:00,ETHUSDT,LONG_SPOT_SHORT_PERP,2311.85,2310.1,-7.5696952656963035,-0.00011438,-0.00022976,2026-04-19T16:00:00.001000+00:00,319.0000166666667,-25.867295265696303,0.16403918313500937,FLAT,False,False,False,
2026-04-19T10:42:00+00:00,ETHUSDT,LONG_SPOT_SHORT_PERP,2312.68,2311.1,-6.83190065205704,-0.00011438,-0.00022976,2026-04-19T16:00:00.001000+00:00,318.0000166666667,-25.12950065205704,0.16509506401627605,FLAT,False,False,False,
2026-04-19T10:43:00+00:00,ETHUSDT,LONG_SPOT_SHORT_PERP,2314.3,2312.86,-6.222183813680398,-0.00011438,-0.00022976,2026-04-19T16:00:00.001000+00:00,317.0000166666667,-24.519783813680398,0.16602617991461072,FLAT,False,False,False,
2026-04-19T10:44:00+00:00,ETHUSDT,LONG_SPOT_SHORT_PERP,2314.71,2313.29,-6.134677778210112,-0.00011438,-0.00022976,2026-04-19T16:00:00.001000+00:00,316.0000166666667,-24.432277778210114,0.16616435543465968,FLAT,False,False,False,
2026-04-19T10:45:00+00:00,ETHUSDT,LONG_SPOT_SHORT_PERP,2315.49,2314.0,-6.434923061640438,-0.00011438,-0.00022976,2026-04-19T16:00:00.001000+00:00,315.0000166666667,-24.73252306164044,0.16569507003957354,FLAT,False,False,False,
2026-04-19T10:46:00+00:00,ETHUSDT,LONG_SPOT_SHORT_PERP,2314.64,2312.95,-7.301351398057818,-0.00011438,-0.00022976,2026-04-19T16:00:00.001000+00:00,314.0000166666667,-25.598951398057817,0.16441454098733638,FLAT,False,False,False,
2026-04-19T10:47:00+00:00,ETHUSDT,LONG_SPOT_SHORT_PERP,2314.86,2313.19,-7.214259177661166,-0.00011438,-0.00022976,2026-04-19T16:00:00.001000+00:00,313.0000166666667,-25.511859177661165,0.16453847207653546,FLAT,False,False,False,
2026-04-19T10:48:00+00:00,ETHUSDT,LONG_SPOT_SHORT_PERP,2316.05,2314.35,-7.34008333153547,-0.00011438,-0.00022976,2026-04-19T16:00:00.001000+00:00,312.0000166666667,-25.63768333153547,0.16435976002814662,FLAT,False,False,False,
2026-04-19T10:49:00+00:00,ETHUSDT,LONG_SPOT_SHORT_PERP,2317.01,2315.58,-6.171747208688314,-0.00011438,-0.00022976,2026-04-19T16:00:00.001000+00:00,311.0000166666667,-24.469347208688312,0.16610567927362999,FLAT,False,False,False,
2026-04-19T10:50:00+00:00,ETHUSDT,LONG_SPOT_SHORT_PERP,2319.01,2317.7,-5.648962272695676,-0.00011438,-0.00022976,2026-04-19T16:00:00.001000+00:00,310.0000166666667,-23.946562272695676,0.16695281767858014,FLAT,False,False,False,
2026-04-19T10:51:00+00:00,ETHUSDT,LONG_SPOT_SHORT_PERP,2319.88,2318.5,-5.948583547425337,-0.00011438,-0.00022976,2026-04-19T16:00:00.001000+00:00,309.0000166666667,-24.24618354742534,0.16646210077798196,FLAT,False,False,False,
2026-04-19T10:52:00+00:00,ETHUSDT,LONG_SPOT_SHORT_PERP,2317.52,2315.95,-6.774483068107994,-0.00011438,-0.00022976,2026-04-19T16:00:00.001000+00:00,308.0000166666667,-25.072083068107993,0.16518043316891973,FLAT,False,False,False,
2026-04-19T10:53:00+00:00,ETHUSDT,LONG_SPOT_SHORT_PERP,2318.55,2316.96,-6.857734359837594,-0.00011438,-0.00022976,2026-04-19T16:00:00.001000+00:00,307.0000166666667,-25.155334359837596,0.16505680807845113,FLAT,False,False,False,
2026-04-19T10:54:00+00:00,ETHUSDT,LONG_SPOT_SHORT_PERP,2318.79,2317.38,-6.08075763652532,-0.00011438,-0.00022976,2026-04-19T16:00:00.001000+00:00,306.0000166666667,-24.37835763652532,0.16625007849826362,FLAT,False,False,False,
2026-04-19T10:55:00+00:00,ETHUSDT,LONG_SPOT_SHORT_PERP,2319.29,2317.69,-6.898662952886051,-0.00011438,-0.00022976,2026-04-19T16:00:00.001000+00:00,305.0000166666667,-25.196262952886052,0.16499639364517393,FLAT,False,False,False,
2026-04-19T10:56:00+00:00,ETHUSDT,LONG_SPOT_SHORT_PERP,2319.28,2317.6,-7.243627332621722,-0.00011438,-0.00022976,2026-04-19T16:00:00.001000+00:00,304.0000166666667,-25.541227332621723,0.16449656501802587,FLAT,False,False,False,
2026-04-19T10:57:00+00:00,ETHUSDT,LONG_SPOT_SHORT_PERP,2319.06,2317.55,-6.511258872128205,-0.00011438,-0.00022976,2026-04-19T16:00:00.001000+00:00,303.0000166666667,-24.808858872128205,0.16557790396154254,FLAT,False,False,False,
2026-04-19T10:58:00+00:00,ETHUSDT,LONG_SPOT_SHORT_PERP,2318.79,2317.15,-7.072654272270765,-0.00011438,-0.00022976,2026-04-19T16:00:00.001000+00:00,302.0000166666667,-25.370254272270763,0.16474221250378374,FLAT,False,False,False,
2026-04-19T10:59:00+00:00,ETHUSDT,LONG_SPOT_SHORT_PERP,2318.01,2316.38,-7.031893736438191,-0.00011438,-0.00022976,2026-04-19T16:00:00.001000+00:00,301.0000166666667,-25.32949373643819,0.16480137667703956,FLAT,False,False,False,
2026-04-19T11:00:00+00:00,ETHUSDT,LONG_SPOT_SHORT_PERP,2319.59,2318.0,-6.8546596596818645,-0.00011438,-0.00022976,2026-04-19T16:00:00.001000+00:00,300.0000166666667,-25.152259659681864,0.1650613562631095,FLAT,False,False,False,
2026-04-19T11:01:00+00:00,ETHUSDT,LONG_SPOT_SHORT_PERP,2320.14,2318.7,-6.206522020223153,-0.00011438,-0.00022976,2026-04-19T16:00:00.001000+00:00,299.0000166666667,-24.504122020223154,0.16605082511193933,FLAT,False,False,False,
2026-04-19T11:02:00+00:00,ETHUSDT,LONG_SPOT_SHORT_PERP,2319.51,2317.58,-8.320722911305797,-0.00011438,-0.00022976,2026-04-19T16:00:00.001000+00:00,298.0000166666667,-26.618322911305796,0.16303900406803074,FLAT,False,False,False,
2026-04-19T11:03:00+00:00,ETHUSDT,LONG_SPOT_SHORT_PERP,2319.9,2318.35,-6.681322470796939,-0.00011438,-0.00022976,2026-04-19T16:00:00.001000+00:00,297.0000166666667,-24.978922470796938,0.1653199549658061,FLAT,False,False,False,
2026-04-19T11:04:00+00:00,ETHUSDT,LONG_SPOT_SHORT_PERP,2319.67,2317.99,-7.242409480660141,-0.00011438,-0.00022976,2026-04-19T16:00:00.001000+00:00,296.0000166666667,-25.540009480660142,0.1644983004774544,FLAT,False,False,False,
2026-04-19T11:05:00+00:00,ETHUSDT,LONG_SPOT_SHORT_PERP,2319.74,2317.99,-7.543948890823972,-0.00011438,-0.00022976,2026-04-19T16:00:00.001000+00:00,295.0000166666667,-25.841548890823972,0.16407477621965597,FLAT,False,False,False,
2026-04-19T11:06:00+00:00,ETHUSDT,LONG_SPOT_SHORT_PERP,2319.46,2317.63,-7.889767445870707,-0.00011438,-0.00022976,2026-04-19T16:00:00.001000+00:00,294.0000166666667,-26.187367445870706,0.1636040210621137,FLAT,False,False,False,
2026-04-19T11:07:00+00:00,ETHUSDT,LONG_SPOT_SHORT_PERP,2319.83,2317.95,-8.10404210653414,-0.00011438,-0.00022976,2026-04-19T16:00:00.001000+00:00,293.0000166666667,-26.40164210653414,0.16332014165251893,FLAT,False,False,False,
2026-04-19T11:08:00+00:00,ETHUSDT,LONG_SPOT_SHORT_PERP,2323.06,2321.38,-7.231840761753189,-0.00011438,-0.00022976,2026-04-19T16:00:00.001000+00:00,292.0000166666667,-25.52944076175319,0.16451336965464103,FLAT,False,False,False,
2026-04-19T11:09:00+00:00,ETHUSDT,LONG_SPOT_SHORT_PERP,2328.39,2326.65,-7.472974888226551,-0.00011438,-0.00022976,2026-04-19T16:00:00.001000+00:00,291.0000166666667,-25.77057488822655,0.16417335425886329,FLAT,False,False,False,
2026-04-19T11:10:00+00:00,ETHUSDT,LONG_SPOT_SHORT_PERP,2323.41,2321.79,-6.9725102328039,-0.00011438,-0.00022976,2026-04-19T16:00:00.001000+00:00,290.0000166666667,-25.2701102328039,0.16488798983367012,FLAT,False,False,False,
2026-04-19T11:11:00+00:00,ETHUSDT,LONG_SPOT_SHORT_PERP,2324.5,2322.85,-7.098300709830462,-0.00011438,-0.00022976,2026-04-19T16:00:00.001000+00:00,289.0000166666667,-25.395900709830464,0.16470510567592547,FLAT,False,False,False,
2026-04-19T11:12:00+00:00,ETHUSDT,LONG_SPOT_SHORT_PERP,2324.86,2323.32,-6.624054781793155,-0.00011438,-0.00022976,2026-04-19T16:00:00.001000+00:00,288.0000166666667,-24.921654781793155,0.16540634575563515,FLAT,False,False,False,
2026-04-19T11:13:00+00:00,ETHUSDT,LONG_SPOT_SHORT_PERP,2324.72,2323.0,-7.398740493477924,-0.00011438,-0.00022976,2026-04-19T16:00:00.001000+00:00,287.0000166666667,-25.696340493477926,0.16427718695296642,FLAT,False,False,False,
2026-04-19T11:14:00+00:00,ETHUSDT,LONG_SPOT_SHORT_PERP,2327.57,2325.85,-7.389681083706416,-0.00011438,-0.00022976,2026-04-19T16:00:00.001000+00:00,286.0000166666667,-25.687281083706416,0.16428990955691755,FLAT,False,False,False,
2026-04-19T11:15:00+00:00,ETHUSDT,LONG_SPOT_SHORT_PERP,2330.44,2328.84,-6.8656562709184055,-0.00011438,-0.00022976,2026-04-19T16:00:00.001000+00:00,285.0000166666667,-25.163256270918406,0.16504509597333708,FLAT,False,False,False,
2026-04-19T11:16:00+00:00,ETHUSDT,LONG_SPOT_SHORT_PERP,2330.6,2328.82,-7.637518235646381,-0.00011438,-0.00022976,2026-04-19T16:00:00.001000+00:00,284.0000166666667,-25.93511823564638,0.16394584433734502,FLAT,False,False,False,
2026-04-19T11:17:00+00:00,ETHUSDT,LONG_SPOT_SHORT_PERP,2330.46,2328.48,-8.496176720475864,-0.00011438,-0.00022976,2026-04-19T16:00:00.001000+00:00,283.0000166666667,-26.793776720475865,0.1628156442535938,FLAT,False,False,False,
2026-04-19T11:18:00+00:00,ETHUSDT,LONG_SPOT_SHORT_PERP,2326.88,2324.79,-8.98198445987823,-0.00011438,-0.00022976,2026-04-19T16:00:00.001000+00:00,282.0000166666667,-27.27958445987823,0.1622166658152557,FLAT,False,False,False,
2026-04-19T11:19:00+00:00,ETHUSDT,LONG_SPOT_SHORT_PERP,2324.67,2322.88,-7.700017636911749,-0.00011438,-0.00022976,2026-04-19T16:00:00.001000+00:00,281.0000166666667,-25.997617636911748,0.1638603722911989,FLAT,False,False,False,
2026-04-19T11:20:00+00:00,ETHUSDT,LONG_SPOT_SHORT_PERP,2325.62,2323.6,-8.685855814793397,-0.00011438,-0.00022976,2026-04-19T16:00:00.001000+00:00,280.0000166666667,-26.9834558147934,0.16257841250037688,FLAT,False,False,False,
2026-04-19T11:21:00+00:00,ETHUSDT,LONG_SPOT_SHORT_PERP,2326.13,2324.21,-8.254052868928532,-0.00011438,-0.00022976,2026-04-19T16:00:00.001000+00:00,279.0000166666667,-26.55165286892853,0.1631248788029428,FLAT,False,False,False,
2026-04-19T11:22:00+00:00,ETHUSDT,LONG_SPOT_SHORT_PERP,2324.0,2321.96,-8.777969018932717,-0.00011438,-0.00022976,2026-04-19T16:00:00.001000+00:00,278.0000166666667,-27.07556901893272,0.1624647719829534,FLAT,False,False,False,
2026-04-19T11:23:00+00:00,ETHUSDT,LONG_SPOT_SHORT_PERP,2325.26,2323.59,-7.181992551370911,-0.00011438,-0.00022976,2026-04-19T16:00:00.001000+00:00,277.0000166666667,-25.47959255137091,0.16458465237111497,FLAT,False,False,False,
2026-04-19T11:24:00+00:00,ETHUSDT,LONG_SPOT_SHORT_PERP,2324.94,2323.21,-7.441052242208479,-0.00011438,-0.00022976,2026-04-19T16:00:00.001000+00:00,276.0000166666667,-25.73865224220848,0.16421791362795773,FLAT,False,False,False,
2026-04-19T11:25:00+00:00,ETHUSDT,LONG_SPOT_SHORT_PERP,2326.34,2324.62,-7.393588211526494,-0.00011438,-0.00022976,2026-04-19T16:00:00.001000+00:00,275.0000166666667,-25.691188211526494,0.16428442120650022,FLAT,False,False,False,
2026-04-19T11:26:00+00:00,ETHUSDT,LONG_SPOT_SHORT_PERP,2324.82,2322.85,-8.473774313711404,-0.00011438,-0.00022976,2026-04-19T16:00:00.001000+00:00,274.0000166666667,-26.771374313711405,0.16284395225236878,FLAT,False,False,False,
2026-04-19T11:27:00+00:00,ETHUSDT,LONG_SPOT_SHORT_PERP,2325.19,2322.99,-9.461592385999737,-0.00011438,-0.00022976,2026-04-19T16:00:00.001000+00:00,273.0000166666667,-27.759192385999736,0.1616524161544977,FLAT,False,False,False,
2026-04-19T11:28:00+00:00,ETHUSDT,LONG_SPOT_SHORT_PERP,2325.66,2323.95,-7.3527514770002345,-0.00011438,-0.00022976,2026-04-19T16:00:00.001000+00:00,272.0000166666667,-25.650351477000235,0.16434188713430734,FLAT,False,False,False,
2026-04-19T11:29:00+00:00,ETHUSDT,LONG_SPOT_SHORT_PERP,2325.85,2323.86,-8.556011780638398,-0.00011438,-0.00022976,2026-04-19T16:00:00.001000+00:00,271.0000166666667,-26.8536117806384,0.16274033666099147,FLAT,False,False,False,
2026-04-19T11:30:00+00:00,ETHUSDT,LONG_SPOT_SHORT_PERP,2325.84,2323.87,-8.47005812953709,-0.00011438,-0.00022976,2026-04-19T16:00:00.001000+00:00,270.0000166666667,-26.76765812953709,0.16284865402544177,FLAT,False,False,False,
2026-04-19T11:31:00+00:00,ETHUSDT,LONG_SPOT_SHORT_PERP,2327.37,2325.6,-7.605150878459299,-0.00011438,-0.00022976,2026-04-19T16:00:00.001000+00:00,269.0000166666667,-25.9027508784593,0.16399031232495206,FLAT,False,False,False,
2026-04-19T11:32:00+00:00,ETHUSDT,LONG_SPOT_SHORT_PERP,2329.33,2327.66,-7.169443573903538,-0.00011438,-0.00022976,2026-04-19T16:00:00.001000+00:00,268.0000166666667,-25.46704357390354,0.16460265148456782,FLAT,False,False,False,
2026-04-19T11:33:00+00:00,ETHUSDT,LONG_SPOT_SHORT_PERP,2328.9,2327.2,-7.299583494354729,-0.00011438,-0.00022976,2026-04-19T16:00:00.001000+00:00,267.0000166666667,-25.59718349435473,0.16441704633764218,FLAT,False,False,False,
2026-04-19T11:34:00+00:00,ETHUSDT,LONG_SPOT_SHORT_PERP,2328.14,2326.23,-8.203973987817978,-0.00011438,-0.00022976,2026-04-19T16:00:00.001000+00:00,266.0000166666667,-26.501573987817977,0.16318974910014777,FLAT,False,False,False,
2026-04-19T11:35:00+00:00,ETHUSDT,LONG_SPOT_SHORT_PERP,2327.66,2325.83,-7.861972968560389,-0.00011438,-0.00022976,2026-04-19T16:00:00.001000+00:00,265.0000166666667,-26.15957296856039,0.1636412776571262,FLAT,False,False,False,
2026-04-19T11:36:00+00:00,ETHUSDT,LONG_SPOT_SHORT_PERP,2327.98,2326.28,-7.3024682342624,-0.00011438,-0.00022976,2026-04-19T16:00:00.001000+00:00,264.0000166666667,-25.6000682342624,0.1644129585051849,FLAT,False,False,False,
2026-04-19T11:37:00+00:00,ETHUSDT,LONG_SPOT_SHORT_PERP,2327.0,2325.28,-7.391491190373012,-0.00011438,-0.00022976,2026-04-19T16:00:00.001000+00:00,263.0000166666667,-25.689091190373013,0.16428736663875182,FLAT,False,False,False,
2026-04-19T11:38:00+00:00,ETHUSDT,LONG_SPOT_SHORT_PERP,2327.08,2325.27,-7.7779878646198055,-0.00011438,-0.00022976,2026-04-19T16:00:00.001000+00:00,262.0000166666667,-26.075587864619806,0.16375446482382797,FLAT,False,False,False,
2026-04-19T11:39:00+00:00,ETHUSDT,LONG_SPOT_SHORT_PERP,2326.2,2324.74,-6.276330496088197,-0.00011438,-0.00022976,2026-04-19T16:00:00.001000+00:00,261.0000166666667,-24.573930496088195,0.16594126102085122,FLAT,False,False,False,
2026-04-19T11:40:00+00:00,ETHUSDT,LONG_SPOT_SHORT_PERP,2325.99,2324.48,-6.491859380305864,-0.00011438,-0.00022976,2026-04-19T16:00:00.001000+00:00,260.0000166666667,-24.789459380305864,0.16560759819463142,FLAT,False,False,False,
2026-04-19T11:41:00+00:00,ETHUSDT,LONG_SPOT_SHORT_PERP,2326.49,2324.6,-8.123826021172981,-0.00011438,-0.00022976,2026-04-19T16:00:00.001000+00:00,259.0000166666667,-26.42142602117298,0.1632942270005183,FLAT,False,False,False,
2026-04-19T11:42:00+00:00,ETHUSDT,LONG_SPOT_SHORT_PERP,2325.73,2324.0,-7.438524678273136,-0.00011438,-0.00022976,2026-04-19T16:00:00.001000+00:00,258.0000166666667,-25.736124678273136,0.16422144761704865,FLAT,False,False,False,
2026-04-19T11:43:00+00:00,ETHUSDT,LONG_SPOT_SHORT_PERP,2326.34,2324.8,-6.619840607993516,-0.00011438,-0.00022976,2026-04-19T16:00:00.001000+00:00,257.0000166666667,-24.917440607993516,0.16541272187487768,FLAT,False,False,False,
2026-04-19T11:44:00+00:00,ETHUSDT,LONG_SPOT_SHORT_PERP,2327.78,2326.15,-7.002379949995743,-0.00011438,-0.00022976,2026-04-19T16:00:00.001000+00:00,256.0000166666667,-25.299979949995745,0.16484436164176,FLAT,False,False,False,
2026-04-19T11:45:00+00:00,ETHUSDT,LONG_SPOT_SHORT_PERP,2328.39,2326.6,-7.687715545935018,-0.00011438,-0.00022976,2026-04-19T16:00:00.001000+00:00,255.00001666666668,-25.985315545935016,0.16387715539024714,FLAT,False,False,False,
2026-04-19T11:46:00+00:00,ETHUSDT,LONG_SPOT_SHORT_PERP,2327.63,2326.06,-6.74505827816347,-0.00011438,-0.00022976,2026-04-19T16:00:00.001000+00:00,254.00001666666668,-25.042658278163472,0.16522436582713645,FLAT,False,False,False,
2026-04-19T11:47:00+00:00,ETHUSDT,LONG_SPOT_SHORT_PERP,2328.99,2327.02,-8.458602226715444,-0.00011438,-0.00022976,2026-04-19T16:00:00.001000+00:00,253.00001666666668,-26.756202226715445,0.1628631588764048,FLAT,False,False,False,
2026-04-19T11:48:00+00:00,ETHUSDT,LONG_SPOT_SHORT_PERP,2328.89,2327.16,-7.428431570404864,-0.00011438,-0.00022976,2026-04-19T16:00:00.001000+00:00,252.00001666666668,-25.726031570404864,0.16423556820782528,FLAT,False,False,False,
2026-04-19T11:49:00+00:00,ETHUSDT,LONG_SPOT_SHORT_PERP,2328.59,2326.59,-8.588888554876556,-0.00011438,-0.00022976,2026-04-19T16:00:00.001000+00:00,251.00001666666668,-26.886488554876557,0.16269914408053243,FLAT,False,False,False,
2026-04-19T11:50:00+00:00,ETHUSDT,LONG_SPOT_SHORT_PERP,2329.34,2327.61,-7.426996488275726,-0.00011438,-0.00022976,2026-04-19T16:00:00.001000+00:00,250.00001666666668,-25.724596488275726,0.16423757705380693,FLAT,False,False,False,
2026-04-19T11:51:00+00:00,ETHUSDT,LONG_SPOT_SHORT_PERP,2328.68,2326.75,-8.287957125924715,-0.00011438,-0.00022976,2026-04-19T16:00:00.001000+00:00,249.00001666666668,-26.585557125924716,0.16308113888648484,FLAT,False,False,False,
2026-04-19T11:52:00+00:00,ETHUSDT,LONG_SPOT_SHORT_PERP,2327.52,2325.66,-7.991338420293391,-0.00011438,-0.00022976,2026-04-19T16:00:00.001000+00:00,248.00001666666668,-26.28893842029339,0.16346872148032848,FLAT,False,False,False,
2026-04-19T11:53:00+00:00,ETHUSDT,LONG_SPOT_SHORT_PERP,2329.26,2327.61,-7.083794853301438,-0.00011438,-0.00022976,2026-04-19T16:00:00.001000+00:00,247.00001666666668,-25.381394853301437,0.16472608234616054,FLAT,False,False,False,
2026-04-19T11:54:00+00:00,ETHUSDT,LONG_SPOT_SHORT_PERP,2329.84,2327.89,-8.36967345397226,-0.00011438,-0.00022976,2026-04-19T16:00:00.001000+00:00,246.00001666666668,-26.66727345397226,0.16297630541019334,FLAT,False,False,False,
2026-04-19T11:55:00+00:00,ETHUSDT,LONG_SPOT_SHORT_PERP,2328.89,2327.19,-7.29961483796924,-0.00011438,-0.00022976,2026-04-19T16:00:00.001000+00:00,245.00001666666668,-25.59721483796924,0.16441700191592323,FLAT,False,False,False,
2026-04-19T11:56:00+00:00,ETHUSDT,LONG_SPOT_SHORT_PERP,2330.38,2328.31,-8.882671495636608,-0.00011438,-0.00022976,2026-04-19T16:00:00.001000+00:00,244.00001666666668,-27.180271495636607,0.16233682790524204,FLAT,False,False,False,
2026-04-19T11:57:00+00:00,ETHUSDT,LONG_SPOT_SHORT_PERP,2328.14,2326.18,-8.418737704777362,-0.00011438,-0.00022976,2026-04-19T16:00:00.001000+00:00,243.00001666666668,-26.716337704777363,0.1629137589800762,FLAT,False,False,False,
2026-04-19T11:58:00+00:00,ETHUSDT,LONG_SPOT_SHORT_PERP,2329.07,2327.01,-8.844732017500313,-0.00011438,-0.00022976,2026-04-19T16:00:00.001000+00:00,242.00001666666668,-27.142332017500312,0.1623830389196651,FLAT,False,False,False,
2026-04-19T11:59:00+00:00,ETHUSDT,LONG_SPOT_SHORT_PERP,2329.38,2327.66,-7.383939073917757,-0.00011438,-0.00022976,2026-04-19T16:00:00.001000+00:00,241.00001666666668,-25.681539073917758,0.1642979791312677,FLAT,False,False,False,
2026-04-19T12:00:00+00:00,ETHUSDT,LONG_SPOT_SHORT_PERP,2328.26,2326.43,-7.859946913147079,-0.00011438,-0.00022976,2026-04-19T16:00:00.001000+00:00,240.00001666666668,-26.15754691314708,0.16364399736724147,FLAT,False,False,False,
2026-04-19T12:01:00+00:00,ETHUSDT,LONG_SPOT_SHORT_PERP,2329.44,2327.63,-7.7701078370764876,-0.00011438,-0.00022976,2026-04-19T16:00:00.001000+00:00,239.00001666666668,-26.067707837076487,0.1637651320598096,FLAT,False,False,False,
2026-04-19T12:02:00+00:00,ETHUSDT,LONG_SPOT_SHORT_PERP,2331.39,2329.37,-8.66435903044957,-0.00011438,-0.00022976,2026-04-19T16:00:00.001000+00:00,238.00001666666668,-26.96195903044957,0.162605079712124,FLAT,False,False,False,
2026-04-19T12:03:00+00:00,ETHUSDT,LONG_SPOT_SHORT_PERP,2329.67,2327.72,-8.370284203343274,-0.00011438,-0.00022976,2026-04-19T16:00:00.001000+00:00,237.00001666666668,-26.667884203343274,0.16297552500517007,FLAT,False,False,False,
2026-04-19T12:04:00+00:00,ETHUSDT,LONG_SPOT_SHORT_PERP,2331.98,2329.82,-9.26251511590946,-0.00011438,-0.00022976,2026-04-19T16:00:00.001000+00:00,236.00001666666668,-27.56011511590946,0.1618834381016606,FLAT,False,False,False,
2026-04-19T12:05:00+00:00,ETHUSDT,LONG_SPOT_SHORT_PERP,2331.15,2329.28,-8.021791819487767,-0.00011438,-0.00022976,2026-04-19T16:00:00.001000+00:00,235.00001666666668,-26.319391819487766,0.16342841404068476,FLAT,False,False,False,
2026-04-19T12:06:00+00:00,ETHUSDT,LONG_SPOT_SHORT_PERP,2330.33,2328.53,-7.724227899051753,-0.00011438,-0.00022976,2026-04-19T16:00:00.001000+00:00,234.00001666666668,-26.021827899051754,0.16382740177246374,FLAT,False,False,False,
2026-04-19T12:07:00+00:00,ETHUSDT,LONG_SPOT_SHORT_PERP,2330.69,2328.81,-8.06628080096499,-0.00011438,-0.00022976,2026-04-19T16:00:00.001000+00:00,233.00001666666668,-26.36388080096499,0.163369742685416,FLAT,False,False,False,
2026-04-19T12:08:00+00:00,ETHUSDT,LONG_SPOT_SHORT_PERP,2333.0,2331.03,-8.444063437633089,-0.00011438,-0.00022976,2026-04-19T16:00:00.001000+00:00,232.00001666666668,-26.74166343763309,0.16288159032974606,FLAT,False,False,False,
2026-04-19T12:09:00+00:00,ETHUSDT,LONG_SPOT_SHORT_PERP,2332.79,2330.65,-9.17356470149423,-0.00011438,-0.00022976,2026-04-19T16:00:00.001000+00:00,231.00001666666668,-27.47116470149423,0.16198811583294664,FLAT,False,False,False,
2026-04-19T12:10:00+00:00,ETHUSDT,LONG_SPOT_SHORT_PERP,2329.91,2327.73,-9.356584589103598,-0.00011438,-0.00022976,2026-04-19T16:00:00.001000+00:00,230.00001666666668,-27.654184589103597,0.16177371651538985,FLAT,False,False,False,
2026-04-19T12:11:00+00:00,ETHUSDT,LONG_SPOT_SHORT_PERP,2334.06,2331.75,-9.896917817022466,-0.00011438,-0.00022976,2026-04-19T16:00:00.001000+00:00,229.00001666666668,-28.194517817022465,0.1611625581294268,FLAT,False,False,False,
2026-04-19T12:12:00+00:00,ETHUSDT,LONG_SPOT_SHORT_PERP,2332.25,2330.11,-9.175688712616026,-0.00011438,-0.00022976,2026-04-19T16:00:00.001000+00:00,228.00001666666668,-27.473288712616025,0.16198560571488746,FLAT,False,False,False,
2026-04-19T12:13:00+00:00,ETHUSDT,LONG_SPOT_SHORT_PERP,2331.83,2329.59,-9.606189130424523,-0.00011438,-0.00022976,2026-04-19T16:00:00.001000+00:00,227.00001666666668,-27.903789130424524,0.16148739900743808,FLAT,False,False,False,
2026-04-19T12:14:00+00:00,ETHUSDT,LONG_SPOT_SHORT_PERP,2333.77,2331.68,-8.955466905479742,-0.00011438,-0.00022976,2026-04-19T16:00:00.001000+00:00,226.00001666666668,-27.25306690547974,0.162248636970435,FLAT,False,False,False,
2026-04-19T12:15:00+00:00,ETHUSDT,LONG_SPOT_SHORT_PERP,2332.83,2330.54,-9.816403252701498,-0.00011438,-0.00022976,2026-04-19T16:00:00.001000+00:00,225.00001666666668,-28.114003252701497,0.1612516012729567,FLAT,False,False,False,
2026-04-19T12:16:00+00:00,ETHUSDT,LONG_SPOT_SHORT_PERP,2333.9,2331.54,-10.111829984147253,-0.00011438,-0.00022976,2026-04-19T16:00:00.001000+00:00,224.00001666666668,-28.409429984147252,0.16092827204252422,FLAT,False,False,False,
2026-04-19T12:17:00+00:00,ETHUSDT,LONG_SPOT_SHORT_PERP,2333.4,2331.34,-8.828319190880025,-0.00011438,-0.00022976,2026-04-19T16:00:00.001000+00:00,223.00001666666668,-27.125919190880026,0.16240308286515162,FLAT,False,False,False,
2026-04-19T12:18:00+00:00,ETHUSDT,LONG_SPOT_SHORT_PERP,2332.1,2330.07,-8.704601003386413,-0.00011438,-0.00022976,2026-04-19T16:00:00.001000+00:00,222.00001666666668,-27.002201003386414,0.16255520406160237,FLAT,False,False,False,
2026-04-19T12:19:00+00:00,ETHUSDT,LONG_SPOT_SHORT_PERP,2332.83,2330.51,-9.945002421949773,-0.00011438,-0.00022976,2026-04-19T16:00:00.001000+00:00,221.00001666666668,-28.242602421949773,0.16110971210747155,FLAT,False,False,False,
2026-04-19T12:20:00+00:00,ETHUSDT,LONG_SPOT_SHORT_PERP,2332.0,2329.89,-9.048027444254405,-0.00011438,-0.00022976,2026-04-19T16:00:00.001000+00:00,220.00001666666668,-27.345627444254404,0.1621373974414209,FLAT,False,False,False,
2026-04-19T12:21:00+00:00,ETHUSDT,LONG_SPOT_SHORT_PERP,2330.96,2328.85,-9.052064385489787,-0.00011438,-0.00022976,2026-04-19T16:00:00.001000+00:00,219.00001666666668,-27.34966438548979,0.1621325685579381,FLAT,False,False,False,
2026-04-19T12:22:00+00:00,ETHUSDT,LONG_SPOT_SHORT_PERP,2332.31,2330.0,-9.904343762192614,-0.00011438,-0.00022976,2026-04-19T16:00:00.001000+00:00,218.00001666666668,-28.201943762192613,0.16115438068983592,FLAT,False,False,False,
2026-04-19T12:23:00+00:00,ETHUSDT,LONG_SPOT_SHORT_PERP,2331.86,2329.79,-8.877033784190147,-0.00011438,-0.00022976,2026-04-19T16:00:00.001000+00:00,217.00001666666668,-27.174633784190146,0.162343683982757,FLAT,False,False,False,
2026-04-19T12:24:00+00:00,ETHUSDT,LONG_SPOT_SHORT_PERP,2330.08,2327.89,-9.398818924672348,-0.00011438,-0.00022976,2026-04-19T16:00:00.001000+00:00,216.00001666666668,-27.696418924672347,0.16172478032476145,FLAT,False,False,False,
2026-04-19T12:25:00+00:00,ETHUSDT,LONG_SPOT_SHORT_PERP,2328.35,2326.14,-9.491700130994207,-0.00011438,-0.00022976,2026-04-19T16:00:00.001000+00:00,215.00001666666668,-27.789300130994206,0.161617864910539,FLAT,False,False,False,
2026-04-19T12:26:00+00:00,ETHUSDT,LONG_SPOT_SHORT_PERP,2327.88,2325.63,-9.665446672508892,-0.00011438,-0.00022976,2026-04-19T16:00:00.001000+00:00,214.00001666666668,-27.96304667250889,0.16142044068559466,FLAT,False,False,False,
2026-04-19T12:27:00+00:00,ETHUSDT,LONG_SPOT_SHORT_PERP,2329.3,2327.3,-8.586270553385136,-0.00011438,-0.00022976,2026-04-19T16:00:00.001000+00:00,213.00001666666668,-26.883870553385137,0.16270241946361225,FLAT,False,False,False,
2026-04-19T12:28:00+00:00,ETHUSDT,LONG_SPOT_SHORT_PERP,2329.02,2326.69,-10.004207778378577,-0.00011438,-0.00022976,2026-04-19T16:00:00.001000+00:00,212.00001666666668,-28.301807778378578,0.16104498315764854,FLAT,False,False,False,
2026-04-19T12:29:00+00:00,ETHUSDT,LONG_SPOT_SHORT_PERP,2329.0,2326.7,-9.875483039932082,-0.00011438,-0.00022976,2026-04-19T16:00:00.001000+00:00,211.00001666666668,-28.17308303993208,0.16118619526694516,FLAT,False,False,False,
2026-04-19T12:30:00+00:00,ETHUSDT,LONG_SPOT_SHORT_PERP,2328.32,2325.84,-10.651456844420089,-0.00011438,-0.00022976,2026-04-19T16:00:00.001000+00:00,210.00001666666668,-28.949056844420088,0.1603611800898565,FLAT,False,False,False,
2026-04-19T12:31:00+00:00,ETHUSDT,LONG_SPOT_SHORT_PERP,2328.71,2326.67,-8.760214882917854,-0.00011438,-0.00022976,2026-04-19T16:00:00.001000+00:00,209.00001666666668,-27.057814882917853,0.16248659638255042,FLAT,False,False,False,
2026-04-19T12:32:00+00:00,ETHUSDT,LONG_SPOT_SHORT_PERP,2328.36,2326.04,-9.964094899414881,-0.00011438,-0.00022976,2026-04-19T16:00:00.001000+00:00,208.00001666666668,-28.26169489941488,0.16108879760018227,FLAT,False,False,False,
2026-04-19T12:33:00+00:00,ETHUSDT,LONG_SPOT_SHORT_PERP,2327.77,2325.38,-10.267337408764064,-0.00011438,-0.00022976,2026-04-19T16:00:00.001000+00:00,207.00001666666668,-28.564937408764063,0.16076177883100035,FLAT,False,False,False,
2026-04-19T12:34:00+00:00,ETHUSDT,LONG_SPOT_SHORT_PERP,2329.38,2327.08,-9.873872017447482,-0.00011438,-0.00022976,2026-04-19T16:00:00.001000+00:00,206.00001666666668,-28.17147201744748,0.1611879738113144,FLAT,False,False,False,
2026-04-19T12:35:00+00:00,ETHUSDT,LONG_SPOT_SHORT_PERP,2329.08,2326.69,-10.26156250536638,-0.00011438,-0.00022976,2026-04-19T16:00:00.001000+00:00,205.00001666666668,-28.55916250536638,0.16076791669618737,FLAT,False,False,False,
2026-04-19T12:36:00+00:00,ETHUSDT,LONG_SPOT_SHORT_PERP,2327.58,2325.43,-9.237061669201879,-0.00011438,-0.00022976,2026-04-19T16:00:00.001000+00:00,204.00001666666668,-27.534661669201878,0.1619132995977697,FLAT,False,False,False,
2026-04-19T12:37:00+00:00,ETHUSDT,LONG_SPOT_SHORT_PERP,2328.61,2326.51,-9.018255525828323,-0.00011438,-0.00022976,2026-04-19T16:00:00.001000+00:00,203.00001666666668,-27.315855525828322,0.16217306837154374,FLAT,False,False,False,
2026-04-19T12:38:00+00:00,ETHUSDT,LONG_SPOT_SHORT_PERP,2327.42,2325.12,-9.882187142845648,-0.00011438,-0.00022976,2026-04-19T16:00:00.001000+00:00,202.00001666666668,-28.179787142845647,0.16117879703448978,FLAT,False,False,False,
2026-04-19T12:39:00+00:00,ETHUSDT,LONG_SPOT_SHORT_PERP,2326.36,2323.93,-10.445502845648528,-0.00011438,-0.00022976,2026-04-19T16:00:00.001000+00:00,201.00001666666668,-28.74310284564853,0.16057410319859636,FLAT,False,False,False,
2026-04-19T12:40:00+00:00,ETHUSDT,LONG_SPOT_SHORT_PERP,2325.7,2323.44,-9.717504407274212,-0.00011438,-0.00022976,2026-04-19T16:00:00.001000+00:00,200.00001666666668,-28.01510440727421,0.16136193556960998,FLAT,False,False,False,
2026-04-19T12:41:00+00:00,ETHUSDT,LONG_SPOT_SHORT_PERP,2325.38,2323.43,-8.38572620389043,-0.00011438,-0.00022976,2026-04-19T16:00:00.001000+00:00,199.00001666666668,-26.68332620389043,0.16295580882909397,FLAT,False,False,False,
2026-04-19T12:42:00+00:00,ETHUSDT,LONG_SPOT_SHORT_PERP,2326.03,2324.12,-8.211416017851485,-0.00011438,-0.00022976,2026-04-19T16:00:00.001000+00:00,198.00001666666668,-26.509016017851486,0.163180089048677,FLAT,False,False,False,
2026-04-19T12:43:00+00:00,ETHUSDT,LONG_SPOT_SHORT_PERP,2326.32,2324.63,-7.2646927335880465,-0.00011438,-0.00022976,2026-04-19T16:00:00.001000+00:00,197.00001666666668,-25.562292733588045,0.16446657875201748,FLAT,False,False,False,
2026-04-19T12:44:00+00:00,ETHUSDT,LONG_SPOT_SHORT_PERP,2326.28,2324.42,-7.9955981223246,-0.00011438,-0.00022976,2026-04-19T16:00:00.001000+00:00,196.00001666666668,-26.2931981223246,0.16346307628091816,FLAT,False,False,False,
2026-04-19T12:45:00+00:00,ETHUSDT,LONG_SPOT_SHORT_PERP,2325.01,2323.01,-8.602113539296605,-0.00011438,-0.00022976,2026-04-19T16:00:00.001000+00:00,195.00001666666668,-26.899713539296606,0.16268261100464287,FLAT,False,False,False,
2026-04-19T12:46:00+00:00,ETHUSDT,LONG_SPOT_SHORT_PERP,2326.4,2324.31,-8.98383768913405,-0.00011438,-0.00022976,2026-04-19T16:00:00.001000+00:00,194.00001666666668,-27.28143768913405,0.16221443452767828,FLAT,False,False,False,
2026-04-19T12:47:00+00:00,ETHUSDT,LONG_SPOT_SHORT_PERP,2326.67,2324.82,-7.9512780067646425,-0.00011438,-0.00022976,2026-04-19T16:00:00.001000+00:00,193.00001666666668,-26.24887800676464,0.16352192588982845,FLAT,False,False,False,
2026-04-19T12:48:00+00:00,ETHUSDT,LONG_SPOT_SHORT_PERP,2326.65,2324.51,-9.197773623019675,-0.00011438,-0.00022976,2026-04-19T16:00:00.001000+00:00,192.00001666666668,-27.495373623019674,0.1619595368445761,FLAT,False,False,False,
2026-04-19T12:49:00+00:00,ETHUSDT,LONG_SPOT_SHORT_PERP,2326.49,2324.57,-8.252775640555594,-0.00011438,-0.00022976,2026-04-19T16:00:00.001000+00:00,191.00001666666668,-26.550375640555593,0.16312652936732547,FLAT,False,False,False,
2026-04-19T12:50:00+00:00,ETHUSDT,LONG_SPOT_SHORT_PERP,2327.12,2325.17,-8.379456151809181,-0.00011438,-0.00022976,2026-04-19T16:00:00.001000+00:00,190.00001666666668,-26.677056151809182,0.1629638108033216,FLAT,False,False,False,
2026-04-19T12:51:00+00:00,ETHUSDT,LONG_SPOT_SHORT_PERP,2327.28,2325.4,-8.07809975593873,-0.00011438,-0.00022976,2026-04-19T16:00:00.001000+00:00,189.00001666666668,-26.37569975593873,0.16335419849107988,FLAT,False,False,False,
2026-04-19T12:52:00+00:00,ETHUSDT,LONG_SPOT_SHORT_PERP,2328.89,2326.77,-9.103049092056263,-0.00011438,-0.00022976,2026-04-19T16:00:00.001000+00:00,188.00001666666668,-27.400649092056263,0.16207174470333544,FLAT,False,False,False,
2026-04-19T12:53:00+00:00,ETHUSDT,LONG_SPOT_SHORT_PERP,2329.14,2327.21,-8.286320272717983,-0.00011438,-0.00022976,2026-04-19T16:00:00.001000+00:00,187.00001666666668,-26.583920272717982,0.1630832472921291,FLAT,False,False,False,
2026-04-19T12:54:00+00:00,ETHUSDT,LONG_SPOT_SHORT_PERP,2329.75,2327.61,-9.185534928639864,-0.00011438,-0.00022976,2026-04-19T16:00:00.001000+00:00,186.00001666666668,-27.483134928639863,0.1619739763998466,FLAT,False,False,False,
2026-04-19T12:55:00+00:00,ETHUSDT,LONG_SPOT_SHORT_PERP,2331.12,2329.32,-7.721610213115271,-0.00011438,-0.00022976,2026-04-19T16:00:00.001000+00:00,185.00001666666668,-26.019210213115272,0.16383096292126934,FLAT,False,False,False,
2026-04-19T12:56:00+00:00,ETHUSDT,LONG_SPOT_SHORT_PERP,2332.16,2330.13,-8.704377058176735,-0.00011438,-0.00022976,2026-04-19T16:00:00.001000+00:00,184.00001666666668,-27.001977058176735,0.16255548107931217,FLAT,False,False,False,
2026-04-19T12:57:00+00:00,ETHUSDT,LONG_SPOT_SHORT_PERP,2336.27,2334.48,-7.661785666896222,-0.00011438,-0.00022976,2026-04-19T16:00:00.001000+00:00,183.00001666666668,-25.95938566689622,0.1639125956485986,FLAT,False,False,False,
2026-04-19T12:58:00+00:00,ETHUSDT,LONG_SPOT_SHORT_PERP,2332.86,2331.22,-7.02999751378277,-0.00011438,-0.00022976,2026-04-19T16:00:00.001000+00:00,182.00001666666668,-25.32759751378277,0.16480413472636327,FLAT,False,False,False,
2026-04-19T12:59:00+00:00,ETHUSDT,LONG_SPOT_SHORT_PERP,2331.29,2329.4,-8.107099502849808,-0.00011438,-0.00022976,2026-04-19T16:00:00.001000+00:00,181.00001666666668,-26.40469950284981,0.16331613356993438,FLAT,False,False,False,
2026-04-19T13:00:00+00:00,ETHUSDT,LONG_SPOT_SHORT_PERP,2332.85,2330.68,-9.301926827700337,-0.00011438,-0.00022976,2026-04-19T16:00:00.001000+00:00,180.00001666666668,-27.599526827700338,0.16183734655801127,FLAT,False,False,False,
2026-04-19T13:01:00+00:00,ETHUSDT,LONG_SPOT_SHORT_PERP,2334.42,2332.35,-8.867298943635522,-0.00011438,-0.00022976,2026-04-19T16:00:00.001000+00:00,179.00001666666668,-27.16489894363552,0.16235553145890474,FLAT,False,False,False,
2026-04-19T13:02:00+00:00,ETHUSDT,LONG_SPOT_SHORT_PERP,2333.56,2331.65,-8.184919179279104,-0.00011438,-0.00022976,2026-04-19T16:00:00.001000+00:00,178.00001666666668,-26.482519179279105,0.1632145147752958,FLAT,False,False,False,
2026-04-19T13:03:00+00:00,ETHUSDT,LONG_SPOT_SHORT_PERP,2336.3,2334.29,-8.603347172881127,-0.00011438,-0.00022976,2026-04-19T16:00:00.001000+00:00,177.00001666666668,-26.90094717288113,0.16268106987188172,FLAT,False,False,False,
2026-04-19T13:04:00+00:00,ETHUSDT,LONG_SPOT_SHORT_PERP,2336.97,2334.92,-8.772042431009929,-0.00011438,-0.00022976,2026-04-19T16:00:00.001000+00:00,176.00001666666668,-27.069642431009928,0.16247205310234747,FLAT,False,False,False,
2026-04-19T13:05:00+00:00,ETHUSDT,LONG_SPOT_SHORT_PERP,2336.79,2334.65,-9.157861853225462,-0.00011438,-0.00022976,2026-04-19T16:00:00.001000+00:00,175.00001666666668,-27.45546185322546,0.16200668925889766,FLAT,False,False,False,
2026-04-19T13:06:00+00:00,ETHUSDT,LONG_SPOT_SHORT_PERP,2337.89,2336.0,-8.084212687508279,-0.00011438,-0.00022976,2026-04-19T16:00:00.001000+00:00,174.00001666666668,-26.38181268750828,0.16334616579182243,FLAT,False,False,False,
2026-04-19T13:07:00+00:00,ETHUSDT,LONG_SPOT_SHORT_PERP,2336.96,2334.92,-8.729289333150605,-0.00011438,-0.00022976,2026-04-19T16:00:00.001000+00:00,173.00001666666668,-27.026889333150606,0.16252470176246553,FLAT,False,False,False,
2026-04-19T13:08:00+00:00,ETHUSDT,LONG_SPOT_SHORT_PERP,2337.17,2335.12,-8.771291775952035,-0.00011438,-0.00022976,2026-04-19T16:00:00.001000+00:00,172.00001666666668,-27.068891775952036,0.16247297561975615,FLAT,False,False,False,
2026-04-19T13:09:00+00:00,ETHUSDT,LONG_SPOT_SHORT_PERP,2338.5,2336.64,-7.953816549070461,-0.00011438,-0.00022976,2026-04-19T16:00:00.001000+00:00,171.00001666666668,-26.251416549070463,0.1635185483130989,FLAT,False,False,False,
2026-04-19T13:10:00+00:00,ETHUSDT,LONG_SPOT_SHORT_PERP,2336.63,2334.2,-10.399592575633674,-0.00011438,-0.00022976,2026-04-19T16:00:00.001000+00:00,170.00001666666668,-28.697192575633675,0.1606221527435786,FLAT,False,False,False,
2026-04-19T13:11:00+00:00,ETHUSDT,LONG_SPOT_SHORT_PERP,2336.09,2333.87,-9.503058529424186,-0.00011438,-0.00022976,2026-04-19T16:00:00.001000+00:00,169.00001666666668,-27.800658529424187,0.1616048564283029,FLAT,False,False,False,
2026-04-19T13:12:00+00:00,ETHUSDT,LONG_SPOT_SHORT_PERP,2334.8,2332.34,-10.536234366969488,-0.00011438,-0.00022976,2026-04-19T16:00:00.001000+00:00,168.00001666666668,-28.833834366969487,0.1604797741932243,FLAT,False,False,False,
2026-04-19T13:13:00+00:00,ETHUSDT,LONG_SPOT_SHORT_PERP,2335.24,2333.09,-9.206762474091041,-0.00011438,-0.00022976,2026-04-19T16:00:00.001000+00:00,167.00001666666668,-27.504362474091042,0.16194894247977656,FLAT,False,False,False,
2026-04-19T13:14:00+00:00,ETHUSDT,LONG_SPOT_SHORT_PERP,2336.33,2334.3,-8.688841045570383,-0.00011438,-0.00022976,2026-04-19T16:00:00.001000+00:00,166.00001666666668,-26.986441045570384,0.16257471365594142,FLAT,False,False,False,
2026-04-19T13:15:00+00:00,ETHUSDT,LONG_SPOT_SHORT_PERP,2337.17,2334.95,-9.498667191519036,-0.00011438,-0.00022976,2026-04-19T16:00:00.001000+00:00,165.00001666666668,-27.796267191519036,0.1616098840108798,FLAT,False,False,False,
2026-04-19T13:16:00+00:00,ETHUSDT,LONG_SPOT_SHORT_PERP,2338.38,2336.34,-8.723988402227027,-0.00011438,-0.00022976,2026-04-19T16:00:00.001000+00:00,164.00001666666668,-27.021588402227028,0.16253124487423387,FLAT,False,False,False,
2026-04-19T13:17:00+00:00,ETHUSDT,LONG_SPOT_SHORT_PERP,2338.4,2336.35,-8.766678070476317,-0.00011438,-0.00022976,2026-04-19T16:00:00.001000+00:00,163.00001666666668,-27.064278070476316,0.1624786471087335,FLAT,False,False,False,
2026-04-19T13:18:00+00:00,ETHUSDT,LONG_SPOT_SHORT_PERP,2340.65,2338.65,-8.54463503727597,-0.00011438,-0.00022976,2026-04-19T16:00:00.001000+00:00,162.00001666666668,-26.84223503727597,0.16275462164521504,FLAT,False,False,False,
2026-04-19T13:19:00+00:00,ETHUSDT,LONG_SPOT_SHORT_PERP,2341.79,2339.99,-7.686427903442161,-0.00011438,-0.00022976,2026-04-19T16:00:00.001000+00:00,161.00001666666668,-25.98402790344216,0.16387891320847375,FLAT,False,False,False,
2026-04-19T13:20:00+00:00,ETHUSDT,LONG_SPOT_SHORT_PERP,2341.0,2339.0,-8.543357539513028,-0.00011438,-0.00022976,2026-04-19T16:00:00.001000+00:00,160.00001666666668,-26.840957539513028,0.16275622669485998,FLAT,False,False,False,
2026-04-19T13:21:00+00:00,ETHUSDT,LONG_SPOT_SHORT_PERP,2348.14,2346.49,-7.0268382634770115,-0.00011438,-0.00022976,2026-04-19T16:00:00.001000+00:00,159.00001666666668,-25.324438263477013,0.16480873096626758,FLAT,False,False,False,
2026-04-19T13:22:00+00:00,ETHUSDT,LONG_SPOT_SHORT_PERP,2347.56,2345.47,-8.902860842747984,-0.00011438,-0.00022976,2026-04-19T16:00:00.001000+00:00,158.00001666666668,-27.200460842747983,0.16231230620051293,FLAT,False,False,False,
2026-04-19T13:23:00+00:00,ETHUSDT,LONG_SPOT_SHORT_PERP,2346.06,2343.98,-8.865928407627798,-0.00011438,-0.00022976,2026-04-19T16:00:00.001000+00:00,157.00001666666668,-27.163528407627798,0.16235720032532452,FLAT,False,False,False,
2026-04-19T13:24:00+00:00,ETHUSDT,LONG_SPOT_SHORT_PERP,2343.95,2341.69,-9.641843895986534,-0.00011438,-0.00022976,2026-04-19T16:00:00.001000+00:00,156.00001666666668,-27.939443895986535,0.1614470644918013,FLAT,False,False,False,
2026-04-19T13:25:00+00:00,ETHUSDT,LONG_SPOT_SHORT_PERP,2344.47,2342.3,-9.255823277754113,-0.00011438,-0.00022976,2026-04-19T16:00:00.001000+00:00,155.00001666666668,-27.553423277754113,0.16189128168091882,FLAT,False,False,False,
2026-04-19T13:26:00+00:00,ETHUSDT,LONG_SPOT_SHORT_PERP,2344.5,2342.3,-9.38366389421974,-0.00011438,-0.00022976,2026-04-19T16:00:00.001000+00:00,154.00001666666668,-27.68126389421974,0.1617423170813361,FLAT,False,False,False,
2026-04-19T13:27:00+00:00,ETHUSDT,LONG_SPOT_SHORT_PERP,2344.13,2342.02,-9.001207270928349,-0.00011438,-0.00022976,2026-04-19T16:00:00.001000+00:00,153.00001666666668,-27.29880727092835,0.16219354106674458,FLAT,False,False,False,
2026-04-19T13:28:00+00:00,ETHUSDT,LONG_SPOT_SHORT_PERP,2342.75,2340.52,-9.518727990609404,-0.00011438,-0.00022976,2026-04-19T16:00:00.001000+00:00,152.00001666666668,-27.816327990609405,0.1615869341699596,FLAT,False,False,False,
2026-04-19T13:29:00+00:00,ETHUSDT,LONG_SPOT_SHORT_PERP,2342.27,2340.0,-9.691453162957226,-0.00011438,-0.00022976,2026-04-19T16:00:00.001000+00:00,151.00001666666668,-27.989053162957227,0.1613911762258015,FLAT,False,False,False,
2026-04-19T13:30:00+00:00,ETHUSDT,LONG_SPOT_SHORT_PERP,2341.35,2339.07,-9.737971683002309,-0.00011438,-0.00022976,2026-04-19T16:00:00.001000+00:00,150.00001666666668,-28.03557168300231,0.16133901446667925,FLAT,False,False,False,
2026-04-19T13:31:00+00:00,ETHUSDT,LONG_SPOT_SHORT_PERP,2340.99,2338.81,-9.312299497220563,-0.00011438,-0.00022976,2026-04-19T16:00:00.001000+00:00,149.00001666666668,-27.609899497220564,0.1618252451658819,FLAT,False,False,False,
2026-04-19T13:32:00+00:00,ETHUSDT,LONG_SPOT_SHORT_PERP,2341.31,2339.01,-9.82356031452361,-0.00011438,-0.00022976,2026-04-19T16:00:00.001000+00:00,148.00001666666668,-28.12116031452361,0.1612436577969305,FLAT,False,False,False,
2026-04-19T13:33:00+00:00,ETHUSDT,LONG_SPOT_SHORT_PERP,2340.22,2338.07,-9.18717043696591,-0.00011438,-0.00022976,2026-04-19T16:00:00.001000+00:00,147.00001666666668,-27.48477043696591,0.1619720457868607,FLAT,False,False,False,
2026-04-19T13:34:00+00:00,ETHUSDT,LONG_SPOT_SHORT_PERP,2341.45,2339.24,-9.438595741954929,-0.00011438,-0.00022976,2026-04-19T16:00:00.001000+00:00,146.00001666666668,-27.73619574195493,0.1616788750307765,FLAT,False,False,False,
2026-04-19T13:35:00+00:00,ETHUSDT,LONG_SPOT_SHORT_PERP,2341.01,2339.05,-8.372454624286254,-0.00011438,-0.00022976,2026-04-19T16:00:00.001000+00:00,145.00001666666668,-26.670054624286255,0.16297275205253584,FLAT,False,False,False,
2026-04-19T13:36:00+00:00,ETHUSDT,LONG_SPOT_SHORT_PERP,2339.49,2337.03,-10.515112268056637,-0.00011438,-0.00022976,2026-04-19T16:00:00.001000+00:00,144.00001666666668,-28.812712268056636,0.1605016592992389,FLAT,False,False,False,
2026-04-19T13:37:00+00:00,ETHUSDT,LONG_SPOT_SHORT_PERP,2339.99,2338.0,-8.504309847477048,-0.00011438,-0.00022976,2026-04-19T16:00:00.001000+00:00,143.00001666666668,-26.80190984747705,0.16280538232702474,FLAT,False,False,False,
2026-04-19T13:38:00+00:00,ETHUSDT,LONG_SPOT_SHORT_PERP,2340.53,2338.29,-9.570481899399864,-0.00011438,-0.00022976,2026-04-19T16:00:00.001000+00:00,142.00001666666668,-27.868081899399865,0.1615279333521232,FLAT,False,False,False,
2026-04-19T13:39:00+00:00,ETHUSDT,LONG_SPOT_SHORT_PERP,2341.35,2339.37,-8.456659619450395,-0.00011438,-0.00022976,2026-04-19T16:00:00.001000+00:00,141.00001666666668,-26.754259619450394,0.16286562010004949,FLAT,False,False,False,
2026-04-19T13:40:00+00:00,ETHUSDT,LONG_SPOT_SHORT_PERP,2340.85,2338.75,-8.971100241364928,-0.00011438,-0.00022976,2026-04-19T16:00:00.001000+00:00,140.00001666666668,-27.26870024136493,0.16222977852080245,FLAT,False,False,False,
2026-04-19T13:41:00+00:00,ETHUSDT,LONG_SPOT_SHORT_PERP,2339.73,2337.68,-8.761694725460552,-0.00011438,-0.00022976,2026-04-19T16:00:00.001000+00:00,139.00001666666668,-27.059294725460553,0.1624847758383282,FLAT,False,False,False,
2026-04-19T13:42:00+00:00,ETHUSDT,LONG_SPOT_SHORT_PERP,2340.54,2338.32,-9.484990643184052,-0.00011438,-0.00022976,2026-04-19T16:00:00.001000+00:00,138.00001666666668,-27.78259064318405,0.16162555586958943,FLAT,False,False,False,
2026-04-19T13:43:00+00:00,ETHUSDT,LONG_SPOT_SHORT_PERP,2340.5,2338.52,-8.4597308267465,-0.00011438,-0.00022976,2026-04-19T16:00:00.001000+00:00,137.00001666666668,-26.7573308267465,0.16286172918780023,FLAT,False,False,False,
2026-04-19T13:44:00+00:00,ETHUSDT,LONG_SPOT_SHORT_PERP,2342.18,2340.17,-8.581748627346164,-0.00011438,-0.00022976,2026-04-19T16:00:00.001000+00:00,136.00001666666668,-26.879348627346165,0.16270807880738924,FLAT,False,False,False,
2026-04-19T13:45:00+00:00,ETHUSDT,LONG_SPOT_SHORT_PERP,2339.06,2337.02,-8.721452207296792,-0.00011438,-0.00022976,2026-04-19T16:00:00.001000+00:00,135.00001666666668,-27.01905220729679,0.16253437657301995,FLAT,False,False,False,
2026-04-19T13:46:00+00:00,ETHUSDT,LONG_SPOT_SHORT_PERP,2338.89,2336.58,-9.876479868655412,-0.00011438,-0.00022976,2026-04-19T16:00:00.001000+00:00,134.00001666666668,-28.17407986865541,0.16118509492287528,FLAT,False,False,False,
2026-04-19T13:47:00+00:00,ETHUSDT,LONG_SPOT_SHORT_PERP,2337.24,2335.33,-8.172031969330726,-0.00011438,-0.00022976,2026-04-19T16:00:00.001000+00:00,133.00001666666668,-26.469631969330727,0.16323129031506475,FLAT,False,False,False,
2026-04-19T13:48:00+00:00,ETHUSDT,LONG_SPOT_SHORT_PERP,2338.99,2336.98,-8.593452729595953,-0.00011438,-0.00022976,2026-04-19T16:00:00.001000+00:00,132.00001666666668,-26.891052729595952,0.16269343582802762,FLAT,False,False,False,
2026-04-19T13:49:00+00:00,ETHUSDT,LONG_SPOT_SHORT_PERP,2338.91,2336.97,-8.29446195022491,-0.00011438,-0.00022976,2026-04-19T16:00:00.001000+00:00,131.00001666666668,-26.59206195022491,0.1630727634266509,FLAT,False,False,False,
2026-04-19T13:50:00+00:00,ETHUSDT,LONG_SPOT_SHORT_PERP,2338.89,2337.01,-8.03800093206459,-0.00011438,-0.00022976,2026-04-19T16:00:00.001000+00:00,130.00001666666668,-26.33560093206459,0.16340700844443903,FLAT,False,False,False,
2026-04-19T13:51:00+00:00,ETHUSDT,LONG_SPOT_SHORT_PERP,2339.29,2337.53,-7.523650338349514,-0.00011438,-0.00022976,2026-04-19T16:00:00.001000+00:00,129.00001666666668,-25.821250338349515,0.1641029004931034,FLAT,False,False,False,
2026-04-19T13:52:00+00:00,ETHUSDT,LONG_SPOT_SHORT_PERP,2337.89,2336.02,-7.998665463301913,-0.00011438,-0.00022976,2026-04-19T16:00:00.001000+00:00,128.00001666666668,-26.296265463301914,0.16345901270800192,FLAT,False,False,False,
2026-04-19T13:53:00+00:00,ETHUSDT,LONG_SPOT_SHORT_PERP,2338.85,2336.87,-8.465698954614526,-0.00011438,-0.00022976,2026-04-19T16:00:00.001000+00:00,127.00001666666667,-26.763298954614527,0.16285417148025494,FLAT,False,False,False,
2026-04-19T13:54:00+00:00,ETHUSDT,LONG_SPOT_SHORT_PERP,2338.28,2336.36,-8.211163761397577,-0.00011438,-0.00022976,2026-04-19T16:00:00.001000+00:00,126.00001666666667,-26.508763761397578,0.1631804163735575,FLAT,False,False,False,
2026-04-19T13:55:00+00:00,ETHUSDT,LONG_SPOT_SHORT_PERP,2338.38,2336.46,-8.210812613861188,-0.00011438,-0.00022976,2026-04-19T16:00:00.001000+00:00,125.00001666666667,-26.50841261386119,0.16318087203161447,FLAT,False,False,False,
2026-04-19T13:56:00+00:00,ETHUSDT,LONG_SPOT_SHORT_PERP,2338.86,2336.99,-7.995348161071401,-0.00011438,-0.00022976,2026-04-19T16:00:00.001000+00:00,124.00001666666667,-26.2929481610714,0.16346340747948207,FLAT,False,False,False,
2026-04-19T13:57:00+00:00,ETHUSDT,LONG_SPOT_SHORT_PERP,2338.66,2336.72,-8.295348618439853,-0.00011438,-0.00022976,2026-04-19T16:00:00.001000+00:00,123.00001666666667,-26.592948618439852,0.1630716221822583,FLAT,False,False,False,
2026-04-19T13:58:00+00:00,ETHUSDT,LONG_SPOT_SHORT_PERP,2338.34,2336.43,-8.168187688703563,-0.00011438,-0.00022976,2026-04-19T16:00:00.001000+00:00,122.00001666666667,-26.465787688703564,0.16323629854971367,FLAT,False,False,False,
2026-04-19T13:59:00+00:00,ETHUSDT,LONG_SPOT_SHORT_PERP,2338.67,2336.84,-7.824960340706158,-0.00011438,-0.00022976,2026-04-19T16:00:00.001000+00:00,121.00001666666667,-26.12256034070616,0.16369104640985857,FLAT,False,False,False,
2026-04-19T14:00:00+00:00,ETHUSDT,LONG_SPOT_SHORT_PERP,2339.81,2337.8,-8.59044110419121,-0.00011438,-0.00022976,2026-04-19T16:00:00.001000+00:00,120.00001666666667,-26.88804110419121,0.1626972020781497,FLAT,False,False,False,
2026-04-19T14:01:00+00:00,ETHUSDT,LONG_SPOT_SHORT_PERP,2340.47,2338.62,-7.904395271034917,-0.00011438,-0.00022976,2026-04-19T16:00:00.001000+00:00,119.00001666666667,-26.201995271034917,0.163584453684474,FLAT,False,False,False,
2026-04-19T14:02:00+00:00,ETHUSDT,LONG_SPOT_SHORT_PERP,2335.98,2334.0,-8.47609996660938,-0.00011438,-0.00022976,2026-04-19T16:00:00.001000+00:00,118.00001666666667,-26.77369996660938,0.16284101066265064,FLAT,False,False,False,
2026-04-19T14:03:00+00:00,ETHUSDT,LONG_SPOT_SHORT_PERP,2334.01,2332.09,-8.226185834679683,-0.00011438,-0.00022976,2026-04-19T16:00:00.001000+00:00,117.00001666666667,-26.523785834679682,0.16316093785760943,FLAT,False,False,False,
2026-04-19T14:04:00+00:00,ETHUSDT,LONG_SPOT_SHORT_PERP,2333.18,2331.11,-8.872011589331766,-0.00011438,-0.00022976,2026-04-19T16:00:00.001000+00:00,116.00001666666667,-27.169611589331765,0.16234979468591565,FLAT,False,False,False,
2026-04-19T14:05:00+00:00,ETHUSDT,LONG_SPOT_SHORT_PERP,2328.28,2326.24,-8.761832769256353,-0.00011438,-0.00022976,2026-04-19T16:00:00.001000+00:00,115.00001666666667,-27.059432769256354,0.16248460602627357,FLAT,False,False,False,
2026-04-19T14:06:00+00:00,ETHUSDT,LONG_SPOT_SHORT_PERP,2328.95,2326.85,-9.016938963910386,-0.00011438,-0.00022976,2026-04-19T16:00:00.001000+00:00,114.00001666666667,-27.314538963910387,0.16217464818027974,FLAT,False,False,False,
2026-04-19T14:07:00+00:00,ETHUSDT,LONG_SPOT_SHORT_PERP,2330.17,2328.31,-7.982250222087347,-0.00011438,-0.00022976,2026-04-19T16:00:00.001000+00:00,113.00001666666667,-26.279850222087347,0.1634807734637746,FLAT,False,False,False,
2026-04-19T14:08:00+00:00,ETHUSDT,LONG_SPOT_SHORT_PERP,2329.0,2327.01,-8.544439673678754,-0.00011438,-0.00022976,2026-04-19T16:00:00.001000+00:00,112.00001666666667,-26.842039673678755,0.16275486708737918,FLAT,False,False,False,
2026-04-19T14:09:00+00:00,ETHUSDT,LONG_SPOT_SHORT_PERP,2329.43,2327.75,-7.212064754037839,-0.00011438,-0.00022976,2026-04-19T16:00:00.001000+00:00,111.00001666666667,-25.50966475403784,0.16454160819737715,FLAT,False,False,False,
2026-04-19T14:10:00+00:00,ETHUSDT,LONG_SPOT_SHORT_PERP,2330.67,2328.89,-7.6372888482719565,-0.00011438,-0.00022976,2026-04-19T16:00:00.001000+00:00,110.00001666666667,-25.934888848271957,0.1639461589923366,FLAT,False,False,False,
2026-04-19T14:11:00+00:00,ETHUSDT,LONG_SPOT_SHORT_PERP,2331.04,2329.35,-7.249982840277535,-0.00011438,-0.00022976,2026-04-19T16:00:00.001000+00:00,109.00001666666667,-25.547582840277535,0.1644875116250267,FLAT,False,False,False,
2026-04-19T14:12:00+00:00,ETHUSDT,LONG_SPOT_SHORT_PERP,2331.7,2330.11,-6.819059055623326,-0.00011438,-0.00022976,2026-04-19T16:00:00.001000+00:00,108.00001666666667,-25.116659055623327,0.1651141160372358,FLAT,False,False,False,
2026-04-19T14:13:00+00:00,ETHUSDT,LONG_SPOT_SHORT_PERP,2331.84,2330.18,-7.118841773021773,-0.00011438,-0.00022976,2026-04-19T16:00:00.001000+00:00,107.00001666666667,-25.416441773021774,0.16467545180314358,FLAT,False,False,False,
2026-04-19T14:14:00+00:00,ETHUSDT,LONG_SPOT_SHORT_PERP,2331.63,2329.69,-8.320359576776994,-0.00011438,-0.00022976,2026-04-19T16:00:00.001000+00:00,106.00001666666667,-26.617959576776993,0.16303947056092666,FLAT,False,False,False,
2026-04-19T14:15:00+00:00,ETHUSDT,LONG_SPOT_SHORT_PERP,2331.41,2329.82,-6.81990726641685,-0.00011438,-0.00022976,2026-04-19T16:00:00.001000+00:00,105.00001666666667,-25.11750726641685,0.16511285688866856,FLAT,False,False,False,
2026-04-19T14:16:00+00:00,ETHUSDT,LONG_SPOT_SHORT_PERP,2332.42,2330.83,-6.8169540648774465,-0.00011438,-0.00022976,2026-04-19T16:00:00.001000+00:00,104.00001666666667,-25.114554064877446,0.16511724129051758,FLAT,False,False,False,
2026-04-19T14:17:00+00:00,ETHUSDT,LONG_SPOT_SHORT_PERP,2332.02,2330.14,-8.061680431557658,-0.00011438,-0.00022976,2026-04-19T16:00:00.001000+00:00,103.00001666666667,-26.359280431557657,0.16337579786674794,FLAT,False,False,False,
2026-04-19T14:18:00+00:00,ETHUSDT,LONG_SPOT_SHORT_PERP,2334.3,2332.5,-7.7110911193941725,-0.00011438,-0.00022976,2026-04-19T16:00:00.001000+00:00,102.00001666666667,-26.00869111939417,0.16384528238980478,FLAT,False,False,False,
2026-04-19T14:19:00+00:00,ETHUSDT,LONG_SPOT_SHORT_PERP,2333.88,2332.01,-8.012408521431654,-0.00011438,-0.00022976,2026-04-19T16:00:00.001000+00:00,101.00001666666667,-26.310008521431655,0.163440820896923,FLAT,False,False,False,
2026-04-19T14:20:00+00:00,ETHUSDT,LONG_SPOT_SHORT_PERP,2332.8,2330.93,-8.016117969823155,-0.00011438,-0.00022976,2026-04-19T16:00:00.001000+00:00,100.00001666666667,-26.313717969823156,0.16343591481416056,FLAT,False,False,False,
2026-04-19T14:21:00+00:00,ETHUSDT,LONG_SPOT_SHORT_PERP,2333.69,2331.96,-7.413152560965759,-0.00011438,-0.00022976,2026-04-19T16:00:00.001000+00:00,99.00001666666667,-25.71075256096576,0.16425697027214525,FLAT,False,False,False,
2026-04-19T14:22:00+00:00,ETHUSDT,LONG_SPOT_SHORT_PERP,2334.18,2332.49,-7.240229973695493,-0.00011438,-0.00022976,2026-04-19T16:00:00.001000+00:00,98.00001666666667,-25.537829973695494,0.16450140682098666,FLAT,False,False,False,
2026-04-19T14:23:00+00:00,ETHUSDT,LONG_SPOT_SHORT_PERP,2334.57,2332.51,-8.82389476434609,-0.00011438,-0.00022976,2026-04-19T16:00:00.001000+00:00,97.00001666666667,-27.12149476434609,0.16240849160449106,FLAT,False,False,False,
2026-04-19T14:24:00+00:00,ETHUSDT,LONG_SPOT_SHORT_PERP,2334.92,2333.11,-7.751871584465187,-0.00011438,-0.00022976,2026-04-19T16:00:00.001000+00:00,96.00001666666667,-26.049471584465188,0.16378984978766414,FLAT,False,False,False,
2026-04-19T14:25:00+00:00,ETHUSDT,LONG_SPOT_SHORT_PERP,2336.69,2334.84,-7.917181996755705,-0.00011438,-0.00022976,2026-04-19T16:00:00.001000+00:00,95.00001666666667,-26.214781996755704,0.16356737179386463,FLAT,False,False,False,
2026-04-19T14:26:00+00:00,ETHUSDT,LONG_SPOT_SHORT_PERP,2337.57,2335.93,-7.015832680947853,-0.00011438,-0.00022976,2026-04-19T16:00:00.001000+00:00,94.00001666666667,-25.313432680947855,0.16482475340322572,FLAT,False,False,False,
2026-04-19T14:27:00+00:00,ETHUSDT,LONG_SPOT_SHORT_PERP,2339.0,2337.45,-6.626763574177776,-0.00011438,-0.00022976,2026-04-19T16:00:00.001000+00:00,93.00001666666667,-24.924363574177775,0.1654022486720396,FLAT,False,False,False,
2026-04-19T14:28:00+00:00,ETHUSDT,LONG_SPOT_SHORT_PERP,2339.89,2338.27,-6.923402382162798,-0.00011438,-0.00022976,2026-04-19T16:00:00.001000+00:00,92.00001666666667,-25.221002382162798,0.16495999143377116,FLAT,False,False,False,
2026-04-19T14:29:00+00:00,ETHUSDT,LONG_SPOT_SHORT_PERP,2338.99,2337.2,-7.652875813919528,-0.00011438,-0.00022976,2026-04-19T16:00:00.001000+00:00,91.00001666666667,-25.950475813919528,0.16392479392890982,FLAT,False,False,False,
2026-04-19T14:30:00+00:00,ETHUSDT,LONG_SPOT_SHORT_PERP,2338.18,2336.13,-8.767502929627861,-0.00011438,-0.00022976,2026-04-19T16:00:00.001000+00:00,90.00001666666667,-27.065102929627862,0.1624776329477993,FLAT,False,False,False,
2026-04-19T14:31:00+00:00,ETHUSDT,LONG_SPOT_SHORT_PERP,2338.75,2336.94,-7.739176910742685,-0.00011438,-0.00022976,2026-04-19T16:00:00.001000+00:00,89.00001666666667,-26.036776910742685,0.16380708213058215,FLAT,False,False,False,
2026-04-19T14:32:00+00:00,ETHUSDT,LONG_SPOT_SHORT_PERP,2336.08,2334.08,-8.561350638676757,-0.00011438,-0.00022976,2026-04-19T16:00:00.001000+00:00,88.00001666666667,-26.858950638676756,0.16273363846165254,FLAT,False,False,False,
2026-04-19T14:33:00+00:00,ETHUSDT,LONG_SPOT_SHORT_PERP,2336.44,2334.6,-7.875228980843272,-0.00011438,-0.00022976,2026-04-19T16:00:00.001000+00:00,87.00001666666667,-26.17282898084327,0.16362349637692816,FLAT,False,False,False,
2026-04-19T14:34:00+00:00,ETHUSDT,LONG_SPOT_SHORT_PERP,2336.72,2335.0,-7.3607449758627475,-0.00011438,-0.00022976,2026-04-19T16:00:00.001000+00:00,86.00001666666667,-25.658344975862747,0.16433062073301424,FLAT,False,False,False,
2026-04-19T14:35:00+00:00,ETHUSDT,LONG_SPOT_SHORT_PERP,2335.46,2333.72,-7.450352393105582,-0.00011438,-0.00022976,2026-04-19T16:00:00.001000+00:00,85.00001666666667,-25.74795239310558,0.16420491777412985,FLAT,False,False,False,
2026-04-19T14:36:00+00:00,ETHUSDT,LONG_SPOT_SHORT_PERP,2336.37,2334.48,-8.089472129841903,-0.00011438,-0.00022976,2026-04-19T16:00:00.001000+00:00,84.00001666666667,-26.387072129841904,0.16333925842569774,FLAT,False,False,False,
2026-04-19T14:37:00+00:00,ETHUSDT,LONG_SPOT_SHORT_PERP,2335.44,2333.79,-7.065049840715629,-0.00011438,-0.00022976,2026-04-19T16:00:00.001000+00:00,83.00001666666667,-25.36264984071563,0.1647532327282035,FLAT,False,False,False,
2026-04-19T14:38:00+00:00,ETHUSDT,LONG_SPOT_SHORT_PERP,2335.5,2334.04,-6.251338043245713,-0.00011438,-0.00022976,2026-04-19T16:00:00.001000+00:00,82.00001666666667,-24.548938043245712,0.16598040200143901,FLAT,False,False,False,
2026-04-19T14:39:00+00:00,ETHUSDT,LONG_SPOT_SHORT_PERP,2336.53,2335.0,-6.548171861693195,-0.00011438,-0.00022976,2026-04-19T16:00:00.001000+00:00,81.00001666666667,-24.845771861693194,0.1655215553615354,FLAT,False,False,False,
2026-04-19T14:40:00+00:00,ETHUSDT,LONG_SPOT_SHORT_PERP,2338.85,2337.16,-7.2257733501509485,-0.00011438,-0.00022976,2026-04-19T16:00:00.001000+00:00,80.00001666666667,-25.523373350150948,0.16452202769391927,FLAT,False,False,False,
2026-04-19T14:41:00+00:00,ETHUSDT,LONG_SPOT_SHORT_PERP,2336.89,2335.27,-6.932290351706288,-0.00011438,-0.00022976,2026-04-19T16:00:00.001000+00:00,79.00001666666667,-25.22989035170629,0.16494693465439023,FLAT,False,False,False,
2026-04-19T14:42:00+00:00,ETHUSDT,LONG_SPOT_SHORT_PERP,2336.45,2334.84,-6.8907958655210795,-0.00011438,-0.00022976,2026-04-19T16:00:00.001000+00:00,78.00001666666667,-25.18839586552108,0.16500798769181135,FLAT,False,False,False,
2026-04-19T14:43:00+00:00,ETHUSDT,LONG_SPOT_SHORT_PERP,2337.3,2335.64,-7.102211953965298,-0.00011438,-0.00022976,2026-04-19T16:00:00.001000+00:00,77.00001666666667,-25.399811953965298,0.16469945471915315,FLAT,False,False,False,
2026-04-19T14:44:00+00:00,ETHUSDT,LONG_SPOT_SHORT_PERP,2338.0,2336.58,-6.0735671514117735,-0.00011438,-0.00022976,2026-04-19T16:00:00.001000+00:00,76.00001666666667,-24.371167151411775,0.16626154367388735,FLAT,False,False,False,
2026-04-19T14:45:00+00:00,ETHUSDT,LONG_SPOT_SHORT_PERP,2337.27,2335.79,-6.3321738609575196,-0.00011438,-0.00022976,2026-04-19T16:00:00.001000+00:00,75.00001666666667,-24.62977386095752,0.16585414354891675,FLAT,False,False,False,
2026-04-19T14:46:00+00:00,ETHUSDT,LONG_SPOT_SHORT_PERP,2339.88,2338.44,-6.154161751884945,-0.00011438,-0.00022976,2026-04-19T16:00:00.001000+00:00,74.00001666666667,-24.451761751884945,0.1661334887125488,FLAT,False,False,False,
2026-04-19T14:47:00+00:00,ETHUSDT,LONG_SPOT_SHORT_PERP,2343.11,2341.66,-6.188356500549581,-0.00011438,-0.00022976,2026-04-19T16:00:00.001000+00:00,73.00001666666667,-24.48595650054958,0.16607945670119917,FLAT,False,False,False,
2026-04-19T14:48:00+00:00,ETHUSDT,LONG_SPOT_SHORT_PERP,2342.02,2340.31,-7.301389398895126,-0.00011438,-0.00022976,2026-04-19T16:00:00.001000+00:00,72.00001666666667,-25.598989398895128,0.16441448713988732,FLAT,False,False,False,
2026-04-19T14:49:00+00:00,ETHUSDT,LONG_SPOT_SHORT_PERP,2342.05,2340.04,-8.582224973848628,-0.00011438,-0.00022976,2026-04-19T16:00:00.001000+00:00,71.00001666666667,-26.879824973848628,0.1627074825265955,FLAT,False,False,False,
2026-04-19T14:50:00+00:00,ETHUSDT,LONG_SPOT_SHORT_PERP,2342.88,2341.17,-7.298709280885219,-0.00011438,-0.00022976,2026-04-19T16:00:00.001000+00:00,70.00001666666667,-25.59630928088522,0.1644182853703565,FLAT,False,False,False,
2026-04-19T14:51:00+00:00,ETHUSDT,LONG_SPOT_SHORT_PERP,2342.44,2340.58,-7.940438175578147,-0.00011438,-0.00022976,2026-04-19T16:00:00.001000+00:00,69.00001666666667,-26.238038175578147,0.16353635782662515,FLAT,False,False,False,
2026-04-19T14:52:00+00:00,ETHUSDT,LONG_SPOT_SHORT_PERP,2340.73,2338.94,-7.647186988674318,-0.00011438,-0.00022976,2026-04-19T16:00:00.001000+00:00,68.00001666666667,-25.944786988674316,0.16393258787284032,FLAT,False,False,False,
2026-04-19T14:53:00+00:00,ETHUSDT,LONG_SPOT_SHORT_PERP,2340.01,2338.26,-7.478600518801201,-0.00011438,-0.00022976,2026-04-19T16:00:00.001000+00:00,67.00001666666667,-25.7762005188012,0.16416551593763595,FLAT,False,False,False,
2026-04-19T14:54:00+00:00,ETHUSDT,LONG_SPOT_SHORT_PERP,2338.0,2336.0,-8.55431993156544,-0.00011438,-0.00022976,2026-04-19T16:00:00.001000+00:00,66.00001666666667,-26.85191993156544,0.16274246000031195,FLAT,False,False,False,
2026-04-19T14:55:00+00:00,ETHUSDT,LONG_SPOT_SHORT_PERP,2338.13,2336.27,-7.955075209676653,-0.00011438,-0.00022976,2026-04-19T16:00:00.001000+00:00,65.00001666666667,-26.252675209676653,0.16351687395007375,FLAT,False,False,False,
2026-04-19T14:56:00+00:00,ETHUSDT,LONG_SPOT_SHORT_PERP,2339.67,2337.91,-7.522428376652341,-0.00011438,-0.00022976,2026-04-19T16:00:00.001000+00:00,64.00001666666667,-25.820028376652342,0.16410459532091282,FLAT,False,False,False,
2026-04-19T14:57:00+00:00,ETHUSDT,LONG_SPOT_SHORT_PERP,2337.21,2335.3,-8.172136864038125,-0.00011438,-0.00022976,2026-04-19T16:00:00.001000+00:00,63.00001666666667,-26.469736864038126,0.16323115368695068,FLAT,False,False,False,
2026-04-19T14:58:00+00:00,ETHUSDT,LONG_SPOT_SHORT_PERP,2338.99,2337.13,-7.952150287088328,-0.00011438,-0.00022976,2026-04-19T16:00:00.001000+00:00,62.00001666666667,-26.24975028708833,0.16352076521136855,FLAT,False,False,False,
2026-04-19T14:59:00+00:00,ETHUSDT,LONG_SPOT_SHORT_PERP,2338.09,2336.44,-7.05704228665317,-0.00011438,-0.00022976,2026-04-19T16:00:00.001000+00:00,61.00001666666667,-25.35464228665317,0.1647648458987916,FLAT,False,False,False,
2026-04-19T15:00:00+00:00,ETHUSDT,LONG_SPOT_SHORT_PERP,2336.75,2334.81,-8.302129025355963,-0.00011438,-0.00022976,2026-04-19T16:00:00.001000+00:00,60.00001666666667,-26.599729025355963,0.16306289825745407,FLAT,False,False,False,
2026-04-19T15:01:00+00:00,ETHUSDT,LONG_SPOT_SHORT_PERP,2334.29,2332.27,-8.65359488324065,-0.00011438,-0.00022976,2026-04-19T16:00:00.001000+00:00,59.00001666666667,-26.95119488324065,0.16261845377764556,FLAT,False,False,False,
2026-04-19T15:02:00+00:00,ETHUSDT,LONG_SPOT_SHORT_PERP,2334.41,2332.54,-8.010589399462352,-0.00011438,-0.00022976,2026-04-19T16:00:00.001000+00:00,58.00001666666667,-26.308189399462353,0.1634432274952415,FLAT,False,False,False,
2026-04-19T15:03:00+00:00,ETHUSDT,LONG_SPOT_SHORT_PERP,2336.32,2334.49,-7.832831119026426,-0.00011438,-0.00022976,2026-04-19T16:00:00.001000+00:00,57.00001666666667,-26.130431119026426,0.16368044809671886,FLAT,False,False,False,
2026-04-19T15:04:00+00:00,ETHUSDT,LONG_SPOT_SHORT_PERP,2338.58,2336.81,-7.5686955331867285,-0.00011438,-0.00022976,2026-04-19T16:00:00.001000+00:00,56.00001666666667,-25.86629553318673,0.16404056356263508,FLAT,False,False,False,
2026-04-19T15:05:00+00:00,ETHUSDT,LONG_SPOT_SHORT_PERP,2336.8,2335.09,-7.317699418007687,-0.00011438,-0.00022976,2026-04-19T16:00:00.001000+00:00,55.00001666666667,-25.615299418007687,0.16439139397140826,FLAT,False,False,False,
2026-04-19T15:06:00+00:00,ETHUSDT,LONG_SPOT_SHORT_PERP,2335.65,2333.93,-7.364117055210561,-0.00011438,-0.00022976,2026-04-19T16:00:00.001000+00:00,54.00001666666667,-25.66171705521056,0.16432587058001824,FLAT,False,False,False,
2026-04-19T15:07:00+00:00,ETHUSDT,LONG_SPOT_SHORT_PERP,2336.71,2334.88,-7.831523809115925,-0.00011438,-0.00022976,2026-04-19T16:00:00.001000+00:00,53.00001666666667,-26.129123809115924,0.16368220788197563,FLAT,False,False,False,
2026-04-19T15:08:00+00:00,ETHUSDT,LONG_SPOT_SHORT_PERP,2336.97,2335.34,-6.974843493924417,-0.00011438,-0.00022976,2026-04-19T16:00:00.001000+00:00,52.00001666666667,-25.272443493924417,0.16488457730490147,FLAT,False,False,False,
2026-04-19T15:09:00+00:00,ETHUSDT,LONG_SPOT_SHORT_PERP,2335.53,2333.67,-7.963931099151487,-0.00011438,-0.00022976,2026-04-19T16:00:00.001000+00:00,51.00001666666667,-26.261531099151487,0.16350509896040183,FLAT,False,False,False,
2026-04-19T15:10:00+00:00,ETHUSDT,LONG_SPOT_SHORT_PERP,2337.12,2335.42,-7.273909769287919,-0.00011438,-0.00022976,2026-04-19T16:00:00.001000+00:00,50.00001666666667,-25.57150976928792,0.16445347762414894,FLAT,False,False,False,
2026-04-19T15:11:00+00:00,ETHUSDT,LONG_SPOT_SHORT_PERP,2336.04,2334.21,-7.833769969691988,-0.00011438,-0.00022976,2026-04-19T16:00:00.001000+00:00,49.00001666666667,-26.13136996969199,0.163679184436147,FLAT,False,False,False,
2026-04-19T15:12:00+00:00,ETHUSDT,LONG_SPOT_SHORT_PERP,2337.37,2335.59,-7.615396792119969,-0.00011438,-0.00022976,2026-04-19T16:00:00.001000+00:00,48.00001666666667,-25.91299679211997,0.16397622088617111,FLAT,False,False,False,
2026-04-19T15:13:00+00:00,ETHUSDT,LONG_SPOT_SHORT_PERP,2336.74,2335.01,-7.403476638391792,-0.00011438,-0.00022976,2026-04-19T16:00:00.001000+00:00,47.00001666666667,-25.701076638391793,0.16427054016883402,FLAT,False,False,False,
2026-04-19T15:14:00+00:00,ETHUSDT,LONG_SPOT_SHORT_PERP,2336.41,2334.62,-7.661326565114701,-0.00011438,-0.00022976,2026-04-19T16:00:00.001000+00:00,46.00001666666667,-25.9589265651147,0.16391322393771868,FLAT,False,False,False,
2026-04-19T15:15:00+00:00,ETHUSDT,LONG_SPOT_SHORT_PERP,2338.06,2336.43,-6.971591832545397,-0.00011438,-0.00022976,2026-04-19T16:00:00.001000+00:00,45.00001666666667,-25.269191832545395,0.16488933325768987,FLAT,False,False,False,
2026-04-19T15:16:00+00:00,ETHUSDT,LONG_SPOT_SHORT_PERP,2339.38,2337.62,-7.523360890493285,-0.00011438,-0.00022976,2026-04-19T16:00:00.001000+00:00,44.00001666666667,-25.820960890493286,0.16410330193135111,FLAT,False,False,False,
2026-04-19T15:17:00+00:00,ETHUSDT,LONG_SPOT_SHORT_PERP,2339.52,2337.86,-7.095472575570436,-0.00011438,-0.00022976,2026-04-19T16:00:00.001000+00:00,43.00001666666667,-25.393072575570436,0.1647091930874233,FLAT,False,False,False,
2026-04-19T15:18:00+00:00,ETHUSDT,LONG_SPOT_SHORT_PERP,2340.51,2338.8,-7.306099952574594,-0.00011438,-0.00022976,2026-04-19T16:00:00.001000+00:00,42.00001666666667,-25.603699952574594,0.16440781378359917,FLAT,False,False,False,
2026-04-19T15:19:00+00:00,ETHUSDT,LONG_SPOT_SHORT_PERP,2338.8,2337.28,-6.499059346673429,-0.00011438,-0.00022976,2026-04-19T16:00:00.001000+00:00,41.00001666666667,-24.79665934667343,0.16559657094103405,FLAT,False,False,False,
2026-04-19T15:20:00+00:00,ETHUSDT,LONG_SPOT_SHORT_PERP,2337.52,2336.01,-6.4598377767880635,-0.00011438,-0.00022976,2026-04-19T16:00:00.001000+00:00,40.00001666666667,-24.757437776788063,0.16565673427584846,FLAT,False,False,False,
2026-04-19T15:21:00+00:00,ETHUSDT,LONG_SPOT_SHORT_PERP,2335.54,2333.82,-7.364463892717744,-0.00011438,-0.00022976,2026-04-19T16:00:00.001000+00:00,39.00001666666667,-25.662063892717743,0.16432538208759287,FLAT,False,False,False,
2026-04-19T15:22:00+00:00,ETHUSDT,LONG_SPOT_SHORT_PERP,2334.1,2332.33,-7.583222655413143,-0.00011438,-0.00022976,2026-04-19T16:00:00.001000+00:00,38.00001666666667,-25.880822655413144,0.16402051766957954,FLAT,False,False,False,
2026-04-19T15:23:00+00:00,ETHUSDT,LONG_SPOT_SHORT_PERP,2334.23,2332.7,-6.554624008774629,-0.00011438,-0.00022976,2026-04-19T16:00:00.001000+00:00,37.00001666666667,-24.852224008774627,0.1655117265567244,FLAT,False,False,False,
2026-04-19T15:24:00+00:00,ETHUSDT,LONG_SPOT_SHORT_PERP,2335.91,2334.05,-7.962635546744835,-0.00011438,-0.00022976,2026-04-19T16:00:00.001000+00:00,36.00001666666667,-26.260235546744834,0.1635068209255903,FLAT,False,False,False,
2026-04-19T15:25:00+00:00,ETHUSDT,LONG_SPOT_SHORT_PERP,2334.32,2332.8,-6.511532266355863,-0.00011438,-0.00022976,2026-04-19T16:00:00.001000+00:00,35.00001666666667,-24.809132266355864,0.1655774858814254,FLAT,False,False,False,
2026-04-19T15:26:00+00:00,ETHUSDT,LONG_SPOT_SHORT_PERP,2334.67,2333.17,-6.424890883936487,-0.00011438,-0.00022976,2026-04-19T16:00:00.001000+00:00,34.00001666666667,-24.722490883936487,0.16571053234237465,FLAT,False,False,False,
2026-04-19T15:27:00+00:00,ETHUSDT,LONG_SPOT_SHORT_PERP,2335.33,2333.58,-7.493587630013745,-0.00011438,-0.00022976,2026-04-19T16:00:00.001000+00:00,33.00001666666667,-25.791187630013745,0.16414465484147153,FLAT,False,False,False,
2026-04-19T15:28:00+00:00,ETHUSDT,LONG_SPOT_SHORT_PERP,2335.04,2333.34,-7.280389201040745,-0.00011438,-0.00022976,2026-04-19T16:00:00.001000+00:00,32.00001666666667,-25.577989201040744,0.1644442747162337,FLAT,False,False,False,
2026-04-19T15:29:00+00:00,ETHUSDT,LONG_SPOT_SHORT_PERP,2335.15,2333.51,-7.023103440891902,-0.00011438,-0.00022976,2026-04-19T16:00:00.001000+00:00,31.000016666666667,-25.320703440891904,0.16481416638637128,FLAT,False,False,False,
2026-04-19T15:30:00+00:00,ETHUSDT,LONG_SPOT_SHORT_PERP,2335.27,2333.69,-6.765812946682512,-0.00011438,-0.00022976,2026-04-19T16:00:00.001000+00:00,30.000016666666667,-25.06341294668251,0.16519336513608635,FLAT,False,False,False,
2026-04-19T15:31:00+00:00,ETHUSDT,LONG_SPOT_SHORT_PERP,2332.42,2330.93,-6.388214815514514,-0.00011438,-0.00022976,2026-04-19T16:00:00.001000+00:00,29.000016666666667,-24.685814815514515,0.1657671873981696,FLAT,False,False,False,
2026-04-19T15:32:00+00:00,ETHUSDT,LONG_SPOT_SHORT_PERP,2332.43,2330.64,-7.674399660439815,-0.00011438,-0.00022976,2026-04-19T16:00:00.001000+00:00,28.000016666666667,-25.971999660439813,0.16389534407946021,FLAT,False,False,False,
2026-04-19T15:33:00+00:00,ETHUSDT,LONG_SPOT_SHORT_PERP,2328.9,2327.32,-6.784318777104759,-0.00011438,-0.00022976,2026-04-19T16:00:00.001000+00:00,27.000016666666667,-25.08191877710476,0.16516577574690783,FLAT,False,False,False,
2026-04-19T15:34:00+00:00,ETHUSDT,LONG_SPOT_SHORT_PERP,2325.51,2323.89,-6.966213862767073,-0.00011438,-0.00022976,2026-04-19T16:00:00.001000+00:00,26.000016666666667,-25.263813862767073,0.16489720247261688,FLAT,False,False,False,
2026-04-19T15:35:00+00:00,ETHUSDT,LONG_SPOT_SHORT_PERP,2319.47,2317.84,-7.027467481793921,-0.00011438,-0.00022976,2026-04-19T16:00:00.001000+00:00,25.000016666666667,-25.325067481793923,0.16480781543531275,FLAT,False,False,False,
2026-04-19T15:36:00+00:00,ETHUSDT,LONG_SPOT_SHORT_PERP,2320.05,2318.42,-7.025710652788126,-0.00011438,-0.00022976,2026-04-19T16:00:00.001000+00:00,24.000016666666667,-25.323310652788127,0.16481037181172825,FLAT,False,False,False,
2026-04-19T15:37:00+00:00,ETHUSDT,LONG_SPOT_SHORT_PERP,2322.7,2320.97,-7.44822835493184,-0.00011438,-0.00022976,2026-04-19T16:00:00.001000+00:00,23.000016666666667,-25.745828354931838,0.1642078848353654,FLAT,False,False,False,
2026-04-19T15:38:00+00:00,ETHUSDT,LONG_SPOT_SHORT_PERP,2322.74,2321.16,-6.802311063657265,-0.00011438,-0.00022976,2026-04-19T16:00:00.001000+00:00,22.000016666666667,-25.099911063657267,0.16513899913657074,FLAT,False,False,False,
2026-04-19T15:39:00+00:00,ETHUSDT,LONG_SPOT_SHORT_PERP,2324.53,2323.01,-6.538956262126028,-0.00011438,-0.00022976,2026-04-19T16:00:00.001000+00:00,21.000016666666667,-24.836556262126027,0.1655356044403534,FLAT,False,False,False,
2026-04-19T15:40:00+00:00,ETHUSDT,LONG_SPOT_SHORT_PERP,2324.96,2323.37,-6.838827334664448,-0.00011438,-0.00022976,2026-04-19T16:00:00.001000+00:00,20.000016666666667,-25.136427334664447,0.1650847972591539,FLAT,False,False,False,
2026-04-19T15:41:00+00:00,ETHUSDT,LONG_SPOT_SHORT_PERP,2326.65,2325.07,-6.790879590827701,-0.00011438,-0.00022976,2026-04-19T16:00:00.001000+00:00,19.000016666666667,-25.088479590827703,0.16515600638316702,FLAT,False,False,False,
2026-04-19T15:42:00+00:00,ETHUSDT,LONG_SPOT_SHORT_PERP,2325.57,2324.23,-5.762028233938972,-0.00011438,-0.00022976,2026-04-19T16:00:00.001000+00:00,18.000016666666667,-24.059628233938973,0.16676597806668042,FLAT,False,False,False,
2026-04-19T15:43:00+00:00,ETHUSDT,LONG_SPOT_SHORT_PERP,2324.51,2323.32,-5.119358488455866,-0.00011438,-0.00022976,2026-04-19T16:00:00.001000+00:00,17.000016666666667,-23.416958488455865,0.1678554767644345,FLAT,False,False,False,
2026-04-19T15:44:00+00:00,ETHUSDT,LONG_SPOT_SHORT_PERP,2325.2,2323.57,-7.0101496645434995,-0.00011438,-0.00022976,2026-04-19T16:00:00.001000+00:00,16.000016666666667,-25.3077496645435,0.16483303366717741,FLAT,False,False,False,
2026-04-19T15:45:00+00:00,ETHUSDT,LONG_SPOT_SHORT_PERP,2324.86,2323.42,-6.19392135440437,-0.00011438,-0.00022976,2026-04-19T16:00:00.001000+00:00,15.000016666666665,-24.49152135440437,0.1660706803373935,FLAT,False,False,False,
2026-04-19T15:46:00+00:00,ETHUSDT,LONG_SPOT_SHORT_PERP,2327.23,2325.92,-5.629009595097801,-0.00011438,-0.00022976,2026-04-19T16:00:00.001000+00:00,14.000016666666665,-23.9266095950978,0.16698600023106594,FLAT,False,False,False,
2026-04-19T15:47:00+00:00,ETHUSDT,LONG_SPOT_SHORT_PERP,2325.94,2324.47,-6.3200254520763846,-0.00011438,-0.00022976,2026-04-19T16:00:00.001000+00:00,13.000016666666665,-24.617625452076386,0.1658730556263468,FLAT,False,False,False,
2026-04-19T15:48:00+00:00,ETHUSDT,LONG_SPOT_SHORT_PERP,2328.33,2326.97,-5.841096408155749,-0.00011438,-0.00022976,2026-04-19T16:00:00.001000+00:00,12.000016666666665,-24.13869640815575,0.16663651963809833,FLAT,False,False,False,
2026-04-19T15:49:00+00:00,ETHUSDT,LONG_SPOT_SHORT_PERP,2329.41,2328.01,-6.010105563209724,-0.00011438,-0.00022976,2026-04-19T16:00:00.001000+00:00,11.000016666666665,-24.307705563209723,0.1663630772078076,FLAT,False,False,False,
2026-04-19T15:50:00+00:00,ETHUSDT,LONG_SPOT_SHORT_PERP,2326.88,2325.39,-6.403424327856341,-0.00011438,-0.00022976,2026-04-19T16:00:00.001000+00:00,10.000016666666665,-24.70102432785634,0.16574366834270834,FLAT,False,False,False,
2026-04-19T15:51:00+00:00,ETHUSDT,LONG_SPOT_SHORT_PERP,2326.62,2324.92,-7.306736811339274,-0.00011438,-0.00022976,2026-04-19T16:00:00.001000+00:00,9.000016666666665,-25.604336811339273,0.14940716179032132,FLAT,False,False,False,
2026-04-19T15:52:00+00:00,ETHUSDT,LONG_SPOT_SHORT_PERP,2327.75,2326.21,-6.615830737836811,-0.00011438,-0.00022976,2026-04-19T16:00:00.001000+00:00,8.000016666666665,-24.913430737836812,0.13541904128387253,FLAT,False,False,False,
2026-04-19T15:53:00+00:00,ETHUSDT,LONG_SPOT_SHORT_PERP,2328.63,2327.19,-6.183893533966558,-0.00011438,-0.00022976,2026-04-19T16:00:00.001000+00:00,7.000016666666666,-24.481493533966557,0.12108674866844665,FLAT,False,False,False,
2026-04-19T15:54:00+00:00,ETHUSDT,LONG_SPOT_SHORT_PERP,2330.01,2328.52,-6.394822339819298,-0.00011438,-0.00022976,2026-04-19T16:00:00.001000+00:00,6.000016666666666,-24.6924223398193,0.10575721569678458,FLAT,False,False,False,
2026-04-19T15:55:00+00:00,ETHUSDT,LONG_SPOT_SHORT_PERP,2330.44,2328.99,-6.22200099552133,-0.00011438,-0.00022976,2026-04-19T16:00:00.001000+00:00,5.000016666666666,-24.51960099552133,0.09102671738072421,FLAT,False,False,False,
2026-04-19T15:56:00+00:00,ETHUSDT,LONG_SPOT_SHORT_PERP,2330.92,2329.77,-4.933674257375161,-0.00011438,-0.00022976,2026-04-19T16:00:00.001000+00:00,4.000016666666666,-23.231274257375162,0.07818321347476391,FLAT,False,False,False,
2026-04-19T15:57:00+00:00,ETHUSDT,LONG_SPOT_SHORT_PERP,2329.17,2327.95,-5.2379173697078985,-0.00011438,-0.00022976,2026-04-19T16:00:00.001000+00:00,3.0000166666666668,-23.535517369707897,0.06264965381697592,FLAT,False,False,False,
2026-04-19T15:58:00+00:00,ETHUSDT,LONG_SPOT_SHORT_PERP,2330.32,2328.87,-6.222321397920769,-0.00011438,-0.00022976,2026-04-19T16:00:00.001000+00:00,2.0000166666666668,-24.51992139792077,0.04602621357834883,FLAT,False,False,False,
2026-04-19T15:59:00+00:00,ETHUSDT,LONG_SPOT_SHORT_PERP,2330.8,2329.47,-5.706195297753483,-0.00011438,-0.00022976,2026-04-19T16:00:00.001000+00:00,1.0000166666666666,-24.003795297753484,0.0318582375159762,FLAT,False,False,False,
2026-04-19T16:00:00+00:00,ETHUSDT,LONG_SPOT_SHORT_PERP,2327.1,2325.47,-7.004426109750802,-0.00011438,-0.00022976,2026-04-19T16:00:00.001000+00:00,1.6666666666666667e-05,-25.302026109750802,0.014841627587765355,FLAT,False,False,False,
2026-04-19T16:01:00+00:00,ETHUSDT,LONG_SPOT_SHORT_PERP,2326.47,2325.02,-6.232618516464077,-0.00022976,-9.27e-06,2026-04-20T00:00:00+00:00,479.0,-22.325318516464076,0.16986688384607657,FLAT,False,False,False,
2026-04-19T16:02:00+00:00,ETHUSDT,LONG_SPOT_SHORT_PERP,2324.61,2323.15,-6.280623416401188,-0.00022976,-9.27e-06,2026-04-20T00:00:00+00:00,478.0,-22.37332341640119,0.16977395495535635,FLAT,False,False,False,
2026-04-19T16:03:00+00:00,ETHUSDT,LONG_SPOT_SHORT_PERP,2326.87,2325.24,-7.005118463859644,-0.00022976,-9.27e-06,2026-04-20T00:00:00+00:00,477.0,-23.097818463859646,0.16842195767644183,FLAT,False,False,False,
2026-04-19T16:04:00+00:00,ETHUSDT,LONG_SPOT_SHORT_PERP,2330.69,2329.09,-6.864919830607713,-0.00022976,-9.27e-06,2026-04-20T00:00:00+00:00,476.0,-22.95761983060771,0.16867633518492522,FLAT,False,False,False,
2026-04-19T16:05:00+00:00,ETHUSDT,LONG_SPOT_SHORT_PERP,2328.93,2327.55,-5.925467918742318,-0.00022976,-9.27e-06,2026-04-20T00:00:00+00:00,475.0,-22.018167918742318,0.17047163985483035,FLAT,False,False,False,
2026-04-19T16:06:00+00:00,ETHUSDT,LONG_SPOT_SHORT_PERP,2328.04,2326.36,-7.216370852733786,-0.00022976,-9.27e-06,2026-04-20T00:00:00+00:00,474.0,-23.309070852733786,0.16804504644121487,FLAT,False,False,False,
2026-04-19T16:07:00+00:00,ETHUSDT,LONG_SPOT_SHORT_PERP,2328.38,2326.99,-5.969815923519045,-0.00022976,-9.27e-06,2026-04-20T00:00:00+00:00,473.0,-22.062515923519044,0.17038322552314272,FLAT,False,False,False,
2026-04-19T16:08:00+00:00,ETHUSDT,LONG_SPOT_SHORT_PERP,2328.77,2327.43,-5.754110539040547,-0.00022976,-9.27e-06,2026-04-20T00:00:00+00:00,472.0,-21.846810539040547,0.17081679417094492,FLAT,False,False,False,
2026-04-19T16:09:00+00:00,ETHUSDT,LONG_SPOT_SHORT_PERP,2326.17,2324.68,-6.405378798627084,-0.00022976,-9.27e-06,2026-04-20T00:00:00+00:00,471.0,-22.498078798627084,0.16953443079575156,FLAT,False,False,False,
2026-04-19T16:10:00+00:00,ETHUSDT,LONG_SPOT_SHORT_PERP,2326.99,2325.7,-5.543642215909667,-0.00022976,-9.27e-06,2026-04-20T00:00:00+00:00,470.0,-21.636342215909668,0.17124849637899628,FLAT,False,False,False,
2026-04-19T16:11:00+00:00,ETHUSDT,LONG_SPOT_SHORT_PERP,2326.81,2325.35,-6.274685083870348,-0.00022976,-9.27e-06,2026-04-20T00:00:00+00:00,469.0,-22.367385083870346,0.16978542746511732,FLAT,False,False,False,
2026-04-19T16:12:00+00:00,ETHUSDT,LONG_SPOT_SHORT_PERP,2325.55,2323.88,-7.181096944809067,-0.00022976,-9.27e-06,2026-04-20T00:00:00+00:00,468.0,-23.273796944809067,0.16810745240251046,FLAT,False,False,False,
2026-04-19T16:13:00+00:00,ETHUSDT,LONG_SPOT_SHORT_PERP,2326.15,2324.59,-6.70636029490766,-0.00022976,-9.27e-06,2026-04-20T00:00:00+00:00,467.0,-22.79906029490766,0.16896816548792204,FLAT,False,False,False,
2026-04-19T16:14:00+00:00,ETHUSDT,LONG_SPOT_SHORT_PERP,2325.84,2324.12,-7.395177656245719,-0.00022976,-9.27e-06,2026-04-20T00:00:00+00:00,466.0,-23.48787765624572,0.16773192745839058,FLAT,False,False,False,
2026-04-19T16:15:00+00:00,ETHUSDT,LONG_SPOT_SHORT_PERP,2326.7,2325.37,-5.716250483517116,-0.00022976,-9.27e-06,2026-04-20T00:00:00+00:00,465.0,-21.808950483517116,0.17089381509128942,FLAT,False,False,False,
2026-04-19T16:16:00+00:00,ETHUSDT,LONG_SPOT_SHORT_PERP,2326.07,2324.72,-5.803780625692107,-0.00022976,-9.27e-06,2026-04-20T00:00:00+00:00,464.0,-21.896480625692107,0.17071616708109455,FLAT,False,False,False,
2026-04-19T16:17:00+00:00,ETHUSDT,LONG_SPOT_SHORT_PERP,2324.15,2322.65,-6.453972420024525,-0.00022976,-9.27e-06,2026-04-20T00:00:00+00:00,463.0,-22.546672420024525,0.16944190211968546,FLAT,False,False,False,
2026-04-19T16:18:00+00:00,ETHUSDT,LONG_SPOT_SHORT_PERP,2322.88,2321.41,-6.328351012537258,-0.00022976,-9.27e-06,2026-04-20T00:00:00+00:00,462.0,-22.42105101253726,0.16968198358489175,FLAT,False,False,False,
2026-04-19T16:19:00+00:00,ETHUSDT,LONG_SPOT_SHORT_PERP,2321.47,2320.26,-5.212214674320934,-0.00022976,-9.27e-06,2026-04-20T00:00:00+00:00,461.0,-21.304914674320933,0.17194604300785607,FLAT,False,False,False,
2026-04-19T16:20:00+00:00,ETHUSDT,LONG_SPOT_SHORT_PERP,2321.47,2320.12,-5.815280834987784,-0.00022976,-9.27e-06,2026-04-20T00:00:00+00:00,460.0,-21.907980834987782,0.1706929364029309,FLAT,False,False,False,
2026-04-19T16:21:00+00:00,ETHUSDT,LONG_SPOT_SHORT_PERP,2320.21,2318.83,-5.947737489279458,-0.00022976,-9.27e-06,2026-04-20T00:00:00+00:00,459.0,-22.04043748927946,0.17042719550398103,FLAT,False,False,False,
2026-04-19T16:22:00+00:00,ETHUSDT,LONG_SPOT_SHORT_PERP,2319.75,2318.24,-6.509322125229953,-0.00022976,-9.27e-06,2026-04-20T00:00:00+00:00,458.0,-22.60202212522995,0.16933703033955133,FLAT,False,False,False,
2026-04-19T16:23:00+00:00,ETHUSDT,LONG_SPOT_SHORT_PERP,2322.15,2320.8,-5.813577934241582,-0.00022976,-9.27e-06,2026-04-20T00:00:00+00:00,457.0,-21.906277934241583,0.17069637469745455,FLAT,False,False,False,
2026-04-19T16:24:00+00:00,ETHUSDT,LONG_SPOT_SHORT_PERP,2321.63,2320.22,-6.073319176614315,-0.00022976,-9.27e-06,2026-04-20T00:00:00+00:00,456.0,-22.166019176614313,0.17017832307224356,FLAT,False,False,False,
2026-04-19T16:25:00+00:00,ETHUSDT,LONG_SPOT_SHORT_PERP,2322.52,2321.1,-6.1140485334897985,-0.00022976,-9.27e-06,2026-04-20T00:00:00+00:00,455.0,-22.206748533489797,0.1700982445122825,FLAT,False,False,False,
2026-04-19T16:26:00+00:00,ETHUSDT,LONG_SPOT_SHORT_PERP,2324.3,2322.96,-5.7651766123140105,-0.00022976,-9.27e-06,2026-04-20T00:00:00+00:00,454.0,-21.85787661231401,0.1707943341348297,FLAT,False,False,False,
2026-04-19T16:27:00+00:00,ETHUSDT,LONG_SPOT_SHORT_PERP,2322.83,2321.22,-6.9312003030791205,-0.00022976,-9.27e-06,2026-04-20T00:00:00+00:00,453.0,-23.02390030307912,0.1685556502533362,FLAT,False,False,False,
2026-04-19T16:28:00+00:00,ETHUSDT,LONG_SPOT_SHORT_PERP,2320.07,2318.88,-5.129155585823076,-0.00022976,-9.27e-06,2026-04-20T00:00:00+00:00,452.0,-21.221855585823075,0.17212431964755637,FLAT,False,False,False,
2026-04-19T16:29:00+00:00,ETHUSDT,LONG_SPOT_SHORT_PERP,2320.19,2318.89,-5.602989410350798,-0.00022976,-9.27e-06,2026-04-20T00:00:00+00:00,451.0,-21.6956894103508,0.17112589087297123,FLAT,False,False,False,
2026-04-19T16:30:00+00:00,ETHUSDT,LONG_SPOT_SHORT_PERP,2320.74,2319.67,-4.610598343630519,-0.00022976,-9.27e-06,2026-04-20T00:00:00+00:00,450.0,-20.703298343630518,0.1732696231367954,FLAT,False,False,False,
2026-04-19T16:31:00+00:00,ETHUSDT,LONG_SPOT_SHORT_PERP,2321.43,2320.01,-6.116919312663393,-0.00022976,-9.27e-06,2026-04-20T00:00:00+00:00,449.0,-22.209619312663392,0.17009261194639247,FLAT,False,False,False,
2026-04-19T16:32:00+00:00,ETHUSDT,LONG_SPOT_SHORT_PERP,2321.58,2320.6,-4.221263105299056,-0.00022976,-9.27e-06,2026-04-20T00:00:00+00:00,448.0,-20.313963105299056,0.17416719246944906,FLAT,False,False,False,
2026-04-19T16:33:00+00:00,ETHUSDT,LONG_SPOT_SHORT_PERP,2322.81,2321.4,-6.070233897735306,-0.00022976,-9.27e-06,2026-04-20T00:00:00+00:00,447.0,-22.162933897735307,0.17018440175059157,FLAT,False,False,False,
2026-04-19T16:34:00+00:00,ETHUSDT,LONG_SPOT_SHORT_PERP,2324.2,2322.97,-5.292143533258835,-0.00022976,-9.27e-06,2026-04-20T00:00:00+00:00,446.0,-21.384843533258834,0.17177580585424418,FLAT,False,False,False,
2026-04-19T16:35:00+00:00,ETHUSDT,LONG_SPOT_SHORT_PERP,2324.05,2322.91,-4.905230094018318,-0.00022976,-9.27e-06,2026-04-20T00:00:00+00:00,445.0,-20.99793009401832,0.17261200005379418,FLAT,False,False,False,
2026-04-19T16:36:00+00:00,ETHUSDT,LONG_SPOT_SHORT_PERP,2322.78,2321.68,-4.73570462979862,-0.00022976,-9.27e-06,2026-04-20T00:00:00+00:00,444.0,-20.82840462979862,0.17298814317987118,FLAT,False,False,False,
2026-04-19T16:37:00+00:00,ETHUSDT,LONG_SPOT_SHORT_PERP,2323.77,2322.55,-5.250089294550665,-0.00022976,-9.27e-06,2026-04-20T00:00:00+00:00,443.0,-21.342789294550663,0.17186521452315237,FLAT,False,False,False,
2026-04-19T16:38:00+00:00,ETHUSDT,LONG_SPOT_SHORT_PERP,2324.3,2323.0,-5.593081788066006,-0.00022976,-9.27e-06,2026-04-20T00:00:00+00:00,442.0,-21.685781788066006,0.17114631100667993,FLAT,False,False,False,
2026-04-19T16:39:00+00:00,ETHUSDT,LONG_SPOT_SHORT_PERP,2322.97,2321.75,-5.2518973555396755,-0.00022976,-9.27e-06,2026-04-20T00:00:00+00:00,441.0,-21.344597355539676,0.17186136318475986,FLAT,False,False,False,
2026-04-19T16:40:00+00:00,ETHUSDT,LONG_SPOT_SHORT_PERP,2322.01,2320.75,-5.42633321992678,-0.00022976,-9.27e-06,2026-04-20T00:00:00+00:00,440.0,-21.51903321992678,0.17149288819509687,FLAT,False,False,False,
2026-04-19T16:41:00+00:00,ETHUSDT,LONG_SPOT_SHORT_PERP,2318.64,2317.28,-5.86550736638578,-0.00022976,-9.27e-06,2026-04-20T00:00:00+00:00,439.0,-21.95820736638578,0.17059177507456913,FLAT,False,False,False,
2026-04-19T16:42:00+00:00,ETHUSDT,LONG_SPOT_SHORT_PERP,2318.84,2317.65,-5.131876282969306,-0.00022976,-9.27e-06,2026-04-20T00:00:00+00:00,438.0,-21.224576282969306,0.17211845772168682,FLAT,False,False,False,
2026-04-19T16:43:00+00:00,ETHUSDT,LONG_SPOT_SHORT_PERP,2318.02,2317.01,-4.35716689243304,-0.00022976,-9.27e-06,2026-04-20T00:00:00+00:00,437.0,-20.44986689243304,0.173850126301346,FLAT,False,False,False,
2026-04-19T16:44:00+00:00,ETHUSDT,LONG_SPOT_SHORT_PERP,2319.1,2317.86,-5.346901815358466,-0.00022976,-9.27e-06,2026-04-20T00:00:00+00:00,436.0,-21.439601815358465,0.1716599213728825,FLAT,False,False,False,
2026-04-19T16:45:00+00:00,ETHUSDT,LONG_SPOT_SHORT_PERP,2320.57,2319.27,-5.602071904748324,-0.00022976,-9.27e-06,2026-04-20T00:00:00+00:00,435.0,-21.694771904748322,0.17112778109290352,FLAT,False,False,False,
2026-04-19T16:46:00+00:00,ETHUSDT,LONG_SPOT_SHORT_PERP,2320.79,2319.53,-5.429185751402598,-0.00022976,-9.27e-06,2026-04-20T00:00:00+00:00,434.0,-21.5218857514026,0.17148691311500092,FLAT,False,False,False,
2026-04-19T16:47:00+00:00,ETHUSDT,LONG_SPOT_SHORT_PERP,2320.36,2319.07,-5.5594821493215,-0.00022976,-9.27e-06,2026-04-20T00:00:00+00:00,433.0,-21.6521821493215,0.17121570495871122,FLAT,False,False,False,
2026-04-19T16:48:00+00:00,ETHUSDT,LONG_SPOT_SHORT_PERP,2321.37,2320.15,-5.2555172161258215,-0.00022976,-9.27e-06,2026-04-20T00:00:00+00:00,432.0,-21.34821721612582,0.171853654529109,FLAT,False,False,False,
2026-04-19T16:49:00+00:00,ETHUSDT,LONG_SPOT_SHORT_PERP,2321.5,2320.03,-6.332112858065044,-0.00022976,-9.27e-06,2026-04-20T00:00:00+00:00,431.0,-22.424812858065046,0.16967475226695203,FLAT,False,False,False,
2026-04-19T16:50:00+00:00,ETHUSDT,LONG_SPOT_SHORT_PERP,2320.0,2318.75,-5.387931034482759,-0.00022976,-9.27e-06,2026-04-20T00:00:00+00:00,430.0,-21.48063103448276,0.17157348539325898,FLAT,False,False,False,
2026-04-19T16:51:00+00:00,ETHUSDT,LONG_SPOT_SHORT_PERP,2320.25,2318.97,-5.516646913049025,-0.00022976,-9.27e-06,2026-04-20T00:00:00+00:00,429.0,-21.609346913049023,0.17130449518822527,FLAT,False,False,False,
2026-04-19T16:52:00+00:00,ETHUSDT,LONG_SPOT_SHORT_PERP,2320.77,2319.56,-5.213786803517955,-0.00022976,-9.27e-06,2026-04-20T00:00:00+00:00,428.0,-21.306486803517956,0.17194268213722813,FLAT,False,False,False,
2026-04-19T16:53:00+00:00,ETHUSDT,LONG_SPOT_SHORT_PERP,2313.95,2312.51,-6.223124959483134,-0.00022976,-9.27e-06,2026-04-20T00:00:00+00:00,427.0,-22.315824959483134,0.16988531209427524,FLAT,False,False,False,
2026-04-19T16:54:00+00:00,ETHUSDT,LONG_SPOT_SHORT_PERP,2309.38,2307.63,-7.577791441858853,-0.00022976,-9.27e-06,2026-04-20T00:00:00+00:00,426.0,-23.670491441858854,0.16741763177542604,FLAT,False,False,False,
2026-04-19T16:55:00+00:00,ETHUSDT,LONG_SPOT_SHORT_PERP,2309.86,2309.28,-2.5109746911065054,-0.00022976,-9.27e-06,2026-04-20T00:00:00+00:00,425.0,-18.603674691106505,0.1785237082047215,FLAT,False,False,False,
2026-04-19T16:56:00+00:00,ETHUSDT,LONG_SPOT_SHORT_PERP,2308.06,2306.91,-4.982539448714899,-0.00022976,-9.27e-06,2026-04-20T00:00:00+00:00,424.0,-21.0752394487149,0.1724424598774441,FLAT,False,False,False,
2026-04-19T16:57:00+00:00,ETHUSDT,LONG_SPOT_SHORT_PERP,2311.71,2310.49,-5.277478576466143,-0.00022976,-9.27e-06,2026-04-20T00:00:00+00:00,423.0,-21.37017857646614,0.17180694352824108,FLAT,False,False,False,
2026-04-19T16:58:00+00:00,ETHUSDT,LONG_SPOT_SHORT_PERP,2312.93,2311.69,-5.361165275212747,-0.00022976,-9.27e-06,2026-04-20T00:00:00+00:00,422.0,-21.45386527521275,0.17162983446246863,FLAT,False,False,False,
2026-04-19T16:59:00+00:00,ETHUSDT,LONG_SPOT_SHORT_PERP,2311.68,2310.36,-5.71013289036419,-0.00022976,-9.27e-06,2026-04-20T00:00:00+00:00,421.0,-21.80283289036419,0.17090628651065418,FLAT,False,False,False,
2026-04-19T17:00:00+00:00,ETHUSDT,LONG_SPOT_SHORT_PERP,2308.81,2307.26,-6.713415135934646,-0.00022976,-9.27e-06,2026-04-20T00:00:00+00:00,420.0,-22.806115135934647,0.1689550867768173,FLAT,False,False,False,
2026-04-19T17:01:00+00:00,ETHUSDT,LONG_SPOT_SHORT_PERP,2307.58,2306.18,-6.066961925480768,-0.00022976,-9.27e-06,2026-04-20T00:00:00+00:00,419.0,-22.15966192548077,0.1701908502080568,FLAT,False,False,False,
2026-04-19T17:02:00+00:00,ETHUSDT,LONG_SPOT_SHORT_PERP,2310.06,2308.8,-5.454403781718932,-0.00022976,-9.27e-06,2026-04-20T00:00:00+00:00,418.0,-21.54710378171893,0.1714341602803603,FLAT,False,False,False,
2026-04-19T17:03:00+00:00,ETHUSDT,LONG_SPOT_SHORT_PERP,2309.46,2307.99,-6.3651243147759855,-0.00022976,-9.27e-06,2026-04-20T00:00:00+00:00,417.0,-22.457824314775984,0.16961140618276244,FLAT,False,False,False,
2026-04-19T17:04:00+00:00,ETHUSDT,LONG_SPOT_SHORT_PERP,2304.25,2302.51,-7.551263968752443,-0.00022976,-9.27e-06,2026-04-20T00:00:00+00:00,416.0,-23.643963968752445,0.16746294717330232,FLAT,False,False,False,
2026-04-19T17:05:00+00:00,ETHUSDT,LONG_SPOT_SHORT_PERP,2301.35,2299.91,-6.257196862711255,-0.00022976,-9.27e-06,2026-04-20T00:00:00+00:00,415.0,-22.349896862711255,0.16981925143773902,FLAT,False,False,False,
2026-04-19T17:06:00+00:00,ETHUSDT,LONG_SPOT_SHORT_PERP,2302.65,2301.0,-7.165656960458997,-0.00022976,-9.27e-06,2026-04-20T00:00:00+00:00,414.0,-23.258356960458997,0.16813483493040787,FLAT,False,False,False,
2026-04-19T17:07:00+00:00,ETHUSDT,LONG_SPOT_SHORT_PERP,2300.34,2298.56,-7.737986558509611,-0.00022976,-9.27e-06,2026-04-20T00:00:00+00:00,413.0,-23.830686558509612,0.16714641649020553,FLAT,False,False,False,
2026-04-19T17:08:00+00:00,ETHUSDT,LONG_SPOT_SHORT_PERP,2304.97,2303.05,-8.329826418563444,-0.00022976,-9.27e-06,2026-04-20T00:00:00+00:00,412.0,-24.422526418563443,0.1661798253808886,FLAT,False,False,False,
2026-04-19T17:09:00+00:00,ETHUSDT,LONG_SPOT_SHORT_PERP,2303.25,2301.34,-8.292629979376336,-0.00022976,-9.27e-06,2026-04-20T00:00:00+00:00,411.0,-24.385329979376337,0.1662389687179468,FLAT,False,False,False,
2026-04-19T17:10:00+00:00,ETHUSDT,LONG_SPOT_SHORT_PERP,2303.26,2301.7,-6.773008692029559,-0.00022976,-9.27e-06,2026-04-20T00:00:00+00:00,410.0,-22.865708692029557,0.1688449595302844,FLAT,False,False,False,
2026-04-19T17:11:00+00:00,ETHUSDT,LONG_SPOT_SHORT_PERP,2305.22,2303.18,-8.849480743703264,-0.00022976,-9.27e-06,2026-04-20T00:00:00+00:00,409.0,-24.942180743703265,0.1653753266113346,FLAT,False,False,False,
2026-04-19T17:12:00+00:00,ETHUSDT,LONG_SPOT_SHORT_PERP,2307.95,2305.86,-9.055655451806542,-0.00022976,-9.27e-06,2026-04-20T00:00:00+00:00,408.0,-25.148355451806545,0.1650671334235349,FLAT,False,False,False,
2026-04-19T17:13:00+00:00,ETHUSDT,LONG_SPOT_SHORT_PERP,2307.88,2305.86,-8.75262145345504,-0.00022976,-9.27e-06,2026-04-20T00:00:00+00:00,407.0,-24.845321453455043,0.16552224171397883,FLAT,False,False,False,
2026-04-19T17:14:00+00:00,ETHUSDT,LONG_SPOT_SHORT_PERP,2307.88,2306.17,-7.409397369014144,-0.00022976,-9.27e-06,2026-04-20T00:00:00+00:00,406.0,-23.502097369014145,0.1677072559778688,FLAT,False,False,False,
2026-04-19T17:15:00+00:00,ETHUSDT,LONG_SPOT_SHORT_PERP,2309.09,2307.27,-7.8818928668876636,-0.00022976,-9.27e-06,2026-04-20T00:00:00+00:00,405.0,-23.97459286688766,0.16690630829525438,FLAT,False,False,False,
2026-04-19T17:16:00+00:00,ETHUSDT,LONG_SPOT_SHORT_PERP,2308.17,2306.36,-7.841710099342532,-0.00022976,-9.27e-06,2026-04-20T00:00:00+00:00,404.0,-23.934410099342532,0.16697301993584043,FLAT,False,False,False,
2026-04-19T17:17:00+00:00,ETHUSDT,LONG_SPOT_SHORT_PERP,2310.08,2308.4,-7.272475412106232,-0.00022976,-9.27e-06,2026-04-20T00:00:00+00:00,403.0,-23.365175412106232,0.16794622051199387,FLAT,False,False,False,
2026-04-19T17:18:00+00:00,ETHUSDT,LONG_SPOT_SHORT_PERP,2312.07,2310.34,-7.482472416492659,-0.00022976,-9.27e-06,2026-04-20T00:00:00+00:00,402.0,-23.57517241649266,0.16758099835942114,FLAT,False,False,False,
2026-04-19T17:19:00+00:00,ETHUSDT,LONG_SPOT_SHORT_PERP,2311.41,2309.76,-7.138499876697065,-0.00022976,-9.27e-06,2026-04-20T00:00:00+00:00,401.0,-23.231199876697065,0.16818309582820312,FLAT,False,False,False,
2026-04-19T17:20:00+00:00,ETHUSDT,LONG_SPOT_SHORT_PERP,2313.56,2311.85,-7.391206625287593,-0.00022976,-9.27e-06,2026-04-20T00:00:00+00:00,400.0,-23.48390662528759,0.16773882328228423,FLAT,False,False,False,
2026-04-19T17:21:00+00:00,ETHUSDT,LONG_SPOT_SHORT_PERP,2316.62,2314.94,-7.251944643488516,-0.00022976,-9.27e-06,2026-04-20T00:00:00+00:00,399.0,-23.344644643488515,0.16798232304986221,FLAT,False,False,False,
2026-04-19T17:22:00+00:00,ETHUSDT,LONG_SPOT_SHORT_PERP,2313.34,2311.39,-8.429370520547229,-0.00022976,-9.27e-06,2026-04-20T00:00:00+00:00,398.0,-24.52207052054723,0.16602258468841308,FLAT,False,False,False,
2026-04-19T17:23:00+00:00,ETHUSDT,LONG_SPOT_SHORT_PERP,2312.36,2310.67,-7.308550571710523,-0.00022976,-9.27e-06,2026-04-20T00:00:00+00:00,397.0,-23.401250571710523,0.16788295549536844,FLAT,False,False,False,
2026-04-19T17:24:00+00:00,ETHUSDT,LONG_SPOT_SHORT_PERP,2310.71,2308.85,-8.049473971204208,-0.00022976,-9.27e-06,2026-04-20T00:00:00+00:00,396.0,-24.14217397120421,0.16663084836616282,FLAT,False,False,False,
2026-04-19T17:25:00+00:00,ETHUSDT,LONG_SPOT_SHORT_PERP,2310.18,2308.4,-7.70502731388786,-0.00022976,-9.27e-06,2026-04-20T00:00:00+00:00,395.0,-23.79772731388786,0.16720187744316284,FLAT,False,False,False,
2026-04-19T17:26:00+00:00,ETHUSDT,LONG_SPOT_SHORT_PERP,2311.24,2309.59,-7.139024938992213,-0.00022976,-9.27e-06,2026-04-20T00:00:00+00:00,394.0,-23.231724938992212,0.1681821615492562,FLAT,False,False,False,
2026-04-19T17:27:00+00:00,ETHUSDT,LONG_SPOT_SHORT_PERP,2311.2,2309.46,-7.528556593976211,-0.00022976,-9.27e-06,2026-04-20T00:00:00+00:00,393.0,-23.621256593976213,0.1675018285835246,FLAT,False,False,False,
2026-04-19T17:28:00+00:00,ETHUSDT,LONG_SPOT_SHORT_PERP,2312.28,2310.44,-7.9575137959076985,-0.00022976,-9.27e-06,2026-04-20T00:00:00+00:00,392.0,-24.0502137959077,0.1667814579521448,FLAT,False,False,False,
2026-04-19T17:29:00+00:00,ETHUSDT,LONG_SPOT_SHORT_PERP,2312.48,2310.9,-6.832491524250705,-0.00022976,-9.27e-06,2026-04-20T00:00:00+00:00,391.0,-22.925191524250707,0.1687356605628055,FLAT,False,False,False,
2026-04-19T17:30:00+00:00,ETHUSDT,LONG_SPOT_SHORT_PERP,2314.08,2312.63,-6.265989075571364,-0.00022976,-9.27e-06,2026-04-20T00:00:00+00:00,390.0,-22.358689075571363,0.16980223936752087,FLAT,False,False,False,
2026-04-19T17:31:00+00:00,ETHUSDT,LONG_SPOT_SHORT_PERP,2315.46,2313.73,-7.471517538631711,-0.00022976,-9.27e-06,2026-04-20T00:00:00+00:00,389.0,-23.56421753863171,0.1675998696755947,FLAT,False,False,False,
2026-04-19T17:32:00+00:00,ETHUSDT,LONG_SPOT_SHORT_PERP,2313.6,2311.85,-7.563969571230983,-0.00022976,-9.27e-06,2026-04-20T00:00:00+00:00,388.0,-23.65666957123098,0.16744122851917403,FLAT,False,False,False,
2026-04-19T17:33:00+00:00,ETHUSDT,LONG_SPOT_SHORT_PERP,2310.0,2308.13,-8.095238095237622,-0.00022976,-9.27e-06,2026-04-20T00:00:00+00:00,387.0,-24.187938095237623,0.16655639171893796,FLAT,False,False,False,
2026-04-19T17:34:00+00:00,ETHUSDT,LONG_SPOT_SHORT_PERP,2307.02,2305.36,-7.195429601823367,-0.00022976,-9.27e-06,2026-04-20T00:00:00+00:00,386.0,-23.288129601823368,0.16808206990064076,FLAT,False,False,False,
2026-04-19T17:35:00+00:00,ETHUSDT,LONG_SPOT_SHORT_PERP,2307.37,2305.64,-7.497713847367428,-0.00022976,-9.27e-06,2026-04-20T00:00:00+00:00,385.0,-23.59041384736743,0.16755477579910233,FLAT,False,False,False,
2026-04-19T17:36:00+00:00,ETHUSDT,LONG_SPOT_SHORT_PERP,2308.49,2306.74,-7.580712933562633,-0.00022976,-9.27e-06,2026-04-20T00:00:00+00:00,384.0,-23.67341293356263,0.1674126481980248,FLAT,False,False,False,
2026-04-19T17:37:00+00:00,ETHUSDT,LONG_SPOT_SHORT_PERP,2309.74,2307.84,-8.226034099074512,-0.00022976,-9.27e-06,2026-04-20T00:00:00+00:00,383.0,-24.31873409907451,0.1663453879092768,FLAT,False,False,False,
2026-04-19T17:38:00+00:00,ETHUSDT,LONG_SPOT_SHORT_PERP,2310.74,2308.9,-7.962817106207063,-0.00022976,-9.27e-06,2026-04-20T00:00:00+00:00,382.0,-24.055517106207063,0.16677273615223437,FLAT,False,False,False,
2026-04-19T17:39:00+00:00,ETHUSDT,LONG_SPOT_SHORT_PERP,2311.51,2309.97,-6.662311649096989,-0.00022976,-9.27e-06,2026-04-20T00:00:00+00:00,381.0,-22.75501164909699,0.16905002529182328,FLAT,False,False,False,
2026-04-19T17:40:00+00:00,ETHUSDT,LONG_SPOT_SHORT_PERP,2308.33,2306.7,-7.061382038097279,-0.00022976,-9.27e-06,2026-04-20T00:00:00+00:00,380.0,-23.15408203809728,0.16832082795225384,FLAT,False,False,False,
2026-04-19T17:41:00+00:00,ETHUSDT,LONG_SPOT_SHORT_PERP,2309.42,2307.58,-7.967368430169243,-0.00022976,-9.27e-06,2026-04-20T00:00:00+00:00,379.0,-24.060068430169245,0.16676525460738717,FLAT,False,False,False,
2026-04-19T17:42:00+00:00,ETHUSDT,LONG_SPOT_SHORT_PERP,2309.69,2308.14,-6.710857301197052,-0.00022976,-9.27e-06,2026-04-20T00:00:00+00:00,378.0,-22.803557301197053,0.16895982763423822,FLAT,False,False,False,
2026-04-19T17:43:00+00:00,ETHUSDT,LONG_SPOT_SHORT_PERP,2310.03,2308.53,-6.493422163348527,-0.00022976,-9.27e-06,2026-04-20T00:00:00+00:00,377.0,-22.586122163348527,0.16936709950496304,FLAT,False,False,False,
2026-04-19T17:44:00+00:00,ETHUSDT,LONG_SPOT_SHORT_PERP,2309.31,2307.88,-6.192325846247738,-0.00022976,-9.27e-06,2026-04-20T00:00:00+00:00,376.0,-22.285025846247738,0.16994521217713773,FLAT,False,False,False,
2026-04-19T17:45:00+00:00,ETHUSDT,LONG_SPOT_SHORT_PERP,2310.09,2308.55,-6.6664069365261245,-0.00022976,-9.27e-06,2026-04-20T00:00:00+00:00,375.0,-22.759106936526123,0.16904240009675384,FLAT,False,False,False,
2026-04-19T17:46:00+00:00,ETHUSDT,LONG_SPOT_SHORT_PERP,2308.63,2307.06,-6.800570035043137,-0.00022976,-9.27e-06,2026-04-20T00:00:00+00:00,374.0,-22.893270035043138,0.16879423864153054,FLAT,False,False,False,
2026-04-19T17:47:00+00:00,ETHUSDT,LONG_SPOT_SHORT_PERP,2307.18,2305.52,-7.194930607927663,-0.00022976,-9.27e-06,2026-04-20T00:00:00+00:00,373.0,-23.287630607927664,0.16808295301167273,FLAT,False,False,False,
2026-04-19T17:48:00+00:00,ETHUSDT,LONG_SPOT_SHORT_PERP,2307.0,2305.43,-6.805374945817788,-0.00022976,-9.27e-06,2026-04-20T00:00:00+00:00,372.0,-22.89807494581779,0.16878540987640522,FLAT,False,False,False,
2026-04-19T17:49:00+00:00,ETHUSDT,LONG_SPOT_SHORT_PERP,2306.29,2304.75,-6.677390961240622,-0.00022976,-9.27e-06,2026-04-20T00:00:00+00:00,371.0,-22.770090961240623,0.16902196318293358,FLAT,False,False,False,
2026-04-19T17:50:00+00:00,ETHUSDT,LONG_SPOT_SHORT_PERP,2302.23,2300.58,-7.166964204271905,-0.00022976,-9.27e-06,2026-04-20T00:00:00+00:00,370.0,-23.259664204271907,0.16813251498887746,FLAT,False,False,False,
2026-04-19T17:51:00+00:00,ETHUSDT,LONG_SPOT_SHORT_PERP,2301.88,2300.22,-7.211496689663706,-0.00022976,-9.27e-06,2026-04-20T00:00:00+00:00,369.0,-23.304196689663705,0.16805365717763884,FLAT,False,False,False,
2026-04-19T17:52:00+00:00,ETHUSDT,LONG_SPOT_SHORT_PERP,2295.03,2293.29,-7.581600240520761,-0.00022976,-9.27e-06,2026-04-20T00:00:00+00:00,368.0,-23.67430024052076,0.16741113487681775,FLAT,False,False,False,
2026-04-19T17:53:00+00:00,ETHUSDT,LONG_SPOT_SHORT_PERP,2301.53,2299.87,-7.212593361808488,-0.00022976,-9.27e-06,2026-04-20T00:00:00+00:00,367.0,-23.305293361808488,0.16805171943724298,FLAT,False,False,False,
2026-04-19T17:54:00+00:00,ETHUSDT,LONG_SPOT_SHORT_PERP,2299.25,2297.79,-6.349896705447587,-0.00022976,-9.27e-06,2026-04-20T00:00:00+00:00,366.0,-22.442596705447585,0.16964060184602792,FLAT,False,False,False,
2026-04-19T17:55:00+00:00,ETHUSDT,LONG_SPOT_SHORT_PERP,2300.28,2298.58,-7.390404646392059,-0.00022976,-9.27e-06,2026-04-20T00:00:00+00:00,365.0,-23.483104646392057,0.16774021626313224,FLAT,False,False,False,
2026-04-19T17:56:00+00:00,ETHUSDT,LONG_SPOT_SHORT_PERP,2299.69,2298.06,-7.087911848988816,-0.00022976,-9.27e-06,2026-04-20T00:00:00+00:00,364.0,-23.180611848988818,0.16827333108215087,FLAT,False,False,False,
2026-04-19T17:57:00+00:00,ETHUSDT,LONG_SPOT_SHORT_PERP,2298.58,2297.0,-6.8738090473245546,-0.00022976,-9.27e-06,2026-04-20T00:00:00+00:00,363.0,-22.966509047324553,0.16866010506092585,FLAT,False,False,False,
2026-04-19T17:58:00+00:00,ETHUSDT,LONG_SPOT_SHORT_PERP,2296.48,2294.67,-7.8816275343131466,-0.00022976,-9.27e-06,2026-04-20T00:00:00+00:00,362.0,-23.974327534313147,0.166906747958142,FLAT,False,False,False,
2026-04-19T17:59:00+00:00,ETHUSDT,LONG_SPOT_SHORT_PERP,2296.59,2295.0,-6.923308034956807,-0.00022976,-9.27e-06,2026-04-20T00:00:00+00:00,361.0,-23.016008034956805,0.16856998058276285,FLAT,False,False,False,
2026-04-19T18:00:00+00:00,ETHUSDT,LONG_SPOT_SHORT_PERP,2295.48,2293.52,-8.538519176817207,-0.00022976,-9.27e-06,2026-04-20T00:00:00+00:00,360.0,-24.631219176817208,0.16585189502033731,FLAT,False,False,False,
2026-04-19T18:01:00+00:00,ETHUSDT,LONG_SPOT_SHORT_PERP,2299.31,2297.23,-9.0461921185048,-0.00022976,-9.27e-06,2026-04-20T00:00:00+00:00,359.0,-25.1388921185048,0.16508114560080941,FLAT,False,False,False,
2026-04-19T18:02:00+00:00,ETHUSDT,LONG_SPOT_SHORT_PERP,2298.93,2297.12,-7.873227979973056,-0.00022976,-9.27e-06,2026-04-20T00:00:00+00:00,358.0,-23.965927979973056,0.16692067202697364,FLAT,False,False,False,
2026-04-19T18:03:00+00:00,ETHUSDT,LONG_SPOT_SHORT_PERP,2298.08,2296.41,-7.266935876906256,-0.00022976,-9.27e-06,2026-04-20T00:00:00+00:00,357.0,-23.359635876906257,0.16795595457184784,FLAT,False,False,False,
2026-04-19T18:04:00+00:00,ETHUSDT,LONG_SPOT_SHORT_PERP,2292.59,2291.2,-6.063011702922578,-0.00022976,-9.27e-06,2026-04-20T00:00:00+00:00,356.0,-22.155711702922577,0.17019863805073923,FLAT,False,False,False,
2026-04-19T18:05:00+00:00,ETHUSDT,LONG_SPOT_SHORT_PERP,2294.36,2292.7,-7.235133109016497,-0.00022976,-9.27e-06,2026-04-20T00:00:00+00:00,355.0,-23.327833109016495,0.1680119383697982,FLAT,False,False,False,
2026-04-19T18:06:00+00:00,ETHUSDT,LONG_SPOT_SHORT_PERP,2295.41,2293.69,-7.493214719809533,-0.00022976,-9.27e-06,2026-04-20T00:00:00+00:00,354.0,-23.585914719809534,0.1675625124677794,FLAT,False,False,False,
2026-04-19T18:07:00+00:00,ETHUSDT,LONG_SPOT_SHORT_PERP,2293.69,2292.13,-6.801267826079137,-0.00022976,-9.27e-06,2026-04-20T00:00:00+00:00,353.0,-22.893967826079137,0.1687929562363611,FLAT,False,False,False,
2026-04-19T18:08:00+00:00,ETHUSDT,LONG_SPOT_SHORT_PERP,2295.48,2294.05,-6.229633889207644,-0.00022976,-9.27e-06,2026-04-20T00:00:00+00:00,352.0,-22.322333889207645,0.1698726756046331,FLAT,False,False,False,
2026-04-19T18:09:00+00:00,ETHUSDT,LONG_SPOT_SHORT_PERP,2299.5,2298.04,-6.349206349206508,-0.00022976,-9.27e-06,2026-04-20T00:00:00+00:00,351.0,-22.44190634920651,0.1696419264605897,FLAT,False,False,False,
2026-04-19T18:10:00+00:00,ETHUSDT,LONG_SPOT_SHORT_PERP,2297.63,2296.4,-5.3533423571245935,-0.00022976,-9.27e-06,2026-04-20T00:00:00+00:00,350.0,-21.446042357124593,0.17164633084567998,FLAT,False,False,False,
2026-04-19T18:11:00+00:00,ETHUSDT,LONG_SPOT_SHORT_PERP,2297.18,2295.82,-5.920302283668118,-0.00022976,-9.27e-06,2026-04-20T00:00:00+00:00,349.0,-22.01300228366812,0.17048196260551315,FLAT,False,False,False,
2026-04-19T18:12:00+00:00,ETHUSDT,LONG_SPOT_SHORT_PERP,2298.14,2296.63,-6.570530951115961,-0.00022976,-9.27e-06,2026-04-20T00:00:00+00:00,348.0,-22.66323095111596,0.1692217005257324,FLAT,False,False,False,
2026-04-19T18:13:00+00:00,ETHUSDT,LONG_SPOT_SHORT_PERP,2295.31,2293.78,-6.665766279934934,-0.00022976,-9.27e-06,2026-04-20T00:00:00+00:00,347.0,-22.758466279934936,0.16904359276652323,FLAT,False,False,False,
2026-04-19T18:14:00+00:00,ETHUSDT,LONG_SPOT_SHORT_PERP,2297.39,2296.03,-5.919761120226312,-0.00022976,-9.27e-06,2026-04-20T00:00:00+00:00,346.0,-22.012461120226313,0.1704830443336151,FLAT,False,False,False,
2026-04-19T18:15:00+00:00,ETHUSDT,LONG_SPOT_SHORT_PERP,2296.31,2294.84,-6.401574700279143,-0.00022976,-9.27e-06,2026-04-20T00:00:00+00:00,345.0,-22.494274700279142,0.16954169242402123,FLAT,False,False,False,
2026-04-19T18:16:00+00:00,ETHUSDT,LONG_SPOT_SHORT_PERP,2296.8,2295.26,-6.704980842911719,-0.00022976,-9.27e-06,2026-04-20T00:00:00+00:00,344.0,-22.797680842911717,0.16897072383389258,FLAT,False,False,False,
2026-04-19T18:17:00+00:00,ETHUSDT,LONG_SPOT_SHORT_PERP,2297.82,2296.25,-6.832563038010652,-0.00022976,-9.27e-06,2026-04-20T00:00:00+00:00,343.0,-22.92526303801065,0.16873552953080792,FLAT,False,False,False,
2026-04-19T18:18:00+00:00,ETHUSDT,LONG_SPOT_SHORT_PERP,2297.93,2296.5,-6.222991997144545,-0.00022976,-9.27e-06,2026-04-20T00:00:00+00:00,342.0,-22.315691997144544,0.16988557031017537,FLAT,False,False,False,
2026-04-19T18:19:00+00:00,ETHUSDT,LONG_SPOT_SHORT_PERP,2296.13,2294.51,-7.055349653547015,-0.00022976,-9.27e-06,2026-04-20T00:00:00+00:00,341.0,-23.148049653547016,0.1683316446916074,FLAT,False,False,False,
2026-04-19T18:20:00+00:00,ETHUSDT,LONG_SPOT_SHORT_PERP,2295.04,2293.73,-5.707961517010359,-0.00022976,-9.27e-06,2026-04-20T00:00:00+00:00,340.0,-21.800661517010358,0.17091071485037415,FLAT,False,False,False,
2026-04-19T18:21:00+00:00,ETHUSDT,LONG_SPOT_SHORT_PERP,2296.6,2295.46,-4.963859618566023,-0.00022976,-9.27e-06,2026-04-20T00:00:00+00:00,339.0,-21.056559618566023,0.17248331127383312,FLAT,False,False,False,
2026-04-19T18:22:00+00:00,ETHUSDT,LONG_SPOT_SHORT_PERP,2293.6,2292.19,-6.147540983605924,-0.00022976,-9.27e-06,2026-04-20T00:00:00+00:00,338.0,-22.240240983605922,0.17003262695444105,FLAT,False,False,False,
2026-04-19T18:23:00+00:00,ETHUSDT,LONG_SPOT_SHORT_PERP,2293.89,2292.46,-6.2339519331782975,-0.00022976,-9.27e-06,2026-04-20T00:00:00+00:00,337.0,-22.326651933178297,0.16986429684350823,FLAT,False,False,False,
2026-04-19T18:24:00+00:00,ETHUSDT,LONG_SPOT_SHORT_PERP,2291.81,2290.5,-5.7160061261620525,-0.00022976,-9.27e-06,2026-04-20T00:00:00+00:00,336.0,-21.80870612616205,0.17089431310286454,FLAT,False,False,False,
2026-04-19T18:25:00+00:00,ETHUSDT,LONG_SPOT_SHORT_PERP,2294.87,2293.52,-5.882686165229007,-0.00022976,-9.27e-06,2026-04-20T00:00:00+00:00,335.0,-21.975386165229008,0.17055728603731388,FLAT,False,False,False,
2026-04-19T18:26:00+00:00,ETHUSDT,LONG_SPOT_SHORT_PERP,2297.91,2296.63,-5.5702790796843455,-0.00022976,-9.27e-06,2026-04-20T00:00:00+00:00,334.0,-21.662979079684344,0.1711933816985397,FLAT,False,False,False,
2026-04-19T18:27:00+00:00,ETHUSDT,LONG_SPOT_SHORT_PERP,2299.17,2298.16,-4.392889607989919,-0.00022976,-9.27e-06,2026-04-20T00:00:00+00:00,333.0,-20.48558960798992,0.1737674572333303,FLAT,False,False,False,
2026-04-19T18:28:00+00:00,ETHUSDT,LONG_SPOT_SHORT_PERP,2300.0,2298.66,-5.826086956522372,-0.00022976,-9.27e-06,2026-04-20T00:00:00+00:00,332.0,-21.91878695652237,0.17067113094570174,FLAT,False,False,False,
2026-04-19T18:29:00+00:00,ETHUSDT,LONG_SPOT_SHORT_PERP,2298.05,2296.71,-5.831030656426734,-0.00022976,-9.27e-06,2026-04-20T00:00:00+00:00,331.0,-21.923730656426734,0.17066116262344655,FLAT,False,False,False,
2026-04-19T18:30:00+00:00,ETHUSDT,LONG_SPOT_SHORT_PERP,2297.86,2296.68,-5.13521276318092,-0.00022976,-9.27e-06,2026-04-20T00:00:00+00:00,330.0,-21.22791276318092,0.17211127111313015,FLAT,False,False,False,
2026-04-19T18:31:00+00:00,ETHUSDT,LONG_SPOT_SHORT_PERP,2295.9,2294.94,-4.181366784267766,-0.00022976,-9.27e-06,2026-04-20T00:00:00+00:00,329.0,-20.274066784267767,0.17426104576425377,FLAT,False,False,False,
2026-04-19T18:32:00+00:00,ETHUSDT,LONG_SPOT_SHORT_PERP,2296.32,2295.17,-5.0080128205132155,-0.00022976,-9.27e-06,2026-04-20T00:00:00+00:00,328.0,-21.100712820513216,0.17238686787605603,FLAT,False,False,False,
2026-04-19T18:33:00+00:00,ETHUSDT,LONG_SPOT_SHORT_PERP,2293.6,2292.24,-5.929543076387022,-0.00022976,-9.27e-06,2026-04-20T00:00:00+00:00,327.0,-22.02224307638702,0.17046349984118617,FLAT,False,False,False,
2026-04-19T18:34:00+00:00,ETHUSDT,LONG_SPOT_SHORT_PERP,2293.45,2292.27,-5.145087095859235,-0.00022976,-9.27e-06,2026-04-20T00:00:00+00:00,326.0,-21.237787095859236,0.17209001561641787,FLAT,False,False,False,
2026-04-19T18:35:00+00:00,ETHUSDT,LONG_SPOT_SHORT_PERP,2294.88,2293.88,-4.3575263194589695,-0.00022976,-9.27e-06,2026-04-20T00:00:00+00:00,325.0,-20.45022631945897,0.1738492931306996,FLAT,False,False,False,
2026-04-19T18:36:00+00:00,ETHUSDT,LONG_SPOT_SHORT_PERP,2293.14,2291.61,-6.672074099268886,-0.00022976,-9.27e-06,2026-04-20T00:00:00+00:00,324.0,-22.764774099268884,0.16903185307684224,FLAT,False,False,False,
2026-04-19T18:37:00+00:00,ETHUSDT,LONG_SPOT_SHORT_PERP,2294.38,2293.18,-5.2301711137661275,-0.00022976,-9.27e-06,2026-04-20T00:00:00+00:00,323.0,-21.322871113766126,0.17190768585011487,FLAT,False,False,False,
2026-04-19T18:38:00+00:00,ETHUSDT,LONG_SPOT_SHORT_PERP,2293.29,2292.27,-4.447758460552228,-0.00022976,-9.27e-06,2026-04-20T00:00:00+00:00,322.0,-20.540458460552227,0.1736410221770741,FLAT,False,False,False,
2026-04-19T18:39:00+00:00,ETHUSDT,LONG_SPOT_SHORT_PERP,2294.71,2293.54,-5.0986834937751295,-0.00022976,-9.27e-06,2026-04-20T00:00:00+00:00,321.0,-21.191383493775128,0.17219007721805757,FLAT,False,False,False,
2026-04-19T18:40:00+00:00,ETHUSDT,LONG_SPOT_SHORT_PERP,2294.38,2293.05,-5.79677298442249,-0.00022976,-9.27e-06,2026-04-20T00:00:00+00:00,320.0,-21.88947298442249,0.17073033513817212,FLAT,False,False,False,
2026-04-19T18:41:00+00:00,ETHUSDT,LONG_SPOT_SHORT_PERP,2293.11,2291.96,-5.015023265347458,-0.00022976,-9.27e-06,2026-04-20T00:00:00+00:00,319.0,-21.10772326534746,0.17237159210450914,FLAT,False,False,False,
2026-04-19T18:42:00+00:00,ETHUSDT,LONG_SPOT_SHORT_PERP,2291.87,2290.57,-5.672223991760996,-0.00022976,-9.27e-06,2026-04-20T00:00:00+00:00,318.0,-21.764923991760995,0.17098373012865867,FLAT,False,False,False,
2026-04-19T18:43:00+00:00,ETHUSDT,LONG_SPOT_SHORT_PERP,2291.0,2289.81,-5.194238323876275,-0.00022976,-9.27e-06,2026-04-20T00:00:00+00:00,317.0,-21.286938323876274,0.17198450818160393,FLAT,False,False,False,
2026-04-19T18:44:00+00:00,ETHUSDT,LONG_SPOT_SHORT_PERP,2291.75,2290.81,-4.101669030217321,-0.00022976,-9.27e-06,2026-04-20T00:00:00+00:00,316.0,-20.19436903021732,0.17444958946880595,FLAT,False,False,False,
2026-04-19T18:45:00+00:00,ETHUSDT,LONG_SPOT_SHORT_PERP,2290.67,2289.71,-4.190913575504269,-0.00022976,-9.27e-06,2026-04-20T00:00:00+00:00,315.0,-20.28361357550427,0.1742385554600818,FLAT,False,False,False,
2026-04-19T18:46:00+00:00,ETHUSDT,LONG_SPOT_SHORT_PERP,2291.0,2289.99,-4.4085552160638075,-0.00022976,-9.27e-06,2026-04-20T00:00:00+00:00,314.0,-20.501255216063807,0.17373129192032033,FLAT,False,False,False,
2026-04-19T18:47:00+00:00,ETHUSDT,LONG_SPOT_SHORT_PERP,2291.23,2290.19,-4.539046712900772,-0.00022976,-9.27e-06,2026-04-20T00:00:00+00:00,313.0,-20.63174671290077,0.17343211182765442,FLAT,False,False,False,
2026-04-19T18:48:00+00:00,ETHUSDT,LONG_SPOT_SHORT_PERP,2290.87,2289.79,-4.714366157834916,-0.00022976,-9.27e-06,2026-04-20T00:00:00+00:00,312.0,-20.807066157834917,0.17303591792433667,FLAT,False,False,False,
2026-04-19T18:49:00+00:00,ETHUSDT,LONG_SPOT_SHORT_PERP,2294.06,2293.15,-3.9667663443844297,-0.00022976,-9.27e-06,2026-04-20T00:00:00+00:00,311.0,-20.05946634438443,0.1747719782172813,FLAT,False,False,False,
2026-04-19T18:50:00+00:00,ETHUSDT,LONG_SPOT_SHORT_PERP,2295.6,2294.22,-6.0115002613700526,-0.00022976,-9.27e-06,2026-04-20T00:00:00+00:00,310.0,-22.104200261370053,0.17030046125286863,FLAT,False,False,False,
2026-04-19T18:51:00+00:00,ETHUSDT,LONG_SPOT_SHORT_PERP,2295.71,2294.45,-5.488498111696243,-0.00022976,-9.27e-06,2026-04-20T00:00:00+00:00,309.0,-21.581198111696242,0.17136303993283117,FLAT,False,False,False,
2026-04-19T18:52:00+00:00,ETHUSDT,LONG_SPOT_SHORT_PERP,2295.7,2294.44,-5.488522019426596,-0.00022976,-9.27e-06,2026-04-20T00:00:00+00:00,308.0,-21.581222019426598,0.17136299014235462,FLAT,False,False,False,
2026-04-19T18:53:00+00:00,ETHUSDT,LONG_SPOT_SHORT_PERP,2294.31,2293.09,-5.317502865784483,-0.00022976,-9.27e-06,2026-04-20T00:00:00+00:00,307.0,-21.410202865784484,0.17172206325501058,FLAT,False,False,False,
2026-04-19T18:54:00+00:00,ETHUSDT,LONG_SPOT_SHORT_PERP,2293.2,2291.95,-5.450898308041166,-0.00022976,-9.27e-06,2026-04-20T00:00:00+00:00,306.0,-21.543598308041165,0.17144148571783324,FLAT,False,False,False,
2026-04-19T18:55:00+00:00,ETHUSDT,LONG_SPOT_SHORT_PERP,2294.11,2292.83,-5.579505777840644,-0.00022976,-9.27e-06,2026-04-20T00:00:00+00:00,305.0,-21.672205777840645,0.17117432312006625,FLAT,False,False,False,
2026-04-19T18:56:00+00:00,ETHUSDT,LONG_SPOT_SHORT_PERP,2294.23,2293.02,-5.274100678659229,-0.00022976,-9.27e-06,2026-04-20T00:00:00+00:00,304.0,-21.366800678659228,0.17181412186043996,FLAT,False,False,False,
2026-04-19T18:57:00+00:00,ETHUSDT,LONG_SPOT_SHORT_PERP,2295.04,2293.93,-4.83651701059732,-0.00022976,-9.27e-06,2026-04-20T00:00:00+00:00,303.0,-20.92921701059732,0.17276373373534398,FLAT,False,False,False,
2026-04-19T18:58:00+00:00,ETHUSDT,LONG_SPOT_SHORT_PERP,2295.77,2294.56,-5.270562817704023,-0.00022976,-9.27e-06,2026-04-20T00:00:00+00:00,302.0,-21.363262817704022,0.17182164259520172,FLAT,False,False,False,
2026-04-19T18:59:00+00:00,ETHUSDT,LONG_SPOT_SHORT_PERP,2295.78,2294.8,-4.2687017048672695,-0.00022976,-9.27e-06,2026-04-20T00:00:00+00:00,301.0,-20.36140170486727,0.1740560551290268,FLAT,False,False,False,
2026-04-19T19:00:00+00:00,ETHUSDT,LONG_SPOT_SHORT_PERP,2301.45,2300.02,-6.213474114144719,-0.00022976,-9.27e-06,2026-04-20T00:00:00+00:00,300.0,-22.306174114144717,0.16990406276089032,FLAT,False,False,False,
2026-04-19T19:01:00+00:00,ETHUSDT,LONG_SPOT_SHORT_PERP,2300.89,2299.88,-4.389605761247881,-0.00022976,-9.27e-06,2026-04-20T00:00:00+00:00,299.0,-20.48230576124788,0.17377504504063995,FLAT,False,False,False,
2026-04-19T19:02:00+00:00,ETHUSDT,LONG_SPOT_SHORT_PERP,2300.31,2299.21,-4.78196417004625,-0.00022976,-9.27e-06,2026-04-20T00:00:00+00:00,298.0,-20.874664170046252,0.17288490315468297,FLAT,False,False,False,
2026-04-19T19:03:00+00:00,ETHUSDT,LONG_SPOT_SHORT_PERP,2298.6,2297.5,-4.785521621856387,-0.00022976,-9.27e-06,2026-04-20T00:00:00+00:00,297.0,-20.878221621856387,0.1728769824825075,FLAT,False,False,False,
2026-04-19T19:04:00+00:00,ETHUSDT,LONG_SPOT_SHORT_PERP,2298.02,2296.93,-4.743213723118796,-0.00022976,-9.27e-06,2026-04-20T00:00:00+00:00,296.0,-20.835913723118797,0.17297135398096905,FLAT,False,False,False,
2026-04-19T19:05:00+00:00,ETHUSDT,LONG_SPOT_SHORT_PERP,2301.21,2299.81,-6.083755937094359,-0.00022976,-9.27e-06,2026-04-20T00:00:00+00:00,295.0,-22.17645593709436,0.17015777359489695,FLAT,False,False,False,
2026-04-19T19:06:00+00:00,ETHUSDT,LONG_SPOT_SHORT_PERP,2299.19,2297.81,-6.002113787899692,-0.00022976,-9.27e-06,2026-04-20T00:00:00+00:00,294.0,-22.094813787899692,0.1703190694537618,FLAT,False,False,False,
2026-04-19T19:07:00+00:00,ETHUSDT,LONG_SPOT_SHORT_PERP,2298.72,2297.43,-5.6118187513049165,-0.00022976,-9.27e-06,2026-04-20T00:00:00+00:00,293.0,-21.704518751304917,0.17110770932810296,FLAT,False,False,False,
2026-04-19T19:08:00+00:00,ETHUSDT,LONG_SPOT_SHORT_PERP,2299.4,2298.24,-5.044794294165039,-0.00022976,-9.27e-06,2026-04-20T00:00:00+00:00,292.0,-21.137494294165037,0.17230683388942372,FLAT,False,False,False,
2026-04-19T19:09:00+00:00,ETHUSDT,LONG_SPOT_SHORT_PERP,2300.25,2299.24,-4.390827084013556,-0.00022976,-9.27e-06,2026-04-20T00:00:00+00:00,291.0,-20.483527084013556,0.17377222272133538,FLAT,False,False,False,
2026-04-19T19:10:00+00:00,ETHUSDT,LONG_SPOT_SHORT_PERP,2300.53,2299.41,-4.8684433587058,-0.00022976,-9.27e-06,2026-04-20T00:00:00+00:00,290.0,-20.9611433587058,0.17269311053897907,FLAT,False,False,False,
2026-04-19T19:11:00+00:00,ETHUSDT,LONG_SPOT_SHORT_PERP,2298.81,2297.74,-4.654582153375719,-0.00022976,-9.27e-06,2026-04-20T00:00:00+00:00,289.0,-20.747282153375718,0.17317028303541432,FLAT,False,False,False,
2026-04-19T19:12:00+00:00,ETHUSDT,LONG_SPOT_SHORT_PERP,2299.21,2298.2,-4.392813183659684,-0.00022976,-9.27e-06,2026-04-20T00:00:00+00:00,288.0,-20.485513183659684,0.17376763379616797,FLAT,False,False,False,
2026-04-19T19:13:00+00:00,ETHUSDT,LONG_SPOT_SHORT_PERP,2299.99,2298.98,-4.39132344053567,-0.00022976,-9.27e-06,2026-04-20T00:00:00+00:00,287.0,-20.48402344053567,0.1737710757984624,FLAT,False,False,False,
2026-04-19T19:14:00+00:00,ETHUSDT,LONG_SPOT_SHORT_PERP,2299.95,2298.78,-5.087067110152908,-0.00022976,-9.27e-06,2026-04-20T00:00:00+00:00,286.0,-21.17976711015291,0.1722151949577186,FLAT,False,False,False,
2026-04-19T19:15:00+00:00,ETHUSDT,LONG_SPOT_SHORT_PERP,2299.42,2298.11,-5.697088831096299,-0.00022976,-9.27e-06,2026-04-20T00:00:00+00:00,285.0,-21.7897888310963,0.1709329025662192,FLAT,False,False,False,
2026-04-19T19:16:00+00:00,ETHUSDT,LONG_SPOT_SHORT_PERP,2299.78,2298.31,-6.391915748464003,-0.00022976,-9.27e-06,2026-04-20T00:00:00+00:00,284.0,-22.484615748464,0.16956014220398466,FLAT,False,False,False,
2026-04-19T19:17:00+00:00,ETHUSDT,LONG_SPOT_SHORT_PERP,2300.85,2299.67,-5.128539452810206,-0.00022976,-9.27e-06,2026-04-20T00:00:00+00:00,283.0,-21.221239452810206,0.17212564735773792,FLAT,False,False,False,
2026-04-19T19:18:00+00:00,ETHUSDT,LONG_SPOT_SHORT_PERP,2302.52,2301.38,-4.951097058874071,-0.00022976,-9.27e-06,2026-04-20T00:00:00+00:00,282.0,-21.04379705887407,0.1725112636279581,FLAT,False,False,False,
2026-04-19T19:19:00+00:00,ETHUSDT,LONG_SPOT_SHORT_PERP,2304.78,2303.82,-4.165256553771017,-0.00022976,-9.27e-06,2026-04-20T00:00:00+00:00,281.0,-20.257956553771017,0.1742990441379038,FLAT,False,False,False,
2026-04-19T19:20:00+00:00,ETHUSDT,LONG_SPOT_SHORT_PERP,2304.1,2303.05,-4.557093876132664,-0.00022976,-9.27e-06,2026-04-20T00:00:00+00:00,280.0,-20.649793876132662,0.17339102432562675,FLAT,False,False,False,
2026-04-19T19:21:00+00:00,ETHUSDT,LONG_SPOT_SHORT_PERP,2302.33,2301.22,-4.821202868399089,-0.00022976,-9.27e-06,2026-04-20T00:00:00+00:00,279.0,-20.913902868399088,0.17279768543907395,FLAT,False,False,False,
2026-04-19T19:22:00+00:00,ETHUSDT,LONG_SPOT_SHORT_PERP,2301.4,2300.35,-4.562440253759372,-0.00022976,-9.27e-06,2026-04-20T00:00:00+00:00,278.0,-20.65514025375937,0.17337886581551498,FLAT,False,False,False,
2026-04-19T19:23:00+00:00,ETHUSDT,LONG_SPOT_SHORT_PERP,2296.48,2295.43,-4.572214867972645,-0.00022976,-9.27e-06,2026-04-20T00:00:00+00:00,277.0,-20.664914867972644,0.1733566526691938,FLAT,False,False,False,
2026-04-19T19:24:00+00:00,ETHUSDT,LONG_SPOT_SHORT_PERP,2295.45,2294.18,-5.532684223136997,-0.00022976,-9.27e-06,2026-04-20T00:00:00+00:00,276.0,-21.625384223136997,0.17127121022541977,FLAT,False,False,False,
2026-04-19T19:25:00+00:00,ETHUSDT,LONG_SPOT_SHORT_PERP,2297.48,2296.55,-4.047913365948066,-0.00022976,-9.27e-06,2026-04-20T00:00:00+00:00,275.0,-20.140613365948067,0.1745775632377708,FLAT,False,False,False,
2026-04-19T19:26:00+00:00,ETHUSDT,LONG_SPOT_SHORT_PERP,2298.53,2297.47,-4.611643093631147,-0.00022976,-9.27e-06,2026-04-20T00:00:00+00:00,274.0,-20.704343093631145,0.17326725871336013,FLAT,False,False,False,
2026-04-19T19:27:00+00:00,ETHUSDT,LONG_SPOT_SHORT_PERP,2298.96,2297.99,-4.219299161361027,-0.00022976,-9.27e-06,2026-04-20T00:00:00+00:00,273.0,-20.311999161361026,0.17417180425087028,FLAT,False,False,False,
2026-04-19T19:28:00+00:00,ETHUSDT,LONG_SPOT_SHORT_PERP,2300.3,2298.97,-5.7818545407137405,-0.00022976,-9.27e-06,2026-04-20T00:00:00+00:00,272.0,-21.87455454071374,0.17076052873652667,FLAT,False,False,False,
2026-04-19T19:29:00+00:00,ETHUSDT,LONG_SPOT_SHORT_PERP,2299.32,2298.08,-5.392898770072179,-0.00022976,-9.27e-06,2026-04-20T00:00:00+00:00,271.0,-21.48559877007218,0.1715630427255715,FLAT,False,False,False,
2026-04-19T19:30:00+00:00,ETHUSDT,LONG_SPOT_SHORT_PERP,2299.44,2298.36,-4.6967957415715444,-0.00022976,-9.27e-06,2026-04-20T00:00:00+00:00,270.0,-20.789495741571542,0.17307532880950083,FLAT,False,False,False,
2026-04-19T19:31:00+00:00,ETHUSDT,LONG_SPOT_SHORT_PERP,2300.72,2299.91,-3.520637017976744,-0.00022976,-9.27e-06,2026-04-20T00:00:00+00:00,269.0,-19.613337017976743,0.17586775736662538,FLAT,False,False,False,
2026-04-19T19:32:00+00:00,ETHUSDT,LONG_SPOT_SHORT_PERP,2299.16,2297.94,-5.306285773933958,-0.00022976,-9.27e-06,2026-04-20T00:00:00+00:00,268.0,-21.39898577393396,0.17174581905499775,FLAT,False,False,False,
2026-04-19T19:33:00+00:00,ETHUSDT,LONG_SPOT_SHORT_PERP,2299.0,2297.99,-4.39321444106228,-0.00022976,-9.27e-06,2026-04-20T00:00:00+00:00,267.0,-20.48591444106228,0.17376670678694073,FLAT,False,False,False,
2026-04-19T19:34:00+00:00,ETHUSDT,LONG_SPOT_SHORT_PERP,2297.51,2296.02,-6.485281892136427,-0.00022976,-9.27e-06,2026-04-20T00:00:00+00:00,266.0,-22.577981892136428,0.16938251162487666,FLAT,False,False,False,
2026-04-19T19:35:00+00:00,ETHUSDT,LONG_SPOT_SHORT_PERP,2297.12,2295.75,-5.963989691439242,-0.00022976,-9.27e-06,2026-04-20T00:00:00+00:00,265.0,-22.056689691439242,0.17039481969518547,FLAT,False,False,False,
2026-04-19T19:36:00+00:00,ETHUSDT,LONG_SPOT_SHORT_PERP,2296.33,2295.34,-4.311227044892423,-0.00022976,-9.27e-06,2026-04-20T00:00:00+00:00,264.0,-20.403927044892423,0.1739568502767604,FLAT,False,False,False,
2026-04-19T19:37:00+00:00,ETHUSDT,LONG_SPOT_SHORT_PERP,2297.28,2296.08,-5.223568742165834,-0.00022976,-9.27e-06,2026-04-20T00:00:00+00:00,263.0,-21.316268742165832,0.1719217817329308,FLAT,False,False,False,
2026-04-19T19:38:00+00:00,ETHUSDT,LONG_SPOT_SHORT_PERP,2297.51,2296.43,-4.7007412372541655,-0.00022976,-9.27e-06,2026-04-20T00:00:00+00:00,262.0,-20.793441237254164,0.173066473260867,FLAT,False,False,False,
2026-04-19T19:39:00+00:00,ETHUSDT,LONG_SPOT_SHORT_PERP,2298.25,2297.15,-4.786250407918673,-0.00022976,-9.27e-06,2026-04-20T00:00:00+00:00,261.0,-20.878950407918673,0.17287536016817312,FLAT,False,False,False,
2026-04-19T19:40:00+00:00,ETHUSDT,LONG_SPOT_SHORT_PERP,2297.59,2296.55,-4.526482096457434,-0.00022976,-9.27e-06,2026-04-20T00:00:00+00:00,260.0,-20.619182096457433,0.17346075875747266,FLAT,False,False,False,
2026-04-19T19:41:00+00:00,ETHUSDT,LONG_SPOT_SHORT_PERP,2299.24,2297.97,-5.523564308206111,-0.00022976,-9.27e-06,2026-04-20T00:00:00+00:00,259.0,-21.616264308206112,0.17129013212019867,FLAT,False,False,False,
2026-04-19T19:42:00+00:00,ETHUSDT,LONG_SPOT_SHORT_PERP,2299.39,2298.17,-5.305755004587303,-0.00022976,-9.27e-06,2026-04-20T00:00:00+00:00,258.0,-21.398455004587305,0.17174694375643515,FLAT,False,False,False,
2026-04-19T19:43:00+00:00,ETHUSDT,LONG_SPOT_SHORT_PERP,2298.1,2296.71,-6.048474827030471,-0.00022976,-9.27e-06,2026-04-20T00:00:00+00:00,257.0,-22.141174827030472,0.17022732266913915,FLAT,False,False,False,
2026-04-19T19:44:00+00:00,ETHUSDT,LONG_SPOT_SHORT_PERP,2297.18,2295.91,-5.528517573720744,-0.00022976,-9.27e-06,2026-04-20T00:00:00+00:00,256.0,-21.62121757372074,0.17127985310798655,FLAT,False,False,False,
2026-04-19T19:45:00+00:00,ETHUSDT,LONG_SPOT_SHORT_PERP,2298.16,2297.05,-4.829950917254119,-0.00022976,-9.27e-06,2026-04-20T00:00:00+00:00,255.0,-20.922650917254117,0.1727782848458481,FLAT,False,False,False,
2026-04-19T19:46:00+00:00,ETHUSDT,LONG_SPOT_SHORT_PERP,2299.2,2298.13,-4.653792623519959,-0.00022976,-9.27e-06,2026-04-20T00:00:00+00:00,254.0,-20.74649262351996,0.17317206259796367,FLAT,False,False,False,
2026-04-19T19:47:00+00:00,ETHUSDT,LONG_SPOT_SHORT_PERP,2299.71,2298.66,-4.565793078258484,-0.00022976,-9.27e-06,2026-04-20T00:00:00+00:00,253.0,-20.658493078258484,0.17337124409465174,FLAT,False,False,False,
2026-04-19T19:48:00+00:00,ETHUSDT,LONG_SPOT_SHORT_PERP,2299.52,2298.27,-5.435917060951851,-0.00022976,-9.27e-06,2026-04-20T00:00:00+00:00,252.0,-21.528617060951852,0.17147281973167044,FLAT,False,False,False,
2026-04-19T19:49:00+00:00,ETHUSDT,LONG_SPOT_SHORT_PERP,2298.64,2297.31,-5.786030000347716,-0.00022976,-9.27e-06,2026-04-20T00:00:00+00:00,251.0,-21.878730000347716,0.17075207366078796,FLAT,False,False,False,
2026-04-19T19:50:00+00:00,ETHUSDT,LONG_SPOT_SHORT_PERP,2299.42,2298.15,-5.523131920223282,-0.00022976,-9.27e-06,2026-04-20T00:00:00+00:00,250.0,-21.615831920223282,0.17129102964090176,FLAT,False,False,False,
2026-04-19T19:51:00+00:00,ETHUSDT,LONG_SPOT_SHORT_PERP,2298.26,2297.16,-4.786229582381296,-0.00022976,-9.27e-06,2026-04-20T00:00:00+00:00,249.0,-20.878929582381296,0.1728754065253114,FLAT,False,False,False,
2026-04-19T19:52:00+00:00,ETHUSDT,LONG_SPOT_SHORT_PERP,2298.55,2297.48,-4.655108655457413,-0.00022976,-9.27e-06,2026-04-20T00:00:00+00:00,248.0,-20.747808655457412,0.17316909639872105,FLAT,False,False,False,
2026-04-19T19:53:00+00:00,ETHUSDT,LONG_SPOT_SHORT_PERP,2299.42,2298.4,-4.435901227265927,-0.00022976,-9.27e-06,2026-04-20T00:00:00+00:00,247.0,-20.528601227265927,0.17366828950683214,FLAT,False,False,False,
2026-04-19T19:54:00+00:00,ETHUSDT,LONG_SPOT_SHORT_PERP,2298.54,2297.46,-4.6986347855592125,-0.00022976,-9.27e-06,2026-04-20T00:00:00+00:00,246.0,-20.79133478555921,0.17307120071839796,FLAT,False,False,False,
2026-04-19T19:55:00+00:00,ETHUSDT,LONG_SPOT_SHORT_PERP,2298.42,2297.5,-4.00274971502194,-0.00022976,-9.27e-06,2026-04-20T00:00:00+00:00,245.0,-20.09544971502194,0.174685584551483,FLAT,False,False,False,
2026-04-19T19:56:00+00:00,ETHUSDT,LONG_SPOT_SHORT_PERP,2299.91,2298.99,-4.00015652786445,-0.00022976,-9.27e-06,2026-04-20T00:00:00+00:00,244.0,-20.09285652786445,0.17469180083513627,FLAT,False,False,False,
2026-04-19T19:57:00+00:00,ETHUSDT,LONG_SPOT_SHORT_PERP,2299.51,2298.46,-4.566190188345264,-0.00022976,-9.27e-06,2026-04-20T00:00:00+00:00,243.0,-20.658890188345264,0.17337034153444025,FLAT,False,False,False,
2026-04-19T19:58:00+00:00,ETHUSDT,LONG_SPOT_SHORT_PERP,2300.37,2299.23,-4.9557245138819965,-0.00022976,-9.27e-06,2026-04-20T00:00:00+00:00,242.0,-21.048424513881997,0.17250112474556922,FLAT,False,False,False,
2026-04-19T19:59:00+00:00,ETHUSDT,LONG_SPOT_SHORT_PERP,2299.65,2298.63,-4.435457569630081,-0.00022976,-9.27e-06,2026-04-20T00:00:00+00:00,241.0,-20.528157569630082,0.17366931035093497,FLAT,False,False,False,
2026-04-19T20:00:00+00:00,ETHUSDT,LONG_SPOT_SHORT_PERP,2299.06,2297.85,-5.263020538829071,-0.00022976,-9.27e-06,2026-04-20T00:00:00+00:00,240.0,-21.355720538829072,0.17183768429381038,FLAT,False,False,False,
2026-04-19T20:01:00+00:00,ETHUSDT,LONG_SPOT_SHORT_PERP,2295.81,2294.32,-6.490084109746807,-0.00022976,-9.27e-06,2026-04-20T00:00:00+00:00,239.0,-22.582784109746807,0.1693734180527839,FLAT,False,False,False,
2026-04-19T20:02:00+00:00,ETHUSDT,LONG_SPOT_SHORT_PERP,2293.27,2292.0,-5.5379436350712385,-0.00022976,-9.27e-06,2026-04-20T00:00:00+00:00,238.0,-21.630643635071237,0.17126030550837937,FLAT,False,False,False,
2026-04-19T20:03:00+00:00,ETHUSDT,LONG_SPOT_SHORT_PERP,2293.65,2292.41,-5.406230244371358,-0.00022976,-9.27e-06,2026-04-20T00:00:00+00:00,237.0,-21.49893024437136,0.1715350429865507,FLAT,False,False,False,
2026-04-19T20:04:00+00:00,ETHUSDT,LONG_SPOT_SHORT_PERP,2293.19,2291.97,-5.320099948108331,-0.00022976,-9.27e-06,2026-04-20T00:00:00+00:00,236.0,-21.41279994810833,0.17171656670168114,FLAT,False,False,False,
2026-04-19T20:05:00+00:00,ETHUSDT,LONG_SPOT_SHORT_PERP,2291.69,2290.74,-4.145412337621026,-0.00022976,-9.27e-06,2026-04-20T00:00:00+00:00,235.0,-20.238112337621025,0.17434592907336813,FLAT,False,False,False,
2026-04-19T20:06:00+00:00,ETHUSDT,LONG_SPOT_SHORT_PERP,2292.19,2291.0,-5.19154171338351,-0.00022976,-9.27e-06,2026-04-20T00:00:00+00:00,234.0,-21.28424171338351,0.17199028395357904,FLAT,False,False,False,
2026-04-19T20:07:00+00:00,ETHUSDT,LONG_SPOT_SHORT_PERP,2291.98,2291.04,-4.1012574280755265,-0.00022976,-9.27e-06,2026-04-20T00:00:00+00:00,233.0,-20.193957428075528,0.1744505668912177,FLAT,False,False,False,
2026-04-19T20:08:00+00:00,ETHUSDT,LONG_SPOT_SHORT_PERP,2292.55,2291.24,-5.714161087000938,-0.00022976,-9.27e-06,2026-04-20T00:00:00+00:00,232.0,-21.80686108700094,0.17089807375143143,FLAT,False,False,False,
2026-04-19T20:09:00+00:00,ETHUSDT,LONG_SPOT_SHORT_PERP,2294.16,2293.02,-4.969139031278868,-0.00022976,-9.27e-06,2026-04-20T00:00:00+00:00,231.0,-21.06183903127887,0.1724717582638237,FLAT,False,False,False,
2026-04-19T20:10:00+00:00,ETHUSDT,LONG_SPOT_SHORT_PERP,2294.58,2293.46,-4.881067559204259,-0.00022976,-9.27e-06,2026-04-20T00:00:00+00:00,230.0,-20.97376755920426,0.17266524379975767,FLAT,False,False,False,
2026-04-19T20:11:00+00:00,ETHUSDT,LONG_SPOT_SHORT_PERP,2295.79,2294.89,-3.920219183810762,-0.00022976,-9.27e-06,2026-04-20T00:00:00+00:00,229.0,-20.012919183810762,0.1748841699944424,FLAT,False,False,False,
2026-04-19T20:12:00+00:00,ETHUSDT,LONG_SPOT_SHORT_PERP,2294.75,2293.94,-3.529796274103695,-0.00022976,-9.27e-06,2026-04-20T00:00:00+00:00,228.0,-19.622496274103696,0.17584479534155667,FLAT,False,False,False,
2026-04-19T20:13:00+00:00,ETHUSDT,LONG_SPOT_SHORT_PERP,2294.2,2293.31,-3.8793479208433124,-0.00022976,-9.27e-06,2026-04-20T00:00:00+00:00,227.0,-19.972047920843313,0.17498308745396138,FLAT,False,False,False,
2026-04-19T20:14:00+00:00,ETHUSDT,LONG_SPOT_SHORT_PERP,2294.85,2293.99,-3.7475216245076033,-0.00022976,-9.27e-06,2026-04-20T00:00:00+00:00,226.0,-19.840221624507603,0.17530474107691063,FLAT,False,False,False,
2026-04-19T20:15:00+00:00,ETHUSDT,LONG_SPOT_SHORT_PERP,2293.98,2292.71,-5.536229609673937,-0.00022976,-9.27e-06,2026-04-20T00:00:00+00:00,225.0,-21.628929609673936,0.1712638587220719,FLAT,False,False,False,
2026-04-19T20:16:00+00:00,ETHUSDT,LONG_SPOT_SHORT_PERP,2291.89,2290.68,-5.279485490141483,-0.00022976,-9.27e-06,2026-04-20T00:00:00+00:00,224.0,-21.372185490141483,0.1718026797480498,FLAT,False,False,False,
2026-04-19T20:17:00+00:00,ETHUSDT,LONG_SPOT_SHORT_PERP,2292.54,2291.69,-3.707677946731176,-0.00022976,-9.27e-06,2026-04-20T00:00:00+00:00,223.0,-19.800377946731174,0.17540274642084994,FLAT,False,False,False,
2026-04-19T20:18:00+00:00,ETHUSDT,LONG_SPOT_SHORT_PERP,2289.85,2288.6,-5.458872851933533,-0.00022976,-9.27e-06,2026-04-20T00:00:00+00:00,222.0,-21.551572851933532,0.17142482473695317,FLAT,False,False,False,
2026-04-19T20:19:00+00:00,ETHUSDT,LONG_SPOT_SHORT_PERP,2290.32,2289.02,-5.676062733592606,-0.00022976,-9.27e-06,2026-04-20T00:00:00+00:00,221.0,-21.768762733592606,0.1709758753041602,FLAT,False,False,False,
2026-04-19T20:20:00+00:00,ETHUSDT,LONG_SPOT_SHORT_PERP,2290.79,2289.71,-4.714530795052917,-0.00022976,-9.27e-06,2026-04-20T00:00:00+00:00,220.0,-20.807230795052917,0.17303554894853804,FLAT,False,False,False,
2026-04-19T20:21:00+00:00,ETHUSDT,LONG_SPOT_SHORT_PERP,2289.4,2288.64,-3.3196470691020274,-0.00022976,-9.27e-06,2026-04-20T00:00:00+00:00,219.0,-19.412347069102026,0.17637663645167284,FLAT,False,False,False,
2026-04-19T20:22:00+00:00,ETHUSDT,LONG_SPOT_SHORT_PERP,2290.28,2289.36,-4.016976090260023,-0.00022976,-9.27e-06,2026-04-20T00:00:00+00:00,218.0,-20.109676090260024,0.1746515086600304,FLAT,False,False,False,
2026-04-19T20:23:00+00:00,ETHUSDT,LONG_SPOT_SHORT_PERP,2290.28,2289.32,-4.1916272246189825,-0.00022976,-9.27e-06,2026-04-20T00:00:00+00:00,217.0,-20.284327224618984,0.17423687506064228,FLAT,False,False,False,
2026-04-19T20:24:00+00:00,ETHUSDT,LONG_SPOT_SHORT_PERP,2290.5,2289.24,-5.500982318272072,-0.00022976,-9.27e-06,2026-04-20T00:00:00+00:00,216.0,-21.593682318272073,0.1713370555785594,FLAT,False,False,False,
2026-04-19T20:25:00+00:00,ETHUSDT,LONG_SPOT_SHORT_PERP,2291.67,2290.72,-4.145448515712441,-0.00022976,-9.27e-06,2026-04-20T00:00:00+00:00,215.0,-20.23814851571244,0.17434584351736954,FLAT,False,False,False,
2026-04-19T20:26:00+00:00,ETHUSDT,LONG_SPOT_SHORT_PERP,2291.85,2290.99,-3.7524270785615434,-0.00022976,-9.27e-06,2026-04-20T00:00:00+00:00,214.0,-19.845127078561543,0.17529270027235888,FLAT,False,False,False,
2026-04-19T20:27:00+00:00,ETHUSDT,LONG_SPOT_SHORT_PERP,2292.04,2291.19,-3.7084867628833225,-0.00022976,-9.27e-06,2026-04-20T00:00:00+00:00,213.0,-19.801186762883322,0.1754007532848499,FLAT,False,False,False,
2026-04-19T20:28:00+00:00,ETHUSDT,LONG_SPOT_SHORT_PERP,2292.21,2291.23,-4.275349989747965,-0.00022976,-9.27e-06,2026-04-20T00:00:00+00:00,212.0,-20.368049989747966,0.17404051947681942,FLAT,False,False,False,
2026-04-19T20:29:00+00:00,ETHUSDT,LONG_SPOT_SHORT_PERP,2292.44,2291.57,-3.795082968365108,-0.00022976,-9.27e-06,2026-04-20T00:00:00+00:00,211.0,-19.88778296836511,0.17518823205246117,FLAT,False,False,False,
2026-04-19T20:30:00+00:00,ETHUSDT,LONG_SPOT_SHORT_PERP,2292.83,2291.98,-3.707208994997052,-0.00022976,-9.27e-06,2026-04-20T00:00:00+00:00,210.0,-19.79990899499705,0.17540390211084064,FLAT,False,False,False,
2026-04-19T20:31:00+00:00,ETHUSDT,LONG_SPOT_SHORT_PERP,2296.04,2295.07,-4.224665075520461,-0.00022976,-9.27e-06,2026-04-20T00:00:00+00:00,209.0,-20.31736507552046,0.17415920590052292,FLAT,False,False,False,
2026-04-19T20:32:00+00:00,ETHUSDT,LONG_SPOT_SHORT_PERP,2294.77,2293.66,-4.837086069628448,-0.00022976,-9.27e-06,2026-04-20T00:00:00+00:00,208.0,-20.92978606962845,0.17276247307015086,FLAT,False,False,False,
2026-04-19T20:33:00+00:00,ETHUSDT,LONG_SPOT_SHORT_PERP,2295.92,2294.88,-4.529774556604601,-0.00022976,-9.27e-06,2026-04-20T00:00:00+00:00,207.0,-20.6224745566046,0.17345324876355595,FLAT,False,False,False,
2026-04-19T20:34:00+00:00,ETHUSDT,LONG_SPOT_SHORT_PERP,2296.66,2295.82,-3.6574852176625656,-0.00022976,-9.27e-06,2026-04-20T00:00:00+00:00,206.0,-19.750185217662565,0.175526731525622,FLAT,False,False,False,
2026-04-19T20:35:00+00:00,ETHUSDT,LONG_SPOT_SHORT_PERP,2296.58,2295.75,-3.6140696165599597,-0.00022976,-9.27e-06,2026-04-20T00:00:00+00:00,205.0,-19.70676961655996,0.1756344487210469,FLAT,False,False,False,
2026-04-19T20:36:00+00:00,ETHUSDT,LONG_SPOT_SHORT_PERP,2294.88,2294.01,-3.791047897928828,-0.00022976,-9.27e-06,2026-04-20T00:00:00+00:00,204.0,-19.883747897928828,0.17519809637259215,FLAT,False,False,False,
2026-04-19T20:37:00+00:00,ETHUSDT,LONG_SPOT_SHORT_PERP,2295.17,2294.05,-4.879812824321905,-0.00022976,-9.27e-06,2026-04-20T00:00:00+00:00,203.0,-20.972512824321903,0.17266801201913115,FLAT,False,False,False,
2026-04-19T20:38:00+00:00,ETHUSDT,LONG_SPOT_SHORT_PERP,2294.78,2293.67,-4.837064990980082,-0.00022976,-9.27e-06,2026-04-20T00:00:00+00:00,202.0,-20.929764990980082,0.17276251976553353,FLAT,False,False,False,
2026-04-19T20:39:00+00:00,ETHUSDT,LONG_SPOT_SHORT_PERP,2292.48,2291.16,-5.757956448911936,-0.00022976,-9.27e-06,2026-04-20T00:00:00+00:00,201.0,-21.850656448911934,0.17080898571612751,FLAT,False,False,False,
2026-04-19T20:40:00+00:00,ETHUSDT,LONG_SPOT_SHORT_PERP,2288.68,2287.4,-5.592743415417383,-0.00022976,-9.27e-06,2026-04-20T00:00:00+00:00,200.0,-21.68544341541738,0.1711470087501764,FLAT,False,False,False,
2026-04-19T20:41:00+00:00,ETHUSDT,LONG_SPOT_SHORT_PERP,2287.41,2286.13,-5.595848579833722,-0.00022976,-9.27e-06,2026-04-20T00:00:00+00:00,199.0,-21.68854857983372,0.17114060656756308,FLAT,False,False,False,
2026-04-19T20:42:00+00:00,ETHUSDT,LONG_SPOT_SHORT_PERP,2286.21,2284.94,-5.555045249561422,-0.00022976,-9.27e-06,2026-04-20T00:00:00+00:00,198.0,-21.64774524956142,0.17122488513900183,FLAT,False,False,False,
2026-04-19T20:43:00+00:00,ETHUSDT,LONG_SPOT_SHORT_PERP,2286.11,2284.68,-6.255167074201553,-0.00022976,-9.27e-06,2026-04-20T00:00:00+00:00,197.0,-22.347867074201552,0.16982318090605117,FLAT,False,False,False,
2026-04-19T20:44:00+00:00,ETHUSDT,LONG_SPOT_SHORT_PERP,2282.33,2280.86,-6.440786389346852,-0.00022976,-9.27e-06,2026-04-20T00:00:00+00:00,196.0,-22.53348638934685,0.16946696766636438,FLAT,False,False,False,
2026-04-19T20:45:00+00:00,ETHUSDT,LONG_SPOT_SHORT_PERP,2283.84,2282.26,-6.91817290177914,-0.00022976,-9.27e-06,2026-04-20T00:00:00+00:00,195.0,-23.010872901779138,0.16857931047388283,FLAT,False,False,False,
2026-04-19T20:46:00+00:00,ETHUSDT,LONG_SPOT_SHORT_PERP,2282.91,2281.61,-5.69448642302906,-0.00022976,-9.27e-06,2026-04-20T00:00:00+00:00,194.0,-21.78718642302906,0.1709382166614255,FLAT,False,False,False,
2026-04-19T20:47:00+00:00,ETHUSDT,LONG_SPOT_SHORT_PERP,2280.42,2278.87,-6.796993536279202,-0.00022976,-9.27e-06,2026-04-20T00:00:00+00:00,193.0,-22.889693536279204,0.16880081289834847,FLAT,False,False,False,
2026-04-19T20:48:00+00:00,ETHUSDT,LONG_SPOT_SHORT_PERP,2278.0,2276.27,-7.594381035996569,-0.00022976,-9.27e-06,2026-04-20T00:00:00+00:00,192.0,-23.68708103599657,0.16738935123444917,FLAT,False,False,False,
2026-04-19T20:49:00+00:00,ETHUSDT,LONG_SPOT_SHORT_PERP,2278.5,2276.98,-6.671055518981707,-0.00022976,-9.27e-06,2026-04-20T00:00:00+00:00,191.0,-22.763755518981707,0.1690337483112045,FLAT,False,False,False,
2026-04-19T20:50:00+00:00,ETHUSDT,LONG_SPOT_SHORT_PERP,2281.31,2279.84,-6.443666139191079,-0.00022976,-9.27e-06,2026-04-20T00:00:00+00:00,190.0,-22.536366139191077,0.16946149080953987,FLAT,False,False,False,
2026-04-19T20:51:00+00:00,ETHUSDT,LONG_SPOT_SHORT_PERP,2285.93,2284.47,-6.386897236573458,-0.00022976,-9.27e-06,2026-04-20T00:00:00+00:00,189.0,-22.479597236573458,0.1695697348890927,FLAT,False,False,False,
2026-04-19T20:52:00+00:00,ETHUSDT,LONG_SPOT_SHORT_PERP,2284.67,2283.5,-5.121089697856026,-0.00022976,-9.27e-06,2026-04-20T00:00:00+00:00,188.0,-21.213789697856026,0.17214170703566134,FLAT,False,False,False,
2026-04-19T20:53:00+00:00,ETHUSDT,LONG_SPOT_SHORT_PERP,2284.71,2283.54,-5.1210000393926265,-0.00022976,-9.27e-06,2026-04-20T00:00:00+00:00,187.0,-21.213700039392627,0.17214190038438745,FLAT,False,False,False,
2026-04-19T20:54:00+00:00,ETHUSDT,LONG_SPOT_SHORT_PERP,2285.58,2284.27,-5.731586730720192,-0.00022976,-9.27e-06,2026-04-20T00:00:00+00:00,186.0,-21.824286730720193,0.17086258225273415,FLAT,False,False,False,
2026-04-19T20:55:00+00:00,ETHUSDT,LONG_SPOT_SHORT_PERP,2284.81,2283.5,-5.733518323186372,-0.00022976,-9.27e-06,2026-04-20T00:00:00+00:00,185.0,-21.82621832318637,0.17085865172134246,FLAT,False,False,False,
2026-04-19T20:56:00+00:00,ETHUSDT,LONG_SPOT_SHORT_PERP,2282.64,2281.39,-5.476115375179617,-0.00022976,-9.27e-06,2026-04-20T00:00:00+00:00,184.0,-21.568815375179618,0.17138884354170844,FLAT,False,False,False,
2026-04-19T20:57:00+00:00,ETHUSDT,LONG_SPOT_SHORT_PERP,2283.48,2282.01,-6.437542697986406,-0.00022976,-9.27e-06,2026-04-20T00:00:00+00:00,183.0,-22.530242697986406,0.16947313848847473,FLAT,False,False,False,
2026-04-19T20:58:00+00:00,ETHUSDT,LONG_SPOT_SHORT_PERP,2282.28,2280.82,-6.397111660269714,-0.00022976,-9.27e-06,2026-04-20T00:00:00+00:00,182.0,-22.489811660269716,0.169550215263757,FLAT,False,False,False,
2026-04-19T20:59:00+00:00,ETHUSDT,LONG_SPOT_SHORT_PERP,2280.61,2279.38,-5.393293899439265,-0.00022976,-9.27e-06,2026-04-20T00:00:00+00:00,181.0,-21.485993899439265,0.17156221233626726,FLAT,False,False,False,
2026-04-19T21:00:00+00:00,ETHUSDT,LONG_SPOT_SHORT_PERP,2281.27,2280.22,-4.60269937359533,-0.00022976,-9.27e-06,2026-04-20T00:00:00+00:00,180.0,-20.69539937359533,0.17328750723006126,FLAT,False,False,False,
2026-04-19T21:01:00+00:00,ETHUSDT,LONG_SPOT_SHORT_PERP,2281.5,2280.03,-6.443129520051721,-0.00022976,-9.27e-06,2026-04-20T00:00:00+00:00,179.0,-22.53582952005172,0.1694625112654167,FLAT,False,False,False,
2026-04-19T21:02:00+00:00,ETHUSDT,LONG_SPOT_SHORT_PERP,2282.22,2281.01,-5.301855211152219,-0.00022976,-9.27e-06,2026-04-20T00:00:00+00:00,178.0,-21.39455521115222,0.171755209164663,FLAT,False,False,False,
2026-04-19T21:03:00+00:00,ETHUSDT,LONG_SPOT_SHORT_PERP,2280.43,2279.01,-6.226895804736905,-0.00022976,-9.27e-06,2026-04-20T00:00:00+00:00,177.0,-22.319595804736906,0.16987799038897194,FLAT,False,False,False,
2026-04-19T21:04:00+00:00,ETHUSDT,LONG_SPOT_SHORT_PERP,2281.47,2280.47,-4.383138941121295,-0.00022976,-9.27e-06,2026-04-20T00:00:00+00:00,176.0,-20.475838941121296,0.17378999445180465,FLAT,False,False,False,
2026-04-19T21:05:00+00:00,ETHUSDT,LONG_SPOT_SHORT_PERP,2282.88,2281.91,-4.249018783292397,-0.00022976,-9.27e-06,2026-04-20T00:00:00+00:00,175.0,-20.341718783292396,0.1741021071701815,FLAT,False,False,False,
2026-04-19T21:06:00+00:00,ETHUSDT,LONG_SPOT_SHORT_PERP,2282.33,2281.32,-4.425302213088219,-0.00022976,-9.27e-06,2026-04-20T00:00:00+00:00,174.0,-20.51800221308822,0.1736926892463735,FLAT,False,False,False,
2026-04-19T21:07:00+00:00,ETHUSDT,LONG_SPOT_SHORT_PERP,2283.74,2282.47,-5.561053359839482,-0.00022976,-9.27e-06,2026-04-20T00:00:00+00:00,173.0,-21.65375335983948,0.1712124549687682,FLAT,False,False,False,
2026-04-19T21:08:00+00:00,ETHUSDT,LONG_SPOT_SHORT_PERP,2283.03,2281.82,-5.299974157150963,-0.00022976,-9.27e-06,2026-04-20T00:00:00+00:00,172.0,-21.392674157150964,0.17175919705374196,FLAT,False,False,False,
2026-04-19T21:09:00+00:00,ETHUSDT,LONG_SPOT_SHORT_PERP,2284.53,2283.19,-5.865539082437723,-0.00022976,-9.27e-06,2026-04-20T00:00:00+00:00,171.0,-21.95823908243772,0.1705917113478349,FLAT,False,False,False,
2026-04-19T21:10:00+00:00,ETHUSDT,LONG_SPOT_SHORT_PERP,2284.47,2283.29,-5.16531186664669,-0.00022976,-9.27e-06,2026-04-20T00:00:00+00:00,170.0,-21.25801186664669,0.17204654182386805,FLAT,False,False,False,
2026-04-19T21:11:00+00:00,ETHUSDT,LONG_SPOT_SHORT_PERP,2281.91,2280.45,-6.398148919107399,-0.00022976,-9.27e-06,2026-04-20T00:00:00+00:00,169.0,-22.4908489191074,0.16954823413979392,FLAT,False,False,False,
2026-04-19T21:12:00+00:00,ETHUSDT,LONG_SPOT_SHORT_PERP,2282.53,2281.41,-4.9068358356750865,-0.00022976,-9.27e-06,2026-04-20T00:00:00+00:00,168.0,-20.999535835675086,0.17260846600996518,FLAT,False,False,False,
2026-04-19T21:13:00+00:00,ETHUSDT,LONG_SPOT_SHORT_PERP,2283.68,2282.49,-5.210887690044379,-0.00022976,-9.27e-06,2026-04-20T00:00:00+00:00,167.0,-21.303587690044377,0.17194888020191265,FLAT,False,False,False,
2026-04-19T21:14:00+00:00,ETHUSDT,LONG_SPOT_SHORT_PERP,2285.51,2284.17,-5.8630240077713305,-0.00022976,-9.27e-06,2026-04-20T00:00:00+00:00,166.0,-21.95572400777133,0.17059676545840347,FLAT,False,False,False,
2026-04-19T21:15:00+00:00,ETHUSDT,LONG_SPOT_SHORT_PERP,2284.57,2283.12,-6.346927430546111,-0.00022976,-9.27e-06,2026-04-20T00:00:00+00:00,165.0,-22.43962743054611,0.16964629973362014,FLAT,False,False,False,
2026-04-19T21:16:00+00:00,ETHUSDT,LONG_SPOT_SHORT_PERP,2283.21,2282.0,-5.299556326400271,-0.00022976,-9.27e-06,2026-04-20T00:00:00+00:00,164.0,-21.392256326400272,0.17176008296367123,FLAT,False,False,False,
2026-04-19T21:17:00+00:00,ETHUSDT,LONG_SPOT_SHORT_PERP,2281.56,2280.19,-6.004663475866911,-0.00022976,-9.27e-06,2026-04-20T00:00:00+00:00,163.0,-22.09736347586691,0.17031401318309672,FLAT,False,False,False,
2026-04-19T21:18:00+00:00,ETHUSDT,LONG_SPOT_SHORT_PERP,2280.61,2279.02,-6.971818943178121,-0.00022976,-9.27e-06,2026-04-20T00:00:00+00:00,162.0,-23.064518943178122,0.1684820680942506,FLAT,False,False,False,
2026-04-19T21:19:00+00:00,ETHUSDT,LONG_SPOT_SHORT_PERP,2281.66,2280.49,-5.127845515984295,-0.00022976,-9.27e-06,2026-04-20T00:00:00+00:00,161.0,-21.220545515984295,0.17212714282086222,FLAT,False,False,False,
2026-04-19T21:20:00+00:00,ETHUSDT,LONG_SPOT_SHORT_PERP,2282.58,2281.15,-6.2648406627580915,-0.00022976,-9.27e-06,2026-04-20T00:00:00+00:00,160.0,-22.35754066275809,0.16980446062418075,FLAT,False,False,False,
2026-04-19T21:21:00+00:00,ETHUSDT,LONG_SPOT_SHORT_PERP,2283.61,2282.22,-6.086853709697923,-0.00022976,-9.27e-06,2026-04-20T00:00:00+00:00,159.0,-22.179553709697924,0.17015167816099142,FLAT,False,False,False,
2026-04-19T21:22:00+00:00,ETHUSDT,LONG_SPOT_SHORT_PERP,2282.76,2281.33,-6.264346668069752,-0.00022976,-9.27e-06,2026-04-20T00:00:00+00:00,158.0,-22.357046668069753,0.16980541618205375,FLAT,False,False,False,
2026-04-19T21:23:00+00:00,ETHUSDT,LONG_SPOT_SHORT_PERP,2282.74,2281.59,-5.037805444332847,-0.00022976,-9.27e-06,2026-04-20T00:00:00+00:00,157.0,-21.130505444332847,0.17232201969682925,FLAT,False,False,False,
2026-04-19T21:24:00+00:00,ETHUSDT,LONG_SPOT_SHORT_PERP,2283.7,2282.4,-5.692516530191037,-0.00022976,-9.27e-06,2026-04-20T00:00:00+00:00,156.0,-21.785216530191036,0.17094224004028807,FLAT,False,False,False,
2026-04-19T21:25:00+00:00,ETHUSDT,LONG_SPOT_SHORT_PERP,2283.23,2282.16,-4.686343469559193,-0.00022976,-9.27e-06,2026-04-20T00:00:00+00:00,155.0,-20.77904346955919,0.17309880460315769,FLAT,False,False,False,
2026-04-19T21:26:00+00:00,ETHUSDT,LONG_SPOT_SHORT_PERP,2285.33,2284.12,-5.29464016137729,-0.00022976,-9.27e-06,2026-04-20T00:00:00+00:00,154.0,-21.38734016137729,0.17177050915095182,FLAT,False,False,False,
2026-04-19T21:27:00+00:00,ETHUSDT,LONG_SPOT_SHORT_PERP,2286.48,2285.25,-5.379447884958618,-0.00022976,-9.27e-06,2026-04-20T00:00:00+00:00,153.0,-21.472147884958616,0.17159132919418676,FLAT,False,False,False,
2026-04-19T21:28:00+00:00,ETHUSDT,LONG_SPOT_SHORT_PERP,2287.29,2286.01,-5.596142159497682,-0.00022976,-9.27e-06,2026-04-20T00:00:00+00:00,152.0,-21.688842159497682,0.17114000136704227,FLAT,False,False,False,
2026-04-19T21:29:00+00:00,ETHUSDT,LONG_SPOT_SHORT_PERP,2286.39,2285.28,-4.854814795374685,-0.00022976,-9.27e-06,2026-04-20T00:00:00+00:00,151.0,-20.947514795374687,0.17272323171903628,FLAT,False,False,False,
2026-04-19T21:30:00+00:00,ETHUSDT,LONG_SPOT_SHORT_PERP,2288.5,2287.19,-5.724273541620911,-0.00022976,-9.27e-06,2026-04-20T00:00:00+00:00,150.0,-21.81697354162091,0.17087747015364058,FLAT,False,False,False,
2026-04-19T21:31:00+00:00,ETHUSDT,LONG_SPOT_SHORT_PERP,2288.01,2286.73,-5.594381143439932,-0.00022976,-9.27e-06,2026-04-20T00:00:00+00:00,149.0,-21.687081143439933,0.17114363187104975,FLAT,False,False,False,
2026-04-19T21:32:00+00:00,ETHUSDT,LONG_SPOT_SHORT_PERP,2286.49,2285.22,-5.5543649873823275,-0.00022976,-9.27e-06,2026-04-20T00:00:00+00:00,148.0,-21.64706498738233,0.17122629297960118,FLAT,False,False,False,
2026-04-19T21:33:00+00:00,ETHUSDT,LONG_SPOT_SHORT_PERP,2286.96,2285.79,-5.115961800818872,-0.00022976,-9.27e-06,2026-04-20T00:00:00+00:00,147.0,-21.208661800818874,0.17215276800090112,FLAT,False,False,False,
2026-04-19T21:34:00+00:00,ETHUSDT,LONG_SPOT_SHORT_PERP,2286.18,2284.98,-5.248930530403634,-0.00022976,-9.27e-06,2026-04-20T00:00:00+00:00,146.0,-21.341630530403634,0.17186768314609888,FLAT,False,False,False,
2026-04-19T21:35:00+00:00,ETHUSDT,LONG_SPOT_SHORT_PERP,2286.98,2285.81,-5.1159170609278295,-0.00022976,-9.27e-06,2026-04-20T00:00:00+00:00,145.0,-21.20861706092783,0.17215286452930334,FLAT,False,False,False,
2026-04-19T21:36:00+00:00,ETHUSDT,LONG_SPOT_SHORT_PERP,2288.15,2286.91,-5.419225138213125,-0.00022976,-9.27e-06,2026-04-20T00:00:00+00:00,144.0,-21.511925138213126,0.17150778424288912,FLAT,False,False,False,
2026-04-19T21:37:00+00:00,ETHUSDT,LONG_SPOT_SHORT_PERP,2289.54,2288.45,-4.760781641727795,-0.00022976,-9.27e-06,2026-04-20T00:00:00+00:00,143.0,-20.853481641727797,0.17293212132528996,FLAT,False,False,False,
2026-04-19T21:38:00+00:00,ETHUSDT,LONG_SPOT_SHORT_PERP,2289.44,2288.37,-4.673631979873522,-0.00022976,-9.27e-06,2026-04-20T00:00:00+00:00,142.0,-20.76633197987352,0.1731273858843652,FLAT,False,False,False,
2026-04-19T21:39:00+00:00,ETHUSDT,LONG_SPOT_SHORT_PERP,2288.33,2287.28,-4.58849903641401,-0.00022976,-9.27e-06,2026-04-20T00:00:00+00:00,141.0,-20.68119903641401,0.17331969187476984,FLAT,False,False,False,
2026-04-19T21:40:00+00:00,ETHUSDT,LONG_SPOT_SHORT_PERP,2288.5,2287.63,-3.801616779549447,-0.00022976,-9.27e-06,2026-04-20T00:00:00+00:00,140.0,-19.894316779549445,0.17517226713335204,FLAT,False,False,False,
2026-04-19T21:41:00+00:00,ETHUSDT,LONG_SPOT_SHORT_PERP,2289.38,2288.2,-5.154233897388337,-0.00022976,-9.27e-06,2026-04-20T00:00:00+00:00,139.0,-21.246933897388338,0.17207034394838788,FLAT,False,False,False,
2026-04-19T21:42:00+00:00,ETHUSDT,LONG_SPOT_SHORT_PERP,2288.89,2287.67,-5.330094499953253,-0.00022976,-9.27e-06,2026-04-20T00:00:00+00:00,138.0,-21.422794499953252,0.1716954265249292,FLAT,False,False,False,
2026-04-19T21:43:00+00:00,ETHUSDT,LONG_SPOT_SHORT_PERP,2289.26,2287.9,-5.940784358264798,-0.00022976,-9.27e-06,2026-04-20T00:00:00+00:00,137.0,-22.033484358264797,0.170441062055623,FLAT,False,False,False,
2026-04-19T21:44:00+00:00,ETHUSDT,LONG_SPOT_SHORT_PERP,2287.78,2286.48,-5.68236456302696,-0.00022976,-9.27e-06,2026-04-20T00:00:00+00:00,136.0,-21.77506456302696,0.17096298672935656,FLAT,False,False,False,
2026-04-19T21:45:00+00:00,ETHUSDT,LONG_SPOT_SHORT_PERP,2289.79,2288.79,-4.367212713829653,-0.00022976,-9.27e-06,2026-04-20T00:00:00+00:00,135.0,-20.459912713829652,0.17382685020411504,FLAT,False,False,False,
2026-04-19T21:46:00+00:00,ETHUSDT,LONG_SPOT_SHORT_PERP,2289.91,2288.54,-5.982767881706666,-0.00022976,-9.27e-06,2026-04-20T00:00:00+00:00,134.0,-22.075467881706665,0.17035747422039116,FLAT,False,False,False,
2026-04-19T21:47:00+00:00,ETHUSDT,LONG_SPOT_SHORT_PERP,2288.57,2287.26,-5.724098454493178,-0.00022976,-9.27e-06,2026-04-20T00:00:00+00:00,133.0,-21.816798454493178,0.17087782671600066,FLAT,False,False,False,
2026-04-19T21:48:00+00:00,ETHUSDT,LONG_SPOT_SHORT_PERP,2285.71,2284.5,-5.29375992580002,-0.00022976,-9.27e-06,2026-04-20T00:00:00+00:00,132.0,-21.38645992580002,0.17177237646516846,FLAT,False,False,False,
2026-04-19T21:49:00+00:00,ETHUSDT,LONG_SPOT_SHORT_PERP,2284.47,2283.49,-4.289835279080129,-0.00022976,-9.27e-06,2026-04-20T00:00:00+00:00,131.0,-20.38253527908013,0.1740067041092314,FLAT,False,False,False,
2026-04-19T21:50:00+00:00,ETHUSDT,LONG_SPOT_SHORT_PERP,2283.32,2282.38,-4.116812360948332,-0.00022976,-9.27e-06,2026-04-20T00:00:00+00:00,130.0,-20.20951236094833,0.17441365528686528,FLAT,False,False,False,
2026-04-19T21:51:00+00:00,ETHUSDT,LONG_SPOT_SHORT_PERP,2280.62,2279.4,-5.349422525452727,-0.00022976,-9.27e-06,2026-04-20T00:00:00+00:00,129.0,-21.442122525452728,0.17165460130003163,FLAT,False,False,False,
2026-04-19T21:52:00+00:00,ETHUSDT,LONG_SPOT_SHORT_PERP,2276.67,2275.44,-5.402627521775305,-0.00022976,-9.27e-06,2026-04-20T00:00:00+00:00,128.0,-21.495327521775305,0.17154260619470976,FLAT,False,False,False,
2026-04-19T21:53:00+00:00,ETHUSDT,LONG_SPOT_SHORT_PERP,2278.71,2277.67,-4.563985763875015,-0.00022976,-9.27e-06,2026-04-20T00:00:00+00:00,127.0,-20.656685763875014,0.17337535222492514,FLAT,False,False,False,
2026-04-19T21:54:00+00:00,ETHUSDT,LONG_SPOT_SHORT_PERP,2275.87,2274.38,-6.5469468818508165,-0.00022976,-9.27e-06,2026-04-20T00:00:00+00:00,126.0,-22.639646881850815,0.1692660578969204,FLAT,False,False,False,
2026-04-19T21:55:00+00:00,ETHUSDT,LONG_SPOT_SHORT_PERP,2277.96,2276.68,-5.619062670109221,-0.00022976,-9.27e-06,2026-04-20T00:00:00+00:00,125.0,-21.71176267010922,0.1710928039027916,FLAT,False,False,False,
2026-04-19T21:56:00+00:00,ETHUSDT,LONG_SPOT_SHORT_PERP,2279.35,2278.23,-4.913681532015228,-0.00022976,-9.27e-06,2026-04-20T00:00:00+00:00,124.0,-21.006381532015226,0.17259340548412586,FLAT,False,False,False,
2026-04-19T21:57:00+00:00,ETHUSDT,LONG_SPOT_SHORT_PERP,2278.53,2277.01,-6.670967685305796,-0.00022976,-9.27e-06,2026-04-20T00:00:00+00:00,123.0,-22.763667685305798,0.16903391174868662,FLAT,False,False,False,
2026-04-19T21:58:00+00:00,ETHUSDT,LONG_SPOT_SHORT_PERP,2276.91,2275.51,-6.148683962034672,-0.00022976,-9.27e-06,2026-04-20T00:00:00+00:00,122.0,-22.24138396203467,0.17003039135299014,FLAT,False,False,False,
2026-04-19T21:59:00+00:00,ETHUSDT,LONG_SPOT_SHORT_PERP,2276.09,2274.6,-6.546314073697597,-0.00022976,-9.27e-06,2026-04-20T00:00:00+00:00,121.0,-22.639014073697595,0.16926724947107574,FLAT,False,False,False,
2026-04-19T22:00:00+00:00,ETHUSDT,LONG_SPOT_SHORT_PERP,2260.65,2259.43,-5.396677946609403,-0.00022976,-9.27e-06,2026-04-20T00:00:00+00:00,120.0,-21.4893779466094,0.1715551018230672,FLAT,False,False,False,
2026-04-19T22:01:00+00:00,ETHUSDT,LONG_SPOT_SHORT_PERP,2261.5,2260.0,-6.632765863365023,-0.00022976,-9.27e-06,2026-04-20T00:00:00+00:00,119.0,-22.725465863365024,0.16910512635655695,FLAT,False,False,False,
2026-04-19T22:02:00+00:00,ETHUSDT,LONG_SPOT_SHORT_PERP,2257.86,2256.69,-5.181897903324709,-0.00022976,-9.27e-06,2026-04-20T00:00:00+00:00,118.0,-21.274597903324707,0.17201095176934658,FLAT,False,False,False,
2026-04-19T22:03:00+00:00,ETHUSDT,LONG_SPOT_SHORT_PERP,2260.49,2259.28,-5.352821733339152,-0.00022976,-9.27e-06,2026-04-20T00:00:00+00:00,117.0,-21.445521733339152,0.171647429132828,FLAT,False,False,False,
2026-04-19T22:04:00+00:00,ETHUSDT,LONG_SPOT_SHORT_PERP,2258.24,2256.94,-5.756695479664372,-0.00022976,-9.27e-06,2026-04-20T00:00:00+00:00,116.0,-21.849395479664373,0.1708115455814065,FLAT,False,False,False,
2026-04-19T22:05:00+00:00,ETHUSDT,LONG_SPOT_SHORT_PERP,2261.38,2260.03,-5.969806047634228,-0.00022976,-9.27e-06,2026-04-20T00:00:00+00:00,115.0,-22.06250604763423,0.17038324517066225,FLAT,False,False,False,
2026-04-19T22:06:00+00:00,ETHUSDT,LONG_SPOT_SHORT_PERP,2265.49,2264.34,-5.076164538354336,-0.00022976,-9.27e-06,2026-04-20T00:00:00+00:00,114.0,-21.168864538354335,0.17223879441388348,FLAT,False,False,False,
2026-04-19T22:07:00+00:00,ETHUSDT,LONG_SPOT_SHORT_PERP,2270.17,2269.33,-3.7001634238851957,-0.00022976,-9.27e-06,2026-04-20T00:00:00+00:00,113.0,-19.792863423885194,0.17542127143164102,FLAT,False,False,False,
2026-04-19T22:08:00+00:00,ETHUSDT,LONG_SPOT_SHORT_PERP,2266.98,2265.63,-5.955059153587191,-0.00022976,-9.27e-06,2026-04-20T00:00:00+00:00,112.0,-22.04775915358719,0.1704126039078832,FLAT,False,False,False,
2026-04-19T22:09:00+00:00,ETHUSDT,LONG_SPOT_SHORT_PERP,2268.6,2267.57,-4.540245085073373,-0.00022976,-9.27e-06,2026-04-20T00:00:00+00:00,111.0,-20.632945085073374,0.17342938135291547,FLAT,False,False,False,
2026-04-19T22:10:00+00:00,ETHUSDT,LONG_SPOT_SHORT_PERP,2268.24,2266.8,-6.348534546607061,-0.00022976,-9.27e-06,2026-04-20T00:00:00+00:00,110.0,-22.44123454660706,0.16964321555926304,FLAT,False,False,False,
2026-04-19T22:11:00+00:00,ETHUSDT,LONG_SPOT_SHORT_PERP,2261.78,2260.41,-6.057176206352278,-0.00022976,-9.27e-06,2026-04-20T00:00:00+00:00,109.0,-22.14987620635228,0.17021014806391985,FLAT,False,False,False,
2026-04-19T22:12:00+00:00,ETHUSDT,LONG_SPOT_SHORT_PERP,2261.26,2259.78,-6.545023570929562,-0.00022976,-9.27e-06,2026-04-20T00:00:00+00:00,108.0,-22.637723570929563,0.16926967970355256,FLAT,False,False,False,
2026-04-19T22:13:00+00:00,ETHUSDT,LONG_SPOT_SHORT_PERP,2262.23,2261.21,-4.508825362584626,-0.00022976,-9.27e-06,2026-04-20T00:00:00+00:00,107.0,-20.601525362584624,0.17350107307024365,FLAT,False,False,False,
2026-04-19T22:14:00+00:00,ETHUSDT,LONG_SPOT_SHORT_PERP,2260.38,2259.21,-5.176120829241422,-0.00022976,-9.27e-06,2026-04-20T00:00:00+00:00,106.0,-21.26882082924142,0.17202334177146122,FLAT,False,False,False,
2026-04-19T22:15:00+00:00,ETHUSDT,LONG_SPOT_SHORT_PERP,2255.07,2254.0,-4.744863795803074,-0.00022976,-9.27e-06,2026-04-20T00:00:00+00:00,105.0,-20.837563795803074,0.17296766626552482,FLAT,False,False,False,
2026-04-19T22:16:00+00:00,ETHUSDT,LONG_SPOT_SHORT_PERP,2255.69,2254.29,-6.206526606049993,-0.00022976,-9.27e-06,2026-04-20T00:00:00+00:00,104.0,-22.29922660604999,0.1699175717844974,FLAT,False,False,False,
2026-04-19T22:17:00+00:00,ETHUSDT,LONG_SPOT_SHORT_PERP,2259.99,2258.83,-5.132766074185525,-0.00022976,-9.27e-06,2026-04-20T00:00:00+00:00,103.0,-21.225466074185526,0.17211654093442855,FLAT,False,False,False,
2026-04-19T22:18:00+00:00,ETHUSDT,LONG_SPOT_SHORT_PERP,2260.17,2258.98,-5.265090679019961,-0.00022976,-9.27e-06,2026-04-20T00:00:00+00:00,102.0,-21.35779067901996,0.1718332801627242,FLAT,False,False,False,
2026-04-19T22:19:00+00:00,ETHUSDT,LONG_SPOT_SHORT_PERP,2262.17,2260.86,-5.790899888160242,-0.00022976,-9.27e-06,2026-04-20T00:00:00+00:00,101.0,-21.88359988816024,0.17074221664746467,FLAT,False,False,False,
2026-04-19T22:20:00+00:00,ETHUSDT,LONG_SPOT_SHORT_PERP,2257.06,2255.78,-5.6710942553576125,-0.00022976,-9.27e-06,2026-04-20T00:00:00+00:00,100.0,-21.763794255357613,0.17098604233860157,FLAT,False,False,False,
2026-04-19T22:21:00+00:00,ETHUSDT,LONG_SPOT_SHORT_PERP,2256.56,2255.3,-5.583720353102791,-0.00022976,-9.27e-06,2026-04-20T00:00:00+00:00,99.0,-21.67642035310279,0.17116562309177982,FLAT,False,False,False,
2026-04-19T22:22:00+00:00,ETHUSDT,LONG_SPOT_SHORT_PERP,2257.33,2256.23,-4.873013693168075,-0.00022976,-9.27e-06,2026-04-20T00:00:00+00:00,98.0,-20.965713693168077,0.1726830181080591,FLAT,False,False,False,
2026-04-19T22:23:00+00:00,ETHUSDT,LONG_SPOT_SHORT_PERP,2255.48,2254.41,-4.744001276890789,-0.00022976,-9.27e-06,2026-04-20T00:00:00+00:00,97.0,-20.83670127689079,0.1729695938205129,FLAT,False,False,False,
2026-04-19T22:24:00+00:00,ETHUSDT,LONG_SPOT_SHORT_PERP,2261.7,2260.49,-5.349957996197712,-0.00022976,-9.27e-06,2026-04-20T00:00:00+00:00,96.0,-21.44265799619771,0.17165347132865152,FLAT,False,False,False,
2026-04-19T22:25:00+00:00,ETHUSDT,LONG_SPOT_SHORT_PERP,2259.03,2257.85,-5.223480874535934,-0.00022976,-9.27e-06,2026-04-20T00:00:00+00:00,95.0,-21.316180874535934,0.17192196938744075,FLAT,False,False,False,
2026-04-19T22:26:00+00:00,ETHUSDT,LONG_SPOT_SHORT_PERP,2260.62,2259.33,-5.706399129442205,-0.00022976,-9.27e-06,2026-04-20T00:00:00+00:00,94.0,-21.799099129442205,0.1709139017786473,FLAT,False,False,False,
2026-04-19T22:27:00+00:00,ETHUSDT,LONG_SPOT_SHORT_PERP,2263.37,2262.18,-5.257646783336594,-0.00022976,-9.27e-06,2026-04-20T00:00:00+00:00,93.0,-21.350346783336594,0.17184912075660763,FLAT,False,False,False,
2026-04-19T22:28:00+00:00,ETHUSDT,LONG_SPOT_SHORT_PERP,2264.71,2263.34,-6.049339650550802,-0.00022976,-9.27e-06,2026-04-20T00:00:00+00:00,92.0,-22.142039650550803,0.17022561506100847,FLAT,False,False,False,
2026-04-19T22:29:00+00:00,ETHUSDT,LONG_SPOT_SHORT_PERP,2263.47,2262.35,-4.948154824229571,-0.00022976,-9.27e-06,2026-04-20T00:00:00+00:00,91.0,-21.04085482422957,0.17251771245680717,FLAT,False,False,False,
2026-04-19T22:30:00+00:00,ETHUSDT,LONG_SPOT_SHORT_PERP,2264.27,2262.85,-6.271336898868389,-0.00022976,-9.27e-06,2026-04-20T00:00:00+00:00,90.0,-22.364036898868388,0.16979189882619436,FLAT,False,False,False,
2026-04-19T22:31:00+00:00,ETHUSDT,LONG_SPOT_SHORT_PERP,2267.27,2266.44,-3.660790289643171,-0.00022976,-9.27e-06,2026-04-20T00:00:00+00:00,89.0,-19.75349028964317,0.17551854939648004,FLAT,False,False,False,
2026-04-19T22:32:00+00:00,ETHUSDT,LONG_SPOT_SHORT_PERP,2269.59,2268.61,-4.3179605126917995,-0.00022976,-9.27e-06,2026-04-20T00:00:00+00:00,88.0,-20.4106605126918,0.17394117864037084,FLAT,False,False,False,
2026-04-19T22:33:00+00:00,ETHUSDT,LONG_SPOT_SHORT_PERP,2265.29,2264.32,-4.282012457565256,-0.00022976,-9.27e-06,2026-04-20T00:00:00+00:00,87.0,-20.374712457565256,0.17402496045448868,FLAT,False,False,False,
2026-04-19T22:34:00+00:00,ETHUSDT,LONG_SPOT_SHORT_PERP,2267.57,2266.24,-5.865309560456268,-0.00022976,-9.27e-06,2026-04-20T00:00:00+00:00,86.0,-21.95800956045627,0.17059217252831194,FLAT,False,False,False,
2026-04-19T22:35:00+00:00,ETHUSDT,LONG_SPOT_SHORT_PERP,2268.91,2267.62,-5.685549448854136,-0.00022976,-9.27e-06,2026-04-20T00:00:00+00:00,85.0,-21.778249448854137,0.1709564759005535,FLAT,False,False,False,
2026-04-19T22:36:00+00:00,ETHUSDT,LONG_SPOT_SHORT_PERP,2270.82,2269.58,-5.460582520852539,-0.00022976,-9.27e-06,2026-04-20T00:00:00+00:00,84.0,-21.55328252085254,0.17142125441785547,FLAT,False,False,False,
2026-04-19T22:37:00+00:00,ETHUSDT,LONG_SPOT_SHORT_PERP,2268.74,2267.25,-6.567522060702336,-0.00022976,-9.27e-06,2026-04-20T00:00:00+00:00,83.0,-22.660222060702335,0.16922735414787068,FLAT,False,False,False,
2026-04-19T22:38:00+00:00,ETHUSDT,LONG_SPOT_SHORT_PERP,2272.1,2270.89,-5.325469829673151,-0.00022976,-9.27e-06,2026-04-20T00:00:00+00:00,82.0,-21.41816982967315,0.1717052059967753,FLAT,False,False,False,
2026-04-19T22:39:00+00:00,ETHUSDT,LONG_SPOT_SHORT_PERP,2271.04,2270.0,-4.579399746371546,-0.00022976,-9.27e-06,2026-04-20T00:00:00+00:00,81.0,-20.672099746371547,0.17334033786608521,FLAT,False,False,False,
2026-04-19T22:40:00+00:00,ETHUSDT,LONG_SPOT_SHORT_PERP,2270.22,2268.85,-6.034657434080798,-0.00022976,-9.27e-06,2026-04-20T00:00:00+00:00,80.0,-22.1273574340808,0.1702546244201336,FLAT,False,False,False,
2026-04-19T22:41:00+00:00,ETHUSDT,LONG_SPOT_SHORT_PERP,2271.77,2270.45,-5.810447360428933,-0.00022976,-9.27e-06,2026-04-20T00:00:00+00:00,79.0,-21.90314736042893,0.17070269703290747,FLAT,False,False,False,
2026-04-19T22:42:00+00:00,ETHUSDT,LONG_SPOT_SHORT_PERP,2272.82,2271.77,-4.619811511691123,-0.00022976,-9.27e-06,2026-04-20T00:00:00+00:00,78.0,-20.712511511691122,0.17324878042537276,FLAT,False,False,False,
2026-04-19T22:43:00+00:00,ETHUSDT,LONG_SPOT_SHORT_PERP,2272.17,2270.85,-5.8094244708809795,-0.00022976,-9.27e-06,2026-04-20T00:00:00+00:00,77.0,-21.902124470880977,0.1707047632127712,FLAT,False,False,False,
2026-04-19T22:44:00+00:00,ETHUSDT,LONG_SPOT_SHORT_PERP,2273.36,2272.26,-4.838652919026942,-0.00022976,-9.27e-06,2026-04-20T00:00:00+00:00,76.0,-20.931352919026942,0.1727590023004222,FLAT,False,False,False,
2026-04-19T22:45:00+00:00,ETHUSDT,LONG_SPOT_SHORT_PERP,2273.0,2271.59,-6.2032556093262405,-0.00022976,-9.27e-06,2026-04-20T00:00:00+00:00,75.0,-22.295955609326242,0.16992393514453802,FLAT,False,False,False,
2026-04-19T22:46:00+00:00,ETHUSDT,LONG_SPOT_SHORT_PERP,2271.52,2270.5,-4.490385292667384,-0.00022976,-9.27e-06,2026-04-20T00:00:00+00:00,74.0,-20.583085292667384,0.173543247764736,FLAT,False,False,False,
2026-04-19T22:47:00+00:00,ETHUSDT,LONG_SPOT_SHORT_PERP,2271.02,2269.87,-5.06380392951225,-0.00022976,-9.27e-06,2026-04-20T00:00:00+00:00,73.0,-21.15650392951225,0.17226557941246204,FLAT,False,False,False,
2026-04-19T22:48:00+00:00,ETHUSDT,LONG_SPOT_SHORT_PERP,2270.55,2269.66,-3.9197551254115846,-0.00022976,-9.27e-06,2026-04-20T00:00:00+00:00,72.0,-20.012455125411584,0.17488529098325273,FLAT,False,False,False,
2026-04-19T22:49:00+00:00,ETHUSDT,LONG_SPOT_SHORT_PERP,2271.03,2269.69,-5.9004064235177225,-0.00022976,-9.27e-06,2026-04-20T00:00:00+00:00,71.0,-21.993106423517723,0.17052176896496088,FLAT,False,False,False,
2026-04-19T22:50:00+00:00,ETHUSDT,LONG_SPOT_SHORT_PERP,2272.5,2271.66,-3.696369636964337,-0.00022976,-9.27e-06,2026-04-20T00:00:00+00:00,70.0,-19.789069636964335,0.175430628953696,FLAT,False,False,False,
2026-04-19T22:51:00+00:00,ETHUSDT,LONG_SPOT_SHORT_PERP,2274.92,2273.9,-4.483674151178863,-0.00022976,-9.27e-06,2026-04-20T00:00:00+00:00,69.0,-20.57637415117886,0.17355861520868743,FLAT,False,False,False,
2026-04-19T22:52:00+00:00,ETHUSDT,LONG_SPOT_SHORT_PERP,2273.65,2272.73,-4.046357178985652,-0.00022976,-9.27e-06,2026-04-20T00:00:00+00:00,68.0,-20.139057178985652,0.17458127764723347,FLAT,False,False,False,
2026-04-19T22:53:00+00:00,ETHUSDT,LONG_SPOT_SHORT_PERP,2273.27,2272.35,-4.04703356838419,-0.00022976,-9.27e-06,2026-04-20T00:00:00+00:00,67.0,-20.13973356838419,0.17457966312958798,FLAT,False,False,False,
2026-04-19T22:54:00+00:00,ETHUSDT,LONG_SPOT_SHORT_PERP,2273.65,2272.75,-3.9583928924860508,-0.00022976,-9.27e-06,2026-04-20T00:00:00+00:00,66.0,-20.05109289248605,0.17479212434104496,FLAT,False,False,False,
2026-04-19T22:55:00+00:00,ETHUSDT,LONG_SPOT_SHORT_PERP,2274.65,2273.86,-3.473061789725732,-0.00022976,-9.27e-06,2026-04-20T00:00:00+00:00,65.0,-19.56576178972573,0.17598734550557704,FLAT,False,False,False,
2026-04-19T22:56:00+00:00,ETHUSDT,LONG_SPOT_SHORT_PERP,2273.46,2272.31,-5.058369181776195,-0.00022976,-9.27e-06,2026-04-20T00:00:00+00:00,64.0,-21.151069181776194,0.17227736625050424,FLAT,False,False,False,
2026-04-19T22:57:00+00:00,ETHUSDT,LONG_SPOT_SHORT_PERP,2272.2,2271.17,-4.533051667985853,-0.00022976,-9.27e-06,2026-04-20T00:00:00+00:00,63.0,-20.625751667985853,0.17344577609918704,FLAT,False,False,False,
2026-04-19T22:58:00+00:00,ETHUSDT,LONG_SPOT_SHORT_PERP,2273.12,2272.17,-4.179277820791767,-0.00022976,-9.27e-06,2026-04-20T00:00:00+00:00,62.0,-20.27197782079177,0.17426596963884744,FLAT,False,False,False,
2026-04-19T22:59:00+00:00,ETHUSDT,LONG_SPOT_SHORT_PERP,2269.79,2268.76,-4.537864736384183,-0.00022976,-9.27e-06,2026-04-20T00:00:00+00:00,61.0,-20.630564736384184,0.17343480524798635,FLAT,False,False,False,
2026-04-19T23:00:00+00:00,ETHUSDT,LONG_SPOT_SHORT_PERP,2266.24,2265.33,-4.015461733972812,-0.00022976,-9.27e-06,2026-04-20T00:00:00+00:00,60.0,-20.10816173397281,0.17465513376828995,FLAT,False,False,False,
2026-04-19T23:01:00+00:00,ETHUSDT,LONG_SPOT_SHORT_PERP,2263.12,2262.04,-4.772172929406869,-0.00022976,-9.27e-06,2026-04-20T00:00:00+00:00,59.0,-20.864872929406868,0.17290671713931052,FLAT,False,False,False,
2026-04-19T23:02:00+00:00,ETHUSDT,LONG_SPOT_SHORT_PERP,2261.11,2260.22,-3.9361198703306224,-0.00022976,-9.27e-06,2026-04-20T00:00:00+00:00,58.0,-20.028819870330622,0.1748457895502936,FLAT,False,False,False,
2026-04-19T23:03:00+00:00,ETHUSDT,LONG_SPOT_SHORT_PERP,2263.36,2262.5,-3.7996606814652876,-0.00022976,-9.27e-06,2026-04-20T00:00:00+00:00,57.0,-19.892360681465288,0.17517704569561782,FLAT,False,False,False,
2026-04-19T23:04:00+00:00,ETHUSDT,LONG_SPOT_SHORT_PERP,2262.52,2261.42,-4.861835475487108,-0.00022976,-9.27e-06,2026-04-20T00:00:00+00:00,56.0,-20.954535475487106,0.17270771010462088,FLAT,False,False,False,
2026-04-19T23:05:00+00:00,ETHUSDT,LONG_SPOT_SHORT_PERP,2262.99,2261.93,-4.684068422750191,-0.00022976,-9.27e-06,2026-04-20T00:00:00+00:00,55.0,-20.77676842275019,0.17310391743198822,FLAT,False,False,False,
2026-04-19T23:06:00+00:00,ETHUSDT,LONG_SPOT_SHORT_PERP,2263.77,2262.9,-3.8431466094165523,-0.00022976,-9.27e-06,2026-04-20T00:00:00+00:00,54.0,-19.93584660941655,0.17507102095908866,FLAT,False,False,False,
2026-04-19T23:07:00+00:00,ETHUSDT,LONG_SPOT_SHORT_PERP,2261.02,2259.92,-4.865060901716522,-0.00022976,-9.27e-06,2026-04-20T00:00:00+00:00,53.0,-20.957760901716522,0.17270058265411883,FLAT,False,False,False,
2026-04-19T23:08:00+00:00,ETHUSDT,LONG_SPOT_SHORT_PERP,2263.68,2262.8,-3.8874752615195365,-0.00022976,-9.27e-06,2026-04-20T00:00:00+00:00,52.0,-19.980175261519538,0.1749633871740056,FLAT,False,False,False,
2026-04-19T23:09:00+00:00,ETHUSDT,LONG_SPOT_SHORT_PERP,2262.83,2261.93,-3.977320435030873,-0.00022976,-9.27e-06,2026-04-20T00:00:00+00:00,51.0,-20.070020435030873,0.17474660820119525,FLAT,False,False,False,
2026-04-19T23:10:00+00:00,ETHUSDT,LONG_SPOT_SHORT_PERP,2260.72,2259.88,-3.7156304186263265,-0.00022976,-9.27e-06,2026-04-20T00:00:00+00:00,50.0,-19.808330418626326,0.17538315601570947,FLAT,False,False,False,
2026-04-19T23:11:00+00:00,ETHUSDT,LONG_SPOT_SHORT_PERP,2263.29,2262.48,-3.578860861842475,-0.00022976,-9.27e-06,2026-04-20T00:00:00+00:00,49.0,-19.671560861842476,0.17572212742786017,FLAT,False,False,False,
2026-04-19T23:12:00+00:00,ETHUSDT,LONG_SPOT_SHORT_PERP,2262.62,2261.49,-4.994210251832429,-0.00022976,-9.27e-06,2026-04-20T00:00:00+00:00,48.0,-21.08691025183243,0.17241697336296274,FLAT,False,False,False,
2026-04-19T23:13:00+00:00,ETHUSDT,LONG_SPOT_SHORT_PERP,2263.89,2262.83,-4.682206290941457,-0.00022976,-9.27e-06,2026-04-20T00:00:00+00:00,47.0,-20.774906290941455,0.1731081031145546,FLAT,False,False,False,
2026-04-19T23:14:00+00:00,ETHUSDT,LONG_SPOT_SHORT_PERP,2265.0,2263.98,-4.503311258278066,-0.00022976,-9.27e-06,2026-04-20T00:00:00+00:00,46.0,-20.596011258278065,0.1735136768021916,FLAT,False,False,False,
2026-04-19T23:15:00+00:00,ETHUSDT,LONG_SPOT_SHORT_PERP,2261.24,2260.44,-3.5378818701231505,-0.00022976,-9.27e-06,2026-04-20T00:00:00+00:00,45.0,-19.63058187012315,0.17582454136399933,FLAT,False,False,False,
2026-04-19T23:16:00+00:00,ETHUSDT,LONG_SPOT_SHORT_PERP,2260.09,2259.0,-4.822816790482438,-0.00022976,-9.27e-06,2026-04-20T00:00:00+00:00,44.0,-20.91551679048244,0.17279410502734882,FLAT,False,False,False,
2026-04-19T23:17:00+00:00,ETHUSDT,LONG_SPOT_SHORT_PERP,2261.38,2260.73,-2.8743510599726316,-0.00022976,-9.27e-06,2026-04-20T00:00:00+00:00,43.0,-18.967051059972633,0.1775388075386084,FLAT,False,False,False,
2026-04-19T23:18:00+00:00,ETHUSDT,LONG_SPOT_SHORT_PERP,2265.3,2264.37,-4.105416501126963,-0.00022976,-9.27e-06,2026-04-20T00:00:00+00:00,42.0,-20.19811650112696,0.1744406921772681,FLAT,False,False,False,
2026-04-19T23:19:00+00:00,ETHUSDT,LONG_SPOT_SHORT_PERP,2264.89,2264.12,-3.3997236068859054,-0.00022976,-9.27e-06,2026-04-20T00:00:00+00:00,41.0,-19.492423606885904,0.1761727425423227,FLAT,False,False,False,
2026-04-19T23:20:00+00:00,ETHUSDT,LONG_SPOT_SHORT_PERP,2264.86,2263.99,-3.84129703381377,-0.00022976,-9.27e-06,2026-04-20T00:00:00+00:00,40.0,-19.93399703381377,0.17507552165361034,FLAT,False,False,False,
2026-04-19T23:21:00+00:00,ETHUSDT,LONG_SPOT_SHORT_PERP,2263.21,2262.26,-4.197577776696895,-0.00022976,-9.27e-06,2026-04-20T00:00:00+00:00,39.0,-20.290277776696897,0.17422286794860098,FLAT,False,False,False,
2026-04-19T23:22:00+00:00,ETHUSDT,LONG_SPOT_SHORT_PERP,2263.71,2262.84,-3.8432484726395644,-0.00022976,-9.27e-06,2026-04-20T00:00:00+00:00,38.0,-19.935948472639563,0.17507077311133534,FLAT,False,False,False,
2026-04-19T23:23:00+00:00,ETHUSDT,LONG_SPOT_SHORT_PERP,2264.87,2264.0,-3.841280073469519,-0.00022976,-9.27e-06,2026-04-20T00:00:00+00:00,37.0,-19.93398007346952,0.17507556292796117,FLAT,False,False,False,
2026-04-19T23:24:00+00:00,ETHUSDT,LONG_SPOT_SHORT_PERP,2262.74,2261.55,-5.259110635776095,-0.00022976,-9.27e-06,2026-04-20T00:00:00+00:00,36.0,-21.351810635776094,0.17184600479818118,FLAT,False,False,False,
2026-04-19T23:25:00+00:00,ETHUSDT,LONG_SPOT_SHORT_PERP,2263.21,2262.17,-4.59524303975311,-0.00022976,-9.27e-06,2026-04-20T00:00:00+00:00,35.0,-20.687943039753108,0.173304401404307,FLAT,False,False,False,
2026-04-19T23:26:00+00:00,ETHUSDT,LONG_SPOT_SHORT_PERP,2265.03,2263.82,-5.3420925992151815,-0.00022976,-9.27e-06,2026-04-20T00:00:00+00:00,34.0,-21.434792599215182,0.17167007497246747,FLAT,False,False,False,
2026-04-19T23:27:00+00:00,ETHUSDT,LONG_SPOT_SHORT_PERP,2264.55,2263.55,-4.415888366342099,-0.00022976,-9.27e-06,2026-04-20T00:00:00+00:00,33.0,-20.5085883663421,0.17371438112599502,FLAT,False,False,False,
2026-04-19T23:28:00+00:00,ETHUSDT,LONG_SPOT_SHORT_PERP,2264.87,2263.9,-4.282806518695554,-0.00022976,-9.27e-06,2026-04-20T00:00:00+00:00,32.0,-20.375506518695552,0.1740231067165054,FLAT,False,False,False,
2026-04-19T23:29:00+00:00,ETHUSDT,LONG_SPOT_SHORT_PERP,2264.25,2263.4,-3.7540024290599936,-0.00022976,-9.27e-06,2026-04-20T00:00:00+00:00,31.0,-19.846702429059995,0.17528883463479397,FLAT,False,False,False,
2026-04-19T23:30:00+00:00,ETHUSDT,LONG_SPOT_SHORT_PERP,2265.53,2264.65,-3.8843008037859095,-0.00022976,-9.27e-06,2026-04-20T00:00:00+00:00,30.0,-19.97700080378591,0.17497108011218368,FLAT,False,False,False,
2026-04-19T23:31:00+00:00,ETHUSDT,LONG_SPOT_SHORT_PERP,2263.04,2262.16,-3.8885746606339664,-0.00022976,-9.27e-06,2026-04-20T00:00:00+00:00,29.0,-19.981274660633964,0.1749607234408242,FLAT,False,False,False,
2026-04-19T23:32:00+00:00,ETHUSDT,LONG_SPOT_SHORT_PERP,2263.34,2262.54,-3.5345993089866385,-0.00022976,-9.27e-06,2026-04-20T00:00:00+00:00,28.0,-19.62729930898664,0.17583276214622176,FLAT,False,False,False,
2026-04-19T23:33:00+00:00,ETHUSDT,LONG_SPOT_SHORT_PERP,2264.53,2263.67,-3.797697535471498,-0.00022976,-9.27e-06,2026-04-20T00:00:00+00:00,27.0,-19.890397535471497,0.17518184235945874,FLAT,False,False,False,
2026-04-19T23:34:00+00:00,ETHUSDT,LONG_SPOT_SHORT_PERP,2263.95,2263.03,-4.06369398617292,-0.00022976,-9.27e-06,2026-04-20T00:00:00+00:00,26.0,-20.15639398617292,0.17453992776212207,FLAT,False,False,False,
2026-04-19T23:35:00+00:00,ETHUSDT,LONG_SPOT_SHORT_PERP,2265.53,2264.5,-4.546397531704281,-0.00022976,-9.27e-06,2026-04-20T00:00:00+00:00,25.0,-20.63909753170428,0.17341536795398915,FLAT,False,False,False,
2026-04-19T23:36:00+00:00,ETHUSDT,LONG_SPOT_SHORT_PERP,2267.55,2266.6,-4.189543780733711,-0.00022976,-9.27e-06,2026-04-20T00:00:00+00:00,24.0,-20.28224378073371,0.17424178117484512,FLAT,False,False,False,
2026-04-19T23:37:00+00:00,ETHUSDT,LONG_SPOT_SHORT_PERP,2268.39,2267.27,-4.937422577245936,-0.00022976,-9.27e-06,2026-04-20T00:00:00+00:00,23.0,-21.030122577245937,0.1725412507746526,FLAT,False,False,False,
2026-04-19T23:38:00+00:00,ETHUSDT,LONG_SPOT_SHORT_PERP,2265.53,2264.52,-4.458117967981965,-0.00022976,-9.27e-06,2026-04-20T00:00:00+00:00,22.0,-20.550817967981963,0.17361722405142355,FLAT,False,False,False,
2026-04-19T23:39:00+00:00,ETHUSDT,LONG_SPOT_SHORT_PERP,2267.19,2266.15,-4.587176196083979,-0.00022976,-9.27e-06,2026-04-20T00:00:00+00:00,21.0,-20.679876196083978,0.17332269225331215,FLAT,False,False,False,
2026-04-19T23:40:00+00:00,ETHUSDT,LONG_SPOT_SHORT_PERP,2266.95,2266.0,-4.190652639007557,-0.00022976,-9.27e-06,2026-04-20T00:00:00+00:00,20.0,-20.283352639007557,0.17423916990446672,FLAT,False,False,False,
2026-04-19T23:41:00+00:00,ETHUSDT,LONG_SPOT_SHORT_PERP,2266.96,2266.02,-4.146522214772446,-0.00022976,-9.27e-06,2026-04-20T00:00:00+00:00,19.0,-20.239222214772447,0.17434330450588292,FLAT,False,False,False,
2026-04-19T23:42:00+00:00,ETHUSDT,LONG_SPOT_SHORT_PERP,2267.43,2266.4,-4.542587863791805,-0.00022976,-9.27e-06,2026-04-20T00:00:00+00:00,18.0,-20.635287863791806,0.17342404425633345,FLAT,False,False,False,
2026-04-19T23:43:00+00:00,ETHUSDT,LONG_SPOT_SHORT_PERP,2266.51,2265.36,-5.07388010641952,-0.00022976,-9.27e-06,2026-04-20T00:00:00+00:00,17.0,-21.16658010641952,0.17224374233328196,FLAT,False,False,False,
2026-04-19T23:44:00+00:00,ETHUSDT,LONG_SPOT_SHORT_PERP,2267.46,2266.53,-4.101505649492544,-0.00022976,-9.27e-06,2026-04-20T00:00:00+00:00,16.0,-20.194205649492545,0.1744499774408253,FLAT,False,False,False,
2026-04-19T23:45:00+00:00,ETHUSDT,LONG_SPOT_SHORT_PERP,2265.6,2264.35,-5.517302259887006,-0.00022976,-9.27e-06,2026-04-20T00:00:00+00:00,15.0,-21.610002259887004,0.17130313404133146,FLAT,False,False,False,
2026-04-19T23:46:00+00:00,ETHUSDT,LONG_SPOT_SHORT_PERP,2265.75,2264.47,-5.64934348449829,-0.00022976,-9.27e-06,2026-04-20T00:00:00+00:00,14.0,-21.74204348449829,0.17103060767256306,FLAT,False,False,False,
2026-04-19T23:47:00+00:00,ETHUSDT,LONG_SPOT_SHORT_PERP,2265.76,2264.36,-6.178942165101735,-0.00022976,-9.27e-06,2026-04-20T00:00:00+00:00,13.0,-22.271642165101735,0.1699712964709165,FLAT,False,False,False,
2026-04-19T23:48:00+00:00,ETHUSDT,LONG_SPOT_SHORT_PERP,2266.7,2265.82,-3.882295848588938,-0.00022976,-9.27e-06,2026-04-20T00:00:00+00:00,12.0,-19.97499584858894,0.1749759400781303,FLAT,False,False,False,
2026-04-19T23:49:00+00:00,ETHUSDT,LONG_SPOT_SHORT_PERP,2266.16,2264.8,-6.001341476328559,-0.00022976,-9.27e-06,2026-04-20T00:00:00+00:00,11.0,-22.09404147632856,0.17032060126237772,FLAT,False,False,False,
2026-04-19T23:50:00+00:00,ETHUSDT,LONG_SPOT_SHORT_PERP,2266.57,2265.59,-4.323713805441783,-0.00022976,-9.27e-06,2026-04-20T00:00:00+00:00,10.0,-20.416413805441785,0.1739277961740677,FLAT,False,False,False,
2026-04-19T23:51:00+00:00,ETHUSDT,LONG_SPOT_SHORT_PERP,2266.85,2265.58,-5.602488034055989,-0.00022976,-9.27e-06,2026-04-20T00:00:00+00:00,9.0,-21.695188034055988,0.1561269237742692,FLAT,False,False,False,
2026-04-19T23:52:00+00:00,ETHUSDT,LONG_SPOT_SHORT_PERP,2269.22,2268.03,-5.244092683827923,-0.00022976,-9.27e-06,2026-04-20T00:00:00+00:00,8.0,-21.336792683827923,0.14187799259192996,FLAT,False,False,False,
2026-04-19T23:53:00+00:00,ETHUSDT,LONG_SPOT_SHORT_PERP,2266.01,2264.69,-5.825217011399612,-0.00022976,-9.27e-06,2026-04-20T00:00:00+00:00,7.0,-21.917917011399613,0.125672885561056,FLAT,False,False,False,
2026-04-19T23:54:00+00:00,ETHUSDT,LONG_SPOT_SHORT_PERP,2267.34,2266.27,-4.719186359346916,-0.00022976,-9.27e-06,2026-04-20T00:00:00+00:00,6.0,-20.811886359346914,0.11302511753415741,FLAT,False,False,False,
2026-04-19T23:55:00+00:00,ETHUSDT,LONG_SPOT_SHORT_PERP,2265.76,2264.49,-5.6051832497724225,-0.00022976,-9.27e-06,2026-04-20T00:00:00+00:00,5.0,-21.697883249772424,0.09612137185314518,FLAT,False,False,False,
2026-04-19T23:56:00+00:00,ETHUSDT,LONG_SPOT_SHORT_PERP,2264.63,2263.24,-6.137867996097938,-0.00022976,-9.27e-06,2026-04-20T00:00:00+00:00,4.0,-22.23056799609794,0.08005155652592877,FLAT,False,False,False,
2026-04-19T23:57:00+00:00,ETHUSDT,LONG_SPOT_SHORT_PERP,2264.51,2263.51,-4.415966368000141,-0.00022976,-9.27e-06,2026-04-20T00:00:00+00:00,3.0,-20.508666368000142,0.0687142013112511,FLAT,False,False,False,
2026-04-19T23:58:00+00:00,ETHUSDT,LONG_SPOT_SHORT_PERP,2264.21,2263.02,-5.255696247256458,-0.00022976,-9.27e-06,2026-04-20T00:00:00+00:00,2.0,-21.34839624725646,0.05185327334296659,FLAT,False,False,False,
2026-04-19T23:59:00+00:00,ETHUSDT,LONG_SPOT_SHORT_PERP,2263.27,2262.2,-4.727672792022886,-0.00022976,-9.27e-06,2026-04-20T00:00:00+00:00,1.0,-20.820372792022887,0.03800611436074845,FLAT,False,False,False,
